result,spray_bucket,station_idx,q,la_topped,ev_topped,dist_topped,la_uppercut,ev_uppercut,dist_uppercut
GO,,0,0.0,-57.0,48.5,2.0,-29.0,86.7,2.0
GO,,1,0.01,-57.0,48.5,2.0,-29.0,86.7,2.0
GO,,2,0.02,-57.0,87.0,2.0,-29.0,78.5,2.0
GO,,3,0.03,-57.0,87.8,2.0,-29.0,99.1,2.0
GO,,4,0.04,-57.0,71.0,2.0,-29.0,84.0,2.0
GO,,5,0.05,-57.0,68.7,2.0,-29.0,67.8,2.0
GO,,6,0.06,-56.0,37.6,2.0,-26.0,90.4,3.0
GO,,7,0.07,-55.0,76.7,2.0,-24.0,74.6,3.0
GO,,8,0.08,-50.0,77.0,3.0,-22.0,97.1,3.0
GO,,9,0.09,-46.0,71.5,3.0,-22.0,55.6,3.0
GO,,10,0.1,-46.0,35.5,3.0,-22.0,70.5,3.0
GO,,11,0.11,-45.0,64.0,3.0,-22.0,54.4,3.0
GO,,12,0.12,-45.0,75.8,3.0,-22.0,100.4,3.0
GO,,13,0.13,-44.0,79.5,3.0,-23.0,82.7,3.0
GO,,14,0.14,-43.0,86.7,3.0,-21.0,91.9,3.0
GO,,15,0.15,-41.0,77.7,3.0,-20.0,100.3,4.0
GO,,16,0.16,-37.0,82.6,3.0,-19.0,72.6,4.0
GO,,17,0.17,-35.0,84.8,4.0,-19.0,66.3,4.0
GO,,18,0.18,-35.0,91.6,4.0,-19.0,98.8,4.0
GO,,19,0.19,-35.0,44.1,4.0,-20.0,106.9,4.0
GO,,20,0.2,-35.0,62.7,4.0,-20.0,99.8,4.0
GO,,21,0.21,-35.0,82.6,4.0,-19.0,76.1,4.0
GO,,22,0.22,-33.0,57.7,4.0,-18.0,108.6,4.0
GO,,23,0.23,-31.0,92.1,4.0,-18.0,85.5,5.0
GO,,24,0.24,-29.0,93.6,5.0,-17.0,94.0,5.0
GO,,25,0.25,-29.0,83.6,5.0,-17.0,83.7,5.0
GO,,26,0.26,-29.0,81.8,5.0,-17.0,80.2,5.0
GO,,27,0.27,-28.0,90.2,5.0,-17.0,92.3,5.0
GO,,28,0.28,-28.0,91.2,5.0,-17.0,108.5,5.0
GO,,29,0.29,-26.0,94.0,6.0,-16.0,109.3,5.0
GO,,30,0.3,-25.0,79.5,6.0,-16.0,79.8,6.0
GO,,31,0.31,-24.0,101.6,6.0,-15.0,98.6,6.0
GO,,32,0.32,-24.0,76.7,6.0,-15.0,96.7,6.0
GO,,33,0.33,-24.0,89.5,6.0,-15.0,98.6,6.0
GO,,34,0.34,-23.0,68.6,6.0,-15.0,68.1,6.0
GO,,35,0.35,-22.0,99.7,6.0,-14.0,96.3,7.0
GO,,36,0.36,-21.0,94.0,6.0,-14.0,83.6,7.0
GO,,37,0.37,-21.0,71.8,7.0,-14.0,74.2,7.0
GO,,38,0.38,-21.0,87.7,7.0,-14.0,84.2,7.0
GO,,39,0.39,-20.0,107.5,7.0,-14.0,82.0,7.0
GO,,40,0.4,-20.0,94.3,8.0,-13.0,71.7,8.0
GO,,41,0.41,-19.0,85.7,8.0,-13.0,77.2,8.0
GO,,42,0.42,-18.0,88.9,8.0,-12.0,93.8,8.0
GO,,43,0.43,-18.0,91.8,8.0,-12.0,66.9,9.0
GO,,44,0.44,-17.0,79.6,8.0,-12.0,83.1,9.0
GO,,45,0.45,-17.0,96.4,8.0,-12.0,95.3,9.0
GO,,46,0.46,-16.0,69.3,9.0,-11.0,95.8,9.0
GO,,47,0.47,-16.0,53.8,9.0,-11.0,64.7,10.0
GO,,48,0.48,-15.0,92.0,10.0,-11.0,96.6,10.0
GO,,49,0.49,-14.0,91.9,10.0,-10.0,83.5,10.0
GO,,50,0.5,-14.0,98.3,10.0,-10.0,103.3,11.0
GO,,51,0.51,-13.0,104.2,11.0,-10.0,88.6,11.0
GO,,52,0.52,-13.0,74.5,10.0,-10.0,98.9,10.0
GO,,53,0.53,-13.0,101.1,11.0,-9.0,88.5,11.0
GO,,54,0.54,-12.0,55.9,12.0,-9.0,72.1,11.0
GO,,55,0.55,-12.0,93.5,12.0,-9.0,91.2,12.0
GO,,56,0.56,-11.0,95.9,12.0,-8.0,51.0,13.0
GO,,57,0.57,-11.0,70.6,13.0,-8.0,95.6,12.0
GO,,58,0.58,-10.0,100.8,14.0,-8.0,96.0,13.0
GO,,59,0.59,-10.0,95.9,14.0,-7.0,99.8,14.0
GO,,60,0.6,-9.0,76.4,14.0,-7.0,88.7,15.0
GO,,61,0.61,-9.0,60.0,16.0,-7.0,80.3,14.0
GO,,62,0.62,-8.0,95.4,15.0,-7.0,61.3,15.0
GO,,63,0.63,-8.0,98.9,16.0,-6.0,85.0,16.0
GO,,64,0.64,-8.0,68.6,16.0,-6.0,76.5,16.0
GO,,65,0.65,-7.0,97.7,17.0,-6.0,101.8,18.0
GO,,66,0.66,-7.0,62.3,17.0,-5.0,64.5,19.0
GO,,67,0.67,-6.0,96.6,20.0,-5.0,91.6,20.0
GO,,68,0.68,-6.0,105.8,20.0,-5.0,88.4,20.0
GO,,69,0.69,-6.0,95.2,22.0,-4.0,95.0,22.0
GO,,70,0.7,-5.0,83.4,21.0,-4.0,81.7,22.0
GO,,71,0.71,-5.0,70.5,23.0,-4.0,74.2,22.0
GO,,72,0.72,-4.0,93.9,23.0,-3.0,83.4,25.0
GO,,73,0.73,-4.0,87.9,27.0,-3.0,95.7,25.0
GO,,74,0.74,-4.0,101.1,25.0,-3.0,79.3,27.0
GO,,75,0.75,-3.0,65.5,29.0,-3.0,109.6,30.0
GO,,76,0.76,-3.0,88.7,29.0,-2.0,86.9,28.0
GO,,77,0.77,-3.0,84.6,30.0,-2.0,101.0,32.0
GO,,78,0.78,-2.0,92.1,31.0,-1.0,85.3,33.0
GO,,79,0.79,-2.0,91.2,36.0,-1.0,71.8,34.0
GO,,80,0.8,-1.0,98.2,35.0,-1.0,100.7,39.0
GO,,81,0.81,-1.0,80.6,36.0,-1.0,104.9,39.0
GO,,82,0.82,-1.0,101.0,43.0,0.0,85.2,43.0
GO,,83,0.83,0.0,87.4,41.0,0.0,99.2,44.0
GO,,84,0.84,0.0,81.1,42.0,0.0,103.8,45.0
GO,,85,0.85,0.0,104.4,48.0,1.0,98.8,45.0
GO,,86,0.86,1.0,90.1,53.0,1.0,109.9,48.0
GO,,87,0.87,1.0,90.4,49.0,1.0,97.1,52.0
GO,,88,0.88,1.0,97.2,55.0,2.0,87.5,55.0
GO,,89,0.89,2.0,81.9,55.0,2.0,99.6,58.0
GO,,90,0.9,2.0,80.8,60.0,3.0,78.3,59.0
GO,,91,0.91,3.0,86.1,63.0,3.0,87.3,67.0
GO,,92,0.92,3.0,90.8,63.0,3.0,84.7,63.0
GO,,93,0.93,3.0,99.7,71.0,4.0,82.2,74.0
GO,,94,0.94,4.0,81.2,72.0,4.0,86.5,77.0
GO,,95,0.95,4.0,86.3,75.0,4.0,93.5,80.0
GO,,96,0.96,5.0,83.1,87.0,5.0,91.4,81.0
GO,,97,0.97,5.0,83.1,89.0,5.0,102.5,91.0
GO,,98,0.98,6.0,87.3,93.0,6.0,76.5,89.0
GO,,99,0.99,6.0,90.3,90.0,6.0,91.2,99.0
GO,,100,1.0,6.0,104.2,101.0,6.0,104.2,101.0
GORA,,0,0.0,-57.0,48.5,2.0,-29.0,86.7,2.0
GORA,,1,0.01,-57.0,48.5,2.0,-29.0,86.7,2.0
GORA,,2,0.02,-57.0,87.0,2.0,-29.0,78.5,2.0
GORA,,3,0.03,-57.0,87.8,2.0,-29.0,99.1,2.0
GORA,,4,0.04,-57.0,71.0,2.0,-29.0,84.0,2.0
GORA,,5,0.05,-57.0,68.7,2.0,-29.0,67.8,2.0
GORA,,6,0.06,-56.0,37.6,2.0,-26.0,90.4,3.0
GORA,,7,0.07,-55.0,76.7,2.0,-24.0,74.6,3.0
GORA,,8,0.08,-50.0,77.0,3.0,-22.0,97.1,3.0
GORA,,9,0.09,-46.0,71.5,3.0,-22.0,55.6,3.0
GORA,,10,0.1,-46.0,35.5,3.0,-22.0,70.5,3.0
GORA,,11,0.11,-45.0,64.0,3.0,-22.0,54.4,3.0
GORA,,12,0.12,-45.0,75.8,3.0,-22.0,100.4,3.0
GORA,,13,0.13,-44.0,79.5,3.0,-23.0,82.7,3.0
GORA,,14,0.14,-43.0,86.7,3.0,-21.0,91.9,3.0
GORA,,15,0.15,-41.0,77.7,3.0,-20.0,100.3,4.0
GORA,,16,0.16,-37.0,82.6,3.0,-19.0,72.6,4.0
GORA,,17,0.17,-35.0,84.8,4.0,-19.0,66.3,4.0
GORA,,18,0.18,-35.0,91.6,4.0,-19.0,98.8,4.0
GORA,,19,0.19,-35.0,44.1,4.0,-20.0,106.9,4.0
GORA,,20,0.2,-35.0,62.7,4.0,-20.0,99.8,4.0
GORA,,21,0.21,-35.0,82.6,4.0,-19.0,76.1,4.0
GORA,,22,0.22,-33.0,57.7,4.0,-18.0,108.6,4.0
GORA,,23,0.23,-31.0,92.1,4.0,-18.0,85.5,5.0
GORA,,24,0.24,-29.0,93.6,5.0,-17.0,94.0,5.0
GORA,,25,0.25,-29.0,83.6,5.0,-17.0,83.7,5.0
GORA,,26,0.26,-29.0,81.8,5.0,-17.0,80.2,5.0
GORA,,27,0.27,-28.0,90.2,5.0,-17.0,92.3,5.0
GORA,,28,0.28,-28.0,91.2,5.0,-17.0,108.5,5.0
GORA,,29,0.29,-26.0,94.0,6.0,-16.0,109.3,5.0
GORA,,30,0.3,-25.0,79.5,6.0,-16.0,79.8,6.0
GORA,,31,0.31,-24.0,101.6,6.0,-15.0,98.6,6.0
GORA,,32,0.32,-24.0,76.7,6.0,-15.0,96.7,6.0
GORA,,33,0.33,-24.0,89.5,6.0,-15.0,98.6,6.0
GORA,,34,0.34,-23.0,68.6,6.0,-15.0,68.1,6.0
GORA,,35,0.35,-22.0,99.7,6.0,-14.0,96.3,7.0
GORA,,36,0.36,-21.0,94.0,6.0,-14.0,83.6,7.0
GORA,,37,0.37,-21.0,71.8,7.0,-14.0,74.2,7.0
GORA,,38,0.38,-21.0,87.7,7.0,-14.0,84.2,7.0
GORA,,39,0.39,-20.0,107.5,7.0,-14.0,82.0,7.0
GORA,,40,0.4,-20.0,94.3,8.0,-13.0,71.7,8.0
GORA,,41,0.41,-19.0,85.7,8.0,-13.0,77.2,8.0
GORA,,42,0.42,-18.0,88.9,8.0,-12.0,93.8,8.0
GORA,,43,0.43,-18.0,91.8,8.0,-12.0,66.9,9.0
GORA,,44,0.44,-17.0,79.6,8.0,-12.0,83.1,9.0
GORA,,45,0.45,-17.0,96.4,8.0,-12.0,95.3,9.0
GORA,,46,0.46,-16.0,69.3,9.0,-11.0,95.8,9.0
GORA,,47,0.47,-16.0,53.8,9.0,-11.0,64.7,10.0
GORA,,48,0.48,-15.0,92.0,10.0,-11.0,96.6,10.0
GORA,,49,0.49,-14.0,91.9,10.0,-10.0,83.5,10.0
GORA,,50,0.5,-14.0,98.3,10.0,-10.0,103.3,11.0
GORA,,51,0.51,-13.0,104.2,11.0,-10.0,88.6,11.0
GORA,,52,0.52,-13.0,74.5,10.0,-10.0,98.9,10.0
GORA,,53,0.53,-13.0,101.1,11.0,-9.0,88.5,11.0
GORA,,54,0.54,-12.0,55.9,12.0,-9.0,72.1,11.0
GORA,,55,0.55,-12.0,93.5,12.0,-9.0,91.2,12.0
GORA,,56,0.56,-11.0,95.9,12.0,-8.0,51.0,13.0
GORA,,57,0.57,-11.0,70.6,13.0,-8.0,95.6,12.0
GORA,,58,0.58,-10.0,100.8,14.0,-8.0,96.0,13.0
GORA,,59,0.59,-10.0,95.9,14.0,-7.0,99.8,14.0
GORA,,60,0.6,-9.0,76.4,14.0,-7.0,88.7,15.0
GORA,,61,0.61,-9.0,60.0,16.0,-7.0,80.3,14.0
GORA,,62,0.62,-8.0,95.4,15.0,-7.0,61.3,15.0
GORA,,63,0.63,-8.0,98.9,16.0,-6.0,85.0,16.0
GORA,,64,0.64,-8.0,68.6,16.0,-6.0,76.5,16.0
GORA,,65,0.65,-7.0,97.7,17.0,-6.0,101.8,18.0
GORA,,66,0.66,-7.0,62.3,17.0,-5.0,64.5,19.0
GORA,,67,0.67,-6.0,96.6,20.0,-5.0,91.6,20.0
GORA,,68,0.68,-6.0,105.8,20.0,-5.0,88.4,20.0
GORA,,69,0.69,-6.0,95.2,22.0,-4.0,95.0,22.0
GORA,,70,0.7,-5.0,83.4,21.0,-4.0,81.7,22.0
GORA,,71,0.71,-5.0,70.5,23.0,-4.0,74.2,22.0
GORA,,72,0.72,-4.0,93.9,23.0,-3.0,83.4,25.0
GORA,,73,0.73,-4.0,87.9,27.0,-3.0,95.7,25.0
GORA,,74,0.74,-4.0,101.1,25.0,-3.0,79.3,27.0
GORA,,75,0.75,-3.0,65.5,29.0,-3.0,109.6,30.0
GORA,,76,0.76,-3.0,88.7,29.0,-2.0,86.9,28.0
GORA,,77,0.77,-3.0,84.6,30.0,-2.0,101.0,32.0
GORA,,78,0.78,-2.0,92.1,31.0,-1.0,85.3,33.0
GORA,,79,0.79,-2.0,91.2,36.0,-1.0,71.8,34.0
GORA,,80,0.8,-1.0,98.2,35.0,-1.0,100.7,39.0
GORA,,81,0.81,-1.0,80.6,36.0,-1.0,104.9,39.0
GORA,,82,0.82,-1.0,101.0,43.0,0.0,85.2,43.0
GORA,,83,0.83,0.0,87.4,41.0,0.0,99.2,44.0
GORA,,84,0.84,0.0,81.1,42.0,0.0,103.8,45.0
GORA,,85,0.85,0.0,104.4,48.0,1.0,98.8,45.0
GORA,,86,0.86,1.0,90.1,53.0,1.0,109.9,48.0
GORA,,87,0.87,1.0,90.4,49.0,1.0,97.1,52.0
GORA,,88,0.88,1.0,97.2,55.0,2.0,87.5,55.0
GORA,,89,0.89,2.0,81.9,55.0,2.0,99.6,58.0
GORA,,90,0.9,2.0,80.8,60.0,3.0,78.3,59.0
GORA,,91,0.91,3.0,86.1,63.0,3.0,87.3,67.0
GORA,,92,0.92,3.0,90.8,63.0,3.0,84.7,63.0
GORA,,93,0.93,3.0,99.7,71.0,4.0,82.2,74.0
GORA,,94,0.94,4.0,81.2,72.0,4.0,86.5,77.0
GORA,,95,0.95,4.0,86.3,75.0,4.0,93.5,80.0
GORA,,96,0.96,5.0,83.1,87.0,5.0,91.4,81.0
GORA,,97,0.97,5.0,83.1,89.0,5.0,102.5,91.0
GORA,,98,0.98,6.0,87.3,93.0,6.0,76.5,89.0
GORA,,99,0.99,6.0,90.3,90.0,6.0,91.2,99.0
GORA,,100,1.0,6.0,104.2,101.0,6.0,104.2,101.0
FC,,0,0.0,-57.0,58.8,2.0,-32.0,67.4,2.0
FC,,1,0.01,-57.0,58.8,2.0,-32.0,67.4,2.0
FC,,2,0.02,-57.0,73.2,2.0,-33.0,81.8,2.0
FC,,3,0.03,-57.0,73.2,2.0,-32.0,103.0,2.0
FC,,4,0.04,-58.0,77.5,2.0,-32.0,79.1,2.0
FC,,5,0.05,-57.0,57.2,2.0,-30.0,67.4,2.0
FC,,6,0.06,-59.0,65.0,2.0,-29.0,61.3,2.0
FC,,7,0.07,-55.0,67.0,2.0,-24.0,88.3,3.0
FC,,8,0.08,-53.0,81.9,2.0,-22.0,102.3,3.0
FC,,9,0.09,-45.0,76.2,3.0,-21.0,63.8,3.0
FC,,10,0.1,-44.0,78.4,3.0,-21.0,73.4,3.0
FC,,11,0.11,-46.0,51.0,3.0,-21.0,90.9,3.0
FC,,12,0.12,-45.0,28.7,3.0,-23.0,76.1,3.0
FC,,13,0.13,-43.0,74.6,3.0,-23.0,84.2,3.0
FC,,14,0.14,-45.0,28.7,3.0,-23.0,76.1,3.0
FC,,15,0.15,-42.0,70.6,3.0,-22.0,90.8,4.0
FC,,16,0.16,-39.0,79.0,3.0,-20.0,101.2,4.0
FC,,17,0.17,-35.0,76.7,3.0,-18.0,90.9,4.0
FC,,18,0.18,-36.0,93.8,4.0,-18.0,71.0,4.0
FC,,19,0.19,-36.0,55.3,4.0,-18.0,71.0,4.0
FC,,20,0.2,-38.0,80.5,4.0,-21.0,82.3,4.0
FC,,21,0.21,-37.0,72.2,4.0,-19.0,90.8,4.0
FC,,22,0.22,-37.0,72.2,4.0,-20.0,94.1,4.0
FC,,23,0.23,-33.0,89.0,4.0,-20.0,85.0,4.0
FC,,24,0.24,-32.0,93.8,4.0,-18.0,70.7,5.0
FC,,25,0.25,-31.0,83.2,4.0,-17.0,75.2,5.0
FC,,26,0.26,-29.0,85.7,5.0,-16.0,104.8,5.0
FC,,27,0.27,-29.0,95.7,5.0,-17.0,75.2,5.0
FC,,28,0.28,-28.0,75.7,5.0,-19.0,69.2,5.0
FC,,29,0.29,-27.0,90.7,5.0,-17.0,87.1,5.0
FC,,30,0.3,-28.0,72.7,5.0,-16.0,82.3,6.0
FC,,31,0.31,-27.0,49.6,5.0,-15.0,107.3,5.0
FC,,32,0.32,-26.0,84.5,6.0,-15.0,65.3,6.0
FC,,33,0.33,-23.0,91.2,6.0,-15.0,87.4,6.0
FC,,34,0.34,-23.0,85.3,6.0,-15.0,70.9,6.0
FC,,35,0.35,-23.0,85.3,6.0,-15.0,87.4,6.0
FC,,36,0.36,-23.0,60.1,6.0,-16.0,86.1,6.0
FC,,37,0.37,-22.0,100.6,6.0,-14.0,98.3,7.0
FC,,38,0.38,-21.0,55.2,7.0,-13.0,82.0,7.0
FC,,39,0.39,-20.0,86.4,7.0,-14.0,78.7,7.0
FC,,40,0.4,-21.0,81.7,7.0,-15.0,100.0,7.0
FC,,41,0.41,-21.0,52.4,7.0,-16.0,80.1,7.0
FC,,42,0.42,-21.0,85.2,8.0,-14.0,98.6,8.0
FC,,43,0.43,-19.0,96.4,8.0,-13.0,101.7,8.0
FC,,44,0.44,-18.0,86.8,8.0,-12.0,80.4,8.0
FC,,45,0.45,-19.0,81.6,8.0,-12.0,106.8,8.0
FC,,46,0.46,-18.0,56.3,8.0,-12.0,69.9,8.0
FC,,47,0.47,-16.0,67.3,9.0,-11.0,75.4,9.0
FC,,48,0.48,-15.0,74.1,9.0,-11.0,104.9,9.0
FC,,49,0.49,-15.0,103.3,9.0,-12.0,100.3,9.0
FC,,50,0.5,-15.0,97.2,9.0,-11.0,87.1,9.0
FC,,51,0.51,-15.0,91.9,10.0,-11.0,72.2,9.0
FC,,52,0.52,-14.0,91.1,10.0,-10.0,97.3,10.0
FC,,53,0.53,-14.0,96.2,10.0,-11.0,92.5,10.0
FC,,54,0.54,-13.0,98.3,10.0,-10.0,98.6,11.0
FC,,55,0.55,-13.0,67.2,10.0,-9.0,71.3,11.0
FC,,56,0.56,-12.0,85.0,11.0,-9.0,74.8,12.0
FC,,57,0.57,-11.0,65.2,12.0,-9.0,75.1,12.0
FC,,58,0.58,-11.0,83.2,12.0,-8.0,94.8,12.0
FC,,59,0.59,-10.0,99.0,12.0,-8.0,105.3,13.0
FC,,60,0.6,-11.0,94.7,12.0,-8.0,105.3,13.0
FC,,61,0.61,-10.0,84.6,13.0,-8.0,80.6,13.0
FC,,62,0.62,-10.0,101.4,14.0,-7.0,106.5,13.0
FC,,63,0.63,-9.0,75.8,14.0,-6.0,68.4,14.0
FC,,64,0.64,-8.0,35.4,15.0,-7.0,63.7,14.0
FC,,65,0.65,-8.0,69.3,15.0,-7.0,77.6,15.0
FC,,66,0.66,-8.0,111.2,15.0,-6.0,93.3,16.0
FC,,67,0.67,-7.0,97.5,16.0,-6.0,100.7,17.0
FC,,68,0.68,-7.0,99.3,17.0,-6.0,75.4,16.0
FC,,69,0.69,-7.0,67.0,17.0,-5.0,98.2,19.0
FC,,70,0.7,-6.0,103.6,19.0,-5.0,63.5,20.0
FC,,71,0.71,-6.0,85.8,21.0,-5.0,104.6,21.0
FC,,72,0.72,-5.0,109.1,19.0,-5.0,107.9,21.0
FC,,73,0.73,-5.0,109.2,20.0,-4.0,68.1,22.0
FC,,74,0.74,-5.0,107.9,21.0,-4.0,97.2,23.0
FC,,75,0.75,-4.0,97.3,23.0,-4.0,68.3,24.0
FC,,76,0.76,-4.0,103.2,24.0,-3.0,56.6,24.0
FC,,77,0.77,-4.0,99.3,26.0,-3.0,97.8,25.0
FC,,78,0.78,-4.0,79.9,25.0,-3.0,95.8,25.0
FC,,79,0.79,-3.0,108.9,26.0,-3.0,99.3,26.0
FC,,80,0.8,-3.0,79.9,29.0,-2.0,89.8,28.0
FC,,81,0.81,-2.0,64.0,29.0,-2.0,100.9,28.0
FC,,82,0.82,-2.0,92.6,34.0,-1.0,69.6,31.0
FC,,83,0.83,-2.0,107.1,37.0,-1.0,80.9,35.0
FC,,84,0.84,-1.0,88.9,38.0,0.0,79.3,37.0
FC,,85,0.85,-1.0,96.5,40.0,0.0,90.7,40.0
FC,,86,0.86,0.0,97.0,42.0,0.0,82.7,42.0
FC,,87,0.87,0.0,80.9,43.0,0.0,90.7,40.0
FC,,88,0.88,0.0,96.7,49.0,1.0,74.6,46.0
FC,,89,0.89,1.0,92.4,51.0,1.0,98.4,51.0
FC,,90,0.9,1.0,89.9,52.0,1.0,98.2,55.0
FC,,91,0.91,1.0,101.5,56.0,2.0,96.3,52.0
FC,,92,0.92,2.0,104.8,57.0,2.0,96.3,52.0
FC,,93,0.93,2.0,94.1,61.0,2.0,94.4,60.0
FC,,94,0.94,2.0,107.0,66.0,3.0,84.9,59.0
FC,,95,0.95,3.0,103.1,64.0,3.0,84.1,65.0
FC,,96,0.96,3.0,94.4,76.0,3.0,107.1,75.0
FC,,97,0.97,4.0,96.2,78.0,4.0,86.0,70.0
FC,,98,0.98,4.0,101.7,80.0,4.0,94.5,76.0
FC,,99,0.99,5.0,98.5,85.0,5.0,81.1,81.0
FC,,100,1.0,5.0,98.5,85.0,5.0,98.5,85.0
FC3rd,,0,0.0,-57.0,58.8,2.0,-32.0,67.4,2.0
FC3rd,,1,0.01,-57.0,58.8,2.0,-32.0,67.4,2.0
FC3rd,,2,0.02,-57.0,73.2,2.0,-33.0,81.8,2.0
FC3rd,,3,0.03,-57.0,73.2,2.0,-32.0,103.0,2.0
FC3rd,,4,0.04,-58.0,77.5,2.0,-32.0,79.1,2.0
FC3rd,,5,0.05,-57.0,57.2,2.0,-30.0,67.4,2.0
FC3rd,,6,0.06,-59.0,65.0,2.0,-29.0,61.3,2.0
FC3rd,,7,0.07,-55.0,67.0,2.0,-24.0,88.3,3.0
FC3rd,,8,0.08,-53.0,81.9,2.0,-22.0,102.3,3.0
FC3rd,,9,0.09,-45.0,76.2,3.0,-21.0,63.8,3.0
FC3rd,,10,0.1,-44.0,78.4,3.0,-21.0,73.4,3.0
FC3rd,,11,0.11,-46.0,51.0,3.0,-21.0,90.9,3.0
FC3rd,,12,0.12,-45.0,28.7,3.0,-23.0,76.1,3.0
FC3rd,,13,0.13,-43.0,74.6,3.0,-23.0,84.2,3.0
FC3rd,,14,0.14,-45.0,28.7,3.0,-23.0,76.1,3.0
FC3rd,,15,0.15,-42.0,70.6,3.0,-22.0,90.8,4.0
FC3rd,,16,0.16,-39.0,79.0,3.0,-20.0,101.2,4.0
FC3rd,,17,0.17,-35.0,76.7,3.0,-18.0,90.9,4.0
FC3rd,,18,0.18,-36.0,93.8,4.0,-18.0,71.0,4.0
FC3rd,,19,0.19,-36.0,55.3,4.0,-18.0,71.0,4.0
FC3rd,,20,0.2,-38.0,80.5,4.0,-21.0,82.3,4.0
FC3rd,,21,0.21,-37.0,72.2,4.0,-19.0,90.8,4.0
FC3rd,,22,0.22,-37.0,72.2,4.0,-20.0,94.1,4.0
FC3rd,,23,0.23,-33.0,89.0,4.0,-20.0,85.0,4.0
FC3rd,,24,0.24,-32.0,93.8,4.0,-18.0,70.7,5.0
FC3rd,,25,0.25,-31.0,83.2,4.0,-17.0,75.2,5.0
FC3rd,,26,0.26,-29.0,85.7,5.0,-16.0,104.8,5.0
FC3rd,,27,0.27,-29.0,95.7,5.0,-17.0,75.2,5.0
FC3rd,,28,0.28,-28.0,75.7,5.0,-19.0,69.2,5.0
FC3rd,,29,0.29,-27.0,90.7,5.0,-17.0,87.1,5.0
FC3rd,,30,0.3,-28.0,72.7,5.0,-16.0,82.3,6.0
FC3rd,,31,0.31,-27.0,49.6,5.0,-15.0,107.3,5.0
FC3rd,,32,0.32,-26.0,84.5,6.0,-15.0,65.3,6.0
FC3rd,,33,0.33,-23.0,91.2,6.0,-15.0,87.4,6.0
FC3rd,,34,0.34,-23.0,85.3,6.0,-15.0,70.9,6.0
FC3rd,,35,0.35,-23.0,85.3,6.0,-15.0,87.4,6.0
FC3rd,,36,0.36,-23.0,60.1,6.0,-16.0,86.1,6.0
FC3rd,,37,0.37,-22.0,100.6,6.0,-14.0,98.3,7.0
FC3rd,,38,0.38,-21.0,55.2,7.0,-13.0,82.0,7.0
FC3rd,,39,0.39,-20.0,86.4,7.0,-14.0,78.7,7.0
FC3rd,,40,0.4,-21.0,81.7,7.0,-15.0,100.0,7.0
FC3rd,,41,0.41,-21.0,52.4,7.0,-16.0,80.1,7.0
FC3rd,,42,0.42,-21.0,85.2,8.0,-14.0,98.6,8.0
FC3rd,,43,0.43,-19.0,96.4,8.0,-13.0,101.7,8.0
FC3rd,,44,0.44,-18.0,86.8,8.0,-12.0,80.4,8.0
FC3rd,,45,0.45,-19.0,81.6,8.0,-12.0,106.8,8.0
FC3rd,,46,0.46,-18.0,56.3,8.0,-12.0,69.9,8.0
FC3rd,,47,0.47,-16.0,67.3,9.0,-11.0,75.4,9.0
FC3rd,,48,0.48,-15.0,74.1,9.0,-11.0,104.9,9.0
FC3rd,,49,0.49,-15.0,103.3,9.0,-12.0,100.3,9.0
FC3rd,,50,0.5,-15.0,97.2,9.0,-11.0,87.1,9.0
FC3rd,,51,0.51,-15.0,91.9,10.0,-11.0,72.2,9.0
FC3rd,,52,0.52,-14.0,91.1,10.0,-10.0,97.3,10.0
FC3rd,,53,0.53,-14.0,96.2,10.0,-11.0,92.5,10.0
FC3rd,,54,0.54,-13.0,98.3,10.0,-10.0,98.6,11.0
FC3rd,,55,0.55,-13.0,67.2,10.0,-9.0,71.3,11.0
FC3rd,,56,0.56,-12.0,85.0,11.0,-9.0,74.8,12.0
FC3rd,,57,0.57,-11.0,65.2,12.0,-9.0,75.1,12.0
FC3rd,,58,0.58,-11.0,83.2,12.0,-8.0,94.8,12.0
FC3rd,,59,0.59,-10.0,99.0,12.0,-8.0,105.3,13.0
FC3rd,,60,0.6,-11.0,94.7,12.0,-8.0,105.3,13.0
FC3rd,,61,0.61,-10.0,84.6,13.0,-8.0,80.6,13.0
FC3rd,,62,0.62,-10.0,101.4,14.0,-7.0,106.5,13.0
FC3rd,,63,0.63,-9.0,75.8,14.0,-6.0,68.4,14.0
FC3rd,,64,0.64,-8.0,35.4,15.0,-7.0,63.7,14.0
FC3rd,,65,0.65,-8.0,69.3,15.0,-7.0,77.6,15.0
FC3rd,,66,0.66,-8.0,111.2,15.0,-6.0,93.3,16.0
FC3rd,,67,0.67,-7.0,97.5,16.0,-6.0,100.7,17.0
FC3rd,,68,0.68,-7.0,99.3,17.0,-6.0,75.4,16.0
FC3rd,,69,0.69,-7.0,67.0,17.0,-5.0,98.2,19.0
FC3rd,,70,0.7,-6.0,103.6,19.0,-5.0,63.5,20.0
FC3rd,,71,0.71,-6.0,85.8,21.0,-5.0,104.6,21.0
FC3rd,,72,0.72,-5.0,109.1,19.0,-5.0,107.9,21.0
FC3rd,,73,0.73,-5.0,109.2,20.0,-4.0,68.1,22.0
FC3rd,,74,0.74,-5.0,107.9,21.0,-4.0,97.2,23.0
FC3rd,,75,0.75,-4.0,97.3,23.0,-4.0,68.3,24.0
FC3rd,,76,0.76,-4.0,103.2,24.0,-3.0,56.6,24.0
FC3rd,,77,0.77,-4.0,99.3,26.0,-3.0,97.8,25.0
FC3rd,,78,0.78,-4.0,79.9,25.0,-3.0,95.8,25.0
FC3rd,,79,0.79,-3.0,108.9,26.0,-3.0,99.3,26.0
FC3rd,,80,0.8,-3.0,79.9,29.0,-2.0,89.8,28.0
FC3rd,,81,0.81,-2.0,64.0,29.0,-2.0,100.9,28.0
FC3rd,,82,0.82,-2.0,92.6,34.0,-1.0,69.6,31.0
FC3rd,,83,0.83,-2.0,107.1,37.0,-1.0,80.9,35.0
FC3rd,,84,0.84,-1.0,88.9,38.0,0.0,79.3,37.0
FC3rd,,85,0.85,-1.0,96.5,40.0,0.0,90.7,40.0
FC3rd,,86,0.86,0.0,97.0,42.0,0.0,82.7,42.0
FC3rd,,87,0.87,0.0,80.9,43.0,0.0,90.7,40.0
FC3rd,,88,0.88,0.0,96.7,49.0,1.0,74.6,46.0
FC3rd,,89,0.89,1.0,92.4,51.0,1.0,98.4,51.0
FC3rd,,90,0.9,1.0,89.9,52.0,1.0,98.2,55.0
FC3rd,,91,0.91,1.0,101.5,56.0,2.0,96.3,52.0
FC3rd,,92,0.92,2.0,104.8,57.0,2.0,96.3,52.0
FC3rd,,93,0.93,2.0,94.1,61.0,2.0,94.4,60.0
FC3rd,,94,0.94,2.0,107.0,66.0,3.0,84.9,59.0
FC3rd,,95,0.95,3.0,103.1,64.0,3.0,84.1,65.0
FC3rd,,96,0.96,3.0,94.4,76.0,3.0,107.1,75.0
FC3rd,,97,0.97,4.0,96.2,78.0,4.0,86.0,70.0
FC3rd,,98,0.98,4.0,101.7,80.0,4.0,94.5,76.0
FC3rd,,99,0.99,5.0,98.5,85.0,5.0,81.1,81.0
FC3rd,,100,1.0,5.0,98.5,85.0,5.0,98.5,85.0
FCH,,0,0.0,-57.0,58.8,2.0,-32.0,67.4,2.0
FCH,,1,0.01,-57.0,58.8,2.0,-32.0,67.4,2.0
FCH,,2,0.02,-57.0,73.2,2.0,-33.0,81.8,2.0
FCH,,3,0.03,-57.0,73.2,2.0,-32.0,103.0,2.0
FCH,,4,0.04,-58.0,77.5,2.0,-32.0,79.1,2.0
FCH,,5,0.05,-57.0,57.2,2.0,-30.0,67.4,2.0
FCH,,6,0.06,-59.0,65.0,2.0,-29.0,61.3,2.0
FCH,,7,0.07,-55.0,67.0,2.0,-24.0,88.3,3.0
FCH,,8,0.08,-53.0,81.9,2.0,-22.0,102.3,3.0
FCH,,9,0.09,-45.0,76.2,3.0,-21.0,63.8,3.0
FCH,,10,0.1,-44.0,78.4,3.0,-21.0,73.4,3.0
FCH,,11,0.11,-46.0,51.0,3.0,-21.0,90.9,3.0
FCH,,12,0.12,-45.0,28.7,3.0,-23.0,76.1,3.0
FCH,,13,0.13,-43.0,74.6,3.0,-23.0,84.2,3.0
FCH,,14,0.14,-45.0,28.7,3.0,-23.0,76.1,3.0
FCH,,15,0.15,-42.0,70.6,3.0,-22.0,90.8,4.0
FCH,,16,0.16,-39.0,79.0,3.0,-20.0,101.2,4.0
FCH,,17,0.17,-35.0,76.7,3.0,-18.0,90.9,4.0
FCH,,18,0.18,-36.0,93.8,4.0,-18.0,71.0,4.0
FCH,,19,0.19,-36.0,55.3,4.0,-18.0,71.0,4.0
FCH,,20,0.2,-38.0,80.5,4.0,-21.0,82.3,4.0
FCH,,21,0.21,-37.0,72.2,4.0,-19.0,90.8,4.0
FCH,,22,0.22,-37.0,72.2,4.0,-20.0,94.1,4.0
FCH,,23,0.23,-33.0,89.0,4.0,-20.0,85.0,4.0
FCH,,24,0.24,-32.0,93.8,4.0,-18.0,70.7,5.0
FCH,,25,0.25,-31.0,83.2,4.0,-17.0,75.2,5.0
FCH,,26,0.26,-29.0,85.7,5.0,-16.0,104.8,5.0
FCH,,27,0.27,-29.0,95.7,5.0,-17.0,75.2,5.0
FCH,,28,0.28,-28.0,75.7,5.0,-19.0,69.2,5.0
FCH,,29,0.29,-27.0,90.7,5.0,-17.0,87.1,5.0
FCH,,30,0.3,-28.0,72.7,5.0,-16.0,82.3,6.0
FCH,,31,0.31,-27.0,49.6,5.0,-15.0,107.3,5.0
FCH,,32,0.32,-26.0,84.5,6.0,-15.0,65.3,6.0
FCH,,33,0.33,-23.0,91.2,6.0,-15.0,87.4,6.0
FCH,,34,0.34,-23.0,85.3,6.0,-15.0,70.9,6.0
FCH,,35,0.35,-23.0,85.3,6.0,-15.0,87.4,6.0
FCH,,36,0.36,-23.0,60.1,6.0,-16.0,86.1,6.0
FCH,,37,0.37,-22.0,100.6,6.0,-14.0,98.3,7.0
FCH,,38,0.38,-21.0,55.2,7.0,-13.0,82.0,7.0
FCH,,39,0.39,-20.0,86.4,7.0,-14.0,78.7,7.0
FCH,,40,0.4,-21.0,81.7,7.0,-15.0,100.0,7.0
FCH,,41,0.41,-21.0,52.4,7.0,-16.0,80.1,7.0
FCH,,42,0.42,-21.0,85.2,8.0,-14.0,98.6,8.0
FCH,,43,0.43,-19.0,96.4,8.0,-13.0,101.7,8.0
FCH,,44,0.44,-18.0,86.8,8.0,-12.0,80.4,8.0
FCH,,45,0.45,-19.0,81.6,8.0,-12.0,106.8,8.0
FCH,,46,0.46,-18.0,56.3,8.0,-12.0,69.9,8.0
FCH,,47,0.47,-16.0,67.3,9.0,-11.0,75.4,9.0
FCH,,48,0.48,-15.0,74.1,9.0,-11.0,104.9,9.0
FCH,,49,0.49,-15.0,103.3,9.0,-12.0,100.3,9.0
FCH,,50,0.5,-15.0,97.2,9.0,-11.0,87.1,9.0
FCH,,51,0.51,-15.0,91.9,10.0,-11.0,72.2,9.0
FCH,,52,0.52,-14.0,91.1,10.0,-10.0,97.3,10.0
FCH,,53,0.53,-14.0,96.2,10.0,-11.0,92.5,10.0
FCH,,54,0.54,-13.0,98.3,10.0,-10.0,98.6,11.0
FCH,,55,0.55,-13.0,67.2,10.0,-9.0,71.3,11.0
FCH,,56,0.56,-12.0,85.0,11.0,-9.0,74.8,12.0
FCH,,57,0.57,-11.0,65.2,12.0,-9.0,75.1,12.0
FCH,,58,0.58,-11.0,83.2,12.0,-8.0,94.8,12.0
FCH,,59,0.59,-10.0,99.0,12.0,-8.0,105.3,13.0
FCH,,60,0.6,-11.0,94.7,12.0,-8.0,105.3,13.0
FCH,,61,0.61,-10.0,84.6,13.0,-8.0,80.6,13.0
FCH,,62,0.62,-10.0,101.4,14.0,-7.0,106.5,13.0
FCH,,63,0.63,-9.0,75.8,14.0,-6.0,68.4,14.0
FCH,,64,0.64,-8.0,35.4,15.0,-7.0,63.7,14.0
FCH,,65,0.65,-8.0,69.3,15.0,-7.0,77.6,15.0
FCH,,66,0.66,-8.0,111.2,15.0,-6.0,93.3,16.0
FCH,,67,0.67,-7.0,97.5,16.0,-6.0,100.7,17.0
FCH,,68,0.68,-7.0,99.3,17.0,-6.0,75.4,16.0
FCH,,69,0.69,-7.0,67.0,17.0,-5.0,98.2,19.0
FCH,,70,0.7,-6.0,103.6,19.0,-5.0,63.5,20.0
FCH,,71,0.71,-6.0,85.8,21.0,-5.0,104.6,21.0
FCH,,72,0.72,-5.0,109.1,19.0,-5.0,107.9,21.0
FCH,,73,0.73,-5.0,109.2,20.0,-4.0,68.1,22.0
FCH,,74,0.74,-5.0,107.9,21.0,-4.0,97.2,23.0
FCH,,75,0.75,-4.0,97.3,23.0,-4.0,68.3,24.0
FCH,,76,0.76,-4.0,103.2,24.0,-3.0,56.6,24.0
FCH,,77,0.77,-4.0,99.3,26.0,-3.0,97.8,25.0
FCH,,78,0.78,-4.0,79.9,25.0,-3.0,95.8,25.0
FCH,,79,0.79,-3.0,108.9,26.0,-3.0,99.3,26.0
FCH,,80,0.8,-3.0,79.9,29.0,-2.0,89.8,28.0
FCH,,81,0.81,-2.0,64.0,29.0,-2.0,100.9,28.0
FCH,,82,0.82,-2.0,92.6,34.0,-1.0,69.6,31.0
FCH,,83,0.83,-2.0,107.1,37.0,-1.0,80.9,35.0
FCH,,84,0.84,-1.0,88.9,38.0,0.0,79.3,37.0
FCH,,85,0.85,-1.0,96.5,40.0,0.0,90.7,40.0
FCH,,86,0.86,0.0,97.0,42.0,0.0,82.7,42.0
FCH,,87,0.87,0.0,80.9,43.0,0.0,90.7,40.0
FCH,,88,0.88,0.0,96.7,49.0,1.0,74.6,46.0
FCH,,89,0.89,1.0,92.4,51.0,1.0,98.4,51.0
FCH,,90,0.9,1.0,89.9,52.0,1.0,98.2,55.0
FCH,,91,0.91,1.0,101.5,56.0,2.0,96.3,52.0
FCH,,92,0.92,2.0,104.8,57.0,2.0,96.3,52.0
FCH,,93,0.93,2.0,94.1,61.0,2.0,94.4,60.0
FCH,,94,0.94,2.0,107.0,66.0,3.0,84.9,59.0
FCH,,95,0.95,3.0,103.1,64.0,3.0,84.1,65.0
FCH,,96,0.96,3.0,94.4,76.0,3.0,107.1,75.0
FCH,,97,0.97,4.0,96.2,78.0,4.0,86.0,70.0
FCH,,98,0.98,4.0,101.7,80.0,4.0,94.5,76.0
FCH,,99,0.99,5.0,98.5,85.0,5.0,81.1,81.0
FCH,,100,1.0,5.0,98.5,85.0,5.0,98.5,85.0
DP,,0,0.0,-43.0,85.6,3.0,-21.0,81.0,3.0
DP,,1,0.01,-43.0,85.6,3.0,-21.0,81.0,3.0
DP,,2,0.02,-43.0,71.1,3.0,-21.0,99.3,3.0
DP,,3,0.03,-42.0,41.1,3.0,-19.0,106.4,4.0
DP,,4,0.04,-39.0,71.6,3.0,-17.0,66.1,4.0
DP,,5,0.05,-36.0,92.6,4.0,-17.0,78.2,4.0
DP,,6,0.06,-35.0,95.4,4.0,-17.0,69.9,4.0
DP,,7,0.07,-35.0,91.1,4.0,-18.0,91.4,4.0
DP,,8,0.08,-35.0,93.1,4.0,-18.0,102.0,4.0
DP,,9,0.09,-34.0,98.3,4.0,-16.0,85.9,5.0
DP,,10,0.1,-33.0,64.4,4.0,-16.0,91.3,4.0
DP,,11,0.11,-31.0,83.6,5.0,-16.0,84.1,5.0
DP,,12,0.12,-30.0,63.1,5.0,-16.0,96.0,5.0
DP,,13,0.13,-30.0,76.5,5.0,-16.0,103.9,5.0
DP,,14,0.14,-29.0,102.2,5.0,-16.0,103.9,5.0
DP,,15,0.15,-28.0,52.3,5.0,-15.0,109.2,5.0
DP,,16,0.16,-27.0,85.9,5.0,-14.0,88.1,6.0
DP,,17,0.17,-26.0,82.5,5.0,-14.0,109.0,6.0
DP,,18,0.18,-25.0,55.4,6.0,-14.0,103.0,6.0
DP,,19,0.19,-25.0,103.6,6.0,-15.0,91.4,6.0
DP,,20,0.2,-25.0,92.5,6.0,-14.0,71.2,6.0
DP,,21,0.21,-24.0,90.6,7.0,-14.0,78.5,7.0
DP,,22,0.22,-23.0,85.3,6.0,-14.0,78.5,7.0
DP,,23,0.23,-22.0,81.1,7.0,-14.0,109.9,7.0
DP,,24,0.24,-22.0,104.6,7.0,-13.0,92.1,7.0
DP,,25,0.25,-21.0,91.1,7.0,-13.0,96.5,7.0
DP,,26,0.26,-21.0,74.4,7.0,-13.0,83.4,7.0
DP,,27,0.27,-20.0,59.0,7.0,-13.0,92.7,7.0
DP,,28,0.28,-20.0,75.0,7.0,-12.0,80.2,8.0
DP,,29,0.29,-19.0,81.7,8.0,-12.0,88.9,8.0
DP,,30,0.3,-19.0,104.1,8.0,-12.0,102.4,8.0
DP,,31,0.31,-18.0,100.8,8.0,-11.0,96.8,8.0
DP,,32,0.32,-18.0,97.7,9.0,-11.0,103.2,9.0
DP,,33,0.33,-17.0,91.3,9.0,-11.0,95.7,9.0
DP,,34,0.34,-17.0,67.4,9.0,-11.0,99.6,9.0
DP,,35,0.35,-16.0,97.8,9.0,-11.0,69.8,9.0
DP,,36,0.36,-16.0,110.7,9.0,-10.0,93.2,9.0
DP,,37,0.37,-15.0,82.8,10.0,-10.0,105.9,10.0
DP,,38,0.38,-15.0,93.6,10.0,-10.0,101.8,10.0
DP,,39,0.39,-15.0,90.4,10.0,-10.0,97.2,10.0
DP,,40,0.4,-14.0,69.7,11.0,-9.0,100.2,11.0
DP,,41,0.41,-14.0,95.6,11.0,-9.0,89.5,11.0
DP,,42,0.42,-13.0,98.1,11.0,-9.0,96.0,12.0
DP,,43,0.43,-13.0,100.2,11.0,-9.0,81.2,11.0
DP,,44,0.44,-12.0,88.4,12.0,-8.0,94.1,12.0
DP,,45,0.45,-12.0,78.5,13.0,-8.0,90.7,12.0
DP,,46,0.46,-12.0,81.9,13.0,-8.0,98.3,13.0
DP,,47,0.47,-11.0,90.1,13.0,-8.0,94.9,13.0
DP,,48,0.48,-11.0,81.9,13.0,-7.0,101.4,13.0
DP,,49,0.49,-10.0,85.3,14.0,-7.0,86.5,13.0
DP,,50,0.5,-10.0,98.5,15.0,-7.0,98.4,15.0
DP,,51,0.51,-9.0,104.3,15.0,-7.0,97.3,14.0
DP,,52,0.52,-9.0,97.6,16.0,-7.0,93.8,16.0
DP,,53,0.53,-9.0,100.6,16.0,-6.0,111.6,16.0
DP,,54,0.54,-8.0,99.3,17.0,-6.0,72.9,16.0
DP,,55,0.55,-8.0,89.4,16.0,-6.0,92.6,17.0
DP,,56,0.56,-7.0,104.8,18.0,-6.0,79.7,17.0
DP,,57,0.57,-7.0,100.3,18.0,-5.0,101.6,17.0
DP,,58,0.58,-7.0,103.3,18.0,-5.0,103.2,19.0
DP,,59,0.59,-6.0,99.4,20.0,-5.0,109.6,19.0
DP,,60,0.6,-6.0,97.5,19.0,-4.0,101.0,21.0
DP,,61,0.61,-6.0,104.3,20.0,-4.0,67.4,20.0
DP,,62,0.62,-5.0,90.2,23.0,-4.0,100.2,22.0
DP,,63,0.63,-5.0,98.6,22.0,-4.0,91.7,21.0
DP,,64,0.64,-5.0,82.9,22.0,-4.0,108.1,24.0
DP,,65,0.65,-4.0,103.2,23.0,-3.0,100.2,25.0
DP,,66,0.66,-4.0,87.5,26.0,-3.0,84.6,25.0
DP,,67,0.67,-4.0,106.0,26.0,-3.0,77.2,25.0
DP,,68,0.68,-4.0,84.2,26.0,-3.0,89.1,28.0
DP,,69,0.69,-3.0,107.3,29.0,-2.0,89.4,29.0
DP,,70,0.7,-3.0,72.9,30.0,-2.0,89.4,29.0
DP,,71,0.71,-3.0,86.2,31.0,-2.0,99.4,32.0
DP,,72,0.72,-2.0,86.3,34.0,-2.0,94.9,32.0
DP,,73,0.73,-2.0,72.5,33.0,-1.0,98.3,35.0
DP,,74,0.74,-2.0,98.9,34.0,-1.0,83.3,35.0
DP,,75,0.75,-2.0,93.2,34.0,-1.0,88.6,37.0
DP,,76,0.76,-1.0,91.1,37.0,-1.0,100.3,39.0
DP,,77,0.77,-1.0,77.1,38.0,0.0,99.5,41.0
DP,,78,0.78,-1.0,98.2,41.0,0.0,66.2,40.0
DP,,79,0.79,-1.0,100.1,40.0,0.0,100.0,41.0
DP,,80,0.8,0.0,90.6,41.0,0.0,98.6,42.0
DP,,81,0.81,0.0,84.9,44.0,0.0,80.4,48.0
DP,,82,0.82,0.0,98.5,47.0,1.0,95.9,46.0
DP,,83,0.83,1.0,78.4,52.0,1.0,68.7,51.0
DP,,84,0.84,1.0,78.4,50.0,1.0,96.0,52.0
DP,,85,0.85,1.0,99.7,54.0,1.0,101.7,51.0
DP,,86,0.86,1.0,99.8,55.0,2.0,74.9,56.0
DP,,87,0.87,2.0,96.9,61.0,2.0,94.9,56.0
DP,,88,0.88,2.0,97.4,60.0,2.0,100.1,62.0
DP,,89,0.89,2.0,98.9,60.0,3.0,82.0,63.0
DP,,90,0.9,3.0,84.2,67.0,3.0,93.7,63.0
DP,,91,0.91,3.0,84.4,71.0,3.0,100.7,66.0
DP,,92,0.92,3.0,98.1,75.0,4.0,96.3,77.0
DP,,93,0.93,4.0,96.8,80.0,4.0,89.8,77.0
DP,,94,0.94,4.0,99.5,79.0,4.0,99.2,75.0
DP,,95,0.95,4.0,87.9,86.0,5.0,91.3,84.0
DP,,96,0.96,5.0,77.0,85.0,5.0,86.2,83.0
DP,,97,0.97,5.0,94.8,86.0,6.0,77.4,87.0
DP,,98,0.98,6.0,93.0,92.0,6.0,98.3,100.0
DP,,99,0.99,6.0,83.8,94.0,6.0,80.8,98.0
DP,,100,1.0,6.0,89.1,100.0,6.0,89.1,100.0
DP21,,0,0.0,-43.0,85.6,3.0,-21.0,81.0,3.0
DP21,,1,0.01,-43.0,85.6,3.0,-21.0,81.0,3.0
DP21,,2,0.02,-43.0,71.1,3.0,-21.0,99.3,3.0
DP21,,3,0.03,-42.0,41.1,3.0,-19.0,106.4,4.0
DP21,,4,0.04,-39.0,71.6,3.0,-17.0,66.1,4.0
DP21,,5,0.05,-36.0,92.6,4.0,-17.0,78.2,4.0
DP21,,6,0.06,-35.0,95.4,4.0,-17.0,69.9,4.0
DP21,,7,0.07,-35.0,91.1,4.0,-18.0,91.4,4.0
DP21,,8,0.08,-35.0,93.1,4.0,-18.0,102.0,4.0
DP21,,9,0.09,-34.0,98.3,4.0,-16.0,85.9,5.0
DP21,,10,0.1,-33.0,64.4,4.0,-16.0,91.3,4.0
DP21,,11,0.11,-31.0,83.6,5.0,-16.0,84.1,5.0
DP21,,12,0.12,-30.0,63.1,5.0,-16.0,96.0,5.0
DP21,,13,0.13,-30.0,76.5,5.0,-16.0,103.9,5.0
DP21,,14,0.14,-29.0,102.2,5.0,-16.0,103.9,5.0
DP21,,15,0.15,-28.0,52.3,5.0,-15.0,109.2,5.0
DP21,,16,0.16,-27.0,85.9,5.0,-14.0,88.1,6.0
DP21,,17,0.17,-26.0,82.5,5.0,-14.0,109.0,6.0
DP21,,18,0.18,-25.0,55.4,6.0,-14.0,103.0,6.0
DP21,,19,0.19,-25.0,103.6,6.0,-15.0,91.4,6.0
DP21,,20,0.2,-25.0,92.5,6.0,-14.0,71.2,6.0
DP21,,21,0.21,-24.0,90.6,7.0,-14.0,78.5,7.0
DP21,,22,0.22,-23.0,85.3,6.0,-14.0,78.5,7.0
DP21,,23,0.23,-22.0,81.1,7.0,-14.0,109.9,7.0
DP21,,24,0.24,-22.0,104.6,7.0,-13.0,92.1,7.0
DP21,,25,0.25,-21.0,91.1,7.0,-13.0,96.5,7.0
DP21,,26,0.26,-21.0,74.4,7.0,-13.0,83.4,7.0
DP21,,27,0.27,-20.0,59.0,7.0,-13.0,92.7,7.0
DP21,,28,0.28,-20.0,75.0,7.0,-12.0,80.2,8.0
DP21,,29,0.29,-19.0,81.7,8.0,-12.0,88.9,8.0
DP21,,30,0.3,-19.0,104.1,8.0,-12.0,102.4,8.0
DP21,,31,0.31,-18.0,100.8,8.0,-11.0,96.8,8.0
DP21,,32,0.32,-18.0,97.7,9.0,-11.0,103.2,9.0
DP21,,33,0.33,-17.0,91.3,9.0,-11.0,95.7,9.0
DP21,,34,0.34,-17.0,67.4,9.0,-11.0,99.6,9.0
DP21,,35,0.35,-16.0,97.8,9.0,-11.0,69.8,9.0
DP21,,36,0.36,-16.0,110.7,9.0,-10.0,93.2,9.0
DP21,,37,0.37,-15.0,82.8,10.0,-10.0,105.9,10.0
DP21,,38,0.38,-15.0,93.6,10.0,-10.0,101.8,10.0
DP21,,39,0.39,-15.0,90.4,10.0,-10.0,97.2,10.0
DP21,,40,0.4,-14.0,69.7,11.0,-9.0,100.2,11.0
DP21,,41,0.41,-14.0,95.6,11.0,-9.0,89.5,11.0
DP21,,42,0.42,-13.0,98.1,11.0,-9.0,96.0,12.0
DP21,,43,0.43,-13.0,100.2,11.0,-9.0,81.2,11.0
DP21,,44,0.44,-12.0,88.4,12.0,-8.0,94.1,12.0
DP21,,45,0.45,-12.0,78.5,13.0,-8.0,90.7,12.0
DP21,,46,0.46,-12.0,81.9,13.0,-8.0,98.3,13.0
DP21,,47,0.47,-11.0,90.1,13.0,-8.0,94.9,13.0
DP21,,48,0.48,-11.0,81.9,13.0,-7.0,101.4,13.0
DP21,,49,0.49,-10.0,85.3,14.0,-7.0,86.5,13.0
DP21,,50,0.5,-10.0,98.5,15.0,-7.0,98.4,15.0
DP21,,51,0.51,-9.0,104.3,15.0,-7.0,97.3,14.0
DP21,,52,0.52,-9.0,97.6,16.0,-7.0,93.8,16.0
DP21,,53,0.53,-9.0,100.6,16.0,-6.0,111.6,16.0
DP21,,54,0.54,-8.0,99.3,17.0,-6.0,72.9,16.0
DP21,,55,0.55,-8.0,89.4,16.0,-6.0,92.6,17.0
DP21,,56,0.56,-7.0,104.8,18.0,-6.0,79.7,17.0
DP21,,57,0.57,-7.0,100.3,18.0,-5.0,101.6,17.0
DP21,,58,0.58,-7.0,103.3,18.0,-5.0,103.2,19.0
DP21,,59,0.59,-6.0,99.4,20.0,-5.0,109.6,19.0
DP21,,60,0.6,-6.0,97.5,19.0,-4.0,101.0,21.0
DP21,,61,0.61,-6.0,104.3,20.0,-4.0,67.4,20.0
DP21,,62,0.62,-5.0,90.2,23.0,-4.0,100.2,22.0
DP21,,63,0.63,-5.0,98.6,22.0,-4.0,91.7,21.0
DP21,,64,0.64,-5.0,82.9,22.0,-4.0,108.1,24.0
DP21,,65,0.65,-4.0,103.2,23.0,-3.0,100.2,25.0
DP21,,66,0.66,-4.0,87.5,26.0,-3.0,84.6,25.0
DP21,,67,0.67,-4.0,106.0,26.0,-3.0,77.2,25.0
DP21,,68,0.68,-4.0,84.2,26.0,-3.0,89.1,28.0
DP21,,69,0.69,-3.0,107.3,29.0,-2.0,89.4,29.0
DP21,,70,0.7,-3.0,72.9,30.0,-2.0,89.4,29.0
DP21,,71,0.71,-3.0,86.2,31.0,-2.0,99.4,32.0
DP21,,72,0.72,-2.0,86.3,34.0,-2.0,94.9,32.0
DP21,,73,0.73,-2.0,72.5,33.0,-1.0,98.3,35.0
DP21,,74,0.74,-2.0,98.9,34.0,-1.0,83.3,35.0
DP21,,75,0.75,-2.0,93.2,34.0,-1.0,88.6,37.0
DP21,,76,0.76,-1.0,91.1,37.0,-1.0,100.3,39.0
DP21,,77,0.77,-1.0,77.1,38.0,0.0,99.5,41.0
DP21,,78,0.78,-1.0,98.2,41.0,0.0,66.2,40.0
DP21,,79,0.79,-1.0,100.1,40.0,0.0,100.0,41.0
DP21,,80,0.8,0.0,90.6,41.0,0.0,98.6,42.0
DP21,,81,0.81,0.0,84.9,44.0,0.0,80.4,48.0
DP21,,82,0.82,0.0,98.5,47.0,1.0,95.9,46.0
DP21,,83,0.83,1.0,78.4,52.0,1.0,68.7,51.0
DP21,,84,0.84,1.0,78.4,50.0,1.0,96.0,52.0
DP21,,85,0.85,1.0,99.7,54.0,1.0,101.7,51.0
DP21,,86,0.86,1.0,99.8,55.0,2.0,74.9,56.0
DP21,,87,0.87,2.0,96.9,61.0,2.0,94.9,56.0
DP21,,88,0.88,2.0,97.4,60.0,2.0,100.1,62.0
DP21,,89,0.89,2.0,98.9,60.0,3.0,82.0,63.0
DP21,,90,0.9,3.0,84.2,67.0,3.0,93.7,63.0
DP21,,91,0.91,3.0,84.4,71.0,3.0,100.7,66.0
DP21,,92,0.92,3.0,98.1,75.0,4.0,96.3,77.0
DP21,,93,0.93,4.0,96.8,80.0,4.0,89.8,77.0
DP21,,94,0.94,4.0,99.5,79.0,4.0,99.2,75.0
DP21,,95,0.95,4.0,87.9,86.0,5.0,91.3,84.0
DP21,,96,0.96,5.0,77.0,85.0,5.0,86.2,83.0
DP21,,97,0.97,5.0,94.8,86.0,6.0,77.4,87.0
DP21,,98,0.98,6.0,93.0,92.0,6.0,98.3,100.0
DP21,,99,0.99,6.0,83.8,94.0,6.0,80.8,98.0
DP21,,100,1.0,6.0,89.1,100.0,6.0,89.1,100.0
DP31,,0,0.0,-43.0,85.6,3.0,-21.0,81.0,3.0
DP31,,1,0.01,-43.0,85.6,3.0,-21.0,81.0,3.0
DP31,,2,0.02,-43.0,71.1,3.0,-21.0,99.3,3.0
DP31,,3,0.03,-42.0,41.1,3.0,-19.0,106.4,4.0
DP31,,4,0.04,-39.0,71.6,3.0,-17.0,66.1,4.0
DP31,,5,0.05,-36.0,92.6,4.0,-17.0,78.2,4.0
DP31,,6,0.06,-35.0,95.4,4.0,-17.0,69.9,4.0
DP31,,7,0.07,-35.0,91.1,4.0,-18.0,91.4,4.0
DP31,,8,0.08,-35.0,93.1,4.0,-18.0,102.0,4.0
DP31,,9,0.09,-34.0,98.3,4.0,-16.0,85.9,5.0
DP31,,10,0.1,-33.0,64.4,4.0,-16.0,91.3,4.0
DP31,,11,0.11,-31.0,83.6,5.0,-16.0,84.1,5.0
DP31,,12,0.12,-30.0,63.1,5.0,-16.0,96.0,5.0
DP31,,13,0.13,-30.0,76.5,5.0,-16.0,103.9,5.0
DP31,,14,0.14,-29.0,102.2,5.0,-16.0,103.9,5.0
DP31,,15,0.15,-28.0,52.3,5.0,-15.0,109.2,5.0
DP31,,16,0.16,-27.0,85.9,5.0,-14.0,88.1,6.0
DP31,,17,0.17,-26.0,82.5,5.0,-14.0,109.0,6.0
DP31,,18,0.18,-25.0,55.4,6.0,-14.0,103.0,6.0
DP31,,19,0.19,-25.0,103.6,6.0,-15.0,91.4,6.0
DP31,,20,0.2,-25.0,92.5,6.0,-14.0,71.2,6.0
DP31,,21,0.21,-24.0,90.6,7.0,-14.0,78.5,7.0
DP31,,22,0.22,-23.0,85.3,6.0,-14.0,78.5,7.0
DP31,,23,0.23,-22.0,81.1,7.0,-14.0,109.9,7.0
DP31,,24,0.24,-22.0,104.6,7.0,-13.0,92.1,7.0
DP31,,25,0.25,-21.0,91.1,7.0,-13.0,96.5,7.0
DP31,,26,0.26,-21.0,74.4,7.0,-13.0,83.4,7.0
DP31,,27,0.27,-20.0,59.0,7.0,-13.0,92.7,7.0
DP31,,28,0.28,-20.0,75.0,7.0,-12.0,80.2,8.0
DP31,,29,0.29,-19.0,81.7,8.0,-12.0,88.9,8.0
DP31,,30,0.3,-19.0,104.1,8.0,-12.0,102.4,8.0
DP31,,31,0.31,-18.0,100.8,8.0,-11.0,96.8,8.0
DP31,,32,0.32,-18.0,97.7,9.0,-11.0,103.2,9.0
DP31,,33,0.33,-17.0,91.3,9.0,-11.0,95.7,9.0
DP31,,34,0.34,-17.0,67.4,9.0,-11.0,99.6,9.0
DP31,,35,0.35,-16.0,97.8,9.0,-11.0,69.8,9.0
DP31,,36,0.36,-16.0,110.7,9.0,-10.0,93.2,9.0
DP31,,37,0.37,-15.0,82.8,10.0,-10.0,105.9,10.0
DP31,,38,0.38,-15.0,93.6,10.0,-10.0,101.8,10.0
DP31,,39,0.39,-15.0,90.4,10.0,-10.0,97.2,10.0
DP31,,40,0.4,-14.0,69.7,11.0,-9.0,100.2,11.0
DP31,,41,0.41,-14.0,95.6,11.0,-9.0,89.5,11.0
DP31,,42,0.42,-13.0,98.1,11.0,-9.0,96.0,12.0
DP31,,43,0.43,-13.0,100.2,11.0,-9.0,81.2,11.0
DP31,,44,0.44,-12.0,88.4,12.0,-8.0,94.1,12.0
DP31,,45,0.45,-12.0,78.5,13.0,-8.0,90.7,12.0
DP31,,46,0.46,-12.0,81.9,13.0,-8.0,98.3,13.0
DP31,,47,0.47,-11.0,90.1,13.0,-8.0,94.9,13.0
DP31,,48,0.48,-11.0,81.9,13.0,-7.0,101.4,13.0
DP31,,49,0.49,-10.0,85.3,14.0,-7.0,86.5,13.0
DP31,,50,0.5,-10.0,98.5,15.0,-7.0,98.4,15.0
DP31,,51,0.51,-9.0,104.3,15.0,-7.0,97.3,14.0
DP31,,52,0.52,-9.0,97.6,16.0,-7.0,93.8,16.0
DP31,,53,0.53,-9.0,100.6,16.0,-6.0,111.6,16.0
DP31,,54,0.54,-8.0,99.3,17.0,-6.0,72.9,16.0
DP31,,55,0.55,-8.0,89.4,16.0,-6.0,92.6,17.0
DP31,,56,0.56,-7.0,104.8,18.0,-6.0,79.7,17.0
DP31,,57,0.57,-7.0,100.3,18.0,-5.0,101.6,17.0
DP31,,58,0.58,-7.0,103.3,18.0,-5.0,103.2,19.0
DP31,,59,0.59,-6.0,99.4,20.0,-5.0,109.6,19.0
DP31,,60,0.6,-6.0,97.5,19.0,-4.0,101.0,21.0
DP31,,61,0.61,-6.0,104.3,20.0,-4.0,67.4,20.0
DP31,,62,0.62,-5.0,90.2,23.0,-4.0,100.2,22.0
DP31,,63,0.63,-5.0,98.6,22.0,-4.0,91.7,21.0
DP31,,64,0.64,-5.0,82.9,22.0,-4.0,108.1,24.0
DP31,,65,0.65,-4.0,103.2,23.0,-3.0,100.2,25.0
DP31,,66,0.66,-4.0,87.5,26.0,-3.0,84.6,25.0
DP31,,67,0.67,-4.0,106.0,26.0,-3.0,77.2,25.0
DP31,,68,0.68,-4.0,84.2,26.0,-3.0,89.1,28.0
DP31,,69,0.69,-3.0,107.3,29.0,-2.0,89.4,29.0
DP31,,70,0.7,-3.0,72.9,30.0,-2.0,89.4,29.0
DP31,,71,0.71,-3.0,86.2,31.0,-2.0,99.4,32.0
DP31,,72,0.72,-2.0,86.3,34.0,-2.0,94.9,32.0
DP31,,73,0.73,-2.0,72.5,33.0,-1.0,98.3,35.0
DP31,,74,0.74,-2.0,98.9,34.0,-1.0,83.3,35.0
DP31,,75,0.75,-2.0,93.2,34.0,-1.0,88.6,37.0
DP31,,76,0.76,-1.0,91.1,37.0,-1.0,100.3,39.0
DP31,,77,0.77,-1.0,77.1,38.0,0.0,99.5,41.0
DP31,,78,0.78,-1.0,98.2,41.0,0.0,66.2,40.0
DP31,,79,0.79,-1.0,100.1,40.0,0.0,100.0,41.0
DP31,,80,0.8,0.0,90.6,41.0,0.0,98.6,42.0
DP31,,81,0.81,0.0,84.9,44.0,0.0,80.4,48.0
DP31,,82,0.82,0.0,98.5,47.0,1.0,95.9,46.0
DP31,,83,0.83,1.0,78.4,52.0,1.0,68.7,51.0
DP31,,84,0.84,1.0,78.4,50.0,1.0,96.0,52.0
DP31,,85,0.85,1.0,99.7,54.0,1.0,101.7,51.0
DP31,,86,0.86,1.0,99.8,55.0,2.0,74.9,56.0
DP31,,87,0.87,2.0,96.9,61.0,2.0,94.9,56.0
DP31,,88,0.88,2.0,97.4,60.0,2.0,100.1,62.0
DP31,,89,0.89,2.0,98.9,60.0,3.0,82.0,63.0
DP31,,90,0.9,3.0,84.2,67.0,3.0,93.7,63.0
DP31,,91,0.91,3.0,84.4,71.0,3.0,100.7,66.0
DP31,,92,0.92,3.0,98.1,75.0,4.0,96.3,77.0
DP31,,93,0.93,4.0,96.8,80.0,4.0,89.8,77.0
DP31,,94,0.94,4.0,99.5,79.0,4.0,99.2,75.0
DP31,,95,0.95,4.0,87.9,86.0,5.0,91.3,84.0
DP31,,96,0.96,5.0,77.0,85.0,5.0,86.2,83.0
DP31,,97,0.97,5.0,94.8,86.0,6.0,77.4,87.0
DP31,,98,0.98,6.0,93.0,92.0,6.0,98.3,100.0
DP31,,99,0.99,6.0,83.8,94.0,6.0,80.8,98.0
DP31,,100,1.0,6.0,89.1,100.0,6.0,89.1,100.0
DPH1,,0,0.0,-43.0,85.6,3.0,-21.0,81.0,3.0
DPH1,,1,0.01,-43.0,85.6,3.0,-21.0,81.0,3.0
DPH1,,2,0.02,-43.0,71.1,3.0,-21.0,99.3,3.0
DPH1,,3,0.03,-42.0,41.1,3.0,-19.0,106.4,4.0
DPH1,,4,0.04,-39.0,71.6,3.0,-17.0,66.1,4.0
DPH1,,5,0.05,-36.0,92.6,4.0,-17.0,78.2,4.0
DPH1,,6,0.06,-35.0,95.4,4.0,-17.0,69.9,4.0
DPH1,,7,0.07,-35.0,91.1,4.0,-18.0,91.4,4.0
DPH1,,8,0.08,-35.0,93.1,4.0,-18.0,102.0,4.0
DPH1,,9,0.09,-34.0,98.3,4.0,-16.0,85.9,5.0
DPH1,,10,0.1,-33.0,64.4,4.0,-16.0,91.3,4.0
DPH1,,11,0.11,-31.0,83.6,5.0,-16.0,84.1,5.0
DPH1,,12,0.12,-30.0,63.1,5.0,-16.0,96.0,5.0
DPH1,,13,0.13,-30.0,76.5,5.0,-16.0,103.9,5.0
DPH1,,14,0.14,-29.0,102.2,5.0,-16.0,103.9,5.0
DPH1,,15,0.15,-28.0,52.3,5.0,-15.0,109.2,5.0
DPH1,,16,0.16,-27.0,85.9,5.0,-14.0,88.1,6.0
DPH1,,17,0.17,-26.0,82.5,5.0,-14.0,109.0,6.0
DPH1,,18,0.18,-25.0,55.4,6.0,-14.0,103.0,6.0
DPH1,,19,0.19,-25.0,103.6,6.0,-15.0,91.4,6.0
DPH1,,20,0.2,-25.0,92.5,6.0,-14.0,71.2,6.0
DPH1,,21,0.21,-24.0,90.6,7.0,-14.0,78.5,7.0
DPH1,,22,0.22,-23.0,85.3,6.0,-14.0,78.5,7.0
DPH1,,23,0.23,-22.0,81.1,7.0,-14.0,109.9,7.0
DPH1,,24,0.24,-22.0,104.6,7.0,-13.0,92.1,7.0
DPH1,,25,0.25,-21.0,91.1,7.0,-13.0,96.5,7.0
DPH1,,26,0.26,-21.0,74.4,7.0,-13.0,83.4,7.0
DPH1,,27,0.27,-20.0,59.0,7.0,-13.0,92.7,7.0
DPH1,,28,0.28,-20.0,75.0,7.0,-12.0,80.2,8.0
DPH1,,29,0.29,-19.0,81.7,8.0,-12.0,88.9,8.0
DPH1,,30,0.3,-19.0,104.1,8.0,-12.0,102.4,8.0
DPH1,,31,0.31,-18.0,100.8,8.0,-11.0,96.8,8.0
DPH1,,32,0.32,-18.0,97.7,9.0,-11.0,103.2,9.0
DPH1,,33,0.33,-17.0,91.3,9.0,-11.0,95.7,9.0
DPH1,,34,0.34,-17.0,67.4,9.0,-11.0,99.6,9.0
DPH1,,35,0.35,-16.0,97.8,9.0,-11.0,69.8,9.0
DPH1,,36,0.36,-16.0,110.7,9.0,-10.0,93.2,9.0
DPH1,,37,0.37,-15.0,82.8,10.0,-10.0,105.9,10.0
DPH1,,38,0.38,-15.0,93.6,10.0,-10.0,101.8,10.0
DPH1,,39,0.39,-15.0,90.4,10.0,-10.0,97.2,10.0
DPH1,,40,0.4,-14.0,69.7,11.0,-9.0,100.2,11.0
DPH1,,41,0.41,-14.0,95.6,11.0,-9.0,89.5,11.0
DPH1,,42,0.42,-13.0,98.1,11.0,-9.0,96.0,12.0
DPH1,,43,0.43,-13.0,100.2,11.0,-9.0,81.2,11.0
DPH1,,44,0.44,-12.0,88.4,12.0,-8.0,94.1,12.0
DPH1,,45,0.45,-12.0,78.5,13.0,-8.0,90.7,12.0
DPH1,,46,0.46,-12.0,81.9,13.0,-8.0,98.3,13.0
DPH1,,47,0.47,-11.0,90.1,13.0,-8.0,94.9,13.0
DPH1,,48,0.48,-11.0,81.9,13.0,-7.0,101.4,13.0
DPH1,,49,0.49,-10.0,85.3,14.0,-7.0,86.5,13.0
DPH1,,50,0.5,-10.0,98.5,15.0,-7.0,98.4,15.0
DPH1,,51,0.51,-9.0,104.3,15.0,-7.0,97.3,14.0
DPH1,,52,0.52,-9.0,97.6,16.0,-7.0,93.8,16.0
DPH1,,53,0.53,-9.0,100.6,16.0,-6.0,111.6,16.0
DPH1,,54,0.54,-8.0,99.3,17.0,-6.0,72.9,16.0
DPH1,,55,0.55,-8.0,89.4,16.0,-6.0,92.6,17.0
DPH1,,56,0.56,-7.0,104.8,18.0,-6.0,79.7,17.0
DPH1,,57,0.57,-7.0,100.3,18.0,-5.0,101.6,17.0
DPH1,,58,0.58,-7.0,103.3,18.0,-5.0,103.2,19.0
DPH1,,59,0.59,-6.0,99.4,20.0,-5.0,109.6,19.0
DPH1,,60,0.6,-6.0,97.5,19.0,-4.0,101.0,21.0
DPH1,,61,0.61,-6.0,104.3,20.0,-4.0,67.4,20.0
DPH1,,62,0.62,-5.0,90.2,23.0,-4.0,100.2,22.0
DPH1,,63,0.63,-5.0,98.6,22.0,-4.0,91.7,21.0
DPH1,,64,0.64,-5.0,82.9,22.0,-4.0,108.1,24.0
DPH1,,65,0.65,-4.0,103.2,23.0,-3.0,100.2,25.0
DPH1,,66,0.66,-4.0,87.5,26.0,-3.0,84.6,25.0
DPH1,,67,0.67,-4.0,106.0,26.0,-3.0,77.2,25.0
DPH1,,68,0.68,-4.0,84.2,26.0,-3.0,89.1,28.0
DPH1,,69,0.69,-3.0,107.3,29.0,-2.0,89.4,29.0
DPH1,,70,0.7,-3.0,72.9,30.0,-2.0,89.4,29.0
DPH1,,71,0.71,-3.0,86.2,31.0,-2.0,99.4,32.0
DPH1,,72,0.72,-2.0,86.3,34.0,-2.0,94.9,32.0
DPH1,,73,0.73,-2.0,72.5,33.0,-1.0,98.3,35.0
DPH1,,74,0.74,-2.0,98.9,34.0,-1.0,83.3,35.0
DPH1,,75,0.75,-2.0,93.2,34.0,-1.0,88.6,37.0
DPH1,,76,0.76,-1.0,91.1,37.0,-1.0,100.3,39.0
DPH1,,77,0.77,-1.0,77.1,38.0,0.0,99.5,41.0
DPH1,,78,0.78,-1.0,98.2,41.0,0.0,66.2,40.0
DPH1,,79,0.79,-1.0,100.1,40.0,0.0,100.0,41.0
DPH1,,80,0.8,0.0,90.6,41.0,0.0,98.6,42.0
DPH1,,81,0.81,0.0,84.9,44.0,0.0,80.4,48.0
DPH1,,82,0.82,0.0,98.5,47.0,1.0,95.9,46.0
DPH1,,83,0.83,1.0,78.4,52.0,1.0,68.7,51.0
DPH1,,84,0.84,1.0,78.4,50.0,1.0,96.0,52.0
DPH1,,85,0.85,1.0,99.7,54.0,1.0,101.7,51.0
DPH1,,86,0.86,1.0,99.8,55.0,2.0,74.9,56.0
DPH1,,87,0.87,2.0,96.9,61.0,2.0,94.9,56.0
DPH1,,88,0.88,2.0,97.4,60.0,2.0,100.1,62.0
DPH1,,89,0.89,2.0,98.9,60.0,3.0,82.0,63.0
DPH1,,90,0.9,3.0,84.2,67.0,3.0,93.7,63.0
DPH1,,91,0.91,3.0,84.4,71.0,3.0,100.7,66.0
DPH1,,92,0.92,3.0,98.1,75.0,4.0,96.3,77.0
DPH1,,93,0.93,4.0,96.8,80.0,4.0,89.8,77.0
DPH1,,94,0.94,4.0,99.5,79.0,4.0,99.2,75.0
DPH1,,95,0.95,4.0,87.9,86.0,5.0,91.3,84.0
DPH1,,96,0.96,5.0,77.0,85.0,5.0,86.2,83.0
DPH1,,97,0.97,5.0,94.8,86.0,6.0,77.4,87.0
DPH1,,98,0.98,6.0,93.0,92.0,6.0,98.3,100.0
DPH1,,99,0.99,6.0,83.8,94.0,6.0,80.8,98.0
DPH1,,100,1.0,6.0,89.1,100.0,6.0,89.1,100.0
DPRun,,0,0.0,-43.0,85.6,3.0,-21.0,81.0,3.0
DPRun,,1,0.01,-43.0,85.6,3.0,-21.0,81.0,3.0
DPRun,,2,0.02,-43.0,71.1,3.0,-21.0,99.3,3.0
DPRun,,3,0.03,-42.0,41.1,3.0,-19.0,106.4,4.0
DPRun,,4,0.04,-39.0,71.6,3.0,-17.0,66.1,4.0
DPRun,,5,0.05,-36.0,92.6,4.0,-17.0,78.2,4.0
DPRun,,6,0.06,-35.0,95.4,4.0,-17.0,69.9,4.0
DPRun,,7,0.07,-35.0,91.1,4.0,-18.0,91.4,4.0
DPRun,,8,0.08,-35.0,93.1,4.0,-18.0,102.0,4.0
DPRun,,9,0.09,-34.0,98.3,4.0,-16.0,85.9,5.0
DPRun,,10,0.1,-33.0,64.4,4.0,-16.0,91.3,4.0
DPRun,,11,0.11,-31.0,83.6,5.0,-16.0,84.1,5.0
DPRun,,12,0.12,-30.0,63.1,5.0,-16.0,96.0,5.0
DPRun,,13,0.13,-30.0,76.5,5.0,-16.0,103.9,5.0
DPRun,,14,0.14,-29.0,102.2,5.0,-16.0,103.9,5.0
DPRun,,15,0.15,-28.0,52.3,5.0,-15.0,109.2,5.0
DPRun,,16,0.16,-27.0,85.9,5.0,-14.0,88.1,6.0
DPRun,,17,0.17,-26.0,82.5,5.0,-14.0,109.0,6.0
DPRun,,18,0.18,-25.0,55.4,6.0,-14.0,103.0,6.0
DPRun,,19,0.19,-25.0,103.6,6.0,-15.0,91.4,6.0
DPRun,,20,0.2,-25.0,92.5,6.0,-14.0,71.2,6.0
DPRun,,21,0.21,-24.0,90.6,7.0,-14.0,78.5,7.0
DPRun,,22,0.22,-23.0,85.3,6.0,-14.0,78.5,7.0
DPRun,,23,0.23,-22.0,81.1,7.0,-14.0,109.9,7.0
DPRun,,24,0.24,-22.0,104.6,7.0,-13.0,92.1,7.0
DPRun,,25,0.25,-21.0,91.1,7.0,-13.0,96.5,7.0
DPRun,,26,0.26,-21.0,74.4,7.0,-13.0,83.4,7.0
DPRun,,27,0.27,-20.0,59.0,7.0,-13.0,92.7,7.0
DPRun,,28,0.28,-20.0,75.0,7.0,-12.0,80.2,8.0
DPRun,,29,0.29,-19.0,81.7,8.0,-12.0,88.9,8.0
DPRun,,30,0.3,-19.0,104.1,8.0,-12.0,102.4,8.0
DPRun,,31,0.31,-18.0,100.8,8.0,-11.0,96.8,8.0
DPRun,,32,0.32,-18.0,97.7,9.0,-11.0,103.2,9.0
DPRun,,33,0.33,-17.0,91.3,9.0,-11.0,95.7,9.0
DPRun,,34,0.34,-17.0,67.4,9.0,-11.0,99.6,9.0
DPRun,,35,0.35,-16.0,97.8,9.0,-11.0,69.8,9.0
DPRun,,36,0.36,-16.0,110.7,9.0,-10.0,93.2,9.0
DPRun,,37,0.37,-15.0,82.8,10.0,-10.0,105.9,10.0
DPRun,,38,0.38,-15.0,93.6,10.0,-10.0,101.8,10.0
DPRun,,39,0.39,-15.0,90.4,10.0,-10.0,97.2,10.0
DPRun,,40,0.4,-14.0,69.7,11.0,-9.0,100.2,11.0
DPRun,,41,0.41,-14.0,95.6,11.0,-9.0,89.5,11.0
DPRun,,42,0.42,-13.0,98.1,11.0,-9.0,96.0,12.0
DPRun,,43,0.43,-13.0,100.2,11.0,-9.0,81.2,11.0
DPRun,,44,0.44,-12.0,88.4,12.0,-8.0,94.1,12.0
DPRun,,45,0.45,-12.0,78.5,13.0,-8.0,90.7,12.0
DPRun,,46,0.46,-12.0,81.9,13.0,-8.0,98.3,13.0
DPRun,,47,0.47,-11.0,90.1,13.0,-8.0,94.9,13.0
DPRun,,48,0.48,-11.0,81.9,13.0,-7.0,101.4,13.0
DPRun,,49,0.49,-10.0,85.3,14.0,-7.0,86.5,13.0
DPRun,,50,0.5,-10.0,98.5,15.0,-7.0,98.4,15.0
DPRun,,51,0.51,-9.0,104.3,15.0,-7.0,97.3,14.0
DPRun,,52,0.52,-9.0,97.6,16.0,-7.0,93.8,16.0
DPRun,,53,0.53,-9.0,100.6,16.0,-6.0,111.6,16.0
DPRun,,54,0.54,-8.0,99.3,17.0,-6.0,72.9,16.0
DPRun,,55,0.55,-8.0,89.4,16.0,-6.0,92.6,17.0
DPRun,,56,0.56,-7.0,104.8,18.0,-6.0,79.7,17.0
DPRun,,57,0.57,-7.0,100.3,18.0,-5.0,101.6,17.0
DPRun,,58,0.58,-7.0,103.3,18.0,-5.0,103.2,19.0
DPRun,,59,0.59,-6.0,99.4,20.0,-5.0,109.6,19.0
DPRun,,60,0.6,-6.0,97.5,19.0,-4.0,101.0,21.0
DPRun,,61,0.61,-6.0,104.3,20.0,-4.0,67.4,20.0
DPRun,,62,0.62,-5.0,90.2,23.0,-4.0,100.2,22.0
DPRun,,63,0.63,-5.0,98.6,22.0,-4.0,91.7,21.0
DPRun,,64,0.64,-5.0,82.9,22.0,-4.0,108.1,24.0
DPRun,,65,0.65,-4.0,103.2,23.0,-3.0,100.2,25.0
DPRun,,66,0.66,-4.0,87.5,26.0,-3.0,84.6,25.0
DPRun,,67,0.67,-4.0,106.0,26.0,-3.0,77.2,25.0
DPRun,,68,0.68,-4.0,84.2,26.0,-3.0,89.1,28.0
DPRun,,69,0.69,-3.0,107.3,29.0,-2.0,89.4,29.0
DPRun,,70,0.7,-3.0,72.9,30.0,-2.0,89.4,29.0
DPRun,,71,0.71,-3.0,86.2,31.0,-2.0,99.4,32.0
DPRun,,72,0.72,-2.0,86.3,34.0,-2.0,94.9,32.0
DPRun,,73,0.73,-2.0,72.5,33.0,-1.0,98.3,35.0
DPRun,,74,0.74,-2.0,98.9,34.0,-1.0,83.3,35.0
DPRun,,75,0.75,-2.0,93.2,34.0,-1.0,88.6,37.0
DPRun,,76,0.76,-1.0,91.1,37.0,-1.0,100.3,39.0
DPRun,,77,0.77,-1.0,77.1,38.0,0.0,99.5,41.0
DPRun,,78,0.78,-1.0,98.2,41.0,0.0,66.2,40.0
DPRun,,79,0.79,-1.0,100.1,40.0,0.0,100.0,41.0
DPRun,,80,0.8,0.0,90.6,41.0,0.0,98.6,42.0
DPRun,,81,0.81,0.0,84.9,44.0,0.0,80.4,48.0
DPRun,,82,0.82,0.0,98.5,47.0,1.0,95.9,46.0
DPRun,,83,0.83,1.0,78.4,52.0,1.0,68.7,51.0
DPRun,,84,0.84,1.0,78.4,50.0,1.0,96.0,52.0
DPRun,,85,0.85,1.0,99.7,54.0,1.0,101.7,51.0
DPRun,,86,0.86,1.0,99.8,55.0,2.0,74.9,56.0
DPRun,,87,0.87,2.0,96.9,61.0,2.0,94.9,56.0
DPRun,,88,0.88,2.0,97.4,60.0,2.0,100.1,62.0
DPRun,,89,0.89,2.0,98.9,60.0,3.0,82.0,63.0
DPRun,,90,0.9,3.0,84.2,67.0,3.0,93.7,63.0
DPRun,,91,0.91,3.0,84.4,71.0,3.0,100.7,66.0
DPRun,,92,0.92,3.0,98.1,75.0,4.0,96.3,77.0
DPRun,,93,0.93,4.0,96.8,80.0,4.0,89.8,77.0
DPRun,,94,0.94,4.0,99.5,79.0,4.0,99.2,75.0
DPRun,,95,0.95,4.0,87.9,86.0,5.0,91.3,84.0
DPRun,,96,0.96,5.0,77.0,85.0,5.0,86.2,83.0
DPRun,,97,0.97,5.0,94.8,86.0,6.0,77.4,87.0
DPRun,,98,0.98,6.0,93.0,92.0,6.0,98.3,100.0
DPRun,,99,0.99,6.0,83.8,94.0,6.0,80.8,98.0
DPRun,,100,1.0,6.0,89.1,100.0,6.0,89.1,100.0
TP,,0,0.0,-43.0,85.6,3.0,-21.0,81.0,3.0
TP,,1,0.01,-43.0,85.6,3.0,-21.0,81.0,3.0
TP,,2,0.02,-43.0,71.1,3.0,-21.0,99.3,3.0
TP,,3,0.03,-42.0,41.1,3.0,-19.0,106.4,4.0
TP,,4,0.04,-39.0,71.6,3.0,-17.0,66.1,4.0
TP,,5,0.05,-36.0,92.6,4.0,-17.0,78.2,4.0
TP,,6,0.06,-35.0,95.4,4.0,-17.0,69.9,4.0
TP,,7,0.07,-35.0,91.1,4.0,-18.0,91.4,4.0
TP,,8,0.08,-35.0,93.1,4.0,-18.0,102.0,4.0
TP,,9,0.09,-34.0,98.3,4.0,-16.0,85.9,5.0
TP,,10,0.1,-33.0,64.4,4.0,-16.0,91.3,4.0
TP,,11,0.11,-31.0,83.6,5.0,-16.0,84.1,5.0
TP,,12,0.12,-30.0,63.1,5.0,-16.0,96.0,5.0
TP,,13,0.13,-30.0,76.5,5.0,-16.0,103.9,5.0
TP,,14,0.14,-29.0,102.2,5.0,-16.0,103.9,5.0
TP,,15,0.15,-28.0,52.3,5.0,-15.0,109.2,5.0
TP,,16,0.16,-27.0,85.9,5.0,-14.0,88.1,6.0
TP,,17,0.17,-26.0,82.5,5.0,-14.0,109.0,6.0
TP,,18,0.18,-25.0,55.4,6.0,-14.0,103.0,6.0
TP,,19,0.19,-25.0,103.6,6.0,-15.0,91.4,6.0
TP,,20,0.2,-25.0,92.5,6.0,-14.0,71.2,6.0
TP,,21,0.21,-24.0,90.6,7.0,-14.0,78.5,7.0
TP,,22,0.22,-23.0,85.3,6.0,-14.0,78.5,7.0
TP,,23,0.23,-22.0,81.1,7.0,-14.0,109.9,7.0
TP,,24,0.24,-22.0,104.6,7.0,-13.0,92.1,7.0
TP,,25,0.25,-21.0,91.1,7.0,-13.0,96.5,7.0
TP,,26,0.26,-21.0,74.4,7.0,-13.0,83.4,7.0
TP,,27,0.27,-20.0,59.0,7.0,-13.0,92.7,7.0
TP,,28,0.28,-20.0,75.0,7.0,-12.0,80.2,8.0
TP,,29,0.29,-19.0,81.7,8.0,-12.0,88.9,8.0
TP,,30,0.3,-19.0,104.1,8.0,-12.0,102.4,8.0
TP,,31,0.31,-18.0,100.8,8.0,-11.0,96.8,8.0
TP,,32,0.32,-18.0,97.7,9.0,-11.0,103.2,9.0
TP,,33,0.33,-17.0,91.3,9.0,-11.0,95.7,9.0
TP,,34,0.34,-17.0,67.4,9.0,-11.0,99.6,9.0
TP,,35,0.35,-16.0,97.8,9.0,-11.0,69.8,9.0
TP,,36,0.36,-16.0,110.7,9.0,-10.0,93.2,9.0
TP,,37,0.37,-15.0,82.8,10.0,-10.0,105.9,10.0
TP,,38,0.38,-15.0,93.6,10.0,-10.0,101.8,10.0
TP,,39,0.39,-15.0,90.4,10.0,-10.0,97.2,10.0
TP,,40,0.4,-14.0,69.7,11.0,-9.0,100.2,11.0
TP,,41,0.41,-14.0,95.6,11.0,-9.0,89.5,11.0
TP,,42,0.42,-13.0,98.1,11.0,-9.0,96.0,12.0
TP,,43,0.43,-13.0,100.2,11.0,-9.0,81.2,11.0
TP,,44,0.44,-12.0,88.4,12.0,-8.0,94.1,12.0
TP,,45,0.45,-12.0,78.5,13.0,-8.0,90.7,12.0
TP,,46,0.46,-12.0,81.9,13.0,-8.0,98.3,13.0
TP,,47,0.47,-11.0,90.1,13.0,-8.0,94.9,13.0
TP,,48,0.48,-11.0,81.9,13.0,-7.0,101.4,13.0
TP,,49,0.49,-10.0,85.3,14.0,-7.0,86.5,13.0
TP,,50,0.5,-10.0,98.5,15.0,-7.0,98.4,15.0
TP,,51,0.51,-9.0,104.3,15.0,-7.0,97.3,14.0
TP,,52,0.52,-9.0,97.6,16.0,-7.0,93.8,16.0
TP,,53,0.53,-9.0,100.6,16.0,-6.0,111.6,16.0
TP,,54,0.54,-8.0,99.3,17.0,-6.0,72.9,16.0
TP,,55,0.55,-8.0,89.4,16.0,-6.0,92.6,17.0
TP,,56,0.56,-7.0,104.8,18.0,-6.0,79.7,17.0
TP,,57,0.57,-7.0,100.3,18.0,-5.0,101.6,17.0
TP,,58,0.58,-7.0,103.3,18.0,-5.0,103.2,19.0
TP,,59,0.59,-6.0,99.4,20.0,-5.0,109.6,19.0
TP,,60,0.6,-6.0,97.5,19.0,-4.0,101.0,21.0
TP,,61,0.61,-6.0,104.3,20.0,-4.0,67.4,20.0
TP,,62,0.62,-5.0,90.2,23.0,-4.0,100.2,22.0
TP,,63,0.63,-5.0,98.6,22.0,-4.0,91.7,21.0
TP,,64,0.64,-5.0,82.9,22.0,-4.0,108.1,24.0
TP,,65,0.65,-4.0,103.2,23.0,-3.0,100.2,25.0
TP,,66,0.66,-4.0,87.5,26.0,-3.0,84.6,25.0
TP,,67,0.67,-4.0,106.0,26.0,-3.0,77.2,25.0
TP,,68,0.68,-4.0,84.2,26.0,-3.0,89.1,28.0
TP,,69,0.69,-3.0,107.3,29.0,-2.0,89.4,29.0
TP,,70,0.7,-3.0,72.9,30.0,-2.0,89.4,29.0
TP,,71,0.71,-3.0,86.2,31.0,-2.0,99.4,32.0
TP,,72,0.72,-2.0,86.3,34.0,-2.0,94.9,32.0
TP,,73,0.73,-2.0,72.5,33.0,-1.0,98.3,35.0
TP,,74,0.74,-2.0,98.9,34.0,-1.0,83.3,35.0
TP,,75,0.75,-2.0,93.2,34.0,-1.0,88.6,37.0
TP,,76,0.76,-1.0,91.1,37.0,-1.0,100.3,39.0
TP,,77,0.77,-1.0,77.1,38.0,0.0,99.5,41.0
TP,,78,0.78,-1.0,98.2,41.0,0.0,66.2,40.0
TP,,79,0.79,-1.0,100.1,40.0,0.0,100.0,41.0
TP,,80,0.8,0.0,90.6,41.0,0.0,98.6,42.0
TP,,81,0.81,0.0,84.9,44.0,0.0,80.4,48.0
TP,,82,0.82,0.0,98.5,47.0,1.0,95.9,46.0
TP,,83,0.83,1.0,78.4,52.0,1.0,68.7,51.0
TP,,84,0.84,1.0,78.4,50.0,1.0,96.0,52.0
TP,,85,0.85,1.0,99.7,54.0,1.0,101.7,51.0
TP,,86,0.86,1.0,99.8,55.0,2.0,74.9,56.0
TP,,87,0.87,2.0,96.9,61.0,2.0,94.9,56.0
TP,,88,0.88,2.0,97.4,60.0,2.0,100.1,62.0
TP,,89,0.89,2.0,98.9,60.0,3.0,82.0,63.0
TP,,90,0.9,3.0,84.2,67.0,3.0,93.7,63.0
TP,,91,0.91,3.0,84.4,71.0,3.0,100.7,66.0
TP,,92,0.92,3.0,98.1,75.0,4.0,96.3,77.0
TP,,93,0.93,4.0,96.8,80.0,4.0,89.8,77.0
TP,,94,0.94,4.0,99.5,79.0,4.0,99.2,75.0
TP,,95,0.95,4.0,87.9,86.0,5.0,91.3,84.0
TP,,96,0.96,5.0,77.0,85.0,5.0,86.2,83.0
TP,,97,0.97,5.0,94.8,86.0,6.0,77.4,87.0
TP,,98,0.98,6.0,93.0,92.0,6.0,98.3,100.0
TP,,99,0.99,6.0,83.8,94.0,6.0,80.8,98.0
TP,,100,1.0,6.0,89.1,100.0,6.0,89.1,100.0
IF1B,,0,0.0,-75.0,48.8,1.0,-44.0,70.5,1.0
IF1B,,1,0.01,-75.0,48.8,1.0,-44.0,70.5,1.0
IF1B,,2,0.02,-74.0,37.3,1.0,-44.0,80.0,1.0
IF1B,,3,0.03,-74.0,50.5,1.0,-43.0,53.1,1.0
IF1B,,4,0.04,-74.0,37.3,1.0,-44.0,73.2,1.0
IF1B,,5,0.05,-74.0,57.3,1.0,-45.0,48.2,1.0
IF1B,,6,0.06,-74.0,51.7,1.0,-46.0,65.7,1.0
IF1B,,7,0.07,-74.0,57.1,1.0,-46.0,65.7,1.0
IF1B,,8,0.08,-74.0,41.1,1.0,-46.0,87.8,1.0
IF1B,,9,0.09,-74.0,57.1,1.0,-46.0,52.0,1.0
IF1B,,10,0.1,-74.0,57.4,1.0,-46.0,86.0,1.0
IF1B,,11,0.11,-74.0,72.3,1.0,-46.0,86.0,1.0
IF1B,,12,0.12,-73.0,70.6,1.0,-42.0,61.7,1.0
IF1B,,13,0.13,-71.0,41.6,1.0,-39.0,78.0,2.0
IF1B,,14,0.14,-64.0,50.8,1.0,-36.0,56.0,2.0
IF1B,,15,0.15,-59.0,76.7,2.0,-35.0,73.4,2.0
IF1B,,16,0.16,-58.0,42.7,2.0,-36.0,42.3,2.0
IF1B,,17,0.17,-58.0,66.1,2.0,-36.0,19.4,2.0
IF1B,,18,0.18,-57.0,56.6,2.0,-36.0,88.4,2.0
IF1B,,19,0.19,-57.0,65.7,2.0,-36.0,73.1,2.0
IF1B,,20,0.2,-57.0,71.2,2.0,-36.0,66.0,2.0
IF1B,,21,0.21,-57.0,60.8,2.0,-38.0,58.8,2.0
IF1B,,22,0.22,-57.0,68.2,2.0,-38.0,73.5,2.0
IF1B,,23,0.23,-56.0,84.4,2.0,-38.0,64.7,2.0
IF1B,,24,0.24,-53.0,64.8,3.0,-31.0,40.4,3.0
IF1B,,25,0.25,-50.0,69.4,2.0,-28.0,94.2,3.0
IF1B,,26,0.26,-46.0,36.5,3.0,-26.0,24.7,3.0
IF1B,,27,0.27,-46.0,35.3,3.0,-28.0,67.3,3.0
IF1B,,28,0.28,-45.0,53.0,3.0,-26.0,56.5,3.0
IF1B,,29,0.29,-42.0,50.4,3.0,-24.0,87.2,4.0
IF1B,,30,0.3,-40.0,81.5,3.0,-22.0,95.1,4.0
IF1B,,31,0.31,-36.0,92.2,4.0,-21.0,91.9,4.0
IF1B,,32,0.32,-35.0,78.6,4.0,-21.0,78.7,4.0
IF1B,,33,0.33,-33.0,25.9,5.0,-20.0,24.0,5.0
IF1B,,34,0.34,-30.0,69.4,4.0,-18.0,82.3,5.0
IF1B,,35,0.35,-28.0,74.4,5.0,-18.0,72.8,5.0
IF1B,,36,0.36,-27.0,101.8,5.0,-18.0,85.4,5.0
IF1B,,37,0.37,-26.0,65.2,6.0,-17.0,91.0,6.0
IF1B,,38,0.38,-24.0,91.9,6.0,-16.0,99.0,6.0
IF1B,,39,0.39,-23.0,86.5,7.0,-14.0,102.0,6.0
IF1B,,40,0.4,-21.0,90.8,6.0,-14.0,86.3,7.0
IF1B,,41,0.41,-20.0,96.2,7.0,-13.0,104.3,8.0
IF1B,,42,0.42,-19.0,86.0,8.0,-13.0,95.0,7.0
IF1B,,43,0.43,-18.0,98.1,8.0,-13.0,91.5,8.0
IF1B,,44,0.44,-17.0,109.8,8.0,-12.0,85.1,8.0
IF1B,,45,0.45,-17.0,90.1,8.0,-12.0,97.4,8.0
IF1B,,46,0.46,-16.0,92.2,9.0,-11.0,86.1,9.0
IF1B,,47,0.47,-15.0,93.5,9.0,-11.0,55.7,10.0
IF1B,,48,0.48,-14.0,95.6,9.0,-10.0,80.3,11.0
IF1B,,49,0.49,-13.0,100.8,11.0,-9.0,83.3,10.0
IF1B,,50,0.5,-12.0,79.1,12.0,-9.0,80.9,11.0
IF1B,,51,0.51,-12.0,100.6,12.0,-9.0,96.0,12.0
IF1B,,52,0.52,-11.0,84.0,12.0,-8.0,90.8,13.0
IF1B,,53,0.53,-10.0,34.2,13.0,-7.0,100.3,13.0
IF1B,,54,0.54,-10.0,78.0,15.0,-7.0,88.8,14.0
IF1B,,55,0.55,-9.0,100.3,15.0,-7.0,82.1,16.0
IF1B,,56,0.56,-8.0,92.9,16.0,-6.0,101.7,16.0
IF1B,,57,0.57,-8.0,98.8,17.0,-6.0,88.4,16.0
IF1B,,58,0.58,-7.0,76.2,18.0,-5.0,100.7,19.0
IF1B,,59,0.59,-7.0,91.5,17.0,-5.0,100.7,19.0
IF1B,,60,0.6,-6.0,107.0,18.0,-4.0,104.5,18.0
IF1B,,61,0.61,-6.0,86.9,23.0,-4.0,89.5,23.0
IF1B,,62,0.62,-5.0,96.4,24.0,-4.0,69.1,21.0
IF1B,,63,0.63,-5.0,101.4,26.0,-3.0,88.3,24.0
IF1B,,64,0.64,-4.0,102.8,23.0,-3.0,79.0,23.0
IF1B,,65,0.65,-4.0,102.0,25.0,-2.0,79.5,28.0
IF1B,,66,0.66,-3.0,92.1,30.0,-2.0,81.7,32.0
IF1B,,67,0.67,-2.0,96.4,35.0,-1.0,83.9,31.0
IF1B,,68,0.68,-2.0,94.7,35.0,-1.0,75.1,33.0
IF1B,,69,0.69,-1.0,105.9,33.0,0.0,101.6,37.0
IF1B,,70,0.7,-1.0,102.0,40.0,0.0,75.6,37.0
IF1B,,71,0.71,-1.0,83.8,41.0,1.0,83.3,45.0
IF1B,,72,0.72,0.0,102.5,47.0,1.0,68.7,45.0
IF1B,,73,0.73,0.0,102.5,47.0,1.0,94.8,50.0
IF1B,,74,0.74,1.0,96.1,47.0,2.0,82.3,46.0
IF1B,,75,0.75,1.0,98.4,53.0,2.0,79.7,55.0
IF1B,,76,0.76,1.0,79.8,52.0,2.0,96.8,60.0
IF1B,,77,0.77,2.0,87.9,56.0,3.0,83.8,63.0
IF1B,,78,0.78,2.0,99.5,65.0,3.0,83.8,63.0
IF1B,,79,0.79,3.0,83.7,64.0,4.0,83.6,67.0
IF1B,,80,0.8,3.0,97.1,73.0,4.0,89.8,74.0
IF1B,,81,0.81,3.0,103.6,79.0,4.0,83.6,71.0
IF1B,,82,0.82,4.0,82.8,77.0,5.0,85.8,78.0
IF1B,,83,0.83,4.0,97.4,83.0,5.0,92.4,79.0
IF1B,,84,0.84,4.0,103.8,88.0,5.0,99.1,91.0
IF1B,,85,0.85,5.0,97.8,94.0,6.0,86.6,86.0
IF1B,,86,0.86,5.0,97.6,92.0,6.0,76.4,92.0
IF1B,,87,0.87,5.0,102.4,97.0,6.0,74.2,100.0
IF1B,,88,0.88,6.0,89.2,97.0,7.0,79.2,96.0
IF1B,,89,0.89,6.0,90.2,106.0,7.0,95.9,105.0
IF1B,,90,0.9,7.0,83.9,105.0,7.0,86.0,111.0
IF1B,,91,0.91,7.0,104.2,116.0,7.0,93.8,111.0
IF1B,,92,0.92,7.0,88.6,119.0,8.0,101.4,120.0
IF1B,,93,0.93,7.0,95.0,124.0,8.0,95.2,128.0
IF1B,,94,0.94,8.0,85.5,135.0,8.0,93.7,132.0
IF1B,,95,0.95,8.0,85.5,135.0,8.0,101.3,139.0
IF1B,,96,0.96,9.0,92.4,138.0,9.0,90.5,142.0
IF1B,,97,0.97,9.0,103.2,139.0,9.0,81.1,140.0
IF1B,,98,0.98,10.0,83.9,148.0,10.0,86.4,141.0
IF1B,,99,0.99,10.0,87.8,148.0,10.0,88.2,147.0
IF1B,,100,1.0,10.0,89.3,151.0,10.0,89.3,151.0
1B,,0,0.0,-11.0,97.4,16.0,-5.0,92.5,18.0
1B,,1,0.01,-11.0,97.4,16.0,-5.0,92.5,18.0
1B,,2,0.02,-11.0,95.6,16.0,-4.0,75.3,19.0
1B,,3,0.03,-9.0,80.4,16.0,-4.0,107.3,22.0
1B,,4,0.04,-8.0,98.7,19.0,-3.0,97.4,23.0
1B,,5,0.05,-7.0,96.4,21.0,-2.0,87.6,27.0
1B,,6,0.06,-6.0,104.2,26.0,-2.0,88.7,29.0
1B,,7,0.07,-5.0,100.2,25.0,-1.0,79.1,29.0
1B,,8,0.08,-4.0,106.1,33.0,-1.0,102.8,37.0
1B,,9,0.09,-3.0,105.6,31.0,0.0,85.6,34.0
1B,,10,0.1,-3.0,102.4,35.0,0.0,92.2,39.0
1B,,11,0.11,-2.0,77.4,38.0,1.0,99.4,46.0
1B,,12,0.12,-2.0,99.0,42.0,1.0,98.9,51.0
1B,,13,0.13,-1.0,97.4,51.0,2.0,80.7,50.0
1B,,14,0.14,-1.0,103.9,48.0,2.0,82.2,49.0
1B,,15,0.15,0.0,104.3,59.0,3.0,67.3,53.0
1B,,16,0.16,0.0,103.9,56.0,3.0,98.1,65.0
1B,,17,0.17,1.0,112.7,67.0,4.0,95.3,70.0
1B,,18,0.18,1.0,94.3,71.0,4.0,91.0,70.0
1B,,19,0.19,2.0,106.7,78.0,4.0,84.1,67.0
1B,,20,0.2,2.0,98.3,77.0,5.0,81.6,82.0
1B,,21,0.21,2.0,105.7,78.0,5.0,89.4,84.0
1B,,22,0.22,3.0,108.0,78.0,5.0,99.2,86.0
1B,,23,0.23,3.0,102.4,90.0,6.0,90.8,88.0
1B,,24,0.24,3.0,113.0,88.0,6.0,87.9,95.0
1B,,25,0.25,3.0,97.8,95.0,7.0,89.0,91.0
1B,,26,0.26,4.0,105.5,101.0,7.0,75.5,99.0
1B,,27,0.27,4.0,102.7,108.0,7.0,79.6,101.0
1B,,28,0.28,4.0,99.0,104.0,8.0,79.0,113.0
1B,,29,0.29,5.0,95.9,106.0,8.0,89.8,113.0
1B,,30,0.3,5.0,102.8,118.0,8.0,96.7,119.0
1B,,31,0.31,5.0,100.0,115.0,9.0,71.8,115.0
1B,,32,0.32,5.0,108.8,119.0,9.0,80.0,124.0
1B,,33,0.33,6.0,111.1,128.0,9.0,91.3,130.0
1B,,34,0.34,6.0,102.9,132.0,9.0,91.4,136.0
1B,,35,0.35,6.0,106.7,134.0,10.0,100.3,138.0
1B,,36,0.36,6.0,105.4,136.0,10.0,87.8,134.0
1B,,37,0.37,7.0,92.5,138.0,11.0,88.3,145.0
1B,,38,0.38,7.0,107.2,145.0,11.0,80.2,146.0
1B,,39,0.39,7.0,103.3,151.0,12.0,86.3,145.0
1B,,40,0.4,7.0,105.6,154.0,12.0,86.0,153.0
1B,,41,0.41,7.0,94.4,149.0,12.0,83.2,152.0
1B,,42,0.42,8.0,92.2,156.0,13.0,79.6,161.0
1B,,43,0.43,8.0,96.7,157.0,13.0,77.4,163.0
1B,,44,0.44,8.0,100.6,168.0,13.0,79.7,161.0
1B,,45,0.45,8.0,96.4,168.0,14.0,79.0,170.0
1B,,46,0.46,9.0,90.6,170.0,14.0,81.8,171.0
1B,,47,0.47,9.0,103.5,174.0,15.0,78.5,170.0
1B,,48,0.48,9.0,97.4,177.0,15.0,77.4,172.0
1B,,49,0.49,9.0,105.2,181.0,15.0,83.4,180.0
1B,,50,0.5,10.0,106.1,179.0,16.0,76.6,181.0
1B,,51,0.51,10.0,91.2,184.0,16.0,75.5,179.0
1B,,52,0.52,10.0,105.1,182.0,17.0,71.1,181.0
1B,,53,0.53,11.0,106.4,188.0,17.0,74.9,190.0
1B,,54,0.54,11.0,93.5,188.0,17.0,76.9,191.0
1B,,55,0.55,11.0,103.6,190.0,17.0,76.8,191.0
1B,,56,0.56,11.0,94.3,192.0,18.0,74.1,190.0
1B,,57,0.57,11.0,86.6,193.0,18.0,79.8,195.0
1B,,58,0.58,11.0,102.4,199.0,18.0,72.9,197.0
1B,,59,0.59,11.0,98.6,200.0,17.0,76.8,198.0
1B,,60,0.6,12.0,103.0,199.0,17.0,78.4,198.0
1B,,61,0.61,12.0,87.2,201.0,17.0,77.8,203.0
1B,,62,0.62,12.0,105.8,203.0,18.0,82.3,206.0
1B,,63,0.63,12.0,95.1,204.0,18.0,76.8,202.0
1B,,64,0.64,12.0,91.2,206.0,18.0,77.0,206.0
1B,,65,0.65,12.0,88.1,208.0,18.0,70.6,207.0
1B,,66,0.66,12.0,98.4,211.0,19.0,75.2,209.0
1B,,67,0.67,13.0,99.4,213.0,19.0,76.0,213.0
1B,,68,0.68,13.0,98.0,214.0,19.0,77.5,214.0
1B,,69,0.69,13.0,92.1,213.0,18.0,74.7,216.0
1B,,70,0.7,13.0,101.4,218.0,18.0,79.0,214.0
1B,,71,0.71,13.0,85.4,215.0,19.0,84.1,216.0
1B,,72,0.72,14.0,96.3,221.0,19.0,77.8,220.0
1B,,73,0.73,14.0,97.2,223.0,19.0,82.9,221.0
1B,,74,0.74,14.0,83.8,222.0,18.0,77.3,220.0
1B,,75,0.75,14.0,98.3,225.0,18.0,82.7,223.0
1B,,76,0.76,14.0,91.8,224.0,19.0,94.0,225.0
1B,,77,0.77,15.0,85.6,228.0,19.0,86.5,226.0
1B,,78,0.78,15.0,87.4,228.0,19.0,80.4,229.0
1B,,79,0.79,15.0,92.0,228.0,18.0,84.1,231.0
1B,,80,0.8,15.0,102.0,233.0,18.0,78.9,233.0
1B,,81,0.81,15.0,97.7,231.0,18.0,83.0,232.0
1B,,82,0.82,15.0,86.6,236.0,19.0,80.2,235.0
1B,,83,0.83,16.0,87.9,238.0,19.0,81.0,237.0
1B,,84,0.84,16.0,101.6,238.0,19.0,80.7,239.0
1B,,85,0.85,16.0,97.3,240.0,19.0,80.6,239.0
1B,,86,0.86,16.0,99.9,242.0,18.0,87.1,242.0
1B,,87,0.87,16.0,84.9,241.0,18.0,89.5,244.0
1B,,88,0.88,16.0,92.8,243.0,18.0,85.0,245.0
1B,,89,0.89,16.0,87.9,247.0,18.0,88.2,245.0
1B,,90,0.9,16.0,97.0,249.0,18.0,94.2,248.0
1B,,91,0.91,16.0,88.7,252.0,18.0,88.7,251.0
1B,,92,0.92,17.0,88.9,251.0,18.0,86.5,252.0
1B,,93,0.93,17.0,90.6,250.0,17.0,85.4,251.0
1B,,94,0.94,16.0,99.2,256.0,17.0,90.2,255.0
1B,,95,0.95,16.0,92.7,257.0,17.0,86.5,259.0
1B,,96,0.96,16.0,95.3,260.0,17.0,90.4,262.0
1B,,97,0.97,16.0,95.4,266.0,17.0,86.1,263.0
1B,,98,0.98,17.0,99.3,269.0,17.0,101.2,262.0
1B,,99,0.99,16.0,92.6,263.0,17.0,97.8,266.0
1B,,100,1.0,16.0,90.3,270.0,16.0,90.3,270.0
1BWH2,,0,0.0,7.0,113.2,182.0,12.0,108.1,182.0
1BWH2,,1,0.01,7.0,113.2,182.0,12.0,108.1,182.0
1BWH2,,2,0.02,7.0,112.0,183.0,12.0,106.9,186.0
1BWH2,,3,0.03,8.0,112.4,187.0,12.0,109.5,194.0
1BWH2,,4,0.04,8.0,111.6,192.0,12.0,109.5,194.0
1BWH2,,5,0.05,7.0,114.9,197.0,12.0,106.6,195.0
1BWH2,,6,0.06,7.0,114.9,197.0,12.0,109.3,198.0
1BWH2,,7,0.07,7.0,112.3,201.0,13.0,107.5,200.0
1BWH2,,8,0.08,8.0,112.0,201.0,13.0,105.6,201.0
1BWH2,,9,0.09,8.0,111.8,203.0,13.0,105.8,206.0
1BWH2,,10,0.1,9.0,110.0,203.0,13.0,105.8,206.0
1BWH2,,11,0.11,9.0,111.3,206.0,14.0,106.3,207.0
1BWH2,,12,0.12,8.0,111.7,212.0,13.0,105.8,212.0
1BWH2,,13,0.13,9.0,110.7,209.0,14.0,106.0,214.0
1BWH2,,14,0.14,9.0,113.7,212.0,14.0,104.7,215.0
1BWH2,,15,0.15,9.0,111.0,217.0,14.0,104.7,215.0
1BWH2,,16,0.16,10.0,109.4,215.0,14.0,105.2,217.0
1BWH2,,17,0.17,9.0,110.8,220.0,14.0,107.4,217.0
1BWH2,,18,0.18,9.0,110.8,221.0,14.0,104.5,218.0
1BWH2,,19,0.19,10.0,110.2,219.0,13.0,106.2,222.0
1BWH2,,20,0.2,10.0,111.6,222.0,14.0,107.9,221.0
1BWH2,,21,0.21,10.0,110.5,223.0,14.0,107.8,222.0
1BWH2,,22,0.22,10.0,109.5,223.0,14.0,104.8,225.0
1BWH2,,23,0.23,10.0,109.1,226.0,14.0,105.8,225.0
1BWH2,,24,0.24,10.0,111.3,226.0,14.0,107.8,228.0
1BWH2,,25,0.25,10.0,111.3,228.0,14.0,109.5,227.0
1BWH2,,26,0.26,10.0,112.5,231.0,14.0,105.6,229.0
1BWH2,,27,0.27,10.0,109.7,230.0,14.0,105.6,230.0
1BWH2,,28,0.28,10.0,110.1,232.0,14.0,107.8,231.0
1BWH2,,29,0.29,10.0,108.7,232.0,14.0,106.2,233.0
1BWH2,,30,0.3,11.0,109.7,233.0,14.0,107.6,235.0
1BWH2,,31,0.31,11.0,112.4,235.0,15.0,106.5,236.0
1BWH2,,32,0.32,10.0,111.8,238.0,14.0,105.1,236.0
1BWH2,,33,0.33,10.0,109.7,237.0,14.0,106.1,239.0
1BWH2,,34,0.34,10.0,112.3,240.0,14.0,107.3,239.0
1BWH2,,35,0.35,11.0,111.7,240.0,14.0,106.0,241.0
1BWH2,,36,0.36,11.0,112.3,242.0,14.0,105.1,240.0
1BWH2,,37,0.37,10.0,110.0,243.0,14.0,104.9,243.0
1BWH2,,38,0.38,11.0,109.1,242.0,14.0,105.5,244.0
1BWH2,,39,0.39,11.0,109.7,244.0,15.0,104.8,245.0
1BWH2,,40,0.4,11.0,110.3,247.0,15.0,106.5,247.0
1BWH2,,41,0.41,11.0,109.5,246.0,15.0,107.6,248.0
1BWH2,,42,0.42,12.0,108.9,247.0,15.0,107.8,247.0
1BWH2,,43,0.43,12.0,109.3,248.0,15.0,104.3,249.0
1BWH2,,44,0.44,11.0,110.2,251.0,15.0,108.0,250.0
1BWH2,,45,0.45,12.0,106.9,250.0,15.0,103.8,252.0
1BWH2,,46,0.46,12.0,107.4,251.0,15.0,105.4,252.0
1BWH2,,47,0.47,12.0,106.8,252.0,15.0,105.2,253.0
1BWH2,,48,0.48,11.0,108.7,253.0,15.0,105.1,255.0
1BWH2,,49,0.49,12.0,107.4,254.0,14.0,105.3,255.0
1BWH2,,50,0.5,12.0,107.0,255.0,14.0,104.7,255.0
1BWH2,,51,0.51,12.0,108.9,257.0,15.0,107.7,257.0
1BWH2,,52,0.52,12.0,109.0,256.0,15.0,103.6,258.0
1BWH2,,53,0.53,13.0,109.2,257.0,16.0,107.2,259.0
1BWH2,,54,0.54,12.0,110.2,258.0,15.0,104.3,260.0
1BWH2,,55,0.55,13.0,106.9,260.0,15.0,104.2,260.0
1BWH2,,56,0.56,12.0,107.1,260.0,15.0,104.9,260.0
1BWH2,,57,0.57,13.0,106.7,261.0,15.0,104.8,262.0
1BWH2,,58,0.58,13.0,105.6,262.0,15.0,106.9,262.0
1BWH2,,59,0.59,13.0,108.7,262.0,15.0,108.1,263.0
1BWH2,,60,0.6,13.0,109.5,263.0,15.0,104.6,265.0
1BWH2,,61,0.61,13.0,107.2,264.0,15.0,105.5,265.0
1BWH2,,62,0.62,12.0,108.5,266.0,15.0,105.5,265.0
1BWH2,,63,0.63,13.0,107.1,267.0,15.0,107.5,265.0
1BWH2,,64,0.64,13.0,107.8,268.0,16.0,104.3,268.0
1BWH2,,65,0.65,14.0,105.1,269.0,16.0,103.3,267.0
1BWH2,,66,0.66,13.0,106.1,271.0,16.0,105.4,268.0
1BWH2,,67,0.67,13.0,109.4,271.0,15.0,106.3,271.0
1BWH2,,68,0.68,13.0,109.1,272.0,15.0,103.8,270.0
1BWH2,,69,0.69,13.0,106.1,274.0,15.0,103.9,273.0
1BWH2,,70,0.7,14.0,107.6,273.0,15.0,103.9,273.0
1BWH2,,71,0.71,14.0,105.5,274.0,15.0,105.6,276.0
1BWH2,,72,0.72,14.0,104.6,276.0,15.0,105.7,276.0
1BWH2,,73,0.73,14.0,105.0,276.0,15.0,105.5,278.0
1BWH2,,74,0.74,14.0,107.6,276.0,15.0,107.3,278.0
1BWH2,,75,0.75,13.0,106.4,278.0,15.0,105.5,278.0
1BWH2,,76,0.76,14.0,106.8,280.0,15.0,104.6,280.0
1BWH2,,77,0.77,14.0,104.7,280.0,16.0,105.7,280.0
1BWH2,,78,0.78,15.0,103.6,281.0,16.0,103.9,281.0
1BWH2,,79,0.79,14.0,105.9,281.0,15.0,108.4,281.0
1BWH2,,80,0.8,14.0,106.3,283.0,15.0,103.6,282.0
1BWH2,,81,0.81,14.0,107.0,283.0,15.0,105.3,285.0
1BWH2,,82,0.82,14.0,106.4,285.0,15.0,105.8,284.0
1BWH2,,83,0.83,14.0,107.0,285.0,15.0,103.5,288.0
1BWH2,,84,0.84,14.0,104.7,290.0,15.0,104.6,287.0
1BWH2,,85,0.85,14.0,106.3,291.0,15.0,103.5,288.0
1BWH2,,86,0.86,14.0,109.3,292.0,15.0,108.1,291.0
1BWH2,,87,0.87,14.0,109.3,292.0,15.0,104.1,291.0
1BWH2,,88,0.88,15.0,104.4,296.0,15.0,106.2,292.0
1BWH2,,89,0.89,15.0,107.8,298.0,15.0,105.5,294.0
1BWH2,,90,0.9,15.0,104.0,300.0,15.0,107.9,300.0
1BWH2,,91,0.91,15.0,105.8,302.0,15.0,104.0,300.0
1BWH2,,92,0.92,15.0,105.5,304.0,15.0,107.9,300.0
1BWH2,,93,0.93,15.0,107.0,305.0,16.0,105.9,304.0
1BWH2,,94,0.94,15.0,104.4,311.0,16.0,105.0,306.0
1BWH2,,95,0.95,16.0,102.7,310.0,16.0,102.8,306.0
1BWH2,,96,0.96,17.0,105.1,316.0,17.0,102.4,310.0
1BWH2,,97,0.97,18.0,104.3,318.0,18.0,105.4,316.0
1BWH2,,98,0.98,18.0,103.1,326.0,18.0,102.9,320.0
1BWH2,,99,0.99,18.0,104.0,328.0,18.0,102.6,329.0
1BWH2,,100,1.0,18.0,102.6,329.0,18.0,102.6,329.0
1BWH2,LF,0,0.0,8.0,112.1,179.0,12.0,106.9,186.0
1BWH2,LF,1,0.01,8.0,112.1,179.0,12.0,106.9,186.0
1BWH2,LF,2,0.02,8.0,112.2,186.0,12.0,106.9,186.0
1BWH2,LF,3,0.03,8.0,112.2,186.0,13.0,106.3,188.0
1BWH2,LF,4,0.04,8.0,112.4,187.0,13.0,106.2,188.0
1BWH2,LF,5,0.05,8.0,111.2,189.0,13.0,106.2,188.0
1BWH2,LF,6,0.06,8.0,114.6,189.0,12.0,107.4,191.0
1BWH2,LF,7,0.07,9.0,112.9,190.0,12.0,106.6,194.0
1BWH2,LF,8,0.08,8.0,110.6,192.0,11.0,107.6,196.0
1BWH2,LF,9,0.09,8.0,111.7,196.0,11.0,107.7,198.0
1BWH2,LF,10,0.1,6.0,113.3,198.0,12.0,107.4,198.0
1BWH2,LF,11,0.11,8.0,113.7,197.0,13.0,105.6,201.0
1BWH2,LF,12,0.12,9.0,111.4,198.0,13.0,105.6,201.0
1BWH2,LF,13,0.13,8.0,113.5,203.0,13.0,107.2,202.0
1BWH2,LF,14,0.14,8.0,113.5,203.0,13.0,107.2,202.0
1BWH2,LF,15,0.15,9.0,111.6,203.0,13.0,107.2,202.0
1BWH2,LF,16,0.16,9.0,110.7,209.0,13.0,107.5,206.0
1BWH2,LF,17,0.17,9.0,110.7,209.0,13.0,107.5,206.0
1BWH2,LF,18,0.18,9.0,110.5,211.0,13.0,108.8,208.0
1BWH2,LF,19,0.19,9.0,111.0,213.0,13.0,105.7,212.0
1BWH2,LF,20,0.2,9.0,111.0,213.0,13.0,108.6,213.0
1BWH2,LF,21,0.21,9.0,112.3,214.0,14.0,106.0,214.0
1BWH2,LF,22,0.22,10.0,108.8,215.0,14.0,106.2,215.0
1BWH2,LF,23,0.23,11.0,108.9,215.0,14.0,104.7,215.0
1BWH2,LF,24,0.24,11.0,108.9,215.0,14.0,108.0,215.0
1BWH2,LF,25,0.25,11.0,108.2,218.0,13.0,106.9,219.0
1BWH2,LF,26,0.26,10.0,110.4,220.0,13.0,106.9,219.0
1BWH2,LF,27,0.27,11.0,112.2,220.0,13.0,106.4,220.0
1BWH2,LF,28,0.28,11.0,109.1,221.0,13.0,106.2,222.0
1BWH2,LF,29,0.29,11.0,108.4,221.0,13.0,107.2,224.0
1BWH2,LF,30,0.3,11.0,109.0,225.0,14.0,104.7,223.0
1BWH2,LF,31,0.31,10.0,113.1,226.0,15.0,104.3,225.0
1BWH2,LF,32,0.32,11.0,109.0,225.0,14.0,108.9,225.0
1BWH2,LF,33,0.33,10.0,111.3,226.0,14.0,105.4,227.0
1BWH2,LF,34,0.34,11.0,110.3,227.0,14.0,108.3,227.0
1BWH2,LF,35,0.35,11.0,108.9,229.0,14.0,105.3,230.0
1BWH2,LF,36,0.36,11.0,109.4,229.0,14.0,105.3,230.0
1BWH2,LF,37,0.37,10.0,110.1,232.0,14.0,105.3,232.0
1BWH2,LF,38,0.38,11.0,109.8,233.0,14.0,105.3,232.0
1BWH2,LF,39,0.39,12.0,109.1,233.0,13.0,106.7,233.0
1BWH2,LF,40,0.4,11.0,108.7,235.0,14.0,105.7,234.0
1BWH2,LF,41,0.41,12.0,106.9,234.0,15.0,106.5,236.0
1BWH2,LF,42,0.42,11.0,107.9,237.0,15.0,105.4,237.0
1BWH2,LF,43,0.43,12.0,107.3,238.0,14.0,105.5,236.0
1BWH2,LF,44,0.44,12.0,111.4,237.0,13.0,107.8,240.0
1BWH2,LF,45,0.45,12.0,107.8,238.0,13.0,109.3,240.0
1BWH2,LF,46,0.46,12.0,107.7,240.0,13.0,105.6,241.0
1BWH2,LF,47,0.47,10.0,109.1,241.0,14.0,109.3,242.0
1BWH2,LF,48,0.48,12.0,110.9,242.0,14.0,105.4,243.0
1BWH2,LF,49,0.49,12.0,107.7,242.0,14.0,104.7,244.0
1BWH2,LF,50,0.5,13.0,108.5,245.0,15.0,105.6,244.0
1BWH2,LF,51,0.51,13.0,109.1,245.0,15.0,103.8,244.0
1BWH2,LF,52,0.52,13.0,108.6,246.0,14.0,107.0,247.0
1BWH2,LF,53,0.53,13.0,108.6,246.0,14.0,105.6,246.0
1BWH2,LF,54,0.54,13.0,109.3,248.0,15.0,107.8,247.0
1BWH2,LF,55,0.55,13.0,108.4,249.0,15.0,107.8,247.0
1BWH2,LF,56,0.56,13.0,109.3,248.0,15.0,104.0,248.0
1BWH2,LF,57,0.57,13.0,107.4,250.0,15.0,106.9,249.0
1BWH2,LF,58,0.58,13.0,107.4,250.0,14.0,104.8,250.0
1BWH2,LF,59,0.59,13.0,107.4,253.0,14.0,109.0,251.0
1BWH2,LF,60,0.6,13.0,107.2,253.0,14.0,107.2,252.0
1BWH2,LF,61,0.61,13.0,106.1,253.0,14.0,109.4,253.0
1BWH2,LF,62,0.62,13.0,105.6,254.0,14.0,106.7,255.0
1BWH2,LF,63,0.63,13.0,105.6,254.0,14.0,106.7,255.0
1BWH2,LF,64,0.64,13.0,107.4,259.0,15.0,107.6,256.0
1BWH2,LF,65,0.65,13.0,106.6,257.0,15.0,105.5,258.0
1BWH2,LF,66,0.66,14.0,106.6,258.0,15.0,107.9,260.0
1BWH2,LF,67,0.67,13.0,107.4,259.0,15.0,104.2,260.0
1BWH2,LF,68,0.68,14.0,105.2,261.0,15.0,104.3,261.0
1BWH2,LF,69,0.69,14.0,104.6,261.0,16.0,106.6,262.0
1BWH2,LF,70,0.7,14.0,107.8,263.0,16.0,104.4,263.0
1BWH2,LF,71,0.71,14.0,107.8,264.0,16.0,105.4,263.0
1BWH2,LF,72,0.72,15.0,105.5,266.0,16.0,103.3,264.0
1BWH2,LF,73,0.73,15.0,104.3,266.0,16.0,106.1,266.0
1BWH2,LF,74,0.74,15.0,104.5,267.0,16.0,105.5,268.0
1BWH2,LF,75,0.75,16.0,105.5,268.0,16.0,103.4,268.0
1BWH2,LF,76,0.76,15.0,104.3,269.0,16.0,103.4,268.0
1BWH2,LF,77,0.77,15.0,106.7,270.0,16.0,106.6,269.0
1BWH2,LF,78,0.78,15.0,108.3,270.0,16.0,105.5,270.0
1BWH2,LF,79,0.79,15.0,107.3,271.0,16.0,102.8,269.0
1BWH2,LF,80,0.8,15.0,107.3,271.0,15.0,104.5,273.0
1BWH2,LF,81,0.81,15.0,106.6,272.0,15.0,106.1,273.0
1BWH2,LF,82,0.82,15.0,106.1,273.0,15.0,107.9,274.0
1BWH2,LF,83,0.83,15.0,107.8,275.0,16.0,106.4,274.0
1BWH2,LF,84,0.84,15.0,104.6,277.0,15.0,104.3,276.0
1BWH2,LF,85,0.85,15.0,103.8,277.0,16.0,104.5,277.0
1BWH2,LF,86,0.86,15.0,103.8,277.0,16.0,103.8,279.0
1BWH2,LF,87,0.87,15.0,107.4,280.0,16.0,106.9,279.0
1BWH2,LF,88,0.88,16.0,105.8,281.0,16.0,103.9,281.0
1BWH2,LF,89,0.89,16.0,103.9,281.0,16.0,104.9,284.0
1BWH2,LF,90,0.9,16.0,103.9,281.0,18.0,104.7,284.0
1BWH2,LF,91,0.91,16.0,104.3,287.0,17.0,105.8,289.0
1BWH2,LF,92,0.92,16.0,104.7,288.0,16.0,104.3,287.0
1BWH2,LF,93,0.93,17.0,103.4,290.0,17.0,105.8,289.0
1BWH2,LF,94,0.94,18.0,104.3,303.0,18.0,105.0,296.0
1BWH2,LF,95,0.95,18.0,105.0,296.0,19.0,101.7,301.0
1BWH2,LF,96,0.96,19.0,102.3,312.0,19.0,100.1,315.0
1BWH2,LF,97,0.97,19.0,100.1,315.0,19.0,102.8,311.0
1BWH2,LF,98,0.98,20.0,98.6,319.0,20.0,103.0,315.0
1BWH2,LF,99,0.99,19.0,104.2,323.0,19.0,103.7,320.0
1BWH2,LF,100,1.0,19.0,104.2,323.0,19.0,104.2,323.0
1BWH2,LF_GAP,0,0.0,7.0,112.4,179.0,11.0,109.2,191.0
1BWH2,LF_GAP,1,0.01,7.0,112.4,179.0,11.0,109.2,191.0
1BWH2,LF_GAP,2,0.02,7.0,115.2,182.0,11.0,109.2,191.0
1BWH2,LF_GAP,3,0.03,8.0,110.8,189.0,11.0,108.3,197.0
1BWH2,LF_GAP,4,0.04,9.0,110.6,191.0,12.0,109.7,198.0
1BWH2,LF_GAP,5,0.05,9.0,109.7,198.0,12.0,109.7,198.0
1BWH2,LF_GAP,6,0.06,8.0,112.0,201.0,12.0,109.7,198.0
1BWH2,LF_GAP,7,0.07,8.0,111.6,201.0,12.0,108.0,203.0
1BWH2,LF_GAP,8,0.08,8.0,112.0,201.0,13.0,109.0,205.0
1BWH2,LF_GAP,9,0.09,10.0,111.8,203.0,13.0,107.8,210.0
1BWH2,LF_GAP,10,0.1,9.0,110.2,212.0,13.0,106.4,211.0
1BWH2,LF_GAP,11,0.11,9.0,110.2,212.0,13.0,108.0,213.0
1BWH2,LF_GAP,12,0.12,8.0,112.3,214.0,13.0,106.2,214.0
1BWH2,LF_GAP,13,0.13,9.0,112.4,212.0,13.0,108.2,215.0
1BWH2,LF_GAP,14,0.14,8.0,112.2,216.0,13.0,109.6,216.0
1BWH2,LF_GAP,15,0.15,9.0,109.9,215.0,13.0,108.6,218.0
1BWH2,LF_GAP,16,0.16,8.0,111.7,219.0,13.0,108.6,218.0
1BWH2,LF_GAP,17,0.17,8.0,111.7,219.0,13.0,108.6,218.0
1BWH2,LF_GAP,18,0.18,10.0,109.1,219.0,13.0,108.6,218.0
1BWH2,LF_GAP,19,0.19,10.0,109.4,220.0,12.0,109.9,221.0
1BWH2,LF_GAP,20,0.2,10.0,111.6,222.0,12.0,110.5,224.0
1BWH2,LF_GAP,21,0.21,10.0,108.9,223.0,13.0,106.7,223.0
1BWH2,LF_GAP,22,0.22,10.0,108.9,223.0,13.0,108.9,224.0
1BWH2,LF_GAP,23,0.23,11.0,107.6,227.0,14.0,107.8,225.0
1BWH2,LF_GAP,24,0.24,11.0,107.6,227.0,13.0,108.6,228.0
1BWH2,LF_GAP,25,0.25,11.0,109.5,228.0,14.0,106.2,228.0
1BWH2,LF_GAP,26,0.26,10.0,110.8,232.0,14.0,105.3,229.0
1BWH2,LF_GAP,27,0.27,9.0,111.2,233.0,13.0,107.4,229.0
1BWH2,LF_GAP,28,0.28,9.0,112.8,235.0,12.0,107.8,237.0
1BWH2,LF_GAP,29,0.29,9.0,110.8,238.0,12.0,107.7,234.0
1BWH2,LF_GAP,30,0.3,9.0,110.8,238.0,13.0,106.1,239.0
1BWH2,LF_GAP,31,0.31,10.0,110.7,238.0,14.0,106.0,241.0
1BWH2,LF_GAP,32,0.32,11.0,109.7,240.0,14.0,105.9,241.0
1BWH2,LF_GAP,33,0.33,11.0,109.7,240.0,14.0,106.0,241.0
1BWH2,LF_GAP,34,0.34,11.0,107.9,242.0,15.0,105.8,242.0
1BWH2,LF_GAP,35,0.35,10.0,110.1,242.0,14.0,104.9,243.0
1BWH2,LF_GAP,36,0.36,10.0,110.1,242.0,14.0,105.5,244.0
1BWH2,LF_GAP,37,0.37,10.0,109.1,245.0,14.0,107.3,246.0
1BWH2,LF_GAP,38,0.38,11.0,109.5,246.0,14.0,105.5,244.0
1BWH2,LF_GAP,39,0.39,10.0,108.9,246.0,14.0,107.0,245.0
1BWH2,LF_GAP,40,0.4,11.0,109.5,246.0,14.0,107.1,250.0
1BWH2,LF_GAP,41,0.41,11.0,108.0,250.0,14.0,109.1,250.0
1BWH2,LF_GAP,42,0.42,11.0,109.4,251.0,14.0,107.7,250.0
1BWH2,LF_GAP,43,0.43,11.0,108.1,253.0,15.0,108.0,250.0
1BWH2,LF_GAP,44,0.44,12.0,106.7,252.0,15.0,103.8,252.0
1BWH2,LF_GAP,45,0.45,12.0,107.4,254.0,15.0,104.6,253.0
1BWH2,LF_GAP,46,0.46,12.0,108.3,254.0,14.0,105.2,254.0
1BWH2,LF_GAP,47,0.47,12.0,108.3,254.0,14.0,104.7,255.0
1BWH2,LF_GAP,48,0.48,12.0,107.6,257.0,15.0,105.1,255.0
1BWH2,LF_GAP,49,0.49,12.0,109.3,258.0,16.0,104.9,258.0
1BWH2,LF_GAP,50,0.5,12.0,109.3,258.0,15.0,103.9,258.0
1BWH2,LF_GAP,51,0.51,11.0,107.7,260.0,14.0,109.0,259.0
1BWH2,LF_GAP,52,0.52,12.0,111.1,260.0,14.0,108.9,260.0
1BWH2,LF_GAP,53,0.53,12.0,111.1,260.0,14.0,106.3,260.0
1BWH2,LF_GAP,54,0.54,12.0,109.8,261.0,15.0,104.8,262.0
1BWH2,LF_GAP,55,0.55,12.0,110.0,263.0,15.0,108.1,263.0
1BWH2,LF_GAP,56,0.56,12.0,107.8,264.0,15.0,106.7,264.0
1BWH2,LF_GAP,57,0.57,12.0,110.0,263.0,15.0,107.2,264.0
1BWH2,LF_GAP,58,0.58,13.0,105.8,265.0,15.0,106.8,265.0
1BWH2,LF_GAP,59,0.59,13.0,107.6,266.0,15.0,107.2,264.0
1BWH2,LF_GAP,60,0.6,12.0,108.4,265.0,15.0,104.8,267.0
1BWH2,LF_GAP,61,0.61,13.0,107.6,266.0,15.0,104.8,267.0
1BWH2,LF_GAP,62,0.62,12.0,110.7,270.0,15.0,104.8,267.0
1BWH2,LF_GAP,63,0.63,13.0,109.4,268.0,14.0,107.3,271.0
1BWH2,LF_GAP,64,0.64,13.0,108.7,270.0,15.0,107.6,273.0
1BWH2,LF_GAP,65,0.65,13.0,105.7,271.0,15.0,107.6,273.0
1BWH2,LF_GAP,66,0.66,13.0,105.9,272.0,15.0,106.4,274.0
1BWH2,LF_GAP,67,0.67,14.0,108.8,274.0,15.0,103.7,273.0
1BWH2,LF_GAP,68,0.68,14.0,105.3,274.0,15.0,106.4,274.0
1BWH2,LF_GAP,69,0.69,14.0,105.6,276.0,15.0,106.6,277.0
1BWH2,LF_GAP,70,0.7,14.0,108.1,277.0,16.0,105.5,278.0
1BWH2,LF_GAP,71,0.71,13.0,109.1,279.0,16.0,105.8,279.0
1BWH2,LF_GAP,72,0.72,13.0,109.1,279.0,16.0,103.0,279.0
1BWH2,LF_GAP,73,0.73,13.0,110.0,280.0,14.0,108.4,280.0
1BWH2,LF_GAP,74,0.74,13.0,108.1,281.0,15.0,105.8,281.0
1BWH2,LF_GAP,75,0.75,13.0,108.2,282.0,15.0,103.6,282.0
1BWH2,LF_GAP,76,0.76,14.0,104.9,284.0,15.0,103.6,282.0
1BWH2,LF_GAP,77,0.77,14.0,109.3,283.0,15.0,105.8,284.0
1BWH2,LF_GAP,78,0.78,14.0,107.1,284.0,15.0,105.3,285.0
1BWH2,LF_GAP,79,0.79,14.0,104.9,284.0,15.0,105.3,285.0
1BWH2,LF_GAP,80,0.8,13.0,105.5,288.0,14.0,106.0,288.0
1BWH2,LF_GAP,81,0.81,14.0,106.0,288.0,15.0,107.7,286.0
1BWH2,LF_GAP,82,0.82,14.0,109.2,288.0,15.0,106.1,288.0
1BWH2,LF_GAP,83,0.83,15.0,106.1,288.0,15.0,106.4,288.0
1BWH2,LF_GAP,84,0.84,14.0,104.7,290.0,15.0,105.9,291.0
1BWH2,LF_GAP,85,0.85,14.0,107.4,289.0,15.0,104.8,289.0
1BWH2,LF_GAP,86,0.86,14.0,104.7,290.0,15.0,105.4,292.0
1BWH2,LF_GAP,87,0.87,14.0,107.3,294.0,15.0,105.4,292.0
1BWH2,LF_GAP,88,0.88,14.0,107.7,296.0,15.0,106.6,294.0
1BWH2,LF_GAP,89,0.89,14.0,107.3,294.0,15.0,104.5,296.0
1BWH2,LF_GAP,90,0.9,14.0,106.7,298.0,15.0,104.0,296.0
1BWH2,LF_GAP,91,0.91,15.0,107.9,299.0,15.0,104.0,296.0
1BWH2,LF_GAP,92,0.92,15.0,103.7,300.0,15.0,104.0,300.0
1BWH2,LF_GAP,93,0.93,15.0,103.7,300.0,15.0,107.9,300.0
1BWH2,LF_GAP,94,0.94,14.0,108.3,306.0,14.0,108.3,306.0
1BWH2,LF_GAP,95,0.95,14.0,106.6,305.0,15.0,104.5,311.0
1BWH2,LF_GAP,96,0.96,16.0,106.8,310.0,16.0,105.0,306.0
1BWH2,LF_GAP,97,0.97,16.0,104.9,317.0,16.0,104.0,314.0
1BWH2,LF_GAP,98,0.98,16.0,105.0,321.0,17.0,102.6,316.0
1BWH2,LF_GAP,99,0.99,16.0,103.5,331.0,17.0,105.1,316.0
1BWH2,LF_GAP,100,1.0,16.0,103.5,331.0,16.0,103.5,331.0
1BWH2,CF,0,0.0,6.0,112.7,183.0,11.0,108.0,188.0
1BWH2,CF,1,0.01,6.0,112.7,183.0,11.0,108.0,188.0
1BWH2,CF,2,0.02,7.0,113.2,182.0,11.0,108.4,194.0
1BWH2,CF,3,0.03,8.0,112.8,186.0,11.0,107.9,189.0
1BWH2,CF,4,0.04,7.0,111.5,197.0,11.0,107.6,198.0
1BWH2,CF,5,0.05,7.0,116.4,201.0,11.0,107.8,204.0
1BWH2,CF,6,0.06,7.0,116.4,201.0,12.0,109.0,208.0
1BWH2,CF,7,0.07,7.0,113.9,207.0,12.0,109.0,208.0
1BWH2,CF,8,0.08,7.0,112.7,210.0,12.0,108.5,211.0
1BWH2,CF,9,0.09,7.0,111.7,210.0,12.0,108.5,211.0
1BWH2,CF,10,0.1,7.0,114.4,215.0,12.0,106.9,215.0
1BWH2,CF,11,0.11,7.0,111.6,216.0,13.0,106.4,219.0
1BWH2,CF,12,0.12,7.0,112.7,218.0,13.0,106.4,219.0
1BWH2,CF,13,0.13,9.0,112.8,221.0,13.0,106.4,219.0
1BWH2,CF,14,0.14,9.0,112.8,221.0,13.0,106.9,223.0
1BWH2,CF,15,0.15,9.0,109.9,223.0,13.0,106.5,226.0
1BWH2,CF,16,0.16,9.0,110.6,223.0,12.0,107.5,225.0
1BWH2,CF,17,0.17,9.0,113.5,226.0,13.0,105.8,230.0
1BWH2,CF,18,0.18,9.0,110.0,228.0,13.0,106.4,231.0
1BWH2,CF,19,0.19,9.0,110.5,232.0,14.0,107.8,231.0
1BWH2,CF,20,0.2,9.0,110.5,232.0,14.0,107.8,231.0
1BWH2,CF,21,0.21,10.0,108.7,232.0,13.0,107.1,233.0
1BWH2,CF,22,0.22,10.0,109.5,233.0,13.0,106.1,234.0
1BWH2,CF,23,0.23,10.0,110.7,234.0,13.0,107.1,233.0
1BWH2,CF,24,0.24,10.0,109.4,236.0,12.0,108.2,238.0
1BWH2,CF,25,0.25,9.0,110.1,238.0,13.0,107.1,236.0
1BWH2,CF,26,0.26,9.0,113.2,240.0,13.0,106.4,239.0
1BWH2,CF,27,0.27,9.0,113.2,240.0,13.0,107.8,242.0
1BWH2,CF,28,0.28,9.0,113.2,243.0,13.0,106.3,243.0
1BWH2,CF,29,0.29,9.0,113.2,243.0,13.0,106.2,243.0
1BWH2,CF,30,0.3,10.0,112.8,243.0,13.0,106.3,243.0
1BWH2,CF,31,0.31,10.0,110.8,244.0,12.0,107.6,246.0
1BWH2,CF,32,0.32,9.0,110.0,248.0,13.0,107.0,249.0
1BWH2,CF,33,0.33,10.0,111.9,247.0,12.0,107.6,246.0
1BWH2,CF,34,0.34,10.0,112.3,250.0,14.0,106.6,251.0
1BWH2,CF,35,0.35,10.0,109.4,252.0,13.0,109.4,251.0
1BWH2,CF,36,0.36,11.0,110.4,253.0,14.0,105.6,254.0
1BWH2,CF,37,0.37,11.0,108.7,253.0,14.0,105.0,255.0
1BWH2,CF,38,0.38,11.0,109.8,255.0,13.0,105.5,254.0
1BWH2,CF,39,0.39,11.0,108.9,255.0,13.0,105.5,254.0
1BWH2,CF,40,0.4,11.0,108.9,255.0,13.0,107.6,256.0
1BWH2,CF,41,0.41,11.0,109.5,258.0,13.0,107.0,257.0
1BWH2,CF,42,0.42,11.0,109.5,258.0,14.0,104.5,258.0
1BWH2,CF,43,0.43,11.0,107.7,260.0,14.0,105.5,260.0
1BWH2,CF,44,0.44,12.0,107.0,259.0,14.0,108.3,261.0
1BWH2,CF,45,0.45,12.0,106.8,261.0,14.0,108.6,260.0
1BWH2,CF,46,0.46,12.0,109.8,263.0,13.0,106.3,263.0
1BWH2,CF,47,0.47,12.0,107.4,265.0,13.0,107.1,265.0
1BWH2,CF,48,0.48,12.0,107.4,265.0,14.0,107.2,265.0
1BWH2,CF,49,0.49,12.0,110.4,265.0,13.0,107.6,266.0
1BWH2,CF,50,0.5,11.0,111.6,266.0,13.0,105.9,267.0
1BWH2,CF,51,0.51,11.0,108.6,266.0,13.0,107.8,268.0
1BWH2,CF,52,0.52,12.0,110.8,269.0,14.0,105.4,268.0
1BWH2,CF,53,0.53,12.0,110.8,269.0,14.0,105.1,269.0
1BWH2,CF,54,0.54,11.0,108.5,270.0,14.0,106.1,269.0
1BWH2,CF,55,0.55,11.0,108.1,270.0,14.0,106.8,270.0
1BWH2,CF,56,0.56,11.0,109.5,271.0,15.0,105.9,273.0
1BWH2,CF,57,0.57,11.0,111.8,272.0,14.0,106.7,273.0
1BWH2,CF,58,0.58,12.0,111.1,274.0,14.0,105.0,274.0
1BWH2,CF,59,0.59,12.0,111.1,274.0,14.0,106.7,273.0
1BWH2,CF,60,0.6,13.0,106.1,274.0,14.0,106.2,276.0
1BWH2,CF,61,0.61,13.0,107.5,276.0,15.0,105.6,276.0
1BWH2,CF,62,0.62,13.0,107.5,276.0,15.0,103.6,277.0
1BWH2,CF,63,0.63,13.0,110.2,277.0,15.0,103.6,277.0
1BWH2,CF,64,0.64,12.0,109.5,279.0,15.0,108.2,277.0
1BWH2,CF,65,0.65,13.0,107.0,279.0,15.0,103.8,280.0
1BWH2,CF,66,0.66,13.0,106.6,281.0,15.0,106.0,281.0
1BWH2,CF,67,0.67,13.0,106.9,281.0,15.0,103.6,281.0
1BWH2,CF,68,0.68,12.0,110.0,282.0,15.0,106.0,281.0
1BWH2,CF,69,0.69,12.0,107.7,283.0,14.0,107.0,283.0
1BWH2,CF,70,0.7,12.0,108.0,282.0,14.0,107.0,283.0
1BWH2,CF,71,0.71,13.0,110.2,284.0,15.0,105.9,283.0
1BWH2,CF,72,0.72,13.0,108.4,285.0,15.0,104.5,284.0
1BWH2,CF,73,0.73,13.0,107.6,286.0,15.0,104.5,284.0
1BWH2,CF,74,0.74,13.0,107.6,286.0,15.0,105.0,286.0
1BWH2,CF,75,0.75,14.0,105.0,287.0,15.0,103.9,286.0
1BWH2,CF,76,0.76,14.0,105.0,287.0,15.0,103.9,286.0
1BWH2,CF,77,0.77,12.0,110.5,289.0,14.0,106.1,287.0
1BWH2,CF,78,0.78,12.0,110.5,290.0,13.0,106.9,289.0
1BWH2,CF,79,0.79,12.0,110.5,289.0,13.0,106.2,290.0
1BWH2,CF,80,0.8,13.0,109.3,291.0,14.0,104.8,290.0
1BWH2,CF,81,0.81,13.0,107.6,290.0,14.0,107.1,291.0
1BWH2,CF,82,0.82,14.0,109.3,292.0,14.0,107.1,291.0
1BWH2,CF,83,0.83,13.0,105.8,292.0,14.0,105.3,292.0
1BWH2,CF,84,0.84,14.0,109.3,292.0,14.0,107.0,293.0
1BWH2,CF,85,0.85,14.0,105.5,294.0,15.0,107.0,295.0
1BWH2,CF,86,0.86,14.0,106.4,298.0,14.0,105.5,294.0
1BWH2,CF,87,0.87,14.0,104.5,298.0,14.0,108.6,296.0
1BWH2,CF,88,0.88,14.0,105.2,301.0,14.0,107.8,299.0
1BWH2,CF,89,0.89,14.0,107.8,299.0,14.0,105.2,299.0
1BWH2,CF,90,0.9,13.0,107.8,303.0,14.0,105.2,301.0
1BWH2,CF,91,0.91,13.0,108.4,304.0,14.0,108.2,302.0
1BWH2,CF,92,0.92,14.0,108.3,306.0,14.0,104.9,306.0
1BWH2,CF,93,0.93,14.0,107.7,309.0,15.0,104.1,305.0
1BWH2,CF,94,0.94,15.0,106.7,306.0,15.0,104.4,311.0
1BWH2,CF,95,0.95,15.0,105.2,312.0,16.0,102.7,310.0
1BWH2,CF,96,0.96,16.0,103.3,309.0,16.0,103.3,309.0
1BWH2,CF,97,0.97,15.0,105.4,312.0,15.0,105.4,312.0
1BWH2,CF,98,0.98,16.0,103.7,320.0,16.0,103.7,320.0
1BWH2,CF,99,0.99,16.0,103.7,320.0,16.0,103.7,320.0
1BWH2,CF,100,1.0,16.0,103.7,320.0,16.0,103.7,320.0
1BWH2,RF_GAP,0,0.0,7.0,114.2,183.0,12.0,109.5,194.0
1BWH2,RF_GAP,1,0.01,7.0,114.2,183.0,12.0,109.5,194.0
1BWH2,RF_GAP,2,0.02,8.0,112.1,184.0,12.0,109.5,194.0
1BWH2,RF_GAP,3,0.03,8.0,110.9,196.0,12.0,109.5,194.0
1BWH2,RF_GAP,4,0.04,8.0,110.9,196.0,11.0,108.4,196.0
1BWH2,RF_GAP,5,0.05,8.0,110.9,196.0,12.0,108.7,201.0
1BWH2,RF_GAP,6,0.06,8.0,112.4,199.0,12.0,107.3,203.0
1BWH2,RF_GAP,7,0.07,8.0,112.4,199.0,12.0,107.3,203.0
1BWH2,RF_GAP,8,0.08,8.0,111.7,203.0,13.0,107.7,209.0
1BWH2,RF_GAP,9,0.09,9.0,112.6,207.0,13.0,106.2,212.0
1BWH2,RF_GAP,10,0.1,10.0,110.8,208.0,13.0,110.2,215.0
1BWH2,RF_GAP,11,0.11,10.0,110.0,215.0,14.0,104.9,218.0
1BWH2,RF_GAP,12,0.12,10.0,110.0,215.0,14.0,107.4,217.0
1BWH2,RF_GAP,13,0.13,10.0,110.2,219.0,13.0,105.6,223.0
1BWH2,RF_GAP,14,0.14,10.0,109.9,219.0,15.0,106.8,224.0
1BWH2,RF_GAP,15,0.15,10.0,110.6,222.0,15.0,104.3,225.0
1BWH2,RF_GAP,16,0.16,10.0,109.1,226.0,15.0,106.8,224.0
1BWH2,RF_GAP,17,0.17,10.0,109.1,226.0,15.0,107.1,232.0
1BWH2,RF_GAP,18,0.18,10.0,109.2,231.0,14.0,109.4,228.0
1BWH2,RF_GAP,19,0.19,10.0,112.1,233.0,14.0,105.0,232.0
1BWH2,RF_GAP,20,0.2,9.0,109.8,234.0,14.0,106.2,233.0
1BWH2,RF_GAP,21,0.21,9.0,110.0,234.0,14.0,107.3,233.0
1BWH2,RF_GAP,22,0.22,9.0,112.3,234.0,14.0,107.2,236.0
1BWH2,RF_GAP,23,0.23,10.0,109.8,238.0,13.0,107.7,238.0
1BWH2,RF_GAP,24,0.24,10.0,109.8,238.0,13.0,107.7,238.0
1BWH2,RF_GAP,25,0.25,11.0,111.1,238.0,13.0,106.0,239.0
1BWH2,RF_GAP,26,0.26,10.0,110.0,243.0,13.0,108.9,239.0
1BWH2,RF_GAP,27,0.27,10.0,110.0,243.0,14.0,106.0,244.0
1BWH2,RF_GAP,28,0.28,11.0,109.8,242.0,15.0,104.8,245.0
1BWH2,RF_GAP,29,0.29,11.0,108.9,247.0,16.0,104.4,245.0
1BWH2,RF_GAP,30,0.3,11.0,108.9,247.0,16.0,105.0,246.0
1BWH2,RF_GAP,31,0.31,11.0,108.9,247.0,14.0,106.6,249.0
1BWH2,RF_GAP,32,0.32,12.0,107.4,247.0,15.0,104.3,249.0
1BWH2,RF_GAP,33,0.33,12.0,107.1,249.0,14.0,106.8,250.0
1BWH2,RF_GAP,34,0.34,12.0,110.0,250.0,14.0,107.5,250.0
1BWH2,RF_GAP,35,0.35,11.0,110.1,253.0,14.0,106.8,250.0
1BWH2,RF_GAP,36,0.36,11.0,109.7,253.0,15.0,103.7,254.0
1BWH2,RF_GAP,37,0.37,11.0,110.1,253.0,15.0,103.7,254.0
1BWH2,RF_GAP,38,0.38,11.0,108.1,255.0,15.0,103.7,254.0
1BWH2,RF_GAP,39,0.39,11.0,108.4,254.0,13.0,109.2,257.0
1BWH2,RF_GAP,40,0.4,12.0,108.1,255.0,16.0,102.9,258.0
1BWH2,RF_GAP,41,0.41,12.0,110.2,259.0,16.0,102.9,258.0
1BWH2,RF_GAP,42,0.42,13.0,108.1,260.0,16.0,102.9,258.0
1BWH2,RF_GAP,43,0.43,12.0,108.8,260.0,14.0,105.1,260.0
1BWH2,RF_GAP,44,0.44,11.0,108.3,260.0,15.0,103.9,259.0
1BWH2,RF_GAP,45,0.45,11.0,108.3,260.0,14.0,109.3,261.0
1BWH2,RF_GAP,46,0.46,12.0,110.3,262.0,15.0,105.2,261.0
1BWH2,RF_GAP,47,0.47,12.0,110.3,262.0,14.0,104.5,261.0
1BWH2,RF_GAP,48,0.48,11.0,107.6,264.0,14.0,105.3,263.0
1BWH2,RF_GAP,49,0.49,11.0,109.4,264.0,15.0,105.7,264.0
1BWH2,RF_GAP,50,0.5,11.0,108.7,264.0,15.0,104.6,265.0
1BWH2,RF_GAP,51,0.51,12.0,107.6,266.0,15.0,105.7,264.0
1BWH2,RF_GAP,52,0.52,12.0,107.6,266.0,14.0,106.3,266.0
1BWH2,RF_GAP,53,0.53,12.0,107.6,266.0,14.0,106.3,266.0
1BWH2,RF_GAP,54,0.54,12.0,106.7,267.0,14.0,105.9,267.0
1BWH2,RF_GAP,55,0.55,12.0,107.6,270.0,14.0,104.7,270.0
1BWH2,RF_GAP,56,0.56,13.0,106.0,269.0,15.0,106.3,271.0
1BWH2,RF_GAP,57,0.57,13.0,107.7,271.0,16.0,105.0,272.0
1BWH2,RF_GAP,58,0.58,13.0,105.9,272.0,16.0,105.0,272.0
1BWH2,RF_GAP,59,0.59,14.0,104.6,273.0,16.0,105.0,272.0
1BWH2,RF_GAP,60,0.6,14.0,104.6,273.0,15.0,104.5,274.0
1BWH2,RF_GAP,61,0.61,14.0,107.6,273.0,16.0,104.2,275.0
1BWH2,RF_GAP,62,0.62,13.0,107.5,276.0,16.0,103.5,275.0
1BWH2,RF_GAP,63,0.63,13.0,105.5,275.0,16.0,103.3,276.0
1BWH2,RF_GAP,64,0.64,13.0,107.5,276.0,15.0,105.0,278.0
1BWH2,RF_GAP,65,0.65,14.0,106.3,278.0,15.0,105.0,278.0
1BWH2,RF_GAP,66,0.66,13.0,107.9,280.0,14.0,105.0,280.0
1BWH2,RF_GAP,67,0.67,14.0,106.8,280.0,15.0,108.3,279.0
1BWH2,RF_GAP,68,0.68,14.0,105.0,280.0,16.0,107.2,280.0
1BWH2,RF_GAP,69,0.69,15.0,104.0,280.0,16.0,107.2,280.0
1BWH2,RF_GAP,70,0.7,14.0,105.9,281.0,15.0,106.8,281.0
1BWH2,RF_GAP,71,0.71,13.0,107.8,284.0,15.0,108.4,283.0
1BWH2,RF_GAP,72,0.72,14.0,105.5,283.0,15.0,104.0,284.0
1BWH2,RF_GAP,73,0.73,14.0,107.1,285.0,15.0,104.0,284.0
1BWH2,RF_GAP,74,0.74,14.0,109.1,284.0,15.0,104.5,285.0
1BWH2,RF_GAP,75,0.75,15.0,103.5,286.0,15.0,106.4,288.0
1BWH2,RF_GAP,76,0.76,14.0,106.6,289.0,15.0,106.4,288.0
1BWH2,RF_GAP,77,0.77,14.0,105.4,288.0,15.0,108.0,288.0
1BWH2,RF_GAP,78,0.78,14.0,109.0,288.0,14.0,107.6,292.0
1BWH2,RF_GAP,79,0.79,14.0,107.6,292.0,15.0,105.2,293.0
1BWH2,RF_GAP,80,0.8,14.0,105.2,291.0,15.0,105.9,294.0
1BWH2,RF_GAP,81,0.81,15.0,105.2,293.0,15.0,105.1,293.0
1BWH2,RF_GAP,82,0.82,15.0,105.1,294.0,15.0,105.9,294.0
1BWH2,RF_GAP,83,0.83,15.0,104.9,296.0,15.0,104.6,299.0
1BWH2,RF_GAP,84,0.84,15.0,104.9,296.0,16.0,104.1,297.0
1BWH2,RF_GAP,85,0.85,15.0,107.8,298.0,15.0,108.0,298.0
1BWH2,RF_GAP,86,0.86,15.0,108.1,299.0,16.0,106.9,299.0
1BWH2,RF_GAP,87,0.87,14.0,105.8,299.0,15.0,105.4,300.0
1BWH2,RF_GAP,88,0.88,15.0,105.4,300.0,16.0,104.2,304.0
1BWH2,RF_GAP,89,0.89,16.0,103.7,304.0,16.0,104.2,304.0
1BWH2,RF_GAP,90,0.9,16.0,102.8,306.0,16.0,103.7,304.0
1BWH2,RF_GAP,91,0.91,16.0,103.1,309.0,16.0,104.7,307.0
1BWH2,RF_GAP,92,0.92,17.0,101.8,310.0,17.0,106.3,307.0
1BWH2,RF_GAP,93,0.93,17.0,102.4,310.0,17.0,102.3,313.0
1BWH2,RF_GAP,94,0.94,17.0,102.3,315.0,17.0,101.8,310.0
1BWH2,RF_GAP,95,0.95,18.0,105.3,312.0,18.0,100.5,314.0
1BWH2,RF_GAP,96,0.96,18.0,102.9,317.0,19.0,99.6,318.0
1BWH2,RF_GAP,97,0.97,18.0,101.5,321.0,18.0,103.3,322.0
1BWH2,RF_GAP,98,0.98,18.0,101.5,321.0,18.0,103.3,322.0
1BWH2,RF_GAP,99,0.99,18.0,103.1,326.0,18.0,103.3,322.0
1BWH2,RF_GAP,100,1.0,18.0,103.1,326.0,18.0,103.1,326.0
1BWH2,RF,0,0.0,9.0,110.3,184.0,12.0,107.3,187.0
1BWH2,RF,1,0.01,9.0,110.3,184.0,12.0,107.3,187.0
1BWH2,RF,2,0.02,9.0,110.3,184.0,12.0,107.3,187.0
1BWH2,RF,3,0.03,9.0,110.3,184.0,12.0,108.4,193.0
1BWH2,RF,4,0.04,9.0,110.7,191.0,13.0,106.5,190.0
1BWH2,RF,5,0.05,9.0,109.8,193.0,13.0,106.9,197.0
1BWH2,RF,6,0.06,10.0,110.7,195.0,13.0,106.9,197.0
1BWH2,RF,7,0.07,10.0,109.0,196.0,13.0,106.8,201.0
1BWH2,RF,8,0.08,10.0,109.5,202.0,13.0,106.8,201.0
1BWH2,RF,9,0.09,10.0,109.4,201.0,13.0,107.2,204.0
1BWH2,RF,10,0.1,10.0,110.9,202.0,13.0,107.2,205.0
1BWH2,RF,11,0.11,10.0,111.7,204.0,14.0,108.0,205.0
1BWH2,RF,12,0.12,10.0,111.7,204.0,14.0,107.3,206.0
1BWH2,RF,13,0.13,10.0,113.2,210.0,14.0,104.5,209.0
1BWH2,RF,14,0.14,10.0,113.2,210.0,14.0,106.3,207.0
1BWH2,RF,15,0.15,10.0,109.8,211.0,14.0,104.5,209.0
1BWH2,RF,16,0.16,11.0,108.6,211.0,14.0,106.5,213.0
1BWH2,RF,17,0.17,11.0,108.6,214.0,14.0,106.5,213.0
1BWH2,RF,18,0.18,11.0,111.4,214.0,14.0,107.0,217.0
1BWH2,RF,19,0.19,12.0,111.0,216.0,14.0,107.0,217.0
1BWH2,RF,20,0.2,11.0,109.9,219.0,14.0,108.4,218.0
1BWH2,RF,21,0.21,10.0,110.4,220.0,14.0,108.4,218.0
1BWH2,RF,22,0.22,10.0,110.4,220.0,14.0,108.4,218.0
1BWH2,RF,23,0.23,10.0,110.4,220.0,14.0,104.5,222.0
1BWH2,RF,24,0.24,11.0,110.7,222.0,14.0,107.3,221.0
1BWH2,RF,25,0.25,11.0,108.2,223.0,14.0,106.8,224.0
1BWH2,RF,26,0.26,11.0,110.3,225.0,14.0,105.8,225.0
1BWH2,RF,27,0.27,11.0,109.7,224.0,15.0,105.0,224.0
1BWH2,RF,28,0.28,11.0,110.3,225.0,15.0,105.7,227.0
1BWH2,RF,29,0.29,10.0,109.6,227.0,15.0,106.5,228.0
1BWH2,RF,30,0.3,10.0,109.6,227.0,15.0,106.0,228.0
1BWH2,RF,31,0.31,11.0,107.9,228.0,15.0,106.5,228.0
1BWH2,RF,32,0.32,11.0,108.1,230.0,14.0,105.6,230.0
1BWH2,RF,33,0.33,12.0,107.6,231.0,14.0,106.6,230.0
1BWH2,RF,34,0.34,12.0,110.4,230.0,14.0,105.3,231.0
1BWH2,RF,35,0.35,12.0,107.5,232.0,14.0,107.8,233.0
1BWH2,RF,36,0.36,12.0,108.9,233.0,14.0,107.8,234.0
1BWH2,RF,37,0.37,12.0,107.1,234.0,14.0,106.4,234.0
1BWH2,RF,38,0.38,12.0,106.5,234.0,14.0,108.4,235.0
1BWH2,RF,39,0.39,12.0,108.7,235.0,15.0,103.7,236.0
1BWH2,RF,40,0.4,12.0,108.6,237.0,15.0,105.8,237.0
1BWH2,RF,41,0.41,12.0,106.6,238.0,15.0,105.8,238.0
1BWH2,RF,42,0.42,13.0,106.5,237.0,15.0,105.5,239.0
1BWH2,RF,43,0.43,13.0,107.0,239.0,15.0,105.9,240.0
1BWH2,RF,44,0.44,13.0,106.9,241.0,15.0,104.0,241.0
1BWH2,RF,45,0.45,13.0,106.9,241.0,15.0,104.0,241.0
1BWH2,RF,46,0.46,13.0,109.6,243.0,16.0,106.2,241.0
1BWH2,RF,47,0.47,13.0,109.6,243.0,15.0,103.6,241.0
1BWH2,RF,48,0.48,13.0,107.7,244.0,16.0,102.8,243.0
1BWH2,RF,49,0.49,13.0,106.8,246.0,15.0,104.3,245.0
1BWH2,RF,50,0.5,13.0,109.8,247.0,16.0,105.2,246.0
1BWH2,RF,51,0.51,13.0,108.3,246.0,15.0,104.0,246.0
1BWH2,RF,52,0.52,12.0,108.3,247.0,14.0,109.2,247.0
1BWH2,RF,53,0.53,12.0,111.3,248.0,14.0,105.9,247.0
1BWH2,RF,54,0.54,12.0,107.0,250.0,15.0,106.0,248.0
1BWH2,RF,55,0.55,14.0,107.4,248.0,15.0,106.6,251.0
1BWH2,RF,56,0.56,14.0,107.1,252.0,16.0,105.8,252.0
1BWH2,RF,57,0.57,14.0,105.9,251.0,15.0,107.5,253.0
1BWH2,RF,58,0.58,13.0,108.6,254.0,15.0,107.9,252.0
1BWH2,RF,59,0.59,13.0,106.2,253.0,15.0,104.8,254.0
1BWH2,RF,60,0.6,13.0,108.6,254.0,15.0,104.3,256.0
1BWH2,RF,61,0.61,13.0,108.2,254.0,16.0,105.5,255.0
1BWH2,RF,62,0.62,13.0,107.4,257.0,15.0,104.3,256.0
1BWH2,RF,63,0.63,14.0,104.7,257.0,16.0,104.9,257.0
1BWH2,RF,64,0.64,15.0,105.9,257.0,17.0,103.2,258.0
1BWH2,RF,65,0.65,14.0,106.1,258.0,16.0,104.0,258.0
1BWH2,RF,66,0.66,14.0,106.1,258.0,15.0,105.5,259.0
1BWH2,RF,67,0.67,14.0,108.2,258.0,16.0,106.8,259.0
1BWH2,RF,68,0.68,14.0,108.4,259.0,15.0,105.5,259.0
1BWH2,RF,69,0.69,14.0,107.4,259.0,15.0,104.5,261.0
1BWH2,RF,70,0.7,14.0,109.4,261.0,16.0,104.4,261.0
1BWH2,RF,71,0.71,15.0,105.7,260.0,16.0,104.1,261.0
1BWH2,RF,72,0.72,15.0,107.2,261.0,16.0,106.2,262.0
1BWH2,RF,73,0.73,14.0,108.5,262.0,16.0,106.2,262.0
1BWH2,RF,74,0.74,13.0,108.3,263.0,15.0,106.3,263.0
1BWH2,RF,75,0.75,14.0,104.8,264.0,15.0,107.7,263.0
1BWH2,RF,76,0.76,15.0,107.5,265.0,16.0,103.9,265.0
1BWH2,RF,77,0.77,15.0,103.8,265.0,16.0,107.4,265.0
1BWH2,RF,78,0.78,14.0,105.4,268.0,15.0,103.8,265.0
1BWH2,RF,79,0.79,14.0,108.0,268.0,16.0,103.2,268.0
1BWH2,RF,80,0.8,15.0,107.5,270.0,17.0,103.4,269.0
1BWH2,RF,81,0.81,16.0,105.0,270.0,17.0,104.1,269.0
1BWH2,RF,82,0.82,16.0,105.9,271.0,16.0,107.2,272.0
1BWH2,RF,83,0.83,15.0,108.4,273.0,16.0,107.2,272.0
1BWH2,RF,84,0.84,15.0,108.4,273.0,16.0,107.5,274.0
1BWH2,RF,85,0.85,15.0,105.8,275.0,16.0,105.4,276.0
1BWH2,RF,86,0.86,16.0,107.5,274.0,17.0,103.1,274.0
1BWH2,RF,87,0.87,15.0,107.3,278.0,16.0,105.4,280.0
1BWH2,RF,88,0.88,16.0,105.4,280.0,17.0,104.6,279.0
1BWH2,RF,89,0.89,17.0,101.8,280.0,17.0,104.8,281.0
1BWH2,RF,90,0.9,17.0,105.1,284.0,17.0,101.8,280.0
1BWH2,RF,91,0.91,18.0,101.8,286.0,19.0,104.1,283.0
1BWH2,RF,92,0.92,18.0,100.7,291.0,18.0,101.8,286.0
1BWH2,RF,93,0.93,18.0,104.2,289.0,18.0,100.7,291.0
1BWH2,RF,94,0.94,17.0,105.5,288.0,18.0,103.1,298.0
1BWH2,RF,95,0.95,18.0,104.1,307.0,18.0,104.1,307.0
1BWH2,RF,96,0.96,19.0,101.3,302.0,19.0,101.3,302.0
1BWH2,RF,97,0.97,19.0,102.1,305.0,19.0,102.1,305.0
1BWH2,RF,98,0.98,20.0,103.2,319.0,20.0,103.2,319.0
1BWH2,RF,99,0.99,20.0,100.3,318.0,20.0,100.3,318.0
1BWH2,RF,100,1.0,20.0,100.3,318.0,20.0,100.3,318.0
1BWH,,0,0.0,10.0,113.5,224.0,14.0,109.8,228.0
1BWH,,1,0.01,10.0,113.5,224.0,14.0,109.8,228.0
1BWH,,2,0.02,10.0,115.2,223.0,14.0,109.6,230.0
1BWH,,3,0.03,10.0,113.7,226.0,15.0,109.1,231.0
1BWH,,4,0.04,10.0,114.2,234.0,15.0,109.1,231.0
1BWH,,5,0.05,10.0,114.2,234.0,15.0,109.3,232.0
1BWH,,6,0.06,10.0,114.2,234.0,16.0,112.3,239.0
1BWH,,7,0.07,9.0,115.9,240.0,16.0,112.3,239.0
1BWH,,8,0.08,9.0,117.2,242.0,16.0,107.6,241.0
1BWH,,9,0.09,9.0,117.2,242.0,16.0,107.6,241.0
1BWH,,10,0.1,9.0,115.4,246.0,15.0,112.2,246.0
1BWH,,11,0.11,9.0,118.6,247.0,15.0,108.6,245.0
1BWH,,12,0.12,10.0,114.2,250.0,16.0,108.3,247.0
1BWH,,13,0.13,10.0,114.1,251.0,16.0,108.3,247.0
1BWH,,14,0.14,10.0,114.1,251.0,15.0,109.2,253.0
1BWH,,15,0.15,10.0,114.4,253.0,15.0,109.7,254.0
1BWH,,16,0.16,10.0,117.1,256.0,16.0,110.0,255.0
1BWH,,17,0.17,11.0,114.1,254.0,16.0,107.6,256.0
1BWH,,18,0.18,11.0,116.7,256.0,16.0,108.3,258.0
1BWH,,19,0.19,11.0,116.8,258.0,16.0,110.0,260.0
1BWH,,20,0.2,11.0,116.8,258.0,16.0,110.1,259.0
1BWH,,21,0.21,12.0,113.5,260.0,16.0,107.6,260.0
1BWH,,22,0.22,12.0,113.6,262.0,16.0,109.5,262.0
1BWH,,23,0.23,12.0,113.6,262.0,16.0,112.5,264.0
1BWH,,24,0.24,12.0,113.7,264.0,17.0,107.7,268.0
1BWH,,25,0.25,12.0,111.7,268.0,17.0,107.7,268.0
1BWH,,26,0.26,12.0,112.2,270.0,17.0,107.0,267.0
1BWH,,27,0.27,12.0,112.3,269.0,16.0,109.2,270.0
1BWH,,28,0.28,13.0,114.0,272.0,18.0,107.1,271.0
1BWH,,29,0.29,14.0,110.5,272.0,17.0,107.2,274.0
1BWH,,30,0.3,14.0,112.2,274.0,17.0,108.9,274.0
1BWH,,31,0.31,13.0,110.7,278.0,17.0,106.7,276.0
1BWH,,32,0.32,13.0,111.7,279.0,17.0,108.2,277.0
1BWH,,33,0.33,13.0,111.5,280.0,17.0,107.4,278.0
1BWH,,34,0.34,14.0,113.5,278.0,16.0,108.1,281.0
1BWH,,35,0.35,13.0,112.5,283.0,16.0,112.3,281.0
1BWH,,36,0.36,14.0,109.7,282.0,18.0,107.8,281.0
1BWH,,37,0.37,14.0,112.5,283.0,17.0,108.6,284.0
1BWH,,38,0.38,15.0,109.5,285.0,18.0,105.5,284.0
1BWH,,39,0.39,14.0,111.2,286.0,18.0,108.5,285.0
1BWH,,40,0.4,14.0,109.6,289.0,18.0,105.7,289.0
1BWH,,41,0.41,14.0,110.3,287.0,18.0,106.4,291.0
1BWH,,42,0.42,15.0,109.9,289.0,17.0,110.6,289.0
1BWH,,43,0.43,13.0,111.3,293.0,17.0,106.9,294.0
1BWH,,44,0.44,15.0,112.0,292.0,17.0,106.9,294.0
1BWH,,45,0.45,14.0,110.2,297.0,17.0,106.9,294.0
1BWH,,46,0.46,14.0,110.2,297.0,18.0,107.7,300.0
1BWH,,47,0.47,13.0,113.4,298.0,17.0,108.1,301.0
1BWH,,48,0.48,14.0,113.5,300.0,17.0,112.2,304.0
1BWH,,49,0.49,14.0,110.0,302.0,17.0,108.7,305.0
1BWH,,50,0.5,14.0,109.6,304.0,17.0,108.7,305.0
1BWH,,51,0.51,15.0,113.9,308.0,18.0,107.6,307.0
1BWH,,52,0.52,15.0,109.6,315.0,18.0,109.2,315.0
1BWH,,53,0.53,15.0,109.5,313.0,19.0,105.0,314.0
1BWH,,54,0.54,15.0,109.6,315.0,19.0,105.2,315.0
1BWH,,55,0.55,16.0,114.1,319.0,19.0,106.8,318.0
1BWH,,56,0.56,16.0,114.1,319.0,19.0,107.5,321.0
1BWH,,57,0.57,17.0,108.2,325.0,19.0,108.9,323.0
1BWH,,58,0.58,17.0,110.9,322.0,19.0,108.2,325.0
1BWH,,59,0.59,17.0,109.1,326.0,19.0,109.7,327.0
1BWH,,60,0.6,17.0,107.4,327.0,19.0,109.4,327.0
1BWH,,61,0.61,17.0,111.1,328.0,19.0,109.7,330.0
1BWH,,62,0.62,18.0,107.1,331.0,21.0,108.7,330.0
1BWH,,63,0.63,18.0,105.5,333.0,21.0,106.3,332.0
1BWH,,64,0.64,19.0,112.4,332.0,22.0,102.1,332.0
1BWH,,65,0.65,19.0,107.6,334.0,22.0,101.5,335.0
1BWH,,66,0.66,19.0,109.2,336.0,22.0,104.5,334.0
1BWH,,67,0.67,19.0,110.3,339.0,20.0,107.3,336.0
1BWH,,68,0.68,19.0,110.3,339.0,21.0,104.1,340.0
1BWH,,69,0.69,19.0,107.1,339.0,22.0,109.9,340.0
1BWH,,70,0.7,19.0,113.6,342.0,23.0,105.0,340.0
1BWH,,71,0.71,20.0,111.6,340.0,23.0,104.5,341.0
1BWH,,72,0.72,19.0,105.7,344.0,22.0,105.4,342.0
1BWH,,73,0.73,19.0,109.4,344.0,21.0,105.2,344.0
1BWH,,74,0.74,19.0,105.7,344.0,20.0,114.1,345.0
1BWH,,75,0.75,19.0,109.4,344.0,20.0,110.1,345.0
1BWH,,76,0.76,19.0,112.4,347.0,20.0,112.8,347.0
1BWH,,77,0.77,19.0,105.8,348.0,20.0,110.5,347.0
1BWH,,78,0.78,20.0,106.5,348.0,21.0,104.2,349.0
1BWH,,79,0.79,21.0,104.2,349.0,22.0,107.5,350.0
1BWH,,80,0.8,20.0,110.7,350.0,22.0,104.5,351.0
1BWH,,81,0.81,20.0,107.8,352.0,22.0,106.1,351.0
1BWH,,82,0.82,20.0,107.8,352.0,21.0,103.2,352.0
1BWH,,83,0.83,20.0,109.0,354.0,21.0,113.3,354.0
1BWH,,84,0.84,20.0,104.1,355.0,21.0,103.2,352.0
1BWH,,85,0.85,20.0,107.8,354.0,21.0,113.3,354.0
1BWH,,86,0.86,20.0,108.6,355.0,22.0,104.0,356.0
1BWH,,87,0.87,21.0,105.2,357.0,22.0,104.0,356.0
1BWH,,88,0.88,21.0,105.2,357.0,23.0,105.1,359.0
1BWH,,89,0.89,21.0,106.7,358.0,22.0,103.6,357.0
1BWH,,90,0.9,21.0,106.7,358.0,22.0,107.7,360.0
1BWH,,91,0.91,21.0,111.1,360.0,21.0,104.0,361.0
1BWH,,92,0.92,21.0,103.1,361.0,21.0,107.2,360.0
1BWH,,93,0.93,21.0,110.4,361.0,21.0,103.1,361.0
1BWH,,94,0.94,20.0,112.0,361.0,20.0,104.6,361.0
1BWH,,95,0.95,20.0,107.6,362.0,21.0,102.9,362.0
1BWH,,96,0.96,20.0,107.0,364.0,21.0,102.7,364.0
1BWH,,97,0.97,20.0,110.3,365.0,20.0,107.0,364.0
1BWH,,98,0.98,20.0,107.0,365.0,20.0,110.3,365.0
1BWH,,99,0.99,20.0,106.7,367.0,20.0,105.6,365.0
1BWH,,100,1.0,20.0,105.6,365.0,20.0,105.6,365.0
1BWH,LF,0,0.0,10.0,115.5,224.0,14.0,109.6,225.0
1BWH,LF,1,0.01,10.0,115.5,224.0,14.0,109.6,225.0
1BWH,LF,2,0.02,10.0,115.5,224.0,14.0,109.6,225.0
1BWH,LF,3,0.03,9.0,116.2,229.0,14.0,109.9,230.0
1BWH,LF,4,0.04,9.0,116.2,229.0,15.0,109.3,232.0
1BWH,LF,5,0.05,9.0,116.2,229.0,15.0,109.3,232.0
1BWH,LF,6,0.06,10.0,114.2,234.0,15.0,109.3,232.0
1BWH,LF,7,0.07,10.0,119.0,237.0,16.0,111.1,238.0
1BWH,LF,8,0.08,10.0,119.0,237.0,16.0,111.1,238.0
1BWH,LF,9,0.09,11.0,112.9,240.0,16.0,111.1,238.0
1BWH,LF,10,0.1,11.0,112.9,240.0,15.0,109.9,242.0
1BWH,LF,11,0.11,13.0,112.2,244.0,15.0,108.6,245.0
1BWH,LF,12,0.12,11.0,116.1,247.0,16.0,108.3,247.0
1BWH,LF,13,0.13,11.0,116.1,247.0,16.0,108.3,247.0
1BWH,LF,14,0.14,11.0,116.1,247.0,16.0,108.9,250.0
1BWH,LF,15,0.15,11.0,113.2,249.0,16.0,108.9,250.0
1BWH,LF,16,0.16,11.0,112.6,252.0,14.0,111.0,251.0
1BWH,LF,17,0.17,12.0,114.1,253.0,14.0,110.5,255.0
1BWH,LF,18,0.18,12.0,114.1,253.0,14.0,110.8,254.0
1BWH,LF,19,0.19,13.0,111.5,256.0,15.0,109.7,254.0
1BWH,LF,20,0.2,13.0,111.5,256.0,15.0,109.1,259.0
1BWH,LF,21,0.21,13.0,111.2,258.0,15.0,109.1,259.0
1BWH,LF,22,0.22,13.0,110.6,260.0,15.0,112.3,260.0
1BWH,LF,23,0.23,13.0,111.4,260.0,15.0,112.3,260.0
1BWH,LF,24,0.24,13.0,111.1,261.0,14.0,111.1,261.0
1BWH,LF,25,0.25,13.0,110.6,265.0,15.0,111.1,263.0
1BWH,LF,26,0.26,13.0,115.5,265.0,15.0,110.0,269.0
1BWH,LF,27,0.27,13.0,114.3,268.0,18.0,108.2,266.0
1BWH,LF,28,0.28,13.0,111.7,271.0,18.0,107.1,271.0
1BWH,LF,29,0.29,14.0,109.5,273.0,18.0,107.1,271.0
1BWH,LF,30,0.3,14.0,112.3,275.0,17.0,106.7,276.0
1BWH,LF,31,0.31,13.0,110.7,278.0,16.0,110.8,276.0
1BWH,LF,32,0.32,13.0,111.7,279.0,16.0,110.8,276.0
1BWH,LF,33,0.33,13.0,111.7,279.0,16.0,108.9,282.0
1BWH,LF,34,0.34,13.0,112.0,283.0,17.0,106.6,282.0
1BWH,LF,35,0.35,13.0,112.0,283.0,18.0,108.5,285.0
1BWH,LF,36,0.36,14.0,112.5,283.0,18.0,108.5,285.0
1BWH,LF,37,0.37,15.0,110.8,285.0,18.0,105.7,289.0
1BWH,LF,38,0.38,16.0,108.2,290.0,17.0,107.5,287.0
1BWH,LF,39,0.39,16.0,109.2,291.0,18.0,106.4,291.0
1BWH,LF,40,0.4,16.0,110.0,294.0,17.0,106.9,294.0
1BWH,LF,41,0.41,16.0,109.3,297.0,18.0,106.4,291.0
1BWH,LF,42,0.42,16.0,110.0,294.0,17.0,106.9,294.0
1BWH,LF,43,0.43,14.0,113.2,303.0,16.0,111.2,304.0
1BWH,LF,44,0.44,14.0,111.3,305.0,16.0,111.2,304.0
1BWH,LF,45,0.45,14.0,115.6,311.0,16.0,107.5,301.0
1BWH,LF,46,0.46,15.0,113.9,308.0,18.0,109.2,315.0
1BWH,LF,47,0.47,17.0,110.3,315.0,20.0,104.3,316.0
1BWH,LF,48,0.48,17.0,110.3,315.0,21.0,104.9,318.0
1BWH,LF,49,0.49,19.0,106.8,318.0,21.0,104.9,318.0
1BWH,LF,50,0.5,16.0,114.1,319.0,20.0,104.0,319.0
1BWH,LF,51,0.51,16.0,114.1,319.0,19.0,106.8,318.0
1BWH,LF,52,0.52,16.0,114.1,319.0,20.0,106.7,322.0
1BWH,LF,53,0.53,18.0,111.4,321.0,21.0,106.5,324.0
1BWH,LF,54,0.54,15.0,108.9,329.0,21.0,103.0,322.0
1BWH,LF,55,0.55,16.0,109.5,330.0,19.0,109.7,330.0
1BWH,LF,56,0.56,16.0,109.5,330.0,20.0,104.0,331.0
1BWH,LF,57,0.57,18.0,105.5,333.0,21.0,106.3,332.0
1BWH,LF,58,0.58,18.0,109.1,334.0,22.0,105.6,334.0
1BWH,LF,59,0.59,18.0,110.0,334.0,24.0,100.1,334.0
1BWH,LF,60,0.6,18.0,112.2,335.0,24.0,100.1,334.0
1BWH,LF,61,0.61,18.0,112.2,335.0,20.0,104.6,337.0
1BWH,LF,62,0.62,16.0,107.8,335.0,20.0,104.6,337.0
1BWH,LF,63,0.63,19.0,113.9,339.0,19.0,109.2,336.0
1BWH,LF,64,0.64,17.0,107.3,340.0,19.0,113.9,339.0
1BWH,LF,65,0.65,19.0,110.3,339.0,19.0,113.9,339.0
1BWH,LF,66,0.66,19.0,105.3,340.0,23.0,106.6,340.0
1BWH,LF,67,0.67,19.0,106.2,344.0,23.0,103.1,343.0
1BWH,LF,68,0.68,18.0,107.9,344.0,20.0,107.9,344.0
1BWH,LF,69,0.69,19.0,106.2,344.0,20.0,107.9,344.0
1BWH,LF,70,0.7,19.0,111.5,345.0,20.0,110.1,345.0
1BWH,LF,71,0.71,20.0,110.1,345.0,20.0,111.3,346.0
1BWH,LF,72,0.72,20.0,111.3,346.0,21.0,104.1,346.0
1BWH,LF,73,0.73,20.0,111.3,346.0,21.0,111.3,347.0
1BWH,LF,74,0.74,19.0,112.4,347.0,20.0,108.0,348.0
1BWH,LF,75,0.75,20.0,106.5,348.0,21.0,103.0,348.0
1BWH,LF,76,0.76,20.0,108.0,348.0,21.0,106.5,348.0
1BWH,LF,77,0.77,17.0,111.0,351.0,19.0,104.6,350.0
1BWH,LF,78,0.78,17.0,111.0,351.0,18.0,112.7,351.0
1BWH,LF,79,0.79,17.0,108.1,351.0,19.0,110.0,351.0
1BWH,LF,80,0.8,18.0,107.0,352.0,19.0,110.0,351.0
1BWH,LF,81,0.81,18.0,107.0,352.0,20.0,107.8,354.0
1BWH,LF,82,0.82,18.0,114.6,354.0,20.0,107.8,354.0
1BWH,LF,83,0.83,19.0,109.9,355.0,21.0,113.3,354.0
1BWH,LF,84,0.84,19.0,109.1,356.0,20.0,110.1,355.0
1BWH,LF,85,0.85,19.0,108.1,355.0,19.0,109.9,355.0
1BWH,LF,86,0.86,18.0,107.1,356.0,20.0,110.1,355.0
1BWH,LF,87,0.87,21.0,102.7,356.0,24.0,102.3,357.0
1BWH,LF,88,0.88,24.0,102.3,357.0,24.0,102.3,357.0
1BWH,LF,89,0.89,23.0,105.8,359.0,23.0,105.8,359.0
1BWH,LF,90,0.9,23.0,105.1,359.0,23.0,105.1,359.0
1BWH,LF,91,0.91,20.0,112.0,361.0,20.0,112.0,361.0
1BWH,LF,92,0.92,20.0,112.0,361.0,20.0,112.0,361.0
1BWH,LF,93,0.93,20.0,112.0,361.0,20.0,112.0,361.0
1BWH,LF,94,0.94,22.0,102.7,363.0,22.0,102.7,363.0
1BWH,LF,95,0.95,20.0,107.0,364.0,20.0,107.0,364.0
1BWH,LF,96,0.96,22.0,106.7,365.0,22.0,106.7,365.0
1BWH,LF,97,0.97,20.0,107.0,365.0,20.0,107.0,365.0
1BWH,LF,98,0.98,20.0,104.4,366.0,20.0,104.4,366.0
1BWH,LF,99,0.99,20.0,106.7,367.0,20.0,106.7,367.0
1BWH,LF,100,1.0,20.0,106.7,367.0,20.0,106.7,367.0
1BWH,LF_GAP,0,0.0,9.0,115.4,246.0,14.0,109.5,234.0
1BWH,LF_GAP,1,0.01,9.0,115.4,246.0,14.0,109.5,234.0
1BWH,LF_GAP,2,0.02,9.0,115.4,246.0,14.0,109.5,234.0
1BWH,LF_GAP,3,0.03,9.0,115.4,246.0,14.0,109.5,234.0
1BWH,LF_GAP,4,0.04,9.0,115.4,246.0,14.0,109.5,234.0
1BWH,LF_GAP,5,0.05,9.0,115.4,246.0,14.0,109.6,230.0
1BWH,LF_GAP,6,0.06,9.0,115.4,246.0,14.0,109.6,230.0
1BWH,LF_GAP,7,0.07,9.0,115.4,246.0,14.0,109.5,234.0
1BWH,LF_GAP,8,0.08,9.0,115.4,246.0,14.0,109.5,234.0
1BWH,LF_GAP,9,0.09,9.0,115.4,246.0,13.0,111.4,247.0
1BWH,LF_GAP,10,0.1,9.0,115.4,246.0,13.0,114.4,252.0
1BWH,LF_GAP,11,0.11,9.0,115.4,246.0,13.0,114.4,252.0
1BWH,LF_GAP,12,0.12,10.0,115.3,253.0,14.0,110.0,253.0
1BWH,LF_GAP,13,0.13,10.0,114.1,251.0,13.0,114.4,252.0
1BWH,LF_GAP,14,0.14,10.0,114.1,251.0,13.0,111.4,247.0
1BWH,LF_GAP,15,0.15,10.0,115.3,253.0,13.0,114.4,252.0
1BWH,LF_GAP,16,0.16,10.0,115.3,253.0,14.0,110.0,253.0
1BWH,LF_GAP,17,0.17,10.0,115.3,253.0,14.0,110.0,253.0
1BWH,LF_GAP,18,0.18,10.0,115.3,253.0,14.0,110.0,253.0
1BWH,LF_GAP,19,0.19,11.0,116.7,256.0,16.0,109.5,262.0
1BWH,LF_GAP,20,0.2,11.0,116.7,256.0,16.0,110.7,264.0
1BWH,LF_GAP,21,0.21,11.0,114.4,261.0,16.0,109.5,262.0
1BWH,LF_GAP,22,0.22,11.0,114.4,261.0,16.0,109.5,262.0
1BWH,LF_GAP,23,0.23,11.0,114.4,261.0,16.0,110.7,264.0
1BWH,LF_GAP,24,0.24,11.0,112.9,266.0,16.0,111.4,268.0
1BWH,LF_GAP,25,0.25,11.0,112.9,266.0,16.0,109.5,262.0
1BWH,LF_GAP,26,0.26,11.0,112.9,266.0,16.0,109.5,262.0
1BWH,LF_GAP,27,0.27,12.0,113.7,264.0,16.0,111.4,268.0
1BWH,LF_GAP,28,0.28,12.0,113.7,264.0,16.0,110.7,264.0
1BWH,LF_GAP,29,0.29,12.0,113.7,264.0,16.0,108.8,273.0
1BWH,LF_GAP,30,0.3,12.0,112.2,270.0,16.0,111.4,268.0
1BWH,LF_GAP,31,0.31,12.0,112.2,270.0,16.0,111.4,268.0
1BWH,LF_GAP,32,0.32,14.0,112.8,271.0,16.0,108.3,274.0
1BWH,LF_GAP,33,0.33,14.0,112.8,271.0,16.0,108.8,273.0
1BWH,LF_GAP,34,0.34,14.0,110.9,273.0,16.0,108.8,273.0
1BWH,LF_GAP,35,0.35,14.0,112.2,274.0,16.0,107.6,282.0
1BWH,LF_GAP,36,0.36,14.0,112.2,274.0,16.0,111.8,283.0
1BWH,LF_GAP,37,0.37,14.0,111.9,275.0,17.0,108.6,284.0
1BWH,LF_GAP,38,0.38,15.0,109.4,281.0,16.0,111.8,283.0
1BWH,LF_GAP,39,0.39,15.0,109.1,277.0,16.0,108.6,284.0
1BWH,LF_GAP,40,0.4,15.0,109.4,281.0,16.0,107.6,282.0
1BWH,LF_GAP,41,0.41,15.0,109.4,281.0,16.0,107.6,282.0
1BWH,LF_GAP,42,0.42,14.0,112.7,289.0,16.0,108.6,284.0
1BWH,LF_GAP,43,0.43,14.0,112.7,289.0,16.0,108.6,284.0
1BWH,LF_GAP,44,0.44,14.0,112.7,289.0,16.0,107.6,282.0
1BWH,LF_GAP,45,0.45,14.0,110.3,287.0,16.0,108.6,284.0
1BWH,LF_GAP,46,0.46,14.0,112.7,289.0,16.0,108.6,284.0
1BWH,LF_GAP,47,0.47,13.0,111.0,293.0,15.0,114.2,290.0
1BWH,LF_GAP,48,0.48,13.0,111.0,293.0,15.0,109.2,294.0
1BWH,LF_GAP,49,0.49,13.0,111.0,293.0,16.0,109.1,295.0
1BWH,LF_GAP,50,0.5,14.0,112.7,289.0,16.0,111.3,296.0
1BWH,LF_GAP,51,0.51,15.0,109.2,294.0,17.0,108.5,296.0
1BWH,LF_GAP,52,0.52,15.0,109.2,294.0,17.0,108.5,296.0
1BWH,LF_GAP,53,0.53,15.0,109.2,294.0,17.0,108.5,296.0
1BWH,LF_GAP,54,0.54,14.0,113.5,300.0,17.0,108.5,296.0
1BWH,LF_GAP,55,0.55,14.0,113.5,300.0,17.0,108.5,296.0
1BWH,LF_GAP,56,0.56,14.0,112.3,301.0,17.0,108.5,296.0
1BWH,LF_GAP,57,0.57,14.0,112.3,301.0,17.0,108.5,296.0
1BWH,LF_GAP,58,0.58,14.0,112.3,301.0,16.0,108.3,297.0
1BWH,LF_GAP,59,0.59,14.0,112.3,301.0,16.0,109.3,311.0
1BWH,LF_GAP,60,0.6,14.0,112.3,301.0,16.0,109.3,311.0
1BWH,LF_GAP,61,0.61,14.0,112.3,301.0,16.0,109.3,311.0
1BWH,LF_GAP,62,0.62,14.0,111.4,315.0,16.0,109.3,311.0
1BWH,LF_GAP,63,0.63,14.0,112.3,301.0,15.0,108.9,300.0
1BWH,LF_GAP,64,0.64,15.0,108.9,300.0,16.0,109.3,311.0
1BWH,LF_GAP,65,0.65,15.0,112.2,310.0,17.0,107.8,317.0
1BWH,LF_GAP,66,0.66,16.0,109.3,311.0,17.0,107.8,317.0
1BWH,LF_GAP,67,0.67,15.0,112.2,310.0,17.0,110.9,322.0
1BWH,LF_GAP,68,0.68,14.0,114.7,327.0,17.0,110.9,322.0
1BWH,LF_GAP,69,0.69,14.0,114.7,327.0,17.0,107.8,317.0
1BWH,LF_GAP,70,0.7,17.0,107.8,317.0,17.0,110.9,322.0
1BWH,LF_GAP,71,0.71,17.0,107.8,317.0,17.0,110.9,322.0
1BWH,LF_GAP,72,0.72,17.0,107.8,317.0,17.0,107.5,333.0
1BWH,LF_GAP,73,0.73,17.0,110.9,322.0,17.0,107.8,339.0
1BWH,LF_GAP,74,0.74,17.0,107.5,333.0,17.0,113.5,344.0
1BWH,LF_GAP,75,0.75,17.0,107.8,339.0,19.0,110.1,336.0
1BWH,LF_GAP,76,0.76,17.0,113.5,344.0,19.0,110.1,336.0
1BWH,LF_GAP,77,0.77,17.0,113.5,344.0,19.0,110.1,336.0
1BWH,LF_GAP,78,0.78,18.0,109.0,353.0,20.0,104.4,342.0
1BWH,LF_GAP,79,0.79,18.0,109.0,353.0,20.0,104.4,342.0
1BWH,LF_GAP,80,0.8,20.0,104.4,342.0,20.0,105.8,344.0
1BWH,LF_GAP,81,0.81,20.0,105.8,344.0,20.0,108.6,355.0
1BWH,LF_GAP,82,0.82,20.0,108.6,355.0,20.0,106.2,358.0
1BWH,LF_GAP,83,0.83,20.0,104.1,355.0,21.0,104.6,358.0
1BWH,LF_GAP,84,0.84,20.0,108.6,355.0,20.0,104.1,355.0
1BWH,LF_GAP,85,0.85,20.0,104.1,355.0,20.0,108.6,355.0
1BWH,LF_GAP,86,0.86,20.0,104.1,355.0,20.0,106.9,363.0
1BWH,LF_GAP,87,0.87,20.0,106.2,358.0,21.0,104.6,358.0
1BWH,LF_GAP,88,0.88,20.0,106.9,363.0,20.0,106.9,363.0
1BWH,LF_GAP,89,0.89,20.0,106.9,363.0,20.0,106.9,363.0
1BWH,LF_GAP,90,0.9,20.0,106.9,363.0,20.0,106.9,363.0
1BWH,LF_GAP,91,0.91,20.0,106.9,363.0,20.0,106.9,363.0
1BWH,LF_GAP,92,0.92,20.0,106.9,363.0,20.0,106.9,363.0
1BWH,LF_GAP,93,0.93,19.0,108.8,366.0,19.0,108.8,366.0
1BWH,LF_GAP,94,0.94,20.0,104.7,365.0,20.0,104.7,365.0
1BWH,LF_GAP,95,0.95,20.0,104.7,365.0,20.0,104.7,365.0
1BWH,LF_GAP,96,0.96,20.0,104.7,365.0,20.0,104.7,365.0
1BWH,LF_GAP,97,0.97,20.0,104.7,365.0,20.0,104.7,365.0
1BWH,LF_GAP,98,0.98,20.0,104.7,365.0,20.0,104.7,365.0
1BWH,LF_GAP,99,0.99,20.0,104.7,365.0,20.0,104.7,365.0
1BWH,LF_GAP,100,1.0,20.0,104.7,365.0,20.0,104.7,365.0
1BWH,CF,0,0.0,9.0,115.0,235.0,13.0,110.5,243.0
1BWH,CF,1,0.01,9.0,115.0,235.0,13.0,110.5,243.0
1BWH,CF,2,0.02,9.0,115.0,235.0,13.0,110.5,243.0
1BWH,CF,3,0.03,9.0,115.0,235.0,13.0,110.5,243.0
1BWH,CF,4,0.04,9.0,115.0,235.0,13.0,110.5,243.0
1BWH,CF,5,0.05,9.0,115.0,235.0,13.0,110.5,243.0
1BWH,CF,6,0.06,9.0,115.0,235.0,13.0,110.5,243.0
1BWH,CF,7,0.07,9.0,115.0,235.0,13.0,112.4,246.0
1BWH,CF,8,0.08,9.0,115.9,240.0,13.0,110.8,248.0
1BWH,CF,9,0.09,9.0,115.9,240.0,13.0,110.8,248.0
1BWH,CF,10,0.1,9.0,117.2,242.0,13.0,110.8,248.0
1BWH,CF,11,0.11,9.0,117.2,242.0,13.0,112.4,246.0
1BWH,CF,12,0.12,10.0,116.3,246.0,14.0,109.6,254.0
1BWH,CF,13,0.13,10.0,114.4,253.0,13.0,110.8,248.0
1BWH,CF,14,0.14,10.0,114.4,253.0,13.0,112.4,246.0
1BWH,CF,15,0.15,10.0,114.2,250.0,14.0,109.6,254.0
1BWH,CF,16,0.16,10.0,114.2,250.0,14.0,109.6,254.0
1BWH,CF,17,0.17,10.0,114.5,251.0,14.0,109.6,254.0
1BWH,CF,18,0.18,10.0,114.5,251.0,14.0,109.6,254.0
1BWH,CF,19,0.19,10.0,114.4,253.0,14.0,109.6,254.0
1BWH,CF,20,0.2,10.0,117.1,256.0,14.0,110.8,255.0
1BWH,CF,21,0.21,10.0,117.1,256.0,14.0,110.8,255.0
1BWH,CF,22,0.22,10.0,113.7,260.0,14.0,110.8,255.0
1BWH,CF,23,0.23,10.0,116.1,258.0,13.0,111.4,261.0
1BWH,CF,24,0.24,10.0,116.1,258.0,13.0,110.8,261.0
1BWH,CF,25,0.25,10.0,116.1,258.0,13.0,111.4,261.0
1BWH,CF,26,0.26,10.0,116.1,258.0,13.0,110.8,261.0
1BWH,CF,27,0.27,10.0,113.7,260.0,13.0,110.8,261.0
1BWH,CF,28,0.28,10.0,113.7,260.0,14.0,113.0,263.0
1BWH,CF,29,0.29,10.0,115.3,266.0,14.0,113.0,263.0
1BWH,CF,30,0.3,10.0,115.3,266.0,14.0,113.0,263.0
1BWH,CF,31,0.31,12.0,113.6,262.0,14.0,113.0,263.0
1BWH,CF,32,0.32,12.0,113.6,262.0,14.0,110.5,268.0
1BWH,CF,33,0.33,12.0,113.6,262.0,14.0,113.0,263.0
1BWH,CF,34,0.34,12.0,112.4,264.0,14.0,113.0,263.0
1BWH,CF,35,0.35,12.0,112.4,264.0,14.0,110.5,268.0
1BWH,CF,36,0.36,12.0,111.7,268.0,14.0,111.1,271.0
1BWH,CF,37,0.37,12.0,111.7,268.0,14.0,110.5,268.0
1BWH,CF,38,0.38,12.0,113.5,278.0,14.0,111.1,271.0
1BWH,CF,39,0.39,12.0,111.8,277.0,14.0,111.1,271.0
1BWH,CF,40,0.4,12.0,113.5,278.0,14.0,113.2,280.0
1BWH,CF,41,0.41,12.0,111.8,277.0,14.0,113.2,280.0
1BWH,CF,42,0.42,12.0,113.5,278.0,14.0,110.9,283.0
1BWH,CF,43,0.43,12.0,113.5,278.0,15.0,108.8,282.0
1BWH,CF,44,0.44,13.0,112.5,283.0,15.0,108.8,283.0
1BWH,CF,45,0.45,14.0,113.2,280.0,15.0,109.4,284.0
1BWH,CF,46,0.46,14.0,113.2,280.0,15.0,109.4,284.0
1BWH,CF,47,0.47,13.0,112.5,283.0,15.0,109.5,285.0
1BWH,CF,48,0.48,13.0,111.2,287.0,15.0,109.5,285.0
1BWH,CF,49,0.49,13.0,111.2,287.0,15.0,109.4,284.0
1BWH,CF,50,0.5,14.0,110.9,283.0,15.0,109.9,289.0
1BWH,CF,51,0.51,14.0,110.9,283.0,15.0,109.4,284.0
1BWH,CF,52,0.52,13.0,112.0,291.0,15.0,109.4,284.0
1BWH,CF,53,0.53,13.0,112.0,291.0,15.0,109.9,289.0
1BWH,CF,54,0.54,13.0,112.0,291.0,15.0,109.9,289.0
1BWH,CF,55,0.55,13.0,112.0,291.0,15.0,109.9,289.0
1BWH,CF,56,0.56,13.0,111.3,293.0,15.0,108.6,293.0
1BWH,CF,57,0.57,13.0,111.3,293.0,15.0,112.6,294.0
1BWH,CF,58,0.58,13.0,111.0,294.0,15.0,109.9,289.0
1BWH,CF,59,0.59,13.0,111.0,294.0,15.0,112.6,294.0
1BWH,CF,60,0.6,13.0,111.0,294.0,15.0,112.6,294.0
1BWH,CF,61,0.61,13.0,111.0,294.0,16.0,111.8,296.0
1BWH,CF,62,0.62,13.0,111.0,294.0,16.0,111.8,296.0
1BWH,CF,63,0.63,13.0,111.3,293.0,15.0,108.6,293.0
1BWH,CF,64,0.64,13.0,111.0,294.0,15.0,108.6,293.0
1BWH,CF,65,0.65,13.0,111.0,294.0,15.0,112.6,294.0
1BWH,CF,66,0.66,13.0,111.0,294.0,16.0,111.8,296.0
1BWH,CF,67,0.67,13.0,111.0,294.0,14.0,110.0,302.0
1BWH,CF,68,0.68,14.0,111.2,297.0,14.0,112.6,303.0
1BWH,CF,69,0.69,14.0,111.2,297.0,15.0,109.8,304.0
1BWH,CF,70,0.7,14.0,110.0,302.0,15.0,109.8,304.0
1BWH,CF,71,0.71,14.0,110.0,302.0,15.0,109.8,304.0
1BWH,CF,72,0.72,14.0,110.0,302.0,15.0,109.8,304.0
1BWH,CF,73,0.73,14.0,111.2,297.0,15.0,109.8,304.0
1BWH,CF,74,0.74,14.0,110.0,302.0,16.0,109.6,298.0
1BWH,CF,75,0.75,15.0,109.8,304.0,16.0,109.6,298.0
1BWH,CF,76,0.76,14.0,110.0,302.0,15.0,109.8,304.0
1BWH,CF,77,0.77,15.0,109.8,304.0,17.0,107.9,308.0
1BWH,CF,78,0.78,15.0,109.8,304.0,17.0,107.9,308.0
1BWH,CF,79,0.79,15.0,109.6,315.0,17.0,107.5,309.0
1BWH,CF,80,0.8,15.0,109.6,315.0,17.0,107.5,309.0
1BWH,CF,81,0.81,15.0,109.0,309.0,17.0,107.5,309.0
1BWH,CF,82,0.82,15.0,109.0,309.0,16.0,111.5,315.0
1BWH,CF,83,0.83,15.0,109.0,309.0,17.0,107.5,309.0
1BWH,CF,84,0.84,15.0,109.6,315.0,16.0,111.5,315.0
1BWH,CF,85,0.85,14.0,110.5,321.0,16.0,111.5,315.0
1BWH,CF,86,0.86,15.0,109.6,315.0,17.0,108.6,312.0
1BWH,CF,87,0.87,14.0,110.1,320.0,16.0,111.5,315.0
1BWH,CF,88,0.88,15.0,109.6,315.0,15.0,109.6,315.0
1BWH,CF,89,0.89,14.0,110.5,321.0,14.0,110.5,321.0
1BWH,CF,90,0.9,14.0,110.5,321.0,14.0,110.5,321.0
1BWH,CF,91,0.91,14.0,110.5,321.0,14.0,110.5,321.0
1BWH,CF,92,0.92,17.0,109.1,326.0,17.0,109.1,326.0
1BWH,CF,93,0.93,17.0,109.1,326.0,17.0,109.1,326.0
1BWH,CF,94,0.94,19.0,107.1,339.0,19.0,107.1,339.0
1BWH,CF,95,0.95,19.0,107.2,348.0,19.0,107.2,348.0
1BWH,CF,96,0.96,19.0,107.2,348.0,19.0,107.2,348.0
1BWH,CF,97,0.97,19.0,107.2,348.0,19.0,107.2,348.0
1BWH,CF,98,0.98,19.0,107.2,348.0,19.0,107.2,348.0
1BWH,CF,99,0.99,19.0,107.2,348.0,19.0,107.2,348.0
1BWH,CF,100,1.0,19.0,107.2,348.0,19.0,107.2,348.0
1BWH,RF_GAP,0,0.0,10.0,115.7,219.0,13.0,113.0,229.0
1BWH,RF_GAP,1,0.01,10.0,115.7,219.0,13.0,113.0,229.0
1BWH,RF_GAP,2,0.02,10.0,115.7,219.0,13.0,113.0,229.0
1BWH,RF_GAP,3,0.03,10.0,115.7,219.0,13.0,113.0,229.0
1BWH,RF_GAP,4,0.04,10.0,115.7,219.0,13.0,113.0,229.0
1BWH,RF_GAP,5,0.05,10.0,113.7,226.0,13.0,113.0,229.0
1BWH,RF_GAP,6,0.06,10.0,113.7,226.0,16.0,109.2,244.0
1BWH,RF_GAP,7,0.07,10.0,113.7,226.0,16.0,109.2,244.0
1BWH,RF_GAP,8,0.08,10.0,114.5,241.0,16.0,109.2,244.0
1BWH,RF_GAP,9,0.09,10.0,114.5,241.0,16.0,109.2,244.0
1BWH,RF_GAP,10,0.1,10.0,114.5,241.0,16.0,109.2,244.0
1BWH,RF_GAP,11,0.11,10.0,114.5,241.0,16.0,108.5,255.0
1BWH,RF_GAP,12,0.12,10.0,114.5,241.0,16.0,108.5,255.0
1BWH,RF_GAP,13,0.13,11.0,112.9,252.0,16.0,109.2,244.0
1BWH,RF_GAP,14,0.14,11.0,112.9,252.0,16.0,108.5,255.0
1BWH,RF_GAP,15,0.15,11.0,112.9,252.0,16.0,108.5,255.0
1BWH,RF_GAP,16,0.16,11.0,116.8,258.0,16.0,108.3,258.0
1BWH,RF_GAP,17,0.17,11.0,116.8,258.0,16.0,108.5,255.0
1BWH,RF_GAP,18,0.18,11.0,116.8,258.0,16.0,108.5,255.0
1BWH,RF_GAP,19,0.19,11.0,116.3,269.0,16.0,108.5,255.0
1BWH,RF_GAP,20,0.2,11.0,116.3,269.0,16.0,108.3,258.0
1BWH,RF_GAP,21,0.21,11.0,116.3,269.0,16.0,110.1,259.0
1BWH,RF_GAP,22,0.22,11.0,116.3,269.0,16.0,110.1,259.0
1BWH,RF_GAP,23,0.23,12.0,115.5,260.0,16.0,109.7,271.0
1BWH,RF_GAP,24,0.24,12.0,115.5,260.0,16.0,109.7,271.0
1BWH,RF_GAP,25,0.25,12.0,118.2,269.0,16.0,109.7,271.0
1BWH,RF_GAP,26,0.26,12.0,118.2,269.0,16.0,109.7,271.0
1BWH,RF_GAP,27,0.27,13.0,110.5,269.0,16.0,109.7,271.0
1BWH,RF_GAP,28,0.28,13.0,114.0,272.0,16.0,109.7,271.0
1BWH,RF_GAP,29,0.29,13.0,114.0,272.0,16.0,109.7,271.0
1BWH,RF_GAP,30,0.3,13.0,114.0,272.0,16.0,109.7,271.0
1BWH,RF_GAP,31,0.31,13.0,114.0,272.0,15.0,109.7,272.0
1BWH,RF_GAP,32,0.32,13.0,114.0,272.0,15.0,109.7,272.0
1BWH,RF_GAP,33,0.33,13.0,114.0,272.0,15.0,109.7,272.0
1BWH,RF_GAP,34,0.34,13.0,114.0,272.0,15.0,109.4,277.0
1BWH,RF_GAP,35,0.35,13.0,111.5,280.0,16.0,113.3,281.0
1BWH,RF_GAP,36,0.36,13.0,111.5,280.0,16.0,113.3,281.0
1BWH,RF_GAP,37,0.37,13.0,110.8,282.0,16.0,109.8,281.0
1BWH,RF_GAP,38,0.38,14.0,113.8,278.0,16.0,113.3,281.0
1BWH,RF_GAP,39,0.39,14.0,111.8,282.0,16.0,109.8,281.0
1BWH,RF_GAP,40,0.4,14.0,109.7,282.0,16.0,109.8,281.0
1BWH,RF_GAP,41,0.41,14.0,110.2,284.0,16.0,107.9,283.0
1BWH,RF_GAP,42,0.42,14.0,109.7,282.0,16.0,109.2,284.0
1BWH,RF_GAP,43,0.43,14.0,109.7,282.0,16.0,109.2,284.0
1BWH,RF_GAP,44,0.44,14.0,110.2,284.0,16.0,109.2,284.0
1BWH,RF_GAP,45,0.45,14.0,111.2,286.0,16.0,109.2,284.0
1BWH,RF_GAP,46,0.46,14.0,111.2,286.0,16.0,113.0,291.0
1BWH,RF_GAP,47,0.47,14.0,109.6,289.0,16.0,108.1,292.0
1BWH,RF_GAP,48,0.48,14.0,111.2,286.0,16.0,109.5,293.0
1BWH,RF_GAP,49,0.49,13.0,110.7,294.0,16.0,108.1,292.0
1BWH,RF_GAP,50,0.5,13.0,110.7,294.0,16.0,108.1,292.0
1BWH,RF_GAP,51,0.51,13.0,110.7,294.0,16.0,113.0,291.0
1BWH,RF_GAP,52,0.52,13.0,110.7,294.0,16.0,113.0,291.0
1BWH,RF_GAP,53,0.53,12.0,117.6,302.0,16.0,109.5,293.0
1BWH,RF_GAP,54,0.54,12.0,117.6,302.0,16.0,109.5,293.0
1BWH,RF_GAP,55,0.55,12.0,117.6,302.0,15.0,110.6,295.0
1BWH,RF_GAP,56,0.56,12.0,117.6,302.0,17.0,108.1,301.0
1BWH,RF_GAP,57,0.57,14.0,114.7,303.0,17.0,108.2,309.0
1BWH,RF_GAP,58,0.58,14.0,114.7,303.0,17.0,108.2,309.0
1BWH,RF_GAP,59,0.59,14.0,114.7,303.0,17.0,108.2,309.0
1BWH,RF_GAP,60,0.6,14.0,110.7,316.0,17.0,107.3,313.0
1BWH,RF_GAP,61,0.61,14.0,110.7,316.0,17.0,107.3,313.0
1BWH,RF_GAP,62,0.62,14.0,110.7,316.0,17.0,107.3,313.0
1BWH,RF_GAP,63,0.63,15.0,109.5,313.0,16.0,108.2,320.0
1BWH,RF_GAP,64,0.64,15.0,109.5,313.0,16.0,108.5,317.0
1BWH,RF_GAP,65,0.65,15.0,109.1,321.0,16.0,108.5,317.0
1BWH,RF_GAP,66,0.66,15.0,109.1,321.0,16.0,108.5,317.0
1BWH,RF_GAP,67,0.67,15.0,109.1,321.0,16.0,108.5,317.0
1BWH,RF_GAP,68,0.68,16.0,108.5,317.0,16.0,109.9,326.0
1BWH,RF_GAP,69,0.69,16.0,108.5,317.0,18.0,108.4,321.0
1BWH,RF_GAP,70,0.7,16.0,109.9,326.0,18.0,106.3,329.0
1BWH,RF_GAP,71,0.71,16.0,109.1,330.0,18.0,108.4,321.0
1BWH,RF_GAP,72,0.72,16.0,109.9,326.0,18.0,108.4,321.0
1BWH,RF_GAP,73,0.73,16.0,109.9,326.0,18.0,106.3,329.0
1BWH,RF_GAP,74,0.74,16.0,107.6,331.0,18.0,106.3,329.0
1BWH,RF_GAP,75,0.75,16.0,107.6,331.0,18.0,106.3,329.0
1BWH,RF_GAP,76,0.76,17.0,109.2,333.0,19.0,107.8,328.0
1BWH,RF_GAP,77,0.77,16.0,108.8,346.0,18.0,106.3,329.0
1BWH,RF_GAP,78,0.78,16.0,108.8,346.0,17.0,108.6,347.0
1BWH,RF_GAP,79,0.79,16.0,108.8,346.0,17.0,108.6,347.0
1BWH,RF_GAP,80,0.8,16.0,108.8,346.0,17.0,108.6,347.0
1BWH,RF_GAP,81,0.81,17.0,109.2,333.0,17.0,111.4,351.0
1BWH,RF_GAP,82,0.82,17.0,108.6,347.0,22.0,102.4,341.0
1BWH,RF_GAP,83,0.83,17.0,108.6,347.0,20.0,104.1,357.0
1BWH,RF_GAP,84,0.84,16.0,108.8,346.0,17.0,108.6,347.0
1BWH,RF_GAP,85,0.85,17.0,108.6,347.0,19.0,105.5,360.0
1BWH,RF_GAP,86,0.86,17.0,111.4,351.0,20.0,104.1,357.0
1BWH,RF_GAP,87,0.87,19.0,105.5,360.0,21.0,103.0,360.0
1BWH,RF_GAP,88,0.88,20.0,104.1,357.0,20.0,104.1,357.0
1BWH,RF_GAP,89,0.89,20.0,104.1,357.0,20.0,104.1,357.0
1BWH,RF_GAP,90,0.9,20.0,104.1,357.0,20.0,104.1,357.0
1BWH,RF_GAP,91,0.91,19.0,105.7,362.0,19.0,105.7,362.0
1BWH,RF_GAP,92,0.92,19.0,105.7,362.0,19.0,105.7,362.0
1BWH,RF_GAP,93,0.93,21.0,103.0,360.0,21.0,103.0,360.0
1BWH,RF_GAP,94,0.94,19.0,115.5,364.0,19.0,115.5,364.0
1BWH,RF_GAP,95,0.95,19.0,115.5,364.0,19.0,115.5,364.0
1BWH,RF_GAP,96,0.96,20.0,110.3,365.0,20.0,110.3,365.0
1BWH,RF_GAP,97,0.97,20.0,110.3,365.0,20.0,110.3,365.0
1BWH,RF_GAP,98,0.98,20.0,110.3,365.0,20.0,110.3,365.0
1BWH,RF_GAP,99,0.99,20.0,110.3,365.0,20.0,110.3,365.0
1BWH,RF_GAP,100,1.0,20.0,110.3,365.0,20.0,110.3,365.0
1BWH,RF,0,0.0,10.0,113.5,224.0,16.0,111.6,225.0
1BWH,RF,1,0.01,10.0,113.5,224.0,16.0,111.6,225.0
1BWH,RF,2,0.02,10.0,113.5,224.0,16.0,111.6,225.0
1BWH,RF,3,0.03,11.0,118.0,225.0,15.0,109.1,231.0
1BWH,RF,4,0.04,10.0,115.9,238.0,16.0,112.3,239.0
1BWH,RF,5,0.05,10.0,115.9,238.0,16.0,112.3,239.0
1BWH,RF,6,0.06,10.0,115.9,238.0,16.0,107.6,241.0
1BWH,RF,7,0.07,13.0,110.7,239.0,16.0,107.6,241.0
1BWH,RF,8,0.08,13.0,113.8,240.0,16.0,107.6,241.0
1BWH,RF,9,0.09,13.0,112.0,242.0,15.0,110.9,243.0
1BWH,RF,10,0.1,13.0,111.2,244.0,14.0,111.4,247.0
1BWH,RF,11,0.11,11.0,112.8,252.0,15.0,109.2,251.0
1BWH,RF,12,0.12,12.0,114.2,251.0,15.0,109.2,253.0
1BWH,RF,13,0.13,12.0,114.2,251.0,16.0,107.6,256.0
1BWH,RF,14,0.14,12.0,112.7,253.0,16.0,107.6,256.0
1BWH,RF,15,0.15,13.0,111.2,257.0,16.0,109.5,258.0
1BWH,RF,16,0.16,13.0,111.2,257.0,16.0,109.5,258.0
1BWH,RF,17,0.17,13.0,114.5,260.0,16.0,107.6,260.0
1BWH,RF,18,0.18,13.0,114.5,260.0,16.0,108.3,262.0
1BWH,RF,19,0.19,13.0,114.5,260.0,16.0,112.5,264.0
1BWH,RF,20,0.2,14.0,109.6,263.0,17.0,112.0,266.0
1BWH,RF,21,0.21,14.0,109.6,263.0,18.0,106.2,267.0
1BWH,RF,22,0.22,14.0,111.6,268.0,18.0,106.2,267.0
1BWH,RF,23,0.23,14.0,111.6,268.0,17.0,107.7,268.0
1BWH,RF,24,0.24,14.0,111.6,268.0,17.0,107.7,268.0
1BWH,RF,25,0.25,14.0,111.9,269.0,19.0,104.8,270.0
1BWH,RF,26,0.26,15.0,111.1,269.0,19.0,105.6,271.0
1BWH,RF,27,0.27,15.0,112.3,272.0,19.0,104.5,274.0
1BWH,RF,28,0.28,15.0,109.7,273.0,19.0,105.4,277.0
1BWH,RF,29,0.29,16.0,110.9,277.0,19.0,107.9,277.0
1BWH,RF,30,0.3,16.0,110.9,277.0,19.0,105.4,277.0
1BWH,RF,31,0.31,16.0,108.4,278.0,18.0,111.1,282.0
1BWH,RF,32,0.32,15.0,112.4,283.0,20.0,107.8,279.0
1BWH,RF,33,0.33,15.0,112.4,283.0,19.0,105.2,283.0
1BWH,RF,34,0.34,16.0,110.8,284.0,19.0,105.2,283.0
1BWH,RF,35,0.35,16.0,107.8,286.0,18.0,108.1,285.0
1BWH,RF,36,0.36,16.0,107.8,286.0,18.0,108.1,285.0
1BWH,RF,37,0.37,15.0,112.0,292.0,18.0,106.8,288.0
1BWH,RF,38,0.38,15.0,112.1,295.0,18.0,106.8,288.0
1BWH,RF,39,0.39,15.0,112.1,295.0,18.0,106.6,291.0
1BWH,RF,40,0.4,14.0,109.6,304.0,20.0,104.9,294.0
1BWH,RF,41,0.41,14.0,109.6,304.0,18.0,107.7,300.0
1BWH,RF,42,0.42,16.0,107.6,306.0,19.0,114.3,311.0
1BWH,RF,43,0.43,17.0,108.7,305.0,19.0,114.3,311.0
1BWH,RF,44,0.44,19.0,104.5,310.0,19.0,105.3,321.0
1BWH,RF,45,0.45,19.0,110.6,318.0,19.0,108.9,323.0
1BWH,RF,46,0.46,18.0,108.6,325.0,19.0,110.6,318.0
1BWH,RF,47,0.47,18.0,107.6,327.0,19.0,108.9,323.0
1BWH,RF,48,0.48,17.0,107.4,327.0,19.0,109.9,326.0
1BWH,RF,49,0.49,17.0,111.1,328.0,19.0,108.3,328.0
1BWH,RF,50,0.5,18.0,109.7,328.0,21.0,104.4,329.0
1BWH,RF,51,0.51,19.0,109.8,328.0,22.0,104.4,328.0
1BWH,RF,52,0.52,18.0,109.7,328.0,22.0,105.3,330.0
1BWH,RF,53,0.53,19.0,110.3,331.0,22.0,105.3,330.0
1BWH,RF,54,0.54,19.0,112.4,332.0,22.0,105.3,330.0
1BWH,RF,55,0.55,19.0,107.6,334.0,22.0,104.4,330.0
1BWH,RF,56,0.56,21.0,107.2,334.0,23.0,102.4,333.0
1BWH,RF,57,0.57,21.0,107.2,334.0,22.0,105.6,336.0
1BWH,RF,58,0.58,20.0,104.4,337.0,22.0,105.6,336.0
1BWH,RF,59,0.59,19.0,108.3,335.0,21.0,103.4,338.0
1BWH,RF,60,0.6,19.0,113.6,337.0,22.0,103.3,340.0
1BWH,RF,61,0.61,21.0,103.4,338.0,22.0,103.3,340.0
1BWH,RF,62,0.62,21.0,104.1,340.0,23.0,107.8,340.0
1BWH,RF,63,0.63,20.0,111.6,340.0,24.0,103.2,341.0
1BWH,RF,64,0.64,20.0,111.6,340.0,24.0,103.2,341.0
1BWH,RF,65,0.65,22.0,104.7,342.0,24.0,101.4,342.0
1BWH,RF,66,0.66,22.0,105.1,342.0,24.0,101.4,342.0
1BWH,RF,67,0.67,21.0,107.5,343.0,22.0,105.4,342.0
1BWH,RF,68,0.68,21.0,107.5,343.0,23.0,101.4,344.0
1BWH,RF,69,0.69,19.0,109.4,344.0,21.0,103.4,344.0
1BWH,RF,70,0.7,19.0,110.4,345.0,21.0,103.4,344.0
1BWH,RF,71,0.71,19.0,109.4,344.0,19.0,113.8,346.0
1BWH,RF,72,0.72,19.0,110.4,345.0,20.0,112.8,347.0
1BWH,RF,73,0.73,19.0,104.6,348.0,20.0,112.8,347.0
1BWH,RF,74,0.74,20.0,110.5,347.0,21.0,104.2,349.0
1BWH,RF,75,0.75,20.0,106.9,349.0,24.0,100.8,348.0
1BWH,RF,76,0.76,21.0,105.7,350.0,24.0,106.5,350.0
1BWH,RF,77,0.77,21.0,104.2,349.0,23.0,102.1,351.0
1BWH,RF,78,0.78,21.0,105.7,350.0,22.0,106.1,351.0
1BWH,RF,79,0.79,22.0,104.5,351.0,22.0,106.1,351.0
1BWH,RF,80,0.8,22.0,102.6,352.0,22.0,104.5,351.0
1BWH,RF,81,0.81,22.0,102.6,352.0,23.0,107.4,354.0
1BWH,RF,82,0.82,22.0,104.5,354.0,22.0,113.0,353.0
1BWH,RF,83,0.83,22.0,104.5,354.0,22.0,104.3,356.0
1BWH,RF,84,0.84,22.0,104.0,356.0,22.0,104.3,356.0
1BWH,RF,85,0.85,22.0,104.0,356.0,22.0,104.3,356.0
1BWH,RF,86,0.86,24.0,99.8,357.0,24.0,99.7,356.0
1BWH,RF,87,0.87,23.0,100.5,359.0,24.0,104.7,358.0
1BWH,RF,88,0.88,23.0,100.5,359.0,23.0,103.1,357.0
1BWH,RF,89,0.89,21.0,104.9,359.0,22.0,108.8,360.0
1BWH,RF,90,0.9,21.0,107.2,360.0,22.0,108.8,360.0
1BWH,RF,91,0.91,21.0,111.1,360.0,22.0,108.8,360.0
1BWH,RF,92,0.92,22.0,107.8,361.0,22.0,110.5,361.0
1BWH,RF,93,0.93,21.0,103.1,361.0,22.0,107.8,361.0
1BWH,RF,94,0.94,21.0,110.4,361.0,21.0,103.1,361.0
1BWH,RF,95,0.95,21.0,103.1,361.0,21.0,110.4,361.0
1BWH,RF,96,0.96,21.0,102.7,364.0,21.0,110.4,361.0
1BWH,RF,97,0.97,21.0,105.0,365.0,22.0,103.6,363.0
1BWH,RF,98,0.98,20.0,104.5,366.0,21.0,102.7,364.0
1BWH,RF,99,0.99,20.0,107.4,366.0,21.0,102.7,364.0
1BWH,RF,100,1.0,20.0,107.4,366.0,20.0,107.4,366.0
2B,,0,0.0,-3.0,91.2,31.0,2.0,78.8,46.0
2B,,1,0.01,-3.0,91.2,31.0,2.0,78.8,46.0
2B,,2,0.02,-3.0,92.6,33.0,2.0,78.9,54.0
2B,,3,0.03,-1.0,97.9,52.0,4.0,93.0,64.0
2B,,4,0.04,0.0,100.9,52.0,5.0,95.8,72.0
2B,,5,0.05,1.0,107.6,65.0,6.0,80.7,79.0
2B,,6,0.06,1.0,99.9,65.0,7.0,75.6,87.0
2B,,7,0.07,2.0,102.5,77.0,8.0,66.7,91.0
2B,,8,0.08,3.0,100.4,88.0,9.0,75.3,98.0
2B,,9,0.09,3.0,101.8,97.0,10.0,80.9,112.0
2B,,10,0.1,4.0,106.0,100.0,11.0,74.2,107.0
2B,,11,0.11,4.0,101.4,122.0,12.0,66.6,113.0
2B,,12,0.12,5.0,108.8,125.0,13.0,70.5,134.0
2B,,13,0.13,5.0,104.8,142.0,14.0,65.6,130.0
2B,,14,0.14,6.0,93.0,133.0,16.0,71.5,153.0
2B,,15,0.15,6.0,107.5,144.0,18.0,65.5,153.0
2B,,16,0.16,7.0,109.4,162.0,20.0,63.3,161.0
2B,,17,0.17,7.0,95.4,158.0,20.0,66.1,155.0
2B,,18,0.18,8.0,99.1,169.0,21.0,66.0,170.0
2B,,19,0.19,8.0,97.5,166.0,20.0,73.3,178.0
2B,,20,0.2,9.0,104.9,172.0,19.0,77.0,178.0
2B,,21,0.21,9.0,104.0,179.0,20.0,71.8,180.0
2B,,22,0.22,9.0,101.7,184.0,21.0,74.0,188.0
2B,,23,0.23,9.0,110.8,182.0,22.0,70.2,190.0
2B,,24,0.24,9.0,106.3,189.0,24.0,65.2,190.0
2B,,25,0.25,9.0,92.6,190.0,28.0,65.8,199.0
2B,,26,0.26,10.0,107.4,197.0,31.0,66.2,201.0
2B,,27,0.27,10.0,103.9,201.0,25.0,71.8,200.0
2B,,28,0.28,10.0,100.1,206.0,21.0,73.5,201.0
2B,,29,0.29,10.0,108.7,209.0,24.0,74.7,207.0
2B,,30,0.3,10.0,98.1,211.0,26.0,68.3,209.0
2B,,31,0.31,10.0,112.0,215.0,27.0,72.1,210.0
2B,,32,0.32,11.0,96.3,219.0,26.0,71.7,212.0
2B,,33,0.33,11.0,94.0,216.0,25.0,72.6,220.0
2B,,34,0.34,11.0,107.3,220.0,25.0,75.7,221.0
2B,,35,0.35,11.0,111.9,227.0,23.0,79.5,225.0
2B,,36,0.36,12.0,99.6,227.0,26.0,76.1,230.0
2B,,37,0.37,12.0,102.3,231.0,25.0,76.7,233.0
2B,,38,0.38,12.0,100.1,231.0,24.0,74.8,232.0
2B,,39,0.39,12.0,108.1,237.0,22.0,77.8,239.0
2B,,40,0.4,13.0,100.6,235.0,21.0,78.1,236.0
2B,,41,0.41,13.0,97.4,239.0,22.0,81.7,242.0
2B,,42,0.42,13.0,102.8,244.0,22.0,81.8,245.0
2B,,43,0.43,13.0,99.9,244.0,22.0,83.4,247.0
2B,,44,0.44,13.0,97.4,247.0,21.0,85.2,250.0
2B,,45,0.45,13.0,93.9,251.0,21.0,82.5,251.0
2B,,46,0.46,13.0,101.4,256.0,21.0,84.5,257.0
2B,,47,0.47,14.0,105.1,259.0,20.0,86.1,255.0
2B,,48,0.48,14.0,102.0,264.0,20.0,85.8,260.0
2B,,49,0.49,14.0,100.8,267.0,20.0,85.8,260.0
2B,,50,0.5,14.0,107.5,265.0,21.0,90.4,263.0
2B,,51,0.51,14.0,100.7,269.0,20.0,93.9,272.0
2B,,52,0.52,14.0,99.8,273.0,20.0,88.0,268.0
2B,,53,0.53,15.0,106.9,270.0,20.0,91.5,277.0
2B,,54,0.54,15.0,100.4,274.0,21.0,84.4,275.0
2B,,55,0.55,15.0,100.8,280.0,21.0,98.5,283.0
2B,,56,0.56,15.0,100.7,281.0,20.0,87.3,285.0
2B,,57,0.57,15.0,99.0,281.0,20.0,97.4,285.0
2B,,58,0.58,16.0,102.5,286.0,20.0,96.1,284.0
2B,,59,0.59,16.0,104.5,291.0,20.0,96.8,290.0
2B,,60,0.6,16.0,110.1,291.0,20.0,98.9,292.0
2B,,61,0.61,16.0,96.9,296.0,20.0,103.8,296.0
2B,,62,0.62,16.0,95.3,295.0,20.0,100.1,296.0
2B,,63,0.63,16.0,104.1,299.0,20.0,102.3,301.0
2B,,64,0.64,16.0,106.9,297.0,20.0,101.9,298.0
2B,,65,0.65,16.0,100.8,304.0,20.0,96.6,304.0
2B,,66,0.66,16.0,99.1,306.0,20.0,103.3,304.0
2B,,67,0.67,17.0,107.2,310.0,20.0,103.3,304.0
2B,,68,0.68,17.0,105.8,310.0,21.0,95.4,308.0
2B,,69,0.69,17.0,103.7,311.0,21.0,102.7,311.0
2B,,70,0.7,18.0,106.1,315.0,21.0,95.9,311.0
2B,,71,0.71,18.0,99.9,313.0,20.0,100.0,319.0
2B,,72,0.72,18.0,99.7,321.0,21.0,89.4,315.0
2B,,73,0.73,18.0,103.2,320.0,21.0,92.5,321.0
2B,,74,0.74,18.0,99.8,325.0,21.0,98.0,323.0
2B,,75,0.75,18.0,106.0,327.0,21.0,100.9,323.0
2B,,76,0.76,18.0,97.2,327.0,21.0,101.9,325.0
2B,,77,0.77,18.0,98.6,327.0,21.0,94.8,330.0
2B,,78,0.78,19.0,98.0,332.0,21.0,97.3,328.0
2B,,79,0.79,19.0,104.1,334.0,22.0,100.0,333.0
2B,,80,0.8,20.0,106.4,335.0,22.0,101.3,334.0
2B,,81,0.81,20.0,107.5,336.0,22.0,102.0,338.0
2B,,82,0.82,20.0,97.8,339.0,22.0,107.5,339.0
2B,,83,0.83,20.0,104.2,339.0,21.0,106.0,340.0
2B,,84,0.84,20.0,100.2,341.0,21.0,111.5,339.0
2B,,85,0.85,20.0,102.5,342.0,21.0,102.5,342.0
2B,,86,0.86,20.0,98.4,346.0,21.0,97.2,345.0
2B,,87,0.87,20.0,109.7,346.0,21.0,100.6,347.0
2B,,88,0.88,20.0,110.8,346.0,21.0,98.8,348.0
2B,,89,0.89,21.0,100.5,350.0,22.0,102.2,350.0
2B,,90,0.9,21.0,98.3,353.0,22.0,101.4,351.0
2B,,91,0.91,21.0,103.7,352.0,22.0,98.6,353.0
2B,,92,0.92,21.0,106.6,356.0,22.0,99.0,352.0
2B,,93,0.93,21.0,103.9,355.0,21.0,102.3,357.0
2B,,94,0.94,21.0,104.3,356.0,21.0,99.7,359.0
2B,,95,0.95,21.0,107.2,361.0,21.0,101.9,361.0
2B,,96,0.96,21.0,101.8,362.0,21.0,106.5,359.0
2B,,97,0.97,21.0,100.1,365.0,22.0,96.5,364.0
2B,,98,0.98,22.0,97.9,362.0,22.0,97.2,364.0
2B,,99,0.99,22.0,103.9,365.0,22.0,105.9,366.0
2B,,100,1.0,22.0,96.7,367.0,22.0,96.7,367.0
2B,3B_LINE,0,0.0,-4.0,100.6,29.0,0.0,87.5,37.0
2B,3B_LINE,1,0.01,-4.0,100.6,29.0,0.0,87.5,37.0
2B,3B_LINE,2,0.02,-3.0,99.5,31.0,1.0,83.0,38.0
2B,3B_LINE,3,0.03,-3.0,93.5,38.0,1.0,69.6,42.0
2B,3B_LINE,4,0.04,-2.0,100.7,39.0,3.0,60.4,41.0
2B,3B_LINE,5,0.05,-1.0,102.3,42.0,3.0,63.1,49.0
2B,3B_LINE,6,0.06,0.0,94.0,46.0,3.0,63.0,46.0
2B,3B_LINE,7,0.07,0.0,102.4,53.0,4.0,65.9,58.0
2B,3B_LINE,8,0.08,0.0,102.0,56.0,7.0,56.2,55.0
2B,3B_LINE,9,0.09,1.0,101.0,58.0,9.0,49.4,58.0
2B,3B_LINE,10,0.1,1.0,100.4,65.0,9.0,59.3,64.0
2B,3B_LINE,11,0.11,2.0,98.4,66.0,9.0,55.0,70.0
2B,3B_LINE,12,0.12,2.0,95.7,70.0,9.0,55.0,70.0
2B,3B_LINE,13,0.13,2.0,94.7,76.0,9.0,65.5,83.0
2B,3B_LINE,14,0.14,3.0,98.8,79.0,8.0,72.1,83.0
2B,3B_LINE,15,0.15,3.0,99.3,83.0,8.0,66.4,86.0
2B,3B_LINE,16,0.16,3.0,108.0,91.0,11.0,63.7,84.0
2B,3B_LINE,17,0.17,4.0,88.0,89.0,12.0,60.2,93.0
2B,3B_LINE,18,0.18,4.0,101.0,93.0,12.0,60.2,93.0
2B,3B_LINE,19,0.19,5.0,101.2,98.0,10.0,77.1,107.0
2B,3B_LINE,20,0.2,5.0,98.7,107.0,10.0,77.6,109.0
2B,3B_LINE,21,0.21,5.0,108.9,112.0,11.0,70.0,110.0
2B,3B_LINE,22,0.22,5.0,92.8,114.0,12.0,66.6,113.0
2B,3B_LINE,23,0.23,6.0,102.2,115.0,12.0,74.1,118.0
2B,3B_LINE,24,0.24,6.0,95.3,122.0,12.0,74.8,126.0
2B,3B_LINE,25,0.25,6.0,92.5,131.0,12.0,74.8,126.0
2B,3B_LINE,26,0.26,6.0,108.4,132.0,12.0,74.8,126.0
2B,3B_LINE,27,0.27,6.0,107.2,138.0,13.0,69.4,131.0
2B,3B_LINE,28,0.28,7.0,95.6,132.0,12.0,80.5,134.0
2B,3B_LINE,29,0.29,7.0,107.1,147.0,13.0,72.7,144.0
2B,3B_LINE,30,0.3,8.0,105.1,149.0,15.0,77.7,149.0
2B,3B_LINE,31,0.31,8.0,104.0,150.0,16.0,72.2,154.0
2B,3B_LINE,32,0.32,8.0,105.1,149.0,16.0,71.7,155.0
2B,3B_LINE,33,0.33,9.0,101.4,153.0,16.0,71.7,155.0
2B,3B_LINE,34,0.34,9.0,98.8,157.0,16.0,71.7,155.0
2B,3B_LINE,35,0.35,10.0,102.4,159.0,15.0,76.0,165.0
2B,3B_LINE,36,0.36,10.0,103.5,165.0,17.0,75.7,163.0
2B,3B_LINE,37,0.37,10.0,104.8,165.0,17.0,73.0,164.0
2B,3B_LINE,38,0.38,10.0,110.1,171.0,16.0,74.8,171.0
2B,3B_LINE,39,0.39,10.0,106.1,171.0,15.0,87.2,171.0
2B,3B_LINE,40,0.4,10.0,110.1,171.0,15.0,89.7,174.0
2B,3B_LINE,41,0.41,10.0,100.7,175.0,17.0,74.6,176.0
2B,3B_LINE,42,0.42,10.0,109.3,178.0,16.0,78.2,179.0
2B,3B_LINE,43,0.43,11.0,89.8,177.0,16.0,77.5,182.0
2B,3B_LINE,44,0.44,11.0,95.2,182.0,17.0,80.1,181.0
2B,3B_LINE,45,0.45,11.0,95.2,182.0,17.0,80.1,187.0
2B,3B_LINE,46,0.46,12.0,100.5,185.0,21.0,74.0,188.0
2B,3B_LINE,47,0.47,12.0,100.3,189.0,20.0,72.7,190.0
2B,3B_LINE,48,0.48,12.0,94.5,190.0,22.0,71.1,189.0
2B,3B_LINE,49,0.49,12.0,89.7,192.0,20.0,73.2,189.0
2B,3B_LINE,50,0.5,12.0,93.2,193.0,20.0,73.0,197.0
2B,3B_LINE,51,0.51,12.0,108.2,197.0,20.0,73.0,197.0
2B,3B_LINE,52,0.52,12.0,98.2,197.0,19.0,80.0,198.0
2B,3B_LINE,53,0.53,12.0,98.0,200.0,20.0,76.1,203.0
2B,3B_LINE,54,0.54,12.0,87.6,200.0,19.0,80.3,203.0
2B,3B_LINE,55,0.55,12.0,89.2,202.0,19.0,79.7,204.0
2B,3B_LINE,56,0.56,12.0,105.0,208.0,19.0,76.7,207.0
2B,3B_LINE,57,0.57,13.0,95.7,205.0,21.0,83.2,205.0
2B,3B_LINE,58,0.58,13.0,99.5,213.0,22.0,76.2,209.0
2B,3B_LINE,59,0.59,13.0,95.7,216.0,23.0,73.9,214.0
2B,3B_LINE,60,0.6,13.0,103.0,217.0,20.0,87.1,214.0
2B,3B_LINE,61,0.61,14.0,90.4,215.0,20.0,87.1,214.0
2B,3B_LINE,62,0.62,14.0,87.8,218.0,18.0,83.7,220.0
2B,3B_LINE,63,0.63,14.0,109.7,223.0,18.0,88.8,221.0
2B,3B_LINE,64,0.64,13.0,95.4,225.0,18.0,88.8,221.0
2B,3B_LINE,65,0.65,14.0,105.3,223.0,17.0,97.9,224.0
2B,3B_LINE,66,0.66,14.0,92.0,229.0,19.0,80.2,225.0
2B,3B_LINE,67,0.67,14.0,93.6,230.0,19.0,88.4,226.0
2B,3B_LINE,68,0.68,15.0,90.7,232.0,21.0,81.3,230.0
2B,3B_LINE,69,0.69,15.0,93.4,230.0,20.0,83.7,231.0
2B,3B_LINE,70,0.7,16.0,93.5,234.0,20.0,82.7,234.0
2B,3B_LINE,71,0.71,16.0,103.2,236.0,20.0,82.7,234.0
2B,3B_LINE,72,0.72,16.0,91.3,239.0,19.0,84.5,239.0
2B,3B_LINE,73,0.73,16.0,93.5,243.0,21.0,84.1,243.0
2B,3B_LINE,74,0.74,16.0,97.1,243.0,19.0,89.7,241.0
2B,3B_LINE,75,0.75,16.0,94.3,248.0,20.0,91.2,245.0
2B,3B_LINE,76,0.76,17.0,93.3,250.0,19.0,93.9,252.0
2B,3B_LINE,77,0.77,17.0,100.8,256.0,20.0,93.7,255.0
2B,3B_LINE,78,0.78,18.0,89.8,253.0,22.0,87.3,255.0
2B,3B_LINE,79,0.79,17.0,100.8,256.0,20.0,93.7,255.0
2B,3B_LINE,80,0.8,17.0,95.1,266.0,21.0,89.1,265.0
2B,3B_LINE,81,0.81,17.0,103.2,267.0,21.0,85.4,261.0
2B,3B_LINE,82,0.82,19.0,89.0,267.0,21.0,90.0,270.0
2B,3B_LINE,83,0.83,18.0,90.1,275.0,21.0,90.9,275.0
2B,3B_LINE,84,0.84,19.0,94.5,275.0,21.0,90.9,276.0
2B,3B_LINE,85,0.85,19.0,98.7,280.0,21.0,90.9,275.0
2B,3B_LINE,86,0.86,20.0,96.8,277.0,22.0,83.7,281.0
2B,3B_LINE,87,0.87,20.0,104.0,283.0,22.0,97.9,288.0
2B,3B_LINE,88,0.88,22.0,90.0,283.0,24.0,89.8,283.0
2B,3B_LINE,89,0.89,22.0,87.5,294.0,23.0,87.0,290.0
2B,3B_LINE,90,0.9,22.0,95.8,297.0,23.0,93.9,294.0
2B,3B_LINE,91,0.91,22.0,93.3,292.0,23.0,91.2,293.0
2B,3B_LINE,92,0.92,22.0,89.4,306.0,24.0,93.4,295.0
2B,3B_LINE,93,0.93,23.0,97.6,309.0,24.0,91.0,307.0
2B,3B_LINE,94,0.94,23.0,97.6,309.0,25.0,91.3,308.0
2B,3B_LINE,95,0.95,23.0,96.0,319.0,25.0,91.6,307.0
2B,3B_LINE,96,0.96,25.0,87.2,312.0,25.0,95.3,312.0
2B,3B_LINE,97,0.97,25.0,99.0,331.0,25.0,95.9,321.0
2B,3B_LINE,98,0.98,25.0,93.5,325.0,25.0,99.5,328.0
2B,3B_LINE,99,0.99,25.0,95.7,348.0,25.0,99.0,331.0
2B,3B_LINE,100,1.0,25.0,99.0,331.0,25.0,99.0,331.0
2B,LF,0,0.0,-4.0,80.2,30.0,1.0,94.8,42.0
2B,LF,1,0.01,-4.0,80.2,30.0,1.0,94.8,42.0
2B,LF,2,0.02,-3.0,89.0,33.0,2.0,63.1,33.0
2B,LF,3,0.03,-2.0,94.7,37.0,2.0,73.5,50.0
2B,LF,4,0.04,-1.0,101.1,46.0,3.0,92.5,58.0
2B,LF,5,0.05,0.0,102.4,51.0,3.0,92.5,58.0
2B,LF,6,0.06,1.0,99.4,55.0,4.0,77.4,64.0
2B,LF,7,0.07,1.0,106.5,63.0,5.0,71.3,72.0
2B,LF,8,0.08,2.0,99.5,66.0,6.0,80.3,81.0
2B,LF,9,0.09,2.0,105.3,75.0,7.0,73.6,78.0
2B,LF,10,0.1,2.0,115.8,88.0,7.0,81.4,89.0
2B,LF,11,0.11,3.0,109.7,85.0,8.0,74.2,99.0
2B,LF,12,0.12,3.0,99.1,100.0,8.0,83.1,106.0
2B,LF,13,0.13,4.0,92.5,96.0,8.0,83.1,106.0
2B,LF,14,0.14,4.0,93.2,109.0,9.0,72.2,111.0
2B,LF,15,0.15,5.0,100.8,109.0,9.0,72.7,121.0
2B,LF,16,0.16,5.0,103.4,122.0,10.0,70.4,115.0
2B,LF,17,0.17,5.0,103.1,133.0,12.0,78.3,128.0
2B,LF,18,0.18,6.0,93.2,139.0,13.0,82.3,144.0
2B,LF,19,0.19,7.0,113.3,140.0,14.0,78.7,158.0
2B,LF,20,0.2,7.0,105.9,144.0,16.0,79.7,162.0
2B,LF,21,0.21,8.0,99.1,155.0,17.0,73.2,166.0
2B,LF,22,0.22,8.0,109.7,168.0,18.0,68.4,160.0
2B,LF,23,0.23,8.0,98.5,175.0,16.0,79.1,170.0
2B,LF,24,0.24,9.0,91.5,170.0,15.0,89.1,176.0
2B,LF,25,0.25,9.0,104.7,172.0,15.0,73.7,181.0
2B,LF,26,0.26,9.0,104.0,179.0,15.0,80.8,182.0
2B,LF,27,0.27,10.0,108.7,180.0,15.0,80.9,182.0
2B,LF,28,0.28,10.0,106.7,184.0,17.0,81.2,189.0
2B,LF,29,0.29,10.0,111.7,190.0,17.0,81.6,185.0
2B,LF,30,0.3,10.0,111.7,190.0,17.0,86.3,196.0
2B,LF,31,0.31,10.0,100.7,196.0,17.0,82.7,192.0
2B,LF,32,0.32,10.0,103.8,200.0,18.0,81.4,200.0
2B,LF,33,0.33,10.0,113.3,203.0,17.0,80.2,201.0
2B,LF,34,0.34,10.0,108.8,205.0,17.0,83.6,207.0
2B,LF,35,0.35,11.0,94.7,208.0,17.0,83.6,207.0
2B,LF,36,0.36,11.0,94.1,209.0,19.0,81.7,206.0
2B,LF,37,0.37,11.0,92.3,214.0,19.0,79.2,212.0
2B,LF,38,0.38,11.0,99.6,217.0,19.0,79.6,213.0
2B,LF,39,0.39,12.0,101.9,220.0,19.0,81.0,216.0
2B,LF,40,0.4,12.0,102.6,223.0,19.0,83.9,222.0
2B,LF,41,0.41,12.0,111.3,225.0,19.0,78.5,219.0
2B,LF,42,0.42,12.0,102.6,223.0,18.0,84.7,224.0
2B,LF,43,0.43,12.0,112.3,227.0,18.0,84.7,224.0
2B,LF,44,0.44,12.0,106.2,230.0,19.0,81.1,234.0
2B,LF,45,0.45,13.0,108.2,234.0,19.0,81.1,234.0
2B,LF,46,0.46,13.0,109.8,234.0,19.0,86.9,239.0
2B,LF,47,0.47,13.0,104.1,237.0,19.0,86.9,239.0
2B,LF,48,0.48,13.0,109.8,242.0,19.0,78.4,239.0
2B,LF,49,0.49,14.0,106.6,242.0,20.0,83.9,246.0
2B,LF,50,0.5,14.0,99.4,244.0,20.0,83.9,246.0
2B,LF,51,0.51,15.0,93.1,247.0,21.0,82.5,251.0
2B,LF,52,0.52,15.0,109.5,250.0,20.0,85.5,248.0
2B,LF,53,0.53,15.0,90.4,251.0,20.0,90.9,251.0
2B,LF,54,0.54,15.0,99.7,255.0,19.0,85.3,254.0
2B,LF,55,0.55,15.0,103.5,259.0,20.0,100.6,258.0
2B,LF,56,0.56,15.0,100.5,263.0,20.0,97.3,261.0
2B,LF,57,0.57,15.0,97.7,265.0,19.0,90.3,264.0
2B,LF,58,0.58,15.0,100.7,267.0,19.0,104.3,266.0
2B,LF,59,0.59,16.0,107.3,270.0,20.0,88.0,268.0
2B,LF,60,0.6,16.0,109.5,273.0,20.0,95.0,271.0
2B,LF,61,0.61,16.0,107.6,276.0,20.0,98.1,272.0
2B,LF,62,0.62,16.0,98.1,280.0,21.0,93.2,277.0
2B,LF,63,0.63,17.0,102.0,278.0,21.0,95.2,280.0
2B,LF,64,0.64,17.0,95.5,281.0,20.0,93.4,279.0
2B,LF,65,0.65,17.0,104.7,280.0,20.0,98.0,285.0
2B,LF,66,0.66,17.0,99.1,286.0,20.0,98.6,289.0
2B,LF,67,0.67,17.0,102.9,287.0,20.0,90.9,292.0
2B,LF,68,0.68,17.0,105.1,291.0,21.0,89.9,288.0
2B,LF,69,0.69,18.0,103.7,291.0,21.0,93.7,295.0
2B,LF,70,0.7,18.0,104.5,298.0,20.0,92.5,294.0
2B,LF,71,0.71,18.0,96.2,297.0,21.0,88.3,299.0
2B,LF,72,0.72,18.0,108.2,298.0,21.0,93.2,301.0
2B,LF,73,0.73,18.0,107.0,307.0,21.0,93.6,307.0
2B,LF,74,0.74,19.0,103.6,308.0,21.0,103.6,306.0
2B,LF,75,0.75,19.0,95.5,311.0,21.0,95.9,308.0
2B,LF,76,0.76,19.0,98.8,314.0,21.0,96.7,309.0
2B,LF,77,0.77,19.0,100.4,316.0,21.0,98.2,311.0
2B,LF,78,0.78,19.0,104.1,320.0,21.0,97.7,313.0
2B,LF,79,0.79,20.0,100.4,321.0,22.0,97.0,316.0
2B,LF,80,0.8,20.0,100.4,321.0,22.0,104.2,324.0
2B,LF,81,0.81,20.0,96.6,324.0,22.0,95.8,323.0
2B,LF,82,0.82,20.0,104.7,327.0,22.0,104.9,324.0
2B,LF,83,0.83,20.0,104.7,327.0,22.0,94.8,330.0
2B,LF,84,0.84,21.0,101.3,330.0,23.0,96.8,332.0
2B,LF,85,0.85,21.0,96.1,329.0,24.0,96.0,331.0
2B,LF,86,0.86,22.0,108.1,335.0,24.0,101.7,333.0
2B,LF,87,0.87,22.0,101.7,336.0,24.0,100.8,339.0
2B,LF,88,0.88,21.0,101.3,337.0,23.0,96.2,341.0
2B,LF,89,0.89,21.0,103.7,339.0,23.0,101.0,340.0
2B,LF,90,0.9,21.0,107.2,343.0,23.0,101.0,340.0
2B,LF,91,0.91,21.0,103.6,342.0,22.0,99.2,345.0
2B,LF,92,0.92,22.0,98.7,345.0,23.0,103.1,346.0
2B,LF,93,0.93,22.0,103.1,348.0,23.0,101.5,348.0
2B,LF,94,0.94,22.0,99.1,348.0,23.0,109.6,348.0
2B,LF,95,0.95,22.0,103.5,355.0,23.0,101.9,352.0
2B,LF,96,0.96,23.0,100.1,358.0,23.0,103.5,357.0
2B,LF,97,0.97,22.0,103.1,356.0,23.0,102.4,358.0
2B,LF,98,0.98,22.0,98.9,361.0,23.0,101.7,364.0
2B,LF,99,0.99,22.0,105.9,367.0,22.0,101.4,359.0
2B,LF,100,1.0,22.0,108.3,362.0,22.0,108.3,362.0
2B,LF_GAP,0,0.0,-1.0,105.3,46.0,9.0,96.6,147.0
2B,LF_GAP,1,0.01,-1.0,105.3,46.0,9.0,96.6,147.0
2B,LF_GAP,2,0.02,2.0,103.5,79.0,9.0,96.6,147.0
2B,LF_GAP,3,0.03,5.0,109.9,120.0,10.0,105.4,167.0
2B,LF_GAP,4,0.04,6.0,106.1,145.0,10.0,101.5,189.0
2B,LF_GAP,5,0.05,6.0,105.0,187.0,11.0,101.1,187.0
2B,LF_GAP,6,0.06,7.0,106.4,183.0,12.0,98.0,204.0
2B,LF_GAP,7,0.07,7.0,112.7,200.0,14.0,89.8,204.0
2B,LF_GAP,8,0.08,8.0,106.7,203.0,17.0,82.6,213.0
2B,LF_GAP,9,0.09,8.0,104.9,216.0,45.0,70.8,220.0
2B,LF_GAP,10,0.1,8.0,102.9,216.0,49.0,76.4,222.0
2B,LF_GAP,11,0.11,8.0,106.1,222.0,47.0,72.1,228.0
2B,LF_GAP,12,0.12,9.0,114.5,225.0,45.0,70.7,230.0
2B,LF_GAP,13,0.13,9.0,111.9,232.0,43.0,74.1,242.0
2B,LF_GAP,14,0.14,10.0,101.5,239.0,40.0,75.4,246.0
2B,LF_GAP,15,0.15,10.0,105.9,244.0,40.0,75.4,246.0
2B,LF_GAP,16,0.16,10.0,104.7,248.0,35.0,71.6,245.0
2B,LF_GAP,17,0.17,10.0,108.7,249.0,31.0,74.1,254.0
2B,LF_GAP,18,0.18,11.0,106.1,255.0,27.0,74.2,255.0
2B,LF_GAP,19,0.19,11.0,111.5,254.0,27.0,74.2,255.0
2B,LF_GAP,20,0.2,10.0,106.5,262.0,28.0,78.5,258.0
2B,LF_GAP,21,0.21,11.0,112.4,262.0,27.0,75.8,264.0
2B,LF_GAP,22,0.22,11.0,103.4,270.0,25.0,80.7,264.0
2B,LF_GAP,23,0.23,11.0,116.9,267.0,21.0,83.7,268.0
2B,LF_GAP,24,0.24,12.0,105.4,271.0,22.0,79.5,272.0
2B,LF_GAP,25,0.25,12.0,104.3,272.0,20.0,92.0,275.0
2B,LF_GAP,26,0.26,12.0,106.5,273.0,21.0,88.1,281.0
2B,LF_GAP,27,0.27,12.0,103.7,276.0,21.0,87.9,282.0
2B,LF_GAP,28,0.28,13.0,100.3,283.0,21.0,92.6,281.0
2B,LF_GAP,29,0.29,13.0,109.1,284.0,21.0,84.2,282.0
2B,LF_GAP,30,0.3,12.0,112.2,289.0,19.0,101.2,289.0
2B,LF_GAP,31,0.31,12.0,102.7,291.0,19.0,98.9,292.0
2B,LF_GAP,32,0.32,13.0,103.9,290.0,18.0,101.1,289.0
2B,LF_GAP,33,0.33,12.0,109.6,296.0,18.0,104.5,291.0
2B,LF_GAP,34,0.34,13.0,106.0,294.0,18.0,100.4,298.0
2B,LF_GAP,35,0.35,13.0,106.6,299.0,19.0,95.4,294.0
2B,LF_GAP,36,0.36,13.0,106.6,299.0,19.0,99.1,299.0
2B,LF_GAP,37,0.37,13.0,99.5,302.0,19.0,90.7,302.0
2B,LF_GAP,38,0.38,13.0,109.7,302.0,18.0,93.8,301.0
2B,LF_GAP,39,0.39,13.0,107.7,305.0,18.0,99.5,304.0
2B,LF_GAP,40,0.4,14.0,105.7,303.0,18.0,98.5,306.0
2B,LF_GAP,41,0.41,14.0,105.3,309.0,18.0,96.5,305.0
2B,LF_GAP,42,0.42,14.0,102.5,309.0,19.0,96.0,307.0
2B,LF_GAP,43,0.43,14.0,108.8,310.0,19.0,97.9,311.0
2B,LF_GAP,44,0.44,14.0,104.5,312.0,19.0,97.9,311.0
2B,LF_GAP,45,0.45,14.0,104.9,315.0,19.0,102.5,314.0
2B,LF_GAP,46,0.46,15.0,106.9,315.0,19.0,90.5,314.0
2B,LF_GAP,47,0.47,15.0,105.4,316.0,19.0,94.4,317.0
2B,LF_GAP,48,0.48,15.0,105.4,316.0,20.0,95.7,318.0
2B,LF_GAP,49,0.49,16.0,107.5,318.0,20.0,93.8,321.0
2B,LF_GAP,50,0.5,15.0,106.7,322.0,20.0,93.3,319.0
2B,LF_GAP,51,0.51,16.0,105.5,321.0,19.0,96.4,321.0
2B,LF_GAP,52,0.52,15.0,104.1,324.0,19.0,103.6,325.0
2B,LF_GAP,53,0.53,16.0,109.2,323.0,19.0,96.5,323.0
2B,LF_GAP,54,0.54,16.0,104.0,325.0,19.0,97.8,324.0
2B,LF_GAP,55,0.55,16.0,101.2,326.0,19.0,97.2,326.0
2B,LF_GAP,56,0.56,16.0,108.7,327.0,19.0,98.3,327.0
2B,LF_GAP,57,0.57,16.0,105.4,331.0,20.0,95.2,329.0
2B,LF_GAP,58,0.58,16.0,105.3,333.0,20.0,95.0,333.0
2B,LF_GAP,59,0.59,17.0,105.8,334.0,20.0,95.0,333.0
2B,LF_GAP,60,0.6,17.0,105.3,335.0,20.0,95.8,335.0
2B,LF_GAP,61,0.61,17.0,105.8,337.0,21.0,94.9,336.0
2B,LF_GAP,62,0.62,17.0,105.2,337.0,21.0,92.1,336.0
2B,LF_GAP,63,0.63,17.0,110.2,338.0,20.0,97.8,339.0
2B,LF_GAP,64,0.64,17.0,101.2,339.0,21.0,90.8,339.0
2B,LF_GAP,65,0.65,17.0,104.1,340.0,21.0,95.4,339.0
2B,LF_GAP,66,0.66,17.0,105.5,339.0,21.0,90.8,339.0
2B,LF_GAP,67,0.67,17.0,100.2,342.0,21.0,103.6,342.0
2B,LF_GAP,68,0.68,18.0,102.8,342.0,21.0,102.9,343.0
2B,LF_GAP,69,0.69,19.0,99.6,345.0,21.0,102.5,345.0
2B,LF_GAP,70,0.7,19.0,102.1,344.0,21.0,102.5,345.0
2B,LF_GAP,71,0.71,19.0,100.0,344.0,21.0,97.6,344.0
2B,LF_GAP,72,0.72,19.0,102.4,345.0,22.0,96.4,345.0
2B,LF_GAP,73,0.73,18.0,105.3,349.0,22.0,99.1,346.0
2B,LF_GAP,74,0.74,18.0,101.6,348.0,22.0,93.1,349.0
2B,LF_GAP,75,0.75,19.0,102.4,349.0,22.0,93.1,349.0
2B,LF_GAP,76,0.76,19.0,103.1,350.0,22.0,98.0,351.0
2B,LF_GAP,77,0.77,20.0,96.1,352.0,22.0,98.2,352.0
2B,LF_GAP,78,0.78,20.0,97.9,352.0,22.0,103.6,352.0
2B,LF_GAP,79,0.79,21.0,105.5,354.0,22.0,98.9,353.0
2B,LF_GAP,80,0.8,20.0,101.0,354.0,22.0,93.8,353.0
2B,LF_GAP,81,0.81,20.0,102.1,355.0,21.0,100.0,355.0
2B,LF_GAP,82,0.82,20.0,105.4,356.0,21.0,101.9,355.0
2B,LF_GAP,83,0.83,20.0,106.8,357.0,21.0,102.4,357.0
2B,LF_GAP,84,0.84,19.0,101.9,357.0,20.0,108.6,357.0
2B,LF_GAP,85,0.85,19.0,100.1,358.0,20.0,98.3,359.0
2B,LF_GAP,86,0.86,20.0,100.7,358.0,20.0,101.7,357.0
2B,LF_GAP,87,0.87,19.0,102.5,358.0,21.0,103.8,359.0
2B,LF_GAP,88,0.88,20.0,103.4,359.0,21.0,101.4,360.0
2B,LF_GAP,89,0.89,20.0,102.8,360.0,21.0,100.0,360.0
2B,LF_GAP,90,0.9,20.0,102.6,361.0,21.0,102.7,361.0
2B,LF_GAP,91,0.91,20.0,102.7,363.0,22.0,99.8,361.0
2B,LF_GAP,92,0.92,20.0,102.9,362.0,22.0,102.0,362.0
2B,LF_GAP,93,0.93,20.0,102.7,363.0,22.0,97.0,363.0
2B,LF_GAP,94,0.94,21.0,101.3,363.0,21.0,104.8,364.0
2B,LF_GAP,95,0.95,22.0,105.3,365.0,22.0,98.8,365.0
2B,LF_GAP,96,0.96,22.0,99.9,364.0,22.0,103.6,365.0
2B,LF_GAP,97,0.97,21.0,103.9,366.0,22.0,103.2,366.0
2B,LF_GAP,98,0.98,21.0,104.6,366.0,22.0,103.2,366.0
2B,LF_GAP,99,0.99,21.0,101.6,366.0,21.0,106.6,366.0
2B,LF_GAP,100,1.0,21.0,106.6,366.0,21.0,106.6,366.0
2B,CF,0,0.0,-2.0,98.3,37.0,4.0,82.3,73.0
2B,CF,1,0.01,-2.0,98.3,37.0,4.0,82.3,73.0
2B,CF,2,0.02,0.0,97.5,41.0,5.0,94.3,87.0
2B,CF,3,0.03,1.0,109.9,61.0,6.0,106.0,103.0
2B,CF,4,0.04,2.0,110.2,81.0,7.0,87.8,116.0
2B,CF,5,0.05,4.0,110.7,96.0,7.0,97.0,127.0
2B,CF,6,0.06,4.0,106.7,128.0,8.0,100.7,140.0
2B,CF,7,0.07,5.0,99.8,123.0,8.0,84.0,145.0
2B,CF,8,0.08,5.0,108.8,136.0,9.0,102.0,132.0
2B,CF,9,0.09,5.0,103.0,149.0,11.0,95.7,178.0
2B,CF,10,0.1,5.0,115.1,172.0,11.0,109.2,170.0
2B,CF,11,0.11,6.0,107.5,174.0,11.0,105.9,185.0
2B,CF,12,0.12,7.0,107.9,191.0,43.0,63.8,205.0
2B,CF,13,0.13,7.0,107.9,191.0,57.0,105.3,205.0
2B,CF,14,0.14,8.0,109.2,210.0,57.0,105.3,205.0
2B,CF,15,0.15,8.0,108.0,220.0,48.0,77.6,221.0
2B,CF,16,0.16,9.0,106.1,221.0,53.0,99.9,223.0
2B,CF,17,0.17,9.0,103.9,227.0,54.0,84.3,224.0
2B,CF,18,0.18,10.0,109.4,226.0,55.0,86.7,231.0
2B,CF,19,0.19,10.0,109.4,226.0,55.0,86.7,231.0
2B,CF,20,0.2,10.0,102.3,234.0,55.0,86.7,231.0
2B,CF,21,0.21,10.0,99.1,237.0,47.0,73.2,239.0
2B,CF,22,0.22,10.0,111.4,239.0,47.0,73.8,240.0
2B,CF,23,0.23,10.0,107.2,241.0,46.0,76.6,241.0
2B,CF,24,0.24,10.0,107.2,241.0,44.0,73.5,246.0
2B,CF,25,0.25,11.0,100.2,244.0,43.0,74.4,244.0
2B,CF,26,0.26,10.0,105.6,251.0,37.0,73.7,251.0
2B,CF,27,0.27,10.0,102.0,253.0,35.0,72.4,254.0
2B,CF,28,0.28,10.0,106.6,255.0,35.0,71.1,251.0
2B,CF,29,0.29,11.0,108.2,256.0,35.0,73.6,254.0
2B,CF,30,0.3,10.0,107.9,259.0,41.0,78.5,258.0
2B,CF,31,0.31,10.0,98.9,261.0,41.0,78.5,258.0
2B,CF,32,0.32,11.0,112.6,262.0,41.0,78.5,258.0
2B,CF,33,0.33,12.0,104.1,264.0,27.0,74.5,262.0
2B,CF,34,0.34,12.0,104.1,264.0,27.0,75.0,264.0
2B,CF,35,0.35,11.0,102.1,267.0,25.0,77.5,271.0
2B,CF,36,0.36,11.0,104.9,272.0,22.0,91.1,272.0
2B,CF,37,0.37,12.0,100.8,273.0,22.0,84.2,275.0
2B,CF,38,0.38,13.0,104.9,272.0,22.0,84.2,275.0
2B,CF,39,0.39,13.0,109.5,276.0,19.0,86.5,275.0
2B,CF,40,0.4,12.0,111.1,279.0,17.0,101.8,283.0
2B,CF,41,0.41,12.0,102.7,279.0,17.0,91.3,284.0
2B,CF,42,0.42,13.0,101.9,284.0,19.0,90.7,285.0
2B,CF,43,0.43,13.0,98.1,285.0,17.0,99.8,284.0
2B,CF,44,0.44,13.0,102.9,286.0,17.0,90.0,289.0
2B,CF,45,0.45,13.0,105.5,291.0,17.0,90.0,289.0
2B,CF,46,0.46,13.0,99.3,293.0,17.0,95.1,289.0
2B,CF,47,0.47,13.0,111.2,293.0,17.0,108.8,295.0
2B,CF,48,0.48,13.0,105.1,298.0,16.0,105.6,297.0
2B,CF,49,0.49,13.0,111.7,298.0,17.0,102.9,299.0
2B,CF,50,0.5,13.0,110.2,300.0,16.0,107.5,300.0
2B,CF,51,0.51,13.0,104.9,301.0,16.0,96.7,299.0
2B,CF,52,0.52,13.0,105.9,305.0,16.0,100.8,301.0
2B,CF,53,0.53,14.0,102.3,303.0,17.0,101.3,307.0
2B,CF,54,0.54,14.0,104.5,305.0,17.0,91.8,307.0
2B,CF,55,0.55,14.0,105.3,309.0,17.0,107.2,310.0
2B,CF,56,0.56,13.0,110.7,309.0,17.0,96.3,311.0
2B,CF,57,0.57,14.0,108.3,309.0,17.0,107.2,312.0
2B,CF,58,0.58,14.0,107.2,314.0,17.0,99.8,315.0
2B,CF,59,0.59,15.0,105.9,316.0,16.0,97.7,317.0
2B,CF,60,0.6,15.0,105.2,317.0,18.0,99.7,317.0
2B,CF,61,0.61,15.0,104.4,319.0,18.0,104.4,320.0
2B,CF,62,0.62,15.0,104.6,318.0,18.0,102.0,319.0
2B,CF,63,0.63,15.0,106.2,323.0,18.0,97.4,320.0
2B,CF,64,0.64,14.0,108.0,324.0,18.0,98.6,320.0
2B,CF,65,0.65,14.0,104.8,324.0,16.0,105.4,326.0
2B,CF,66,0.66,15.0,103.8,327.0,17.0,109.6,323.0
2B,CF,67,0.67,15.0,109.0,330.0,17.0,103.8,327.0
2B,CF,68,0.68,16.0,102.5,330.0,17.0,104.4,330.0
2B,CF,69,0.69,16.0,106.3,331.0,17.0,108.5,330.0
2B,CF,70,0.7,16.0,106.6,333.0,18.0,105.9,332.0
2B,CF,71,0.71,17.0,104.6,335.0,18.0,105.9,332.0
2B,CF,72,0.72,17.0,100.5,334.0,19.0,99.8,335.0
2B,CF,73,0.73,17.0,106.4,335.0,18.0,104.5,338.0
2B,CF,74,0.74,16.0,103.2,337.0,18.0,104.5,338.0
2B,CF,75,0.75,16.0,106.4,340.0,17.0,105.0,338.0
2B,CF,76,0.76,16.0,102.1,341.0,17.0,102.6,339.0
2B,CF,77,0.77,16.0,108.1,341.0,19.0,100.8,341.0
2B,CF,78,0.78,17.0,104.9,344.0,19.0,102.6,342.0
2B,CF,79,0.79,17.0,105.6,342.0,20.0,101.6,342.0
2B,CF,80,0.8,17.0,104.9,344.0,18.0,102.3,346.0
2B,CF,81,0.81,17.0,109.2,348.0,18.0,108.2,348.0
2B,CF,82,0.82,17.0,105.3,346.0,18.0,102.3,346.0
2B,CF,83,0.83,17.0,109.2,348.0,18.0,109.4,351.0
2B,CF,84,0.84,17.0,103.9,351.0,19.0,102.9,349.0
2B,CF,85,0.85,18.0,109.4,351.0,19.0,100.8,350.0
2B,CF,86,0.86,18.0,103.1,355.0,19.0,106.3,354.0
2B,CF,87,0.87,18.0,97.5,356.0,19.0,108.8,355.0
2B,CF,88,0.88,18.0,99.2,357.0,19.0,104.1,355.0
2B,CF,89,0.89,18.0,99.2,357.0,18.0,104.9,358.0
2B,CF,90,0.9,18.0,101.8,358.0,18.0,104.9,358.0
2B,CF,91,0.91,18.0,110.4,359.0,18.0,103.4,359.0
2B,CF,92,0.92,18.0,106.0,361.0,18.0,103.5,361.0
2B,CF,93,0.93,19.0,102.8,361.0,19.0,103.1,361.0
2B,CF,94,0.94,19.0,107.1,364.0,20.0,105.4,361.0
2B,CF,95,0.95,20.0,102.0,364.0,20.0,99.4,362.0
2B,CF,96,0.96,19.0,99.9,365.0,19.0,108.0,366.0
2B,CF,97,0.97,19.0,108.0,366.0,19.0,100.1,365.0
2B,CF,98,0.98,18.0,104.2,367.0,18.0,104.2,367.0
2B,CF,99,0.99,18.0,102.6,367.0,18.0,102.6,367.0
2B,CF,100,1.0,18.0,102.6,367.0,18.0,102.6,367.0
2B,RF_GAP,0,0.0,-3.0,105.9,32.0,7.0,103.8,117.0
2B,RF_GAP,1,0.01,-3.0,105.9,32.0,7.0,103.8,117.0
2B,RF_GAP,2,0.02,2.0,99.6,61.0,8.0,93.4,135.0
2B,RF_GAP,3,0.03,4.0,108.7,97.0,9.0,95.5,149.0
2B,RF_GAP,4,0.04,5.0,107.0,137.0,11.0,91.8,179.0
2B,RF_GAP,5,0.05,6.0,103.1,150.0,11.0,101.0,178.0
2B,RF_GAP,6,0.06,7.0,105.4,181.0,14.0,89.4,198.0
2B,RF_GAP,7,0.07,8.0,112.2,188.0,16.0,84.4,207.0
2B,RF_GAP,8,0.08,8.0,112.9,202.0,42.0,69.1,215.0
2B,RF_GAP,9,0.09,8.0,110.1,216.0,51.0,95.6,210.0
2B,RF_GAP,10,0.1,8.0,110.4,212.0,52.0,81.2,217.0
2B,RF_GAP,11,0.11,8.0,103.8,218.0,52.0,81.2,217.0
2B,RF_GAP,12,0.12,8.0,103.3,233.0,49.0,79.0,230.0
2B,RF_GAP,13,0.13,9.0,103.9,234.0,49.0,79.0,230.0
2B,RF_GAP,14,0.14,9.0,103.9,234.0,39.0,70.8,240.0
2B,RF_GAP,15,0.15,10.0,107.3,236.0,36.0,70.1,234.0
2B,RF_GAP,16,0.16,10.0,107.2,244.0,20.0,79.7,244.0
2B,RF_GAP,17,0.17,10.0,106.2,245.0,25.0,76.5,252.0
2B,RF_GAP,18,0.18,10.0,99.2,250.0,25.0,76.5,252.0
2B,RF_GAP,19,0.19,11.0,101.1,253.0,24.0,73.2,252.0
2B,RF_GAP,20,0.2,11.0,105.0,259.0,17.0,102.4,258.0
2B,RF_GAP,21,0.21,11.0,105.6,264.0,19.0,89.3,264.0
2B,RF_GAP,22,0.22,11.0,110.7,267.0,18.0,90.5,267.0
2B,RF_GAP,23,0.23,11.0,104.8,269.0,18.0,90.3,266.0
2B,RF_GAP,24,0.24,11.0,101.3,272.0,18.0,90.7,271.0
2B,RF_GAP,25,0.25,11.0,106.3,274.0,18.0,103.6,272.0
2B,RF_GAP,26,0.26,12.0,99.5,271.0,19.0,95.8,273.0
2B,RF_GAP,27,0.27,12.0,104.8,273.0,19.0,89.4,278.0
2B,RF_GAP,28,0.28,12.0,103.0,277.0,19.0,89.4,278.0
2B,RF_GAP,29,0.29,12.0,107.9,283.0,19.0,99.1,284.0
2B,RF_GAP,30,0.3,12.0,102.7,283.0,19.0,93.9,286.0
2B,RF_GAP,31,0.31,13.0,104.8,286.0,20.0,87.3,283.0
2B,RF_GAP,32,0.32,13.0,112.2,289.0,19.0,93.9,286.0
2B,RF_GAP,33,0.33,13.0,101.7,291.0,19.0,96.2,290.0
2B,RF_GAP,34,0.34,13.0,104.4,293.0,18.0,96.1,290.0
2B,RF_GAP,35,0.35,14.0,107.5,295.0,17.0,94.1,295.0
2B,RF_GAP,36,0.36,14.0,104.4,296.0,18.0,96.1,295.0
2B,RF_GAP,37,0.37,14.0,106.7,297.0,18.0,96.8,298.0
2B,RF_GAP,38,0.38,14.0,104.0,297.0,18.0,95.6,301.0
2B,RF_GAP,39,0.39,14.0,110.5,299.0,19.0,94.5,300.0
2B,RF_GAP,40,0.4,14.0,103.1,301.0,19.0,90.5,302.0
2B,RF_GAP,41,0.41,14.0,108.0,306.0,19.0,94.4,305.0
2B,RF_GAP,42,0.42,15.0,104.7,304.0,19.0,92.9,305.0
2B,RF_GAP,43,0.43,15.0,105.1,306.0,19.0,101.6,307.0
2B,RF_GAP,44,0.44,14.0,107.0,310.0,19.0,92.0,309.0
2B,RF_GAP,45,0.45,14.0,110.3,308.0,19.0,99.5,311.0
2B,RF_GAP,46,0.46,15.0,102.2,311.0,19.0,99.5,311.0
2B,RF_GAP,47,0.47,15.0,100.9,314.0,19.0,95.6,313.0
2B,RF_GAP,48,0.48,16.0,109.5,313.0,20.0,92.0,315.0
2B,RF_GAP,49,0.49,16.0,101.6,314.0,19.0,94.0,316.0
2B,RF_GAP,50,0.5,16.0,106.2,318.0,19.0,94.0,316.0
2B,RF_GAP,51,0.51,15.0,105.4,318.0,19.0,102.8,318.0
2B,RF_GAP,52,0.52,15.0,107.2,322.0,19.0,110.5,322.0
2B,RF_GAP,53,0.53,15.0,107.2,322.0,19.0,101.4,323.0
2B,RF_GAP,54,0.54,15.0,103.9,321.0,19.0,99.1,325.0
2B,RF_GAP,55,0.55,16.0,102.7,324.0,18.0,99.8,326.0
2B,RF_GAP,56,0.56,16.0,103.5,326.0,19.0,107.3,327.0
2B,RF_GAP,57,0.57,16.0,107.7,327.0,20.0,100.7,328.0
2B,RF_GAP,58,0.58,16.0,107.7,327.0,20.0,100.7,328.0
2B,RF_GAP,59,0.59,16.0,109.0,328.0,20.0,98.0,330.0
2B,RF_GAP,60,0.6,17.0,100.3,330.0,19.0,110.0,333.0
2B,RF_GAP,61,0.61,17.0,101.7,332.0,20.0,95.7,334.0
2B,RF_GAP,62,0.62,17.0,101.1,332.0,20.0,98.6,334.0
2B,RF_GAP,63,0.63,17.0,103.8,336.0,20.0,103.6,334.0
2B,RF_GAP,64,0.64,18.0,109.6,336.0,20.0,102.3,335.0
2B,RF_GAP,65,0.65,17.0,99.7,338.0,19.0,96.7,339.0
2B,RF_GAP,66,0.66,18.0,104.2,340.0,20.0,102.7,337.0
2B,RF_GAP,67,0.67,18.0,106.7,339.0,21.0,102.2,339.0
2B,RF_GAP,68,0.68,18.0,102.5,341.0,21.0,94.6,341.0
2B,RF_GAP,69,0.69,18.0,101.2,343.0,20.0,94.9,343.0
2B,RF_GAP,70,0.7,18.0,102.2,343.0,20.0,103.6,342.0
2B,RF_GAP,71,0.71,18.0,106.6,345.0,20.0,94.9,343.0
2B,RF_GAP,72,0.72,18.0,106.7,346.0,20.0,100.6,346.0
2B,RF_GAP,73,0.73,19.0,106.3,346.0,21.0,100.2,346.0
2B,RF_GAP,74,0.74,19.0,101.5,346.0,21.0,96.3,348.0
2B,RF_GAP,75,0.75,19.0,104.4,347.0,21.0,101.4,348.0
2B,RF_GAP,76,0.76,19.0,103.6,349.0,20.0,100.8,348.0
2B,RF_GAP,77,0.77,19.0,97.0,350.0,21.0,101.6,349.0
2B,RF_GAP,78,0.78,19.0,102.3,350.0,20.0,104.6,352.0
2B,RF_GAP,79,0.79,19.0,107.1,352.0,21.0,97.8,351.0
2B,RF_GAP,80,0.8,19.0,106.3,352.0,20.0,103.7,354.0
2B,RF_GAP,81,0.81,19.0,102.3,353.0,20.0,104.7,354.0
2B,RF_GAP,82,0.82,20.0,106.2,354.0,21.0,104.0,354.0
2B,RF_GAP,83,0.83,20.0,105.1,355.0,21.0,102.9,356.0
2B,RF_GAP,84,0.84,20.0,101.4,356.0,21.0,101.0,357.0
2B,RF_GAP,85,0.85,20.0,103.0,356.0,21.0,101.7,358.0
2B,RF_GAP,86,0.86,20.0,100.1,357.0,21.0,101.7,358.0
2B,RF_GAP,87,0.87,20.0,102.3,360.0,21.0,104.0,358.0
2B,RF_GAP,88,0.88,20.0,101.9,359.0,22.0,104.9,359.0
2B,RF_GAP,89,0.89,21.0,103.7,360.0,22.0,104.1,359.0
2B,RF_GAP,90,0.9,21.0,96.3,361.0,22.0,102.2,361.0
2B,RF_GAP,91,0.91,21.0,107.2,362.0,22.0,99.7,362.0
2B,RF_GAP,92,0.92,21.0,103.3,363.0,22.0,101.1,362.0
2B,RF_GAP,93,0.93,21.0,101.2,363.0,22.0,97.8,362.0
2B,RF_GAP,94,0.94,21.0,100.8,364.0,21.0,101.2,363.0
2B,RF_GAP,95,0.95,21.0,99.0,365.0,22.0,101.9,364.0
2B,RF_GAP,96,0.96,21.0,99.0,365.0,22.0,103.7,365.0
2B,RF_GAP,97,0.97,22.0,104.5,365.0,22.0,101.0,365.0
2B,RF_GAP,98,0.98,22.0,102.3,367.0,22.0,99.4,366.0
2B,RF_GAP,99,0.99,21.0,101.4,366.0,21.0,101.4,366.0
2B,RF_GAP,100,1.0,21.0,101.4,366.0,21.0,101.4,366.0
2B,RF,0,0.0,-3.0,101.2,30.0,2.0,93.8,58.0
2B,RF,1,0.01,-3.0,101.2,30.0,2.0,93.8,58.0
2B,RF,2,0.02,-2.0,104.7,38.0,3.0,99.7,62.0
2B,RF,3,0.03,-1.0,97.9,52.0,4.0,85.3,76.0
2B,RF,4,0.04,1.0,98.7,58.0,7.0,66.2,79.0
2B,RF,5,0.05,2.0,92.7,68.0,7.0,73.7,82.0
2B,RF,6,0.06,2.0,109.7,104.0,8.0,72.2,85.0
2B,RF,7,0.07,3.0,101.1,113.0,8.0,91.4,118.0
2B,RF,8,0.08,4.0,108.6,126.0,12.0,66.1,118.0
2B,RF,9,0.09,4.0,106.1,133.0,13.0,77.9,130.0
2B,RF,10,0.1,5.0,108.3,132.0,13.0,78.4,139.0
2B,RF,11,0.11,5.0,106.3,151.0,18.0,65.5,153.0
2B,RF,12,0.12,6.0,103.6,150.0,19.0,64.5,156.0
2B,RF,13,0.13,7.0,104.6,161.0,20.0,61.7,154.0
2B,RF,14,0.14,7.0,98.7,161.0,18.0,67.0,161.0
2B,RF,15,0.15,7.0,106.4,164.0,26.0,60.0,166.0
2B,RF,16,0.16,9.0,103.1,171.0,21.0,62.7,170.0
2B,RF,17,0.17,9.0,106.8,177.0,16.0,83.5,181.0
2B,RF,18,0.18,9.0,103.4,177.0,17.0,78.3,183.0
2B,RF,19,0.19,9.0,110.5,181.0,18.0,77.0,185.0
2B,RF,20,0.2,9.0,109.7,187.0,28.0,63.5,189.0
2B,RF,21,0.21,9.0,91.2,189.0,23.0,71.5,192.0
2B,RF,22,0.22,9.0,109.5,196.0,33.0,63.2,189.0
2B,RF,23,0.23,10.0,103.6,191.0,32.0,68.3,194.0
2B,RF,24,0.24,10.0,103.0,200.0,32.0,62.6,201.0
2B,RF,25,0.25,11.0,104.4,199.0,20.0,75.5,203.0
2B,RF,26,0.26,11.0,106.1,206.0,20.0,75.5,203.0
2B,RF,27,0.27,11.0,104.8,207.0,25.0,68.1,205.0
2B,RF,28,0.28,10.0,104.4,214.0,23.0,76.9,208.0
2B,RF,29,0.29,11.0,101.5,214.0,26.0,68.3,209.0
2B,RF,30,0.3,12.0,92.1,214.0,21.0,76.5,215.0
2B,RF,31,0.31,12.0,108.2,217.0,20.0,77.1,217.0
2B,RF,32,0.32,11.0,98.7,225.0,20.0,79.1,218.0
2B,RF,33,0.33,12.0,107.4,222.0,19.0,87.6,224.0
2B,RF,34,0.34,12.0,97.5,228.0,22.0,78.6,224.0
2B,RF,35,0.35,12.0,98.0,227.0,21.0,84.1,227.0
2B,RF,36,0.36,13.0,99.0,229.0,24.0,76.4,229.0
2B,RF,37,0.37,13.0,110.3,232.0,21.0,87.0,238.0
2B,RF,38,0.38,13.0,115.7,235.0,21.0,85.7,236.0
2B,RF,39,0.39,13.0,111.5,240.0,21.0,85.7,236.0
2B,RF,40,0.4,13.0,96.8,244.0,20.0,86.9,245.0
2B,RF,41,0.41,14.0,94.6,246.0,20.0,87.7,247.0
2B,RF,42,0.42,14.0,107.5,249.0,20.0,80.5,247.0
2B,RF,43,0.43,14.0,97.7,250.0,20.0,87.7,247.0
2B,RF,44,0.44,14.0,107.1,255.0,20.0,89.7,256.0
2B,RF,45,0.45,14.0,107.7,253.0,19.0,97.4,258.0
2B,RF,46,0.46,15.0,99.9,259.0,20.0,89.7,256.0
2B,RF,47,0.47,15.0,106.7,261.0,21.0,91.3,261.0
2B,RF,48,0.48,15.0,99.2,260.0,21.0,90.5,266.0
2B,RF,49,0.49,15.0,102.3,269.0,21.0,91.8,266.0
2B,RF,50,0.5,16.0,106.1,267.0,21.0,89.6,265.0
2B,RF,51,0.51,16.0,97.5,273.0,21.0,86.4,270.0
2B,RF,52,0.52,16.0,109.9,274.0,20.0,94.3,270.0
2B,RF,53,0.53,16.0,109.5,274.0,21.0,102.0,278.0
2B,RF,54,0.54,16.0,99.2,278.0,21.0,87.2,280.0
2B,RF,55,0.55,16.0,104.7,284.0,21.0,91.1,279.0
2B,RF,56,0.56,16.0,110.7,285.0,21.0,92.3,285.0
2B,RF,57,0.57,17.0,98.0,283.0,20.0,96.3,286.0
2B,RF,58,0.58,17.0,105.3,289.0,21.0,93.6,289.0
2B,RF,59,0.59,17.0,107.4,287.0,21.0,92.9,292.0
2B,RF,60,0.6,18.0,106.7,291.0,21.0,102.2,295.0
2B,RF,61,0.61,18.0,105.3,296.0,21.0,100.3,297.0
2B,RF,62,0.62,18.0,111.3,298.0,21.0,92.4,300.0
2B,RF,63,0.63,18.0,104.4,297.0,21.0,94.7,302.0
2B,RF,64,0.64,18.0,106.8,304.0,21.0,104.0,304.0
2B,RF,65,0.65,18.0,100.6,300.0,21.0,107.4,306.0
2B,RF,66,0.66,18.0,104.4,310.0,21.0,101.6,308.0
2B,RF,67,0.67,19.0,95.4,308.0,22.0,100.2,311.0
2B,RF,68,0.68,19.0,98.5,314.0,22.0,93.3,312.0
2B,RF,69,0.69,20.0,100.8,312.0,22.0,100.2,311.0
2B,RF,70,0.7,20.0,108.0,315.0,23.0,101.4,316.0
2B,RF,71,0.71,20.0,102.8,319.0,23.0,104.6,320.0
2B,RF,72,0.72,20.0,102.4,320.0,23.0,101.2,316.0
2B,RF,73,0.73,20.0,99.1,320.0,23.0,102.9,322.0
2B,RF,74,0.74,20.0,98.4,324.0,23.0,98.5,322.0
2B,RF,75,0.75,21.0,101.5,326.0,23.0,99.0,326.0
2B,RF,76,0.76,21.0,109.1,328.0,23.0,99.4,326.0
2B,RF,77,0.77,21.0,103.4,328.0,23.0,97.4,332.0
2B,RF,78,0.78,21.0,102.2,332.0,24.0,99.6,333.0
2B,RF,79,0.79,21.0,99.2,332.0,24.0,97.1,335.0
2B,RF,80,0.8,22.0,97.7,334.0,25.0,97.2,334.0
2B,RF,81,0.81,22.0,98.8,337.0,24.0,101.7,336.0
2B,RF,82,0.82,22.0,99.1,339.0,25.0,92.5,337.0
2B,RF,83,0.83,21.0,104.5,340.0,24.0,99.4,338.0
2B,RF,84,0.84,21.0,106.4,338.0,24.0,104.4,340.0
2B,RF,85,0.85,21.0,101.7,342.0,23.0,105.6,340.0
2B,RF,86,0.86,22.0,99.6,344.0,23.0,98.6,344.0
2B,RF,87,0.87,22.0,99.6,344.0,23.0,100.4,342.0
2B,RF,88,0.88,22.0,101.4,347.0,24.0,101.8,346.0
2B,RF,89,0.89,22.0,100.7,348.0,23.0,97.2,346.0
2B,RF,90,0.9,22.0,95.0,346.0,23.0,107.7,347.0
2B,RF,91,0.91,22.0,98.5,351.0,23.0,106.5,350.0
2B,RF,92,0.92,23.0,107.2,351.0,23.0,100.0,353.0
2B,RF,93,0.93,23.0,100.2,352.0,23.0,98.7,354.0
2B,RF,94,0.94,23.0,103.8,357.0,23.0,100.1,355.0
2B,RF,95,0.95,23.0,103.8,357.0,23.0,100.2,359.0
2B,RF,96,0.96,23.0,101.4,361.0,23.0,107.8,360.0
2B,RF,97,0.97,23.0,100.3,363.0,23.0,102.9,362.0
2B,RF,98,0.98,23.0,103.7,363.0,23.0,100.8,365.0
2B,RF,99,0.99,23.0,101.3,364.0,23.0,100.3,363.0
2B,RF,100,1.0,23.0,102.9,362.0,23.0,102.9,362.0
2B,1B_LINE,0,0.0,-4.0,97.1,39.0,0.0,86.8,40.0
2B,1B_LINE,1,0.01,-4.0,97.1,39.0,0.0,86.8,40.0
2B,1B_LINE,2,0.02,-3.0,104.3,34.0,1.0,90.7,42.0
2B,1B_LINE,3,0.03,-2.0,84.5,36.0,2.0,86.5,48.0
2B,1B_LINE,4,0.04,-1.0,107.4,42.0,3.0,60.9,41.0
2B,1B_LINE,5,0.05,-1.0,101.2,49.0,3.0,89.9,55.0
2B,1B_LINE,6,0.06,0.0,99.7,53.0,4.0,77.2,58.0
2B,1B_LINE,7,0.07,0.0,103.6,55.0,4.0,82.4,66.0
2B,1B_LINE,8,0.08,1.0,86.2,63.0,6.0,79.3,71.0
2B,1B_LINE,9,0.09,1.0,105.5,67.0,6.0,78.0,74.0
2B,1B_LINE,10,0.1,2.0,98.9,72.0,6.0,79.3,79.0
2B,1B_LINE,11,0.11,2.0,107.2,77.0,7.0,75.6,87.0
2B,1B_LINE,12,0.12,2.0,102.2,81.0,8.0,71.4,85.0
2B,1B_LINE,13,0.13,3.0,91.5,86.0,8.0,71.4,85.0
2B,1B_LINE,14,0.14,3.0,100.6,96.0,9.0,66.1,91.0
2B,1B_LINE,15,0.15,4.0,96.8,94.0,11.0,74.2,107.0
2B,1B_LINE,16,0.16,4.0,88.8,103.0,11.0,64.8,105.0
2B,1B_LINE,17,0.17,5.0,101.5,104.0,11.0,64.8,105.0
2B,1B_LINE,18,0.18,5.0,106.2,108.0,12.0,71.0,117.0
2B,1B_LINE,19,0.19,5.0,108.7,116.0,15.0,63.4,122.0
2B,1B_LINE,20,0.2,5.0,108.7,116.0,15.0,64.6,117.0
2B,1B_LINE,21,0.21,5.0,109.8,119.0,14.0,66.0,123.0
2B,1B_LINE,22,0.22,5.0,87.3,129.0,13.0,78.6,130.0
2B,1B_LINE,23,0.23,6.0,100.6,141.0,16.0,68.3,136.0
2B,1B_LINE,24,0.24,7.0,93.6,141.0,19.0,64.6,145.0
2B,1B_LINE,25,0.25,7.0,105.1,144.0,21.0,60.1,146.0
2B,1B_LINE,26,0.26,7.0,95.2,144.0,19.0,64.6,145.0
2B,1B_LINE,27,0.27,7.0,91.4,150.0,18.0,68.5,153.0
2B,1B_LINE,28,0.28,8.0,106.0,158.0,16.0,74.1,154.0
2B,1B_LINE,29,0.29,8.0,90.8,162.0,20.0,67.7,159.0
2B,1B_LINE,30,0.3,8.0,96.2,164.0,23.0,63.6,159.0
2B,1B_LINE,31,0.31,9.0,90.2,161.0,21.0,62.7,168.0
2B,1B_LINE,32,0.32,9.0,86.1,167.0,20.0,69.5,170.0
2B,1B_LINE,33,0.33,10.0,98.5,168.0,21.0,66.0,170.0
2B,1B_LINE,34,0.34,10.0,106.2,173.0,24.0,62.9,175.0
2B,1B_LINE,35,0.35,10.0,100.0,177.0,24.0,64.6,173.0
2B,1B_LINE,36,0.36,10.0,94.9,179.0,18.0,74.3,179.0
2B,1B_LINE,37,0.37,10.0,103.8,178.0,20.0,73.3,178.0
2B,1B_LINE,38,0.38,10.0,103.8,178.0,22.0,70.1,181.0
2B,1B_LINE,39,0.39,11.0,102.9,181.0,23.0,66.1,182.0
2B,1B_LINE,40,0.4,11.0,104.0,184.0,18.0,81.2,183.0
2B,1B_LINE,41,0.41,11.0,93.3,186.0,18.0,72.0,187.0
2B,1B_LINE,42,0.42,11.0,93.3,186.0,18.0,72.0,187.0
2B,1B_LINE,43,0.43,11.0,107.5,192.0,19.0,75.3,190.0
2B,1B_LINE,44,0.44,12.0,103.2,190.0,22.0,72.3,194.0
2B,1B_LINE,45,0.45,12.0,90.6,196.0,23.0,67.7,194.0
2B,1B_LINE,46,0.46,12.0,90.6,196.0,32.0,64.9,196.0
2B,1B_LINE,47,0.47,12.0,90.6,196.0,26.0,67.7,198.0
2B,1B_LINE,48,0.48,12.0,100.4,201.0,20.0,79.2,200.0
2B,1B_LINE,49,0.49,12.0,100.3,201.0,19.0,85.3,198.0
2B,1B_LINE,50,0.5,12.0,108.7,201.0,17.0,80.4,203.0
2B,1B_LINE,51,0.51,12.0,90.7,203.0,23.0,77.1,207.0
2B,1B_LINE,52,0.52,12.0,108.8,208.0,24.0,74.7,207.0
2B,1B_LINE,53,0.53,13.0,91.4,208.0,24.0,78.0,211.0
2B,1B_LINE,54,0.54,13.0,110.1,210.0,22.0,72.9,210.0
2B,1B_LINE,55,0.55,13.0,93.9,213.0,21.0,76.3,211.0
2B,1B_LINE,56,0.56,13.0,86.8,211.0,21.0,77.4,214.0
2B,1B_LINE,57,0.57,13.0,93.9,213.0,21.0,76.0,214.0
2B,1B_LINE,58,0.58,13.0,87.9,215.0,22.0,75.8,216.0
2B,1B_LINE,59,0.59,14.0,107.7,219.0,22.0,75.8,216.0
2B,1B_LINE,60,0.6,14.0,89.7,222.0,21.0,77.6,222.0
2B,1B_LINE,61,0.61,14.0,105.5,220.0,23.0,76.4,222.0
2B,1B_LINE,62,0.62,14.0,104.0,224.0,20.0,81.5,226.0
2B,1B_LINE,63,0.63,15.0,89.8,225.0,23.0,80.7,225.0
2B,1B_LINE,64,0.64,15.0,89.8,225.0,22.0,75.1,230.0
2B,1B_LINE,65,0.65,15.0,100.6,231.0,22.0,80.5,233.0
2B,1B_LINE,66,0.66,15.0,86.9,235.0,18.0,96.0,235.0
2B,1B_LINE,67,0.67,15.0,99.7,233.0,20.0,89.1,235.0
2B,1B_LINE,68,0.68,15.0,104.4,235.0,20.0,89.1,235.0
2B,1B_LINE,69,0.69,15.0,98.3,239.0,22.0,81.7,242.0
2B,1B_LINE,70,0.7,15.0,102.9,240.0,22.0,81.7,242.0
2B,1B_LINE,71,0.71,16.0,96.5,243.0,21.0,90.9,245.0
2B,1B_LINE,72,0.72,17.0,96.9,249.0,20.0,90.1,247.0
2B,1B_LINE,73,0.73,17.0,97.6,248.0,20.0,90.1,247.0
2B,1B_LINE,74,0.74,17.0,97.6,248.0,19.0,83.5,251.0
2B,1B_LINE,75,0.75,17.0,99.4,251.0,20.0,87.2,255.0
2B,1B_LINE,76,0.76,17.0,105.5,255.0,20.0,87.2,255.0
2B,1B_LINE,77,0.77,17.0,101.9,258.0,20.0,88.1,255.0
2B,1B_LINE,78,0.78,18.0,102.7,264.0,20.0,100.2,261.0
2B,1B_LINE,79,0.79,17.0,104.5,267.0,19.0,95.2,265.0
2B,1B_LINE,80,0.8,17.0,110.5,271.0,20.0,89.9,265.0
2B,1B_LINE,81,0.81,17.0,99.9,274.0,20.0,90.7,274.0
2B,1B_LINE,82,0.82,19.0,98.3,273.0,21.0,90.2,269.0
2B,1B_LINE,83,0.83,19.0,104.2,272.0,20.0,104.2,280.0
2B,1B_LINE,84,0.84,20.0,94.4,279.0,22.0,93.3,283.0
2B,1B_LINE,85,0.85,20.0,104.9,286.0,22.0,97.4,285.0
2B,1B_LINE,86,0.86,20.0,97.0,290.0,22.0,93.3,283.0
2B,1B_LINE,87,0.87,20.0,102.3,292.0,22.0,97.4,285.0
2B,1B_LINE,88,0.88,20.0,105.0,289.0,21.0,95.9,288.0
2B,1B_LINE,89,0.89,21.0,94.1,295.0,22.0,94.9,296.0
2B,1B_LINE,90,0.9,21.0,110.4,301.0,22.0,94.9,296.0
2B,1B_LINE,91,0.91,21.0,98.5,299.0,23.0,93.7,303.0
2B,1B_LINE,92,0.92,21.0,98.3,309.0,22.0,92.3,300.0
2B,1B_LINE,93,0.93,22.0,94.1,307.0,23.0,101.5,304.0
2B,1B_LINE,94,0.94,23.0,90.6,314.0,24.0,88.2,310.0
2B,1B_LINE,95,0.95,24.0,98.1,314.0,25.0,94.6,313.0
2B,1B_LINE,96,0.96,26.0,91.6,319.0,26.0,93.2,317.0
2B,1B_LINE,97,0.97,27.0,97.6,317.0,27.0,96.2,326.0
2B,1B_LINE,98,0.98,26.0,98.9,337.0,26.0,93.8,321.0
2B,1B_LINE,99,0.99,26.0,95.4,335.0,26.0,95.4,335.0
2B,1B_LINE,100,1.0,26.0,95.4,335.0,26.0,95.4,335.0
2BWH,,0,0.0,10.0,111.9,229.0,16.0,103.1,235.0
2BWH,,1,0.01,10.0,111.9,229.0,16.0,103.1,235.0
2BWH,,2,0.02,10.0,113.2,240.0,16.0,103.2,243.0
2BWH,,3,0.03,10.0,110.9,238.0,17.0,102.6,237.0
2BWH,,4,0.04,10.0,109.4,241.0,17.0,102.8,254.0
2BWH,,5,0.05,10.0,111.3,259.0,17.0,105.5,255.0
2BWH,,6,0.06,10.0,109.8,255.0,18.0,103.2,263.0
2BWH,,7,0.07,10.0,108.7,266.0,18.0,105.2,261.0
2BWH,,8,0.08,10.0,111.4,265.0,19.0,101.7,266.0
2BWH,,9,0.09,11.0,107.7,268.0,19.0,106.3,272.0
2BWH,,10,0.1,11.0,113.1,268.0,19.0,104.2,272.0
2BWH,,11,0.11,12.0,108.4,274.0,19.0,106.3,272.0
2BWH,,12,0.12,12.0,108.4,274.0,19.0,106.6,280.0
2BWH,,13,0.13,12.0,108.3,283.0,20.0,99.9,285.0
2BWH,,14,0.14,12.0,107.7,285.0,20.0,104.4,287.0
2BWH,,15,0.15,12.0,115.3,291.0,20.0,107.5,286.0
2BWH,,16,0.16,13.0,107.0,289.0,20.0,107.8,292.0
2BWH,,17,0.17,13.0,106.0,294.0,21.0,102.2,295.0
2BWH,,18,0.18,13.0,106.7,296.0,21.0,98.6,294.0
2BWH,,19,0.19,13.0,108.3,297.0,21.0,101.4,295.0
2BWH,,20,0.2,13.0,106.0,296.0,21.0,104.8,300.0
2BWH,,21,0.21,13.0,106.7,300.0,20.0,100.2,302.0
2BWH,,22,0.22,13.0,108.6,301.0,20.0,101.0,302.0
2BWH,,23,0.23,13.0,106.6,304.0,21.0,102.0,305.0
2BWH,,24,0.24,13.0,113.8,304.0,21.0,103.1,305.0
2BWH,,25,0.25,14.0,104.7,307.0,21.0,98.3,309.0
2BWH,,26,0.26,14.0,104.7,307.0,22.0,104.6,312.0
2BWH,,27,0.27,14.0,110.6,310.0,22.0,100.8,313.0
2BWH,,28,0.28,15.0,107.1,311.0,22.0,104.6,312.0
2BWH,,29,0.29,15.0,106.0,313.0,22.0,101.7,314.0
2BWH,,30,0.3,15.0,106.9,316.0,22.0,100.5,317.0
2BWH,,31,0.31,15.0,110.7,319.0,22.0,98.1,318.0
2BWH,,32,0.32,15.0,103.7,320.0,22.0,97.9,317.0
2BWH,,33,0.33,15.0,106.6,319.0,22.0,100.9,318.0
2BWH,,34,0.34,15.0,105.4,321.0,22.0,97.7,321.0
2BWH,,35,0.35,15.0,108.2,324.0,22.0,100.0,323.0
2BWH,,36,0.36,15.0,109.1,324.0,22.0,96.7,324.0
2BWH,,37,0.37,16.0,106.0,324.0,22.0,107.2,324.0
2BWH,,38,0.38,16.0,108.3,327.0,23.0,99.5,325.0
2BWH,,39,0.39,16.0,102.9,326.0,23.0,99.9,326.0
2BWH,,40,0.4,16.0,109.8,330.0,23.0,102.2,329.0
2BWH,,41,0.41,16.0,105.2,330.0,23.0,97.2,329.0
2BWH,,42,0.42,16.0,103.9,331.0,23.0,96.8,332.0
2BWH,,43,0.43,16.0,106.6,333.0,23.0,96.6,332.0
2BWH,,44,0.44,17.0,104.4,334.0,23.0,96.2,333.0
2BWH,,45,0.45,17.0,111.0,333.0,24.0,95.4,333.0
2BWH,,46,0.46,18.0,103.1,333.0,23.0,105.8,335.0
2BWH,,47,0.47,18.0,102.2,336.0,23.0,97.4,337.0
2BWH,,48,0.48,17.0,104.9,337.0,23.0,102.3,336.0
2BWH,,49,0.49,17.0,104.9,337.0,23.0,101.1,337.0
2BWH,,50,0.5,17.0,103.4,339.0,22.0,96.9,339.0
2BWH,,51,0.51,17.0,112.3,338.0,22.0,102.6,338.0
2BWH,,52,0.52,17.0,117.4,339.0,22.0,98.9,340.0
2BWH,,53,0.53,18.0,107.6,341.0,22.0,98.3,342.0
2BWH,,54,0.54,18.0,102.5,341.0,23.0,102.7,342.0
2BWH,,55,0.55,18.0,101.6,343.0,23.0,102.7,342.0
2BWH,,56,0.56,18.0,108.0,342.0,23.0,104.4,343.0
2BWH,,57,0.57,18.0,106.6,345.0,22.0,100.9,345.0
2BWH,,58,0.58,18.0,105.8,346.0,23.0,96.8,345.0
2BWH,,59,0.59,18.0,106.7,345.0,22.0,99.1,346.0
2BWH,,60,0.6,19.0,102.6,345.0,22.0,99.7,347.0
2BWH,,61,0.61,19.0,101.5,346.0,23.0,97.2,346.0
2BWH,,62,0.62,19.0,102.9,348.0,23.0,109.6,348.0
2BWH,,63,0.63,19.0,104.3,349.0,23.0,106.2,347.0
2BWH,,64,0.64,19.0,106.0,349.0,23.0,99.8,349.0
2BWH,,65,0.65,19.0,107.9,349.0,23.0,106.7,350.0
2BWH,,66,0.66,19.0,103.6,350.0,23.0,108.4,350.0
2BWH,,67,0.67,19.0,103.1,350.0,23.0,95.7,351.0
2BWH,,68,0.68,19.0,101.1,351.0,22.0,107.0,353.0
2BWH,,69,0.69,20.0,106.0,353.0,22.0,97.1,352.0
2BWH,,70,0.7,20.0,102.3,354.0,22.0,97.1,355.0
2BWH,,71,0.71,20.0,102.4,354.0,23.0,99.0,355.0
2BWH,,72,0.72,20.0,109.1,355.0,23.0,96.4,356.0
2BWH,,73,0.73,20.0,109.1,355.0,22.0,106.4,356.0
2BWH,,74,0.74,20.0,105.4,356.0,22.0,97.3,357.0
2BWH,,75,0.75,20.0,99.3,358.0,22.0,103.6,357.0
2BWH,,76,0.76,20.0,99.3,358.0,22.0,98.0,357.0
2BWH,,77,0.77,20.0,101.3,358.0,22.0,101.6,359.0
2BWH,,78,0.78,20.0,104.7,359.0,22.0,104.9,359.0
2BWH,,79,0.79,20.0,102.8,359.0,21.0,100.0,359.0
2BWH,,80,0.8,20.0,104.1,361.0,22.0,101.1,360.0
2BWH,,81,0.81,20.0,105.4,361.0,22.0,101.4,360.0
2BWH,,82,0.82,21.0,105.7,362.0,22.0,108.3,362.0
2BWH,,83,0.83,20.0,106.5,363.0,22.0,99.9,362.0
2BWH,,84,0.84,20.0,106.3,362.0,22.0,98.8,362.0
2BWH,,85,0.85,20.0,107.5,363.0,22.0,108.9,364.0
2BWH,,86,0.86,21.0,101.3,363.0,22.0,104.5,365.0
2BWH,,87,0.87,21.0,106.1,364.0,22.0,103.4,364.0
2BWH,,88,0.88,21.0,101.2,365.0,22.0,101.6,366.0
2BWH,,89,0.89,21.0,102.7,367.0,22.0,101.6,366.0
2BWH,,90,0.9,21.0,104.7,367.0,22.0,101.6,366.0
2BWH,,91,0.91,21.0,101.3,366.0,22.0,99.8,367.0
2BWH,,92,0.92,21.0,97.8,368.0,22.0,102.2,367.0
2BWH,,93,0.93,21.0,104.1,368.0,22.0,102.7,368.0
2BWH,,94,0.94,21.0,111.6,369.0,21.0,105.3,368.0
2BWH,,95,0.95,21.0,102.9,370.0,22.0,102.9,369.0
2BWH,,96,0.96,21.0,104.5,371.0,22.0,104.2,369.0
2BWH,,97,0.97,22.0,101.9,371.0,22.0,101.5,370.0
2BWH,,98,0.98,22.0,102.4,372.0,22.0,98.0,371.0
2BWH,,99,0.99,22.0,106.5,372.0,22.0,98.3,371.0
2BWH,,100,1.0,22.0,100.0,372.0,22.0,100.0,372.0
3B,,0,0.0,-3.0,101.8,39.0,2.0,84.3,54.0
3B,,1,0.01,-3.0,101.8,39.0,2.0,84.3,54.0
3B,,2,0.02,-2.0,100.7,35.0,2.0,74.7,55.0
3B,,3,0.03,0.0,100.5,49.0,4.0,92.2,66.0
3B,,4,0.04,0.0,102.1,54.0,5.0,87.0,83.0
3B,,5,0.05,2.0,105.2,62.0,6.0,78.5,65.0
3B,,6,0.06,3.0,102.9,75.0,7.0,82.1,92.0
3B,,7,0.07,3.0,104.9,107.0,9.0,86.2,111.0
3B,,8,0.08,4.0,109.1,103.0,10.0,76.5,103.0
3B,,9,0.09,5.0,99.8,106.0,11.0,64.4,104.0
3B,,10,0.1,6.0,107.6,122.0,13.0,76.7,149.0
3B,,11,0.11,6.0,105.9,137.0,14.0,78.3,151.0
3B,,12,0.12,6.0,97.3,154.0,17.0,78.6,158.0
3B,,13,0.13,8.0,100.9,164.0,15.0,79.1,171.0
3B,,14,0.14,9.0,102.3,170.0,15.0,79.1,171.0
3B,,15,0.15,8.0,100.4,183.0,15.0,85.8,175.0
3B,,16,0.16,8.0,95.4,185.0,16.0,93.4,185.0
3B,,17,0.17,8.0,104.3,191.0,16.0,88.2,186.0
3B,,18,0.18,8.0,104.3,191.0,17.0,81.4,189.0
3B,,19,0.19,9.0,108.1,201.0,16.0,84.8,200.0
3B,,20,0.2,10.0,100.8,201.0,17.0,83.1,205.0
3B,,21,0.21,10.0,94.1,204.0,23.0,78.1,204.0
3B,,22,0.22,9.0,104.4,218.0,18.0,81.1,209.0
3B,,23,0.23,9.0,103.8,219.0,18.0,83.3,218.0
3B,,24,0.24,10.0,106.0,219.0,20.0,84.0,226.0
3B,,25,0.25,10.0,105.5,221.0,26.0,74.8,233.0
3B,,26,0.26,11.0,107.1,236.0,37.0,72.2,227.0
3B,,27,0.27,11.0,102.3,238.0,34.0,74.3,242.0
3B,,28,0.28,11.0,105.1,238.0,36.0,78.9,237.0
3B,,29,0.29,11.0,104.5,243.0,25.0,75.9,247.0
3B,,30,0.3,11.0,106.3,245.0,25.0,79.5,243.0
3B,,31,0.31,12.0,107.8,247.0,22.0,93.1,248.0
3B,,32,0.32,11.0,97.1,254.0,22.0,93.1,248.0
3B,,33,0.33,12.0,107.3,252.0,23.0,83.1,257.0
3B,,34,0.34,12.0,102.8,253.0,22.0,83.2,260.0
3B,,35,0.35,13.0,108.7,259.0,23.0,88.9,259.0
3B,,36,0.36,13.0,108.7,259.0,22.0,88.6,265.0
3B,,37,0.37,13.0,104.2,267.0,21.0,84.7,264.0
3B,,38,0.38,12.0,96.9,269.0,21.0,84.7,264.0
3B,,39,0.39,13.0,99.5,271.0,23.0,81.5,269.0
3B,,40,0.4,13.0,104.6,273.0,25.0,84.5,271.0
3B,,41,0.41,14.0,101.4,270.0,25.0,84.5,271.0
3B,,42,0.42,14.0,99.2,274.0,21.0,84.7,276.0
3B,,43,0.43,14.0,106.8,275.0,21.0,93.2,277.0
3B,,44,0.44,15.0,106.5,279.0,24.0,90.8,280.0
3B,,45,0.45,15.0,106.5,279.0,22.0,89.0,283.0
3B,,46,0.46,15.0,102.0,282.0,23.0,86.7,282.0
3B,,47,0.47,14.0,103.5,286.0,21.0,99.0,283.0
3B,,48,0.48,14.0,104.7,283.0,22.0,89.5,284.0
3B,,49,0.49,15.0,98.9,288.0,20.0,94.0,290.0
3B,,50,0.5,15.0,97.4,288.0,20.0,89.7,289.0
3B,,51,0.51,14.0,105.7,290.0,20.0,94.0,290.0
3B,,52,0.52,15.0,99.9,293.0,21.0,99.2,294.0
3B,,53,0.53,16.0,99.0,294.0,22.0,101.8,299.0
3B,,54,0.54,16.0,97.1,302.0,23.0,93.8,301.0
3B,,55,0.55,16.0,107.0,304.0,23.0,90.8,299.0
3B,,56,0.56,17.0,98.9,304.0,21.0,94.0,305.0
3B,,57,0.57,17.0,103.0,305.0,20.0,95.7,305.0
3B,,58,0.58,16.0,100.7,309.0,20.0,96.3,307.0
3B,,59,0.59,16.0,102.0,311.0,20.0,96.3,307.0
3B,,60,0.6,16.0,102.0,311.0,20.0,94.1,315.0
3B,,61,0.61,16.0,102.1,316.0,22.0,102.4,316.0
3B,,62,0.62,16.0,103.7,315.0,22.0,102.4,316.0
3B,,63,0.63,17.0,93.6,318.0,22.0,97.7,318.0
3B,,64,0.64,17.0,99.2,320.0,19.0,102.4,322.0
3B,,65,0.65,17.0,103.9,324.0,19.0,96.9,324.0
3B,,66,0.66,17.0,105.6,326.0,22.0,92.3,325.0
3B,,67,0.67,18.0,97.5,328.0,24.0,95.1,328.0
3B,,68,0.68,20.0,101.3,326.0,27.0,90.7,330.0
3B,,69,0.69,19.0,96.3,332.0,24.0,91.9,329.0
3B,,70,0.7,18.0,103.7,334.0,24.0,91.7,331.0
3B,,71,0.71,18.0,95.8,332.0,24.0,95.5,332.0
3B,,72,0.72,19.0,104.9,333.0,24.0,95.5,332.0
3B,,73,0.73,19.0,100.1,335.0,26.0,90.3,334.0
3B,,74,0.74,20.0,96.1,337.0,25.0,94.9,338.0
3B,,75,0.75,20.0,105.9,340.0,24.0,101.7,338.0
3B,,76,0.76,20.0,105.9,340.0,24.0,101.7,338.0
3B,,77,0.77,19.0,99.8,340.0,22.0,94.0,341.0
3B,,78,0.78,19.0,98.4,343.0,22.0,95.6,342.0
3B,,79,0.79,19.0,98.4,346.0,24.0,101.4,345.0
3B,,80,0.8,20.0,100.7,347.0,25.0,97.4,345.0
3B,,81,0.81,21.0,100.4,348.0,24.0,99.7,346.0
3B,,82,0.82,20.0,100.7,347.0,22.0,100.1,347.0
3B,,83,0.83,20.0,103.3,350.0,22.0,96.8,348.0
3B,,84,0.84,20.0,103.3,350.0,23.0,102.7,352.0
3B,,85,0.85,21.0,105.2,353.0,23.0,97.9,353.0
3B,,86,0.86,21.0,105.2,353.0,23.0,97.1,353.0
3B,,87,0.87,21.0,95.8,354.0,23.0,98.5,356.0
3B,,88,0.88,21.0,110.3,355.0,23.0,96.6,357.0
3B,,89,0.89,22.0,102.9,356.0,24.0,100.9,357.0
3B,,90,0.9,23.0,102.9,358.0,24.0,100.0,358.0
3B,,91,0.91,24.0,99.5,359.0,25.0,97.5,359.0
3B,,92,0.92,24.0,99.1,361.0,25.0,97.5,359.0
3B,,93,0.93,23.0,101.3,361.0,24.0,99.1,361.0
3B,,94,0.94,23.0,100.1,362.0,23.0,97.9,362.0
3B,,95,0.95,23.0,102.5,365.0,23.0,97.3,363.0
3B,,96,0.96,22.0,100.3,364.0,23.0,100.3,366.0
3B,,97,0.97,23.0,100.3,366.0,24.0,98.6,365.0
3B,,98,0.98,24.0,97.3,368.0,25.0,104.0,368.0
3B,,99,0.99,25.0,100.6,368.0,25.0,100.6,368.0
3B,,100,1.0,25.0,100.6,368.0,25.0,100.6,368.0
3B,3B_LINE,0,0.0,-2.0,103.8,41.0,63.0,80.4,169.0
3B,3B_LINE,1,0.01,-2.0,103.8,41.0,63.0,80.4,169.0
3B,3B_LINE,2,0.02,-2.0,103.8,41.0,63.0,80.4,169.0
3B,3B_LINE,3,0.03,-2.0,103.8,41.0,63.0,80.4,169.0
3B,3B_LINE,4,0.04,-2.0,103.8,41.0,63.0,80.4,169.0
3B,3B_LINE,5,0.05,-2.0,103.8,41.0,63.0,80.4,169.0
3B,3B_LINE,6,0.06,-2.0,103.8,41.0,63.0,80.4,169.0
3B,3B_LINE,7,0.07,-2.0,103.8,41.0,63.0,80.4,169.0
3B,3B_LINE,8,0.08,-2.0,103.8,41.0,63.0,80.4,169.0
3B,3B_LINE,9,0.09,-2.0,103.8,41.0,63.0,80.4,169.0
3B,3B_LINE,10,0.1,-2.0,103.8,41.0,63.0,80.4,169.0
3B,3B_LINE,11,0.11,-2.0,103.8,41.0,63.0,80.4,169.0
3B,3B_LINE,12,0.12,-2.0,103.8,41.0,63.0,80.4,169.0
3B,3B_LINE,13,0.13,5.0,98.1,98.0,17.0,83.1,205.0
3B,3B_LINE,14,0.14,5.0,98.1,98.0,17.0,83.1,205.0
3B,3B_LINE,15,0.15,5.0,98.1,98.0,17.0,83.1,205.0
3B,3B_LINE,16,0.16,7.0,96.2,120.0,17.0,91.4,199.0
3B,3B_LINE,17,0.17,7.0,96.2,120.0,17.0,91.4,199.0
3B,3B_LINE,18,0.18,7.0,96.2,120.0,17.0,91.4,199.0
3B,3B_LINE,19,0.19,9.0,77.0,125.0,18.0,79.9,220.0
3B,3B_LINE,20,0.2,9.0,77.0,125.0,18.0,79.9,220.0
3B,3B_LINE,21,0.21,10.0,94.0,189.0,20.0,80.8,226.0
3B,3B_LINE,22,0.22,10.0,94.0,189.0,20.0,80.8,226.0
3B,3B_LINE,23,0.23,10.0,94.0,189.0,20.0,80.8,226.0
3B,3B_LINE,24,0.24,11.0,89.0,149.0,20.0,80.8,226.0
3B,3B_LINE,25,0.25,11.0,89.0,149.0,20.0,80.8,226.0
3B,3B_LINE,26,0.26,11.0,89.0,149.0,20.0,80.8,226.0
3B,3B_LINE,27,0.27,11.0,101.0,236.0,20.0,80.8,226.0
3B,3B_LINE,28,0.28,11.0,101.0,236.0,20.0,80.8,226.0
3B,3B_LINE,29,0.29,11.0,101.0,236.0,20.0,80.8,226.0
3B,3B_LINE,30,0.3,11.0,101.0,236.0,19.0,89.7,246.0
3B,3B_LINE,31,0.31,11.0,101.0,236.0,19.0,89.7,246.0
3B,3B_LINE,32,0.32,13.0,92.5,209.0,19.0,84.2,243.0
3B,3B_LINE,33,0.33,13.0,92.5,209.0,19.0,84.2,243.0
3B,3B_LINE,34,0.34,13.0,92.5,209.0,19.0,84.2,243.0
3B,3B_LINE,35,0.35,13.0,92.5,209.0,20.0,80.8,226.0
3B,3B_LINE,36,0.36,13.0,92.5,209.0,20.0,80.8,226.0
3B,3B_LINE,37,0.37,13.0,92.5,209.0,20.0,80.8,226.0
3B,3B_LINE,38,0.38,14.0,94.7,247.0,19.0,84.2,243.0
3B,3B_LINE,39,0.39,14.0,94.7,247.0,19.0,84.2,243.0
3B,3B_LINE,40,0.4,14.0,94.7,247.0,19.0,84.2,243.0
3B,3B_LINE,41,0.41,14.0,105.6,252.0,20.0,80.8,226.0
3B,3B_LINE,42,0.42,14.0,105.6,252.0,20.0,80.8,226.0
3B,3B_LINE,43,0.43,14.0,105.6,252.0,20.0,80.8,226.0
3B,3B_LINE,44,0.44,14.0,105.6,252.0,20.0,80.8,226.0
3B,3B_LINE,45,0.45,14.0,105.6,252.0,20.0,80.8,226.0
3B,3B_LINE,46,0.46,14.0,105.6,252.0,20.0,84.8,264.0
3B,3B_LINE,47,0.47,14.0,105.6,252.0,20.0,84.8,264.0
3B,3B_LINE,48,0.48,14.0,105.6,252.0,20.0,84.8,264.0
3B,3B_LINE,49,0.49,16.0,95.4,265.0,20.0,84.8,264.0
3B,3B_LINE,50,0.5,16.0,95.4,265.0,20.0,84.8,264.0
3B,3B_LINE,51,0.51,16.0,95.4,265.0,20.0,84.8,264.0
3B,3B_LINE,52,0.52,16.0,95.4,265.0,29.0,85.4,270.0
3B,3B_LINE,53,0.53,16.0,95.4,265.0,29.0,85.4,270.0
3B,3B_LINE,54,0.54,16.0,95.4,265.0,29.0,85.4,270.0
3B,3B_LINE,55,0.55,16.0,95.4,265.0,29.0,85.4,270.0
3B,3B_LINE,56,0.56,16.0,95.4,265.0,29.0,85.4,270.0
3B,3B_LINE,57,0.57,17.0,93.3,256.0,31.0,79.7,249.0
3B,3B_LINE,58,0.58,17.0,93.3,256.0,31.0,79.7,249.0
3B,3B_LINE,59,0.59,17.0,93.3,256.0,31.0,79.7,249.0
3B,3B_LINE,60,0.6,17.0,93.3,256.0,29.0,85.4,270.0
3B,3B_LINE,61,0.61,17.0,93.3,256.0,29.0,85.4,270.0
3B,3B_LINE,62,0.62,17.0,93.3,256.0,29.0,85.4,270.0
3B,3B_LINE,63,0.63,22.0,90.3,275.0,26.0,89.7,285.0
3B,3B_LINE,64,0.64,22.0,90.3,275.0,26.0,89.7,285.0
3B,3B_LINE,65,0.65,22.0,90.3,275.0,26.0,89.7,285.0
3B,3B_LINE,66,0.66,20.0,97.4,286.0,26.0,89.7,285.0
3B,3B_LINE,67,0.67,20.0,97.4,286.0,26.0,89.7,285.0
3B,3B_LINE,68,0.68,20.0,97.4,286.0,26.0,89.7,285.0
3B,3B_LINE,69,0.69,22.0,90.3,275.0,26.0,90.7,285.0
3B,3B_LINE,70,0.7,22.0,90.3,275.0,26.0,90.7,285.0
3B,3B_LINE,71,0.71,26.0,90.7,285.0,27.0,87.6,295.0
3B,3B_LINE,72,0.72,26.0,90.7,285.0,27.0,87.6,295.0
3B,3B_LINE,73,0.73,26.0,90.7,285.0,27.0,87.6,295.0
3B,3B_LINE,74,0.74,26.0,89.7,285.0,27.0,87.6,295.0
3B,3B_LINE,75,0.75,26.0,89.7,285.0,27.0,87.6,295.0
3B,3B_LINE,76,0.76,26.0,89.7,285.0,27.0,87.6,295.0
3B,3B_LINE,77,0.77,22.0,90.3,275.0,26.0,90.7,285.0
3B,3B_LINE,78,0.78,22.0,90.3,275.0,26.0,90.7,285.0
3B,3B_LINE,79,0.79,22.0,90.3,275.0,26.0,90.7,285.0
3B,3B_LINE,80,0.8,26.0,90.7,285.0,27.0,87.6,295.0
3B,3B_LINE,81,0.81,26.0,90.7,285.0,27.0,87.6,295.0
3B,3B_LINE,82,0.82,26.0,90.7,285.0,27.0,87.6,295.0
3B,3B_LINE,83,0.83,26.0,90.7,285.0,27.0,87.6,295.0
3B,3B_LINE,84,0.84,26.0,90.7,285.0,27.0,87.6,295.0
3B,3B_LINE,85,0.85,20.0,97.4,286.0,27.0,92.3,307.0
3B,3B_LINE,86,0.86,20.0,97.4,286.0,27.0,92.3,307.0
3B,3B_LINE,87,0.87,20.0,97.4,286.0,27.0,92.3,307.0
3B,3B_LINE,88,0.88,27.0,92.3,307.0,27.0,92.3,307.0
3B,3B_LINE,89,0.89,27.0,92.3,307.0,27.0,92.3,307.0
3B,3B_LINE,90,0.9,27.0,92.3,307.0,27.0,92.3,307.0
3B,3B_LINE,91,0.91,27.0,92.3,307.0,27.0,92.3,307.0
3B,3B_LINE,92,0.92,27.0,92.3,307.0,27.0,92.3,307.0
3B,3B_LINE,93,0.93,27.0,92.3,307.0,27.0,92.3,307.0
3B,3B_LINE,94,0.94,27.0,92.3,307.0,27.0,92.3,307.0
3B,3B_LINE,95,0.95,27.0,92.3,307.0,27.0,92.3,307.0
3B,3B_LINE,96,0.96,27.0,92.3,307.0,27.0,92.3,307.0
3B,3B_LINE,97,0.97,27.0,92.3,307.0,27.0,92.3,307.0
3B,3B_LINE,98,0.98,27.0,92.3,307.0,27.0,92.3,307.0
3B,3B_LINE,99,0.99,27.0,92.3,307.0,27.0,92.3,307.0
3B,3B_LINE,100,1.0,27.0,92.3,307.0,27.0,92.3,307.0
3B,LF,0,0.0,-2.0,72.2,33.0,1.0,91.7,51.0
3B,LF,1,0.01,-2.0,72.2,33.0,1.0,91.7,51.0
3B,LF,2,0.02,-2.0,72.2,33.0,1.0,91.7,51.0
3B,LF,3,0.03,-2.0,72.2,33.0,1.0,91.7,51.0
3B,LF,4,0.04,-1.0,89.7,36.0,6.0,78.5,65.0
3B,LF,5,0.05,-1.0,89.7,37.0,6.0,78.5,65.0
3B,LF,6,0.06,-1.0,104.6,41.0,6.0,78.5,65.0
3B,LF,7,0.07,-1.0,96.6,47.0,6.0,78.5,65.0
3B,LF,8,0.08,0.0,97.4,63.0,6.0,78.5,65.0
3B,LF,9,0.09,2.0,96.1,64.0,6.0,78.5,65.0
3B,LF,10,0.1,3.0,96.7,73.0,7.0,101.4,113.0
3B,LF,11,0.11,3.0,96.7,73.0,7.0,94.6,124.0
3B,LF,12,0.12,3.0,103.5,78.0,7.0,103.2,134.0
3B,LF,13,0.13,4.0,93.3,86.0,7.0,103.2,134.0
3B,LF,14,0.14,5.0,99.8,106.0,11.0,92.7,156.0
3B,LF,15,0.15,6.0,100.7,115.0,13.0,84.4,157.0
3B,LF,16,0.16,7.0,94.6,124.0,58.0,70.7,160.0
3B,LF,17,0.17,7.0,103.2,134.0,65.0,88.8,174.0
3B,LF,18,0.18,11.0,92.7,156.0,65.0,88.8,174.0
3B,LF,19,0.19,12.0,85.7,185.0,65.0,88.8,174.0
3B,LF,20,0.2,12.0,75.3,163.0,58.0,70.7,160.0
3B,LF,21,0.21,12.0,75.3,163.0,58.0,70.7,160.0
3B,LF,22,0.22,12.0,75.3,163.0,48.0,71.8,212.0
3B,LF,23,0.23,12.0,99.7,181.0,24.0,74.0,227.0
3B,LF,24,0.24,12.0,85.7,185.0,24.0,74.0,227.0
3B,LF,25,0.25,14.0,85.7,186.0,41.0,76.0,233.0
3B,LF,26,0.26,15.0,105.3,237.0,41.0,76.0,233.0
3B,LF,27,0.27,16.0,97.3,219.0,41.0,76.0,233.0
3B,LF,28,0.28,15.0,105.3,237.0,25.0,79.5,243.0
3B,LF,29,0.29,15.0,103.9,243.0,25.0,79.5,243.0
3B,LF,30,0.3,15.0,103.9,243.0,25.0,79.5,243.0
3B,LF,31,0.31,15.0,105.3,237.0,22.0,81.3,247.0
3B,LF,32,0.32,15.0,103.9,243.0,22.0,81.3,247.0
3B,LF,33,0.33,13.0,105.1,250.0,22.0,86.5,253.0
3B,LF,34,0.34,13.0,105.1,250.0,25.0,79.5,243.0
3B,LF,35,0.35,13.0,105.1,250.0,22.0,86.5,253.0
3B,LF,36,0.36,13.0,105.1,250.0,22.0,86.5,253.0
3B,LF,37,0.37,13.0,98.7,255.0,22.0,83.2,260.0
3B,LF,38,0.38,15.0,89.5,258.0,22.0,83.2,260.0
3B,LF,39,0.39,16.0,92.3,257.0,22.0,83.2,260.0
3B,LF,40,0.4,16.0,92.3,257.0,19.0,88.1,261.0
3B,LF,41,0.41,17.0,92.7,262.0,22.0,83.2,260.0
3B,LF,42,0.42,17.0,97.2,267.0,22.0,83.2,260.0
3B,LF,43,0.43,17.0,97.2,267.0,22.0,83.2,260.0
3B,LF,44,0.44,17.0,97.2,267.0,20.0,92.1,268.0
3B,LF,45,0.45,17.0,97.2,267.0,20.0,92.1,268.0
3B,LF,46,0.46,17.0,95.2,272.0,20.0,92.1,268.0
3B,LF,47,0.47,17.0,95.2,272.0,19.0,89.7,269.0
3B,LF,48,0.48,17.0,97.8,274.0,19.0,89.7,269.0
3B,LF,49,0.49,14.0,99.2,274.0,19.0,89.7,269.0
3B,LF,50,0.5,14.0,99.2,274.0,17.0,102.7,276.0
3B,LF,51,0.51,17.0,95.2,272.0,18.0,95.9,276.0
3B,LF,52,0.52,14.0,105.4,279.0,18.0,95.9,276.0
3B,LF,53,0.53,14.0,105.4,279.0,20.0,91.4,280.0
3B,LF,54,0.54,17.0,102.7,276.0,22.0,88.7,281.0
3B,LF,55,0.55,18.0,95.9,276.0,22.0,88.7,281.0
3B,LF,56,0.56,18.0,95.9,276.0,22.0,88.7,281.0
3B,LF,57,0.57,19.0,92.5,282.0,22.0,89.0,283.0
3B,LF,58,0.58,20.0,91.4,280.0,23.0,90.1,285.0
3B,LF,59,0.59,20.0,94.0,290.0,23.0,90.1,285.0
3B,LF,60,0.6,20.0,94.0,290.0,23.0,90.1,285.0
3B,LF,61,0.61,21.0,95.1,293.0,23.0,88.6,295.0
3B,LF,62,0.62,21.0,95.1,293.0,23.0,88.6,295.0
3B,LF,63,0.63,22.0,91.1,294.0,23.0,88.6,295.0
3B,LF,64,0.64,21.0,95.1,293.0,22.0,91.1,294.0
3B,LF,65,0.65,21.0,94.0,305.0,21.0,95.1,293.0
3B,LF,66,0.66,21.0,94.4,306.0,23.0,88.6,295.0
3B,LF,67,0.67,21.0,94.0,305.0,24.0,94.2,315.0
3B,LF,68,0.68,21.0,94.4,306.0,31.0,92.8,325.0
3B,LF,69,0.69,21.0,94.0,305.0,31.0,92.8,325.0
3B,LF,70,0.7,21.0,94.4,306.0,31.0,92.8,325.0
3B,LF,71,0.71,24.0,94.2,315.0,37.0,94.8,323.0
3B,LF,72,0.72,22.0,96.3,334.0,31.0,92.8,325.0
3B,LF,73,0.73,22.0,96.3,334.0,28.0,88.8,339.0
3B,LF,74,0.74,22.0,96.3,334.0,28.0,88.8,339.0
3B,LF,75,0.75,22.0,96.3,334.0,28.0,88.8,339.0
3B,LF,76,0.76,28.0,88.8,339.0,33.0,90.2,340.0
3B,LF,77,0.77,28.0,95.3,344.0,33.0,90.2,340.0
3B,LF,78,0.78,31.0,92.3,347.0,32.0,91.7,344.0
3B,LF,79,0.79,32.0,91.7,344.0,32.0,99.0,350.0
3B,LF,80,0.8,32.0,91.7,344.0,32.0,99.0,350.0
3B,LF,81,0.81,31.0,92.3,347.0,32.0,96.1,347.0
3B,LF,82,0.82,31.0,99.6,352.0,32.0,96.1,347.0
3B,LF,83,0.83,31.0,92.3,347.0,32.0,99.0,350.0
3B,LF,84,0.84,30.0,92.5,356.0,31.0,92.3,347.0
3B,LF,85,0.85,29.0,97.4,355.0,31.0,99.6,352.0
3B,LF,86,0.86,28.0,95.5,357.0,30.0,92.5,356.0
3B,LF,87,0.87,28.0,95.5,357.0,29.0,97.4,355.0
3B,LF,88,0.88,28.0,95.5,357.0,28.0,95.5,357.0
3B,LF,89,0.89,27.0,94.0,361.0,27.0,94.0,361.0
3B,LF,90,0.9,27.0,94.0,361.0,27.0,94.0,361.0
3B,LF,91,0.91,25.0,104.3,365.0,25.0,104.3,365.0
3B,LF,92,0.92,27.0,94.0,361.0,27.0,94.0,361.0
3B,LF,93,0.93,25.0,100.8,362.0,25.0,100.8,362.0
3B,LF,94,0.94,25.0,104.3,365.0,25.0,104.3,365.0
3B,LF,95,0.95,25.0,104.3,365.0,25.0,104.3,365.0
3B,LF,96,0.96,25.0,104.3,365.0,25.0,104.3,365.0
3B,LF,97,0.97,28.0,99.6,369.0,28.0,99.6,369.0
3B,LF,98,0.98,28.0,99.6,369.0,28.0,99.6,369.0
3B,LF,99,0.99,28.0,99.6,369.0,28.0,99.6,369.0
3B,LF,100,1.0,28.0,99.6,369.0,28.0,99.6,369.0
3B,LF_GAP,0,0.0,5.0,100.2,99.0,12.0,103.3,218.0
3B,LF_GAP,1,0.01,5.0,100.2,99.0,12.0,103.3,218.0
3B,LF_GAP,2,0.02,5.0,100.2,99.0,12.0,103.3,218.0
3B,LF_GAP,3,0.03,5.0,108.4,152.0,12.0,103.3,218.0
3B,LF_GAP,4,0.04,7.0,108.8,184.0,12.0,103.3,218.0
3B,LF_GAP,5,0.05,9.0,106.8,217.0,12.0,103.3,218.0
3B,LF_GAP,6,0.06,6.0,112.8,239.0,12.0,105.8,238.0
3B,LF_GAP,7,0.07,6.0,112.8,239.0,12.0,105.8,238.0
3B,LF_GAP,8,0.08,6.0,112.8,239.0,14.0,103.1,252.0
3B,LF_GAP,9,0.09,6.0,112.8,239.0,14.0,103.1,252.0
3B,LF_GAP,10,0.1,6.0,112.8,239.0,14.0,103.1,252.0
3B,LF_GAP,11,0.11,10.0,108.4,260.0,20.0,85.5,263.0
3B,LF_GAP,12,0.12,10.0,108.4,260.0,20.0,85.5,263.0
3B,LF_GAP,13,0.13,10.0,106.5,265.0,18.0,89.7,264.0
3B,LF_GAP,14,0.14,10.0,106.5,265.0,18.0,89.7,264.0
3B,LF_GAP,15,0.15,11.0,107.7,267.0,20.0,85.5,263.0
3B,LF_GAP,16,0.16,11.0,107.7,267.0,20.0,92.0,272.0
3B,LF_GAP,17,0.17,12.0,108.5,268.0,20.0,92.0,272.0
3B,LF_GAP,18,0.18,13.0,102.5,268.0,20.0,92.0,272.0
3B,LF_GAP,19,0.19,12.0,105.8,278.0,20.0,92.0,272.0
3B,LF_GAP,20,0.2,12.0,105.8,278.0,16.0,97.7,275.0
3B,LF_GAP,21,0.21,12.0,104.0,287.0,16.0,97.7,275.0
3B,LF_GAP,22,0.22,12.0,105.8,278.0,16.0,100.5,275.0
3B,LF_GAP,23,0.23,12.0,106.3,287.0,15.0,101.8,291.0
3B,LF_GAP,24,0.24,12.0,104.0,287.0,16.0,101.4,291.0
3B,LF_GAP,25,0.25,13.0,106.1,294.0,16.0,106.7,288.0
3B,LF_GAP,26,0.26,13.0,106.1,294.0,16.0,101.4,291.0
3B,LF_GAP,27,0.27,13.0,106.1,294.0,17.0,97.0,291.0
3B,LF_GAP,28,0.28,13.0,106.1,294.0,17.0,99.8,302.0
3B,LF_GAP,29,0.29,14.0,101.1,302.0,19.0,97.5,305.0
3B,LF_GAP,30,0.3,15.0,103.1,301.0,19.0,97.5,305.0
3B,LF_GAP,31,0.31,16.0,97.1,302.0,28.0,83.5,306.0
3B,LF_GAP,32,0.32,16.0,101.8,306.0,28.0,83.5,306.0
3B,LF_GAP,33,0.33,17.0,103.0,305.0,27.0,87.3,306.0
3B,LF_GAP,34,0.34,16.0,101.8,306.0,27.0,87.3,306.0
3B,LF_GAP,35,0.35,17.0,103.4,308.0,27.0,87.3,306.0
3B,LF_GAP,36,0.36,14.0,107.5,314.0,19.0,91.8,307.0
3B,LF_GAP,37,0.37,14.0,107.5,314.0,17.0,95.8,312.0
3B,LF_GAP,38,0.38,15.0,106.2,313.0,17.0,107.3,312.0
3B,LF_GAP,39,0.39,15.0,98.6,317.0,17.0,107.3,312.0
3B,LF_GAP,40,0.4,15.0,98.6,317.0,19.0,100.6,316.0
3B,LF_GAP,41,0.41,15.0,99.9,318.0,19.0,100.6,316.0
3B,LF_GAP,42,0.42,15.0,99.9,318.0,19.0,100.6,316.0
3B,LF_GAP,43,0.43,16.0,102.8,321.0,20.0,92.2,318.0
3B,LF_GAP,44,0.44,16.0,102.8,321.0,20.0,96.8,322.0
3B,LF_GAP,45,0.45,16.0,102.8,321.0,19.0,94.1,325.0
3B,LF_GAP,46,0.46,17.0,102.8,325.0,20.0,99.9,327.0
3B,LF_GAP,47,0.47,17.0,101.0,323.0,20.0,99.9,327.0
3B,LF_GAP,48,0.48,16.0,105.7,328.0,20.0,99.9,327.0
3B,LF_GAP,49,0.49,14.0,103.1,331.0,20.0,99.9,327.0
3B,LF_GAP,50,0.5,16.0,105.7,328.0,19.0,96.3,332.0
3B,LF_GAP,51,0.51,16.0,97.9,332.0,19.0,90.0,328.0
3B,LF_GAP,52,0.52,16.0,108.5,333.0,19.0,96.3,332.0
3B,LF_GAP,53,0.53,16.0,105.4,334.0,23.0,98.2,335.0
3B,LF_GAP,54,0.54,16.0,105.4,334.0,23.0,93.5,334.0
3B,LF_GAP,55,0.55,16.0,105.4,334.0,23.0,98.2,335.0
3B,LF_GAP,56,0.56,18.0,101.5,338.0,23.0,98.2,335.0
3B,LF_GAP,57,0.57,18.0,101.5,338.0,20.0,94.4,338.0
3B,LF_GAP,58,0.58,17.0,100.1,338.0,20.0,96.1,337.0
3B,LF_GAP,59,0.59,17.0,105.1,341.0,20.0,94.4,338.0
3B,LF_GAP,60,0.6,17.0,105.1,341.0,21.0,96.1,340.0
3B,LF_GAP,61,0.61,17.0,105.1,341.0,21.0,96.1,342.0
3B,LF_GAP,62,0.62,16.0,105.0,344.0,21.0,99.0,341.0
3B,LF_GAP,63,0.63,17.0,105.1,341.0,20.0,92.9,342.0
3B,LF_GAP,64,0.64,17.0,106.9,345.0,20.0,99.2,345.0
3B,LF_GAP,65,0.65,17.0,106.9,345.0,20.0,92.9,342.0
3B,LF_GAP,66,0.66,17.0,106.9,345.0,20.0,99.2,345.0
3B,LF_GAP,67,0.67,18.0,98.5,347.0,20.0,99.2,345.0
3B,LF_GAP,68,0.68,19.0,99.4,347.0,20.0,99.2,345.0
3B,LF_GAP,69,0.69,19.0,99.4,347.0,21.0,94.6,350.0
3B,LF_GAP,70,0.7,19.0,99.4,347.0,21.0,94.6,350.0
3B,LF_GAP,71,0.71,20.0,100.9,352.0,23.0,98.6,352.0
3B,LF_GAP,72,0.72,20.0,102.9,350.0,23.0,97.1,353.0
3B,LF_GAP,73,0.73,23.0,98.6,352.0,25.0,95.6,351.0
3B,LF_GAP,74,0.74,23.0,98.6,352.0,23.0,102.7,355.0
3B,LF_GAP,75,0.75,20.0,96.4,355.0,23.0,97.1,353.0
3B,LF_GAP,76,0.76,21.0,101.2,355.0,23.0,97.1,353.0
3B,LF_GAP,77,0.77,21.0,101.2,355.0,25.0,99.3,354.0
3B,LF_GAP,78,0.78,19.0,95.6,355.0,21.0,101.2,355.0
3B,LF_GAP,79,0.79,17.0,104.0,356.0,20.0,96.4,355.0
3B,LF_GAP,80,0.8,19.0,95.6,355.0,21.0,101.2,355.0
3B,LF_GAP,81,0.81,19.0,95.6,355.0,21.0,99.3,357.0
3B,LF_GAP,82,0.82,21.0,99.3,357.0,25.0,98.3,356.0
3B,LF_GAP,83,0.83,25.0,98.3,356.0,27.0,94.4,359.0
3B,LF_GAP,84,0.84,26.0,94.6,358.0,27.0,95.9,360.0
3B,LF_GAP,85,0.85,26.0,98.6,361.0,27.0,94.4,359.0
3B,LF_GAP,86,0.86,26.0,98.6,361.0,27.0,94.4,359.0
3B,LF_GAP,87,0.87,23.0,102.2,363.0,26.0,98.6,361.0
3B,LF_GAP,88,0.88,23.0,102.2,363.0,23.0,102.2,363.0
3B,LF_GAP,89,0.89,22.0,100.0,364.0,22.0,100.0,364.0
3B,LF_GAP,90,0.9,22.0,100.0,364.0,22.0,100.0,364.0
3B,LF_GAP,91,0.91,22.0,100.0,364.0,22.0,100.0,364.0
3B,LF_GAP,92,0.92,22.0,100.0,364.0,22.0,100.0,364.0
3B,LF_GAP,93,0.93,22.0,98.8,366.0,22.0,98.8,366.0
3B,LF_GAP,94,0.94,21.0,99.6,365.0,21.0,99.6,365.0
3B,LF_GAP,95,0.95,21.0,100.1,366.0,21.0,100.1,366.0
3B,LF_GAP,96,0.96,22.0,98.8,366.0,22.0,98.8,366.0
3B,LF_GAP,97,0.97,22.0,98.8,366.0,22.0,98.8,366.0
3B,LF_GAP,98,0.98,25.0,95.1,369.0,25.0,95.1,369.0
3B,LF_GAP,99,0.99,25.0,95.1,369.0,25.0,95.1,369.0
3B,LF_GAP,100,1.0,25.0,95.1,369.0,25.0,95.1,369.0
3B,CF,0,0.0,6.0,103.3,139.0,64.0,99.4,221.0
3B,CF,1,0.01,6.0,103.3,139.0,64.0,99.4,221.0
3B,CF,2,0.02,6.0,103.3,139.0,64.0,99.4,221.0
3B,CF,3,0.03,8.0,101.1,206.0,64.0,99.4,221.0
3B,CF,4,0.04,9.0,113.2,240.0,64.0,99.4,221.0
3B,CF,5,0.05,9.0,113.2,240.0,18.0,89.3,253.0
3B,CF,6,0.06,9.0,108.2,250.0,23.0,80.7,258.0
3B,CF,7,0.07,9.0,108.2,250.0,23.0,80.7,258.0
3B,CF,8,0.08,9.0,108.2,250.0,23.0,77.5,258.0
3B,CF,9,0.09,10.0,109.0,254.0,23.0,78.7,264.0
3B,CF,10,0.1,10.0,109.0,254.0,23.0,78.7,264.0
3B,CF,11,0.11,11.0,104.4,264.0,27.0,77.1,268.0
3B,CF,12,0.12,10.0,108.4,269.0,27.0,77.1,268.0
3B,CF,13,0.13,11.0,104.4,264.0,23.0,78.7,264.0
3B,CF,14,0.14,13.0,99.5,271.0,21.0,80.4,268.0
3B,CF,15,0.15,13.0,99.5,271.0,21.0,80.4,268.0
3B,CF,16,0.16,13.0,99.5,271.0,20.0,88.8,275.0
3B,CF,17,0.17,13.0,99.5,271.0,19.0,96.7,270.0
3B,CF,18,0.18,13.0,114.3,278.0,19.0,96.7,270.0
3B,CF,19,0.19,13.0,99.5,271.0,18.0,89.4,274.0
3B,CF,20,0.2,13.0,114.3,278.0,19.0,103.6,278.0
3B,CF,21,0.21,11.0,107.2,279.0,19.0,103.6,278.0
3B,CF,22,0.22,11.0,107.2,279.0,18.0,94.5,278.0
3B,CF,23,0.23,11.0,107.2,279.0,18.0,94.5,281.0
3B,CF,24,0.24,11.0,107.2,279.0,18.0,94.5,281.0
3B,CF,25,0.25,11.0,106.8,286.0,17.0,93.4,282.0
3B,CF,26,0.26,11.0,106.8,286.0,17.0,93.4,282.0
3B,CF,27,0.27,11.0,106.8,286.0,18.0,94.5,281.0
3B,CF,28,0.28,11.0,106.7,287.0,18.0,91.8,288.0
3B,CF,29,0.29,11.0,106.8,286.0,18.0,91.8,288.0
3B,CF,30,0.3,11.0,106.7,287.0,18.0,91.8,288.0
3B,CF,31,0.31,13.0,101.7,292.0,18.0,92.8,290.0
3B,CF,32,0.32,13.0,101.7,292.0,17.0,89.3,293.0
3B,CF,33,0.33,13.0,101.7,292.0,17.0,89.3,293.0
3B,CF,34,0.34,13.0,101.7,292.0,19.0,88.2,296.0
3B,CF,35,0.35,13.0,101.1,294.0,19.0,88.2,296.0
3B,CF,36,0.36,13.0,101.1,294.0,19.0,88.2,296.0
3B,CF,37,0.37,13.0,101.1,294.0,19.0,88.2,296.0
3B,CF,38,0.38,15.0,110.0,300.0,19.0,93.8,298.0
3B,CF,39,0.39,15.0,110.0,300.0,17.0,101.4,302.0
3B,CF,40,0.4,14.0,101.0,306.0,17.0,98.9,305.0
3B,CF,41,0.41,14.0,102.5,307.0,17.0,101.4,302.0
3B,CF,42,0.42,14.0,102.5,307.0,18.0,103.0,301.0
3B,CF,43,0.43,14.0,102.5,307.0,17.0,101.5,310.0
3B,CF,44,0.44,14.0,102.5,307.0,18.0,93.6,308.0
3B,CF,45,0.45,14.0,102.5,307.0,18.0,93.6,308.0
3B,CF,46,0.46,12.0,102.0,312.0,17.0,103.9,315.0
3B,CF,47,0.47,12.0,106.5,313.0,17.0,103.9,315.0
3B,CF,48,0.48,13.0,109.4,316.0,17.0,103.9,315.0
3B,CF,49,0.49,13.0,109.4,316.0,16.0,97.6,311.0
3B,CF,50,0.5,15.0,112.7,318.0,16.0,106.6,315.0
3B,CF,51,0.51,15.0,103.8,318.0,17.0,103.9,315.0
3B,CF,52,0.52,15.0,112.7,318.0,17.0,99.2,320.0
3B,CF,53,0.53,15.0,103.8,318.0,17.0,93.6,318.0
3B,CF,54,0.54,15.0,102.2,318.0,17.0,99.2,320.0
3B,CF,55,0.55,15.0,101.6,326.0,17.0,102.9,324.0
3B,CF,56,0.56,16.0,101.4,324.0,17.0,101.6,327.0
3B,CF,57,0.57,16.0,103.2,330.0,17.0,104.3,331.0
3B,CF,58,0.58,16.0,103.2,330.0,17.0,104.3,331.0
3B,CF,59,0.59,16.0,103.2,330.0,17.0,98.8,334.0
3B,CF,60,0.6,16.0,103.2,330.0,17.0,101.6,327.0
3B,CF,61,0.61,16.0,102.1,335.0,19.0,96.1,332.0
3B,CF,62,0.62,16.0,102.1,335.0,24.0,94.1,331.0
3B,CF,63,0.63,16.0,103.2,337.0,18.0,101.5,337.0
3B,CF,64,0.64,16.0,102.1,335.0,17.0,98.8,334.0
3B,CF,65,0.65,16.0,102.1,335.0,16.0,111.3,337.0
3B,CF,66,0.66,16.0,111.3,337.0,16.0,103.6,338.0
3B,CF,67,0.67,16.0,111.3,337.0,16.0,103.2,337.0
3B,CF,68,0.68,15.0,102.0,340.0,18.0,101.5,337.0
3B,CF,69,0.69,15.0,102.0,340.0,19.0,99.8,340.0
3B,CF,70,0.7,15.0,105.6,338.0,19.0,99.8,340.0
3B,CF,71,0.71,15.0,102.0,340.0,19.0,99.8,340.0
3B,CF,72,0.72,15.0,102.0,340.0,19.0,106.3,346.0
3B,CF,73,0.73,15.0,102.0,340.0,19.0,106.3,346.0
3B,CF,74,0.74,18.0,103.6,344.0,19.0,98.4,346.0
3B,CF,75,0.75,18.0,103.6,344.0,19.0,101.1,348.0
3B,CF,76,0.76,19.0,106.3,346.0,19.0,98.4,346.0
3B,CF,77,0.77,19.0,98.4,346.0,19.0,100.6,350.0
3B,CF,78,0.78,18.0,105.7,351.0,19.0,104.9,352.0
3B,CF,79,0.79,18.0,105.7,351.0,19.0,100.6,350.0
3B,CF,80,0.8,18.0,105.7,351.0,19.0,104.9,352.0
3B,CF,81,0.81,18.0,101.9,354.0,19.0,104.0,353.0
3B,CF,82,0.82,19.0,104.9,352.0,19.0,104.0,353.0
3B,CF,83,0.83,18.0,102.4,355.0,19.0,104.0,353.0
3B,CF,84,0.84,18.0,101.9,354.0,19.0,103.2,357.0
3B,CF,85,0.85,18.0,101.9,354.0,19.0,96.3,354.0
3B,CF,86,0.86,18.0,102.4,355.0,19.0,103.2,357.0
3B,CF,87,0.87,18.0,104.5,357.0,19.0,107.1,357.0
3B,CF,88,0.88,18.0,99.9,358.0,18.0,99.9,358.0
3B,CF,89,0.89,18.0,104.7,358.0,18.0,104.7,358.0
3B,CF,90,0.9,18.0,104.7,358.0,18.0,104.7,358.0
3B,CF,91,0.91,18.0,104.7,358.0,18.0,104.7,358.0
3B,CF,92,0.92,18.0,99.9,358.0,18.0,99.9,358.0
3B,CF,93,0.93,19.0,100.2,362.0,19.0,100.2,362.0
3B,CF,94,0.94,21.0,97.3,360.0,21.0,97.3,360.0
3B,CF,95,0.95,20.0,112.3,365.0,20.0,112.3,365.0
3B,CF,96,0.96,20.0,112.3,365.0,20.0,112.3,365.0
3B,CF,97,0.97,21.0,101.7,366.0,21.0,101.7,366.0
3B,CF,98,0.98,21.0,101.7,366.0,21.0,101.7,366.0
3B,CF,99,0.99,21.0,101.7,366.0,21.0,101.7,366.0
3B,CF,100,1.0,21.0,101.7,366.0,21.0,101.7,366.0
3B,RF_GAP,0,0.0,6.0,108.2,141.0,12.0,99.3,192.0
3B,RF_GAP,1,0.01,6.0,108.2,141.0,12.0,99.3,192.0
3B,RF_GAP,2,0.02,7.0,111.8,165.0,12.0,107.4,193.0
3B,RF_GAP,3,0.03,7.0,108.2,191.0,12.0,99.3,192.0
3B,RF_GAP,4,0.04,8.0,109.4,214.0,12.0,105.5,222.0
3B,RF_GAP,5,0.05,8.0,104.4,218.0,12.0,105.5,222.0
3B,RF_GAP,6,0.06,9.0,105.2,218.0,13.0,107.3,219.0
3B,RF_GAP,7,0.07,9.0,109.5,231.0,12.0,103.0,230.0
3B,RF_GAP,8,0.08,9.0,103.4,243.0,13.0,112.4,233.0
3B,RF_GAP,9,0.09,9.0,103.4,243.0,12.0,107.6,247.0
3B,RF_GAP,10,0.1,9.0,103.4,243.0,13.0,104.4,253.0
3B,RF_GAP,11,0.11,9.0,105.6,248.0,14.0,103.2,258.0
3B,RF_GAP,12,0.12,11.0,108.0,255.0,18.0,89.7,261.0
3B,RF_GAP,13,0.13,11.0,108.0,255.0,18.0,89.7,261.0
3B,RF_GAP,14,0.14,11.0,107.6,261.0,19.0,94.6,263.0
3B,RF_GAP,15,0.15,10.0,101.2,270.0,21.0,86.6,271.0
3B,RF_GAP,16,0.16,10.0,101.2,270.0,21.0,86.6,271.0
3B,RF_GAP,17,0.17,10.0,101.2,270.0,20.0,94.1,273.0
3B,RF_GAP,18,0.18,11.0,101.7,278.0,20.0,94.1,273.0
3B,RF_GAP,19,0.19,11.0,101.7,278.0,19.0,92.2,280.0
3B,RF_GAP,20,0.2,11.0,112.6,281.0,19.0,92.2,280.0
3B,RF_GAP,21,0.21,13.0,103.4,281.0,16.0,99.5,283.0
3B,RF_GAP,22,0.22,13.0,99.8,286.0,16.0,99.5,283.0
3B,RF_GAP,23,0.23,13.0,107.0,287.0,16.0,99.5,283.0
3B,RF_GAP,24,0.24,13.0,107.0,287.0,16.0,98.4,288.0
3B,RF_GAP,25,0.25,12.0,106.3,292.0,16.0,98.4,288.0
3B,RF_GAP,26,0.26,13.0,110.2,289.0,17.0,90.7,293.0
3B,RF_GAP,27,0.27,14.0,105.9,292.0,16.0,99.0,294.0
3B,RF_GAP,28,0.28,14.0,105.4,294.0,19.0,97.5,298.0
3B,RF_GAP,29,0.29,14.0,103.1,295.0,20.0,96.9,298.0
3B,RF_GAP,30,0.3,15.0,106.3,301.0,21.0,91.5,298.0
3B,RF_GAP,31,0.31,14.0,105.0,301.0,19.0,96.3,300.0
3B,RF_GAP,32,0.32,15.0,106.3,301.0,18.0,97.0,304.0
3B,RF_GAP,33,0.33,15.0,101.9,304.0,18.0,97.0,304.0
3B,RF_GAP,34,0.34,14.0,110.1,305.0,18.0,96.5,304.0
3B,RF_GAP,35,0.35,14.0,110.1,305.0,20.0,93.3,305.0
3B,RF_GAP,36,0.36,14.0,110.1,305.0,19.0,94.7,306.0
3B,RF_GAP,37,0.37,14.0,104.1,308.0,20.0,96.3,307.0
3B,RF_GAP,38,0.38,14.0,101.7,308.0,19.0,96.5,310.0
3B,RF_GAP,39,0.39,16.0,102.0,311.0,19.0,92.7,312.0
3B,RF_GAP,40,0.4,16.0,102.0,311.0,19.0,95.3,314.0
3B,RF_GAP,41,0.41,16.0,101.8,314.0,19.0,92.2,315.0
3B,RF_GAP,42,0.42,16.0,102.1,316.0,20.0,93.0,315.0
3B,RF_GAP,43,0.43,15.0,103.5,320.0,19.0,95.7,319.0
3B,RF_GAP,44,0.44,15.0,96.6,319.0,19.0,102.4,322.0
3B,RF_GAP,45,0.45,15.0,103.5,320.0,18.0,97.8,322.0
3B,RF_GAP,46,0.46,16.0,98.3,323.0,19.0,102.4,322.0
3B,RF_GAP,47,0.47,17.0,102.7,323.0,19.0,98.0,324.0
3B,RF_GAP,48,0.48,16.0,102.7,324.0,19.0,96.9,324.0
3B,RF_GAP,49,0.49,17.0,103.6,324.0,22.0,92.3,325.0
3B,RF_GAP,50,0.5,17.0,105.6,326.0,20.0,97.3,327.0
3B,RF_GAP,51,0.51,18.0,97.5,328.0,20.0,95.5,326.0
3B,RF_GAP,52,0.52,18.0,107.8,329.0,21.0,95.3,329.0
3B,RF_GAP,53,0.53,18.0,106.6,328.0,21.0,95.3,329.0
3B,RF_GAP,54,0.54,18.0,107.8,329.0,21.0,91.8,330.0
3B,RF_GAP,55,0.55,16.0,102.2,332.0,19.0,96.2,332.0
3B,RF_GAP,56,0.56,17.0,103.0,334.0,20.0,94.0,332.0
3B,RF_GAP,57,0.57,17.0,104.0,333.0,19.0,104.9,333.0
3B,RF_GAP,58,0.58,17.0,105.7,336.0,22.0,95.4,333.0
3B,RF_GAP,59,0.59,17.0,105.7,336.0,21.0,98.4,337.0
3B,RF_GAP,60,0.6,17.0,101.4,337.0,21.0,101.9,339.0
3B,RF_GAP,61,0.61,18.0,111.2,340.0,23.0,102.6,340.0
3B,RF_GAP,62,0.62,18.0,104.3,340.0,22.0,101.9,340.0
3B,RF_GAP,63,0.63,18.0,104.3,340.0,22.0,95.6,342.0
3B,RF_GAP,64,0.64,18.0,104.3,340.0,20.0,93.9,342.0
3B,RF_GAP,65,0.65,18.0,108.6,343.0,19.0,98.4,343.0
3B,RF_GAP,66,0.66,17.0,106.5,343.0,19.0,102.7,344.0
3B,RF_GAP,67,0.67,18.0,98.2,343.0,19.0,105.7,345.0
3B,RF_GAP,68,0.68,18.0,105.5,345.0,20.0,99.1,345.0
3B,RF_GAP,69,0.69,20.0,100.7,347.0,23.0,94.9,347.0
3B,RF_GAP,70,0.7,21.0,100.4,348.0,22.0,99.7,348.0
3B,RF_GAP,71,0.71,21.0,102.6,348.0,22.0,100.1,347.0
3B,RF_GAP,72,0.72,17.0,106.6,349.0,20.0,101.8,348.0
3B,RF_GAP,73,0.73,17.0,109.4,350.0,19.0,104.3,350.0
3B,RF_GAP,74,0.74,17.0,103.8,350.0,20.0,103.3,350.0
3B,RF_GAP,75,0.75,18.0,101.1,351.0,21.0,103.1,351.0
3B,RF_GAP,76,0.76,21.0,100.4,351.0,21.0,99.6,353.0
3B,RF_GAP,77,0.77,19.0,104.4,354.0,21.0,97.8,353.0
3B,RF_GAP,78,0.78,18.0,106.4,353.0,21.0,105.2,353.0
3B,RF_GAP,79,0.79,19.0,104.4,354.0,21.0,97.8,353.0
3B,RF_GAP,80,0.8,21.0,95.8,354.0,23.0,100.7,354.0
3B,RF_GAP,81,0.81,21.0,95.8,354.0,23.0,100.7,354.0
3B,RF_GAP,82,0.82,21.0,100.1,356.0,24.0,97.1,358.0
3B,RF_GAP,83,0.83,21.0,99.6,357.0,23.0,98.5,356.0
3B,RF_GAP,84,0.84,20.0,100.2,357.0,24.0,99.5,359.0
3B,RF_GAP,85,0.85,21.0,99.9,360.0,23.0,94.8,360.0
3B,RF_GAP,86,0.86,21.0,99.9,360.0,23.0,97.8,361.0
3B,RF_GAP,87,0.87,23.0,94.8,360.0,23.0,97.8,361.0
3B,RF_GAP,88,0.88,23.0,97.8,361.0,23.0,100.1,362.0
3B,RF_GAP,89,0.89,22.0,99.2,362.0,23.0,97.9,362.0
3B,RF_GAP,90,0.9,20.0,99.5,363.0,22.0,99.2,362.0
3B,RF_GAP,91,0.91,20.0,99.1,365.0,22.0,103.2,362.0
3B,RF_GAP,92,0.92,20.0,99.1,365.0,23.0,100.3,366.0
3B,RF_GAP,93,0.93,23.0,100.3,366.0,23.0,100.3,366.0
3B,RF_GAP,94,0.94,22.0,100.5,367.0,22.0,100.5,367.0
3B,RF_GAP,95,0.95,25.0,98.2,367.0,25.0,98.2,367.0
3B,RF_GAP,96,0.96,26.0,98.6,367.0,26.0,98.6,367.0
3B,RF_GAP,97,0.97,23.0,101.3,368.0,23.0,101.3,368.0
3B,RF_GAP,98,0.98,23.0,101.3,368.0,23.0,101.3,368.0
3B,RF_GAP,99,0.99,22.0,99.7,368.0,22.0,99.7,368.0
3B,RF_GAP,100,1.0,22.0,99.7,368.0,22.0,99.7,368.0
3B,RF,0,0.0,-3.0,101.8,39.0,1.0,99.1,51.0
3B,RF,1,0.01,-3.0,101.8,39.0,1.0,99.1,51.0
3B,RF,2,0.02,-2.0,97.0,34.0,2.0,94.8,50.0
3B,RF,3,0.03,0.0,100.5,49.0,2.0,100.1,64.0
3B,RF,4,0.04,0.0,103.6,53.0,3.0,90.7,72.0
3B,RF,5,0.05,2.0,96.2,61.0,5.0,87.0,83.0
3B,RF,6,0.06,2.0,105.2,66.0,7.0,82.1,92.0
3B,RF,7,0.07,2.0,106.7,87.0,7.0,88.5,94.0
3B,RF,8,0.08,3.0,104.9,107.0,7.0,86.5,98.0
3B,RF,9,0.09,3.0,96.9,114.0,7.0,86.4,108.0
3B,RF,10,0.1,3.0,96.9,114.0,9.0,92.1,120.0
3B,RF,11,0.11,6.0,99.1,112.0,10.0,84.9,129.0
3B,RF,12,0.12,6.0,94.2,129.0,11.0,87.9,147.0
3B,RF,13,0.13,6.0,94.2,129.0,10.0,75.8,136.0
3B,RF,14,0.14,6.0,105.9,137.0,12.0,91.7,159.0
3B,RF,15,0.15,7.0,100.8,170.0,13.0,86.4,170.0
3B,RF,16,0.16,8.0,95.7,174.0,13.0,86.4,170.0
3B,RF,17,0.17,9.0,109.5,170.0,14.0,90.0,176.0
3B,RF,18,0.18,9.0,109.2,179.0,14.0,87.4,179.0
3B,RF,19,0.19,9.0,109.2,179.0,14.0,87.4,179.0
3B,RF,20,0.2,10.0,103.9,176.0,14.0,92.0,185.0
3B,RF,21,0.21,10.0,107.8,184.0,14.0,87.3,185.0
3B,RF,22,0.22,10.0,106.4,186.0,14.0,92.0,185.0
3B,RF,23,0.23,11.0,112.8,187.0,13.0,98.8,196.0
3B,RF,24,0.24,11.0,93.9,197.0,16.0,84.8,200.0
3B,RF,25,0.25,11.0,97.6,200.0,16.0,84.8,200.0
3B,RF,26,0.26,10.0,106.8,204.0,16.0,84.8,200.0
3B,RF,27,0.27,10.0,94.1,204.0,18.0,81.1,209.0
3B,RF,28,0.28,11.0,105.5,205.0,17.0,86.9,216.0
3B,RF,29,0.29,12.0,99.8,206.0,17.0,86.9,216.0
3B,RF,30,0.3,12.0,112.8,227.0,17.0,86.9,216.0
3B,RF,31,0.31,13.0,95.7,221.0,20.0,83.1,228.0
3B,RF,32,0.32,15.0,97.6,221.0,26.0,76.9,230.0
3B,RF,33,0.33,15.0,94.9,231.0,26.0,73.8,227.0
3B,RF,34,0.34,15.0,100.2,230.0,26.0,74.8,233.0
3B,RF,35,0.35,13.0,101.8,231.0,26.0,74.8,233.0
3B,RF,36,0.36,12.0,101.8,243.0,29.0,75.4,237.0
3B,RF,37,0.37,13.0,95.5,241.0,29.0,75.4,237.0
3B,RF,38,0.38,13.0,101.4,246.0,23.0,82.3,243.0
3B,RF,39,0.39,14.0,107.3,246.0,22.0,93.1,248.0
3B,RF,40,0.4,14.0,107.9,247.0,21.0,83.2,250.0
3B,RF,41,0.41,14.0,101.4,250.0,21.0,92.1,252.0
3B,RF,42,0.42,14.0,112.9,255.0,20.0,84.1,251.0
3B,RF,43,0.43,14.0,107.7,259.0,20.0,87.2,253.0
3B,RF,44,0.44,15.0,95.4,261.0,19.0,92.5,254.0
3B,RF,45,0.45,15.0,95.1,261.0,23.0,88.9,259.0
3B,RF,46,0.46,16.0,95.2,260.0,24.0,84.5,260.0
3B,RF,47,0.47,15.0,95.1,261.0,21.0,84.7,264.0
3B,RF,48,0.48,14.0,99.9,268.0,21.0,95.0,264.0
3B,RF,49,0.49,14.0,99.9,268.0,21.0,89.8,268.0
3B,RF,50,0.5,15.0,97.8,269.0,21.0,89.8,268.0
3B,RF,51,0.51,16.0,105.1,270.0,23.0,88.7,276.0
3B,RF,52,0.52,16.0,105.3,279.0,23.0,88.7,276.0
3B,RF,53,0.53,19.0,89.0,280.0,26.0,85.9,281.0
3B,RF,54,0.54,18.0,96.2,282.0,25.0,86.0,280.0
3B,RF,55,0.55,17.0,97.6,283.0,25.0,86.0,280.0
3B,RF,56,0.56,16.0,102.5,282.0,22.0,89.5,284.0
3B,RF,57,0.57,17.0,97.6,283.0,22.0,89.5,284.0
3B,RF,58,0.58,17.0,106.5,288.0,20.0,90.8,286.0
3B,RF,59,0.59,19.0,91.5,289.0,23.0,89.9,287.0
3B,RF,60,0.6,19.0,93.9,292.0,22.0,92.9,294.0
3B,RF,61,0.61,19.0,97.5,295.0,24.0,90.6,291.0
3B,RF,62,0.62,20.0,96.3,300.0,24.0,87.2,302.0
3B,RF,63,0.63,20.0,93.4,299.0,24.0,87.2,302.0
3B,RF,64,0.64,19.0,102.3,300.0,24.0,97.1,306.0
3B,RF,65,0.65,18.0,99.8,302.0,24.0,95.8,310.0
3B,RF,66,0.66,20.0,101.3,312.0,27.0,88.9,311.0
3B,RF,67,0.67,20.0,101.3,312.0,27.0,86.7,309.0
3B,RF,68,0.68,22.0,102.4,316.0,26.0,91.9,317.0
3B,RF,69,0.69,19.0,109.1,324.0,24.0,95.4,320.0
3B,RF,70,0.7,22.0,97.7,318.0,29.0,97.3,327.0
3B,RF,71,0.71,24.0,95.1,328.0,34.0,87.0,328.0
3B,RF,72,0.72,27.0,93.2,329.0,34.0,87.0,328.0
3B,RF,73,0.73,27.0,93.2,329.0,28.0,93.7,329.0
3B,RF,74,0.74,26.0,95.0,331.0,28.0,91.8,331.0
3B,RF,75,0.75,28.0,91.8,331.0,35.0,95.9,334.0
3B,RF,76,0.76,29.0,93.0,334.0,34.0,98.6,333.0
3B,RF,77,0.77,29.0,98.7,337.0,32.0,88.9,336.0
3B,RF,78,0.78,29.0,96.1,337.0,32.0,88.9,336.0
3B,RF,79,0.79,28.0,99.6,339.0,32.0,88.9,336.0
3B,RF,80,0.8,26.0,97.2,339.0,29.0,93.0,341.0
3B,RF,81,0.81,26.0,97.5,343.0,29.0,93.0,341.0
3B,RF,82,0.82,26.0,97.5,343.0,28.0,99.3,341.0
3B,RF,83,0.83,26.0,96.9,344.0,29.0,98.3,345.0
3B,RF,84,0.84,27.0,98.4,345.0,29.0,100.0,347.0
3B,RF,85,0.85,29.0,100.0,347.0,30.0,93.5,350.0
3B,RF,86,0.86,29.0,94.3,350.0,30.0,93.5,350.0
3B,RF,87,0.87,24.0,103.5,352.0,29.0,94.3,350.0
3B,RF,88,0.88,27.0,103.2,352.0,29.0,101.3,350.0
3B,RF,89,0.89,24.0,103.5,352.0,26.0,104.3,355.0
3B,RF,90,0.9,26.0,104.3,355.0,28.0,95.3,357.0
3B,RF,91,0.91,24.0,100.9,357.0,25.0,94.6,358.0
3B,RF,92,0.92,25.0,99.1,359.0,26.0,100.0,358.0
3B,RF,93,0.93,25.0,97.5,359.0,26.0,100.0,358.0
3B,RF,94,0.94,26.0,94.5,360.0,26.0,100.0,358.0
3B,RF,95,0.95,27.0,94.7,361.0,27.0,94.7,361.0
3B,RF,96,0.96,26.0,93.7,363.0,26.0,93.7,363.0
3B,RF,97,0.97,29.0,99.4,363.0,29.0,99.4,363.0
3B,RF,98,0.98,30.0,96.8,366.0,30.0,96.8,366.0
3B,RF,99,0.99,29.0,98.3,368.0,29.0,98.3,368.0
3B,RF,100,1.0,29.0,98.3,368.0,29.0,98.3,368.0
3B,1B_LINE,0,0.0,-3.0,104.4,34.0,-1.0,78.7,33.0
3B,1B_LINE,1,0.01,-3.0,104.4,34.0,-1.0,78.7,33.0
3B,1B_LINE,2,0.02,-3.0,104.4,34.0,0.0,91.7,40.0
3B,1B_LINE,3,0.03,-3.0,92.6,38.0,0.0,95.5,42.0
3B,1B_LINE,4,0.04,-3.0,92.6,38.0,1.0,86.5,46.0
3B,1B_LINE,5,0.05,-1.0,99.9,40.0,1.0,83.0,44.0
3B,1B_LINE,6,0.06,0.0,105.9,49.0,2.0,86.5,50.0
3B,1B_LINE,7,0.07,0.0,105.9,49.0,2.0,84.3,54.0
3B,1B_LINE,8,0.08,0.0,107.9,51.0,2.0,74.7,55.0
3B,1B_LINE,9,0.09,0.0,97.8,54.0,2.0,105.2,62.0
3B,1B_LINE,10,0.1,0.0,101.1,57.0,2.0,100.3,67.0
3B,1B_LINE,11,0.11,0.0,96.9,62.0,4.0,84.3,68.0
3B,1B_LINE,12,0.12,0.0,96.9,62.0,6.0,74.3,72.0
3B,1B_LINE,13,0.13,2.0,97.7,69.0,4.0,84.3,68.0
3B,1B_LINE,14,0.14,3.0,98.1,72.0,4.0,95.9,76.0
3B,1B_LINE,15,0.15,3.0,95.1,75.0,4.0,89.4,74.0
3B,1B_LINE,16,0.16,3.0,101.6,76.0,4.0,99.0,86.0
3B,1B_LINE,17,0.17,3.0,99.1,77.0,5.0,96.0,88.0
3B,1B_LINE,18,0.18,4.0,99.0,86.0,5.0,98.7,95.0
3B,1B_LINE,19,0.19,3.0,96.1,95.0,5.0,104.0,101.0
3B,1B_LINE,20,0.2,3.0,105.2,98.0,10.0,76.5,103.0
3B,1B_LINE,21,0.21,4.0,102.5,109.0,10.0,76.5,103.0
3B,1B_LINE,22,0.22,5.0,88.4,102.0,10.0,76.5,103.0
3B,1B_LINE,23,0.23,6.0,103.0,104.0,9.0,81.6,115.0
3B,1B_LINE,24,0.24,6.0,100.1,120.0,9.0,86.2,111.0
3B,1B_LINE,25,0.25,6.0,100.1,120.0,8.0,90.8,133.0
3B,1B_LINE,26,0.26,7.0,89.7,125.0,9.0,90.8,134.0
3B,1B_LINE,27,0.27,6.0,93.4,140.0,9.0,90.8,134.0
3B,1B_LINE,28,0.28,7.0,89.3,142.0,12.0,83.9,142.0
3B,1B_LINE,29,0.29,8.0,98.6,150.0,13.0,76.7,149.0
3B,1B_LINE,30,0.3,8.0,98.6,150.0,13.0,76.7,149.0
3B,1B_LINE,31,0.31,6.0,97.3,154.0,13.0,85.9,152.0
3B,1B_LINE,32,0.32,6.0,97.3,154.0,13.0,85.9,152.0
3B,1B_LINE,33,0.33,8.0,92.8,160.0,13.0,86.9,162.0
3B,1B_LINE,34,0.34,8.0,92.8,160.0,13.0,80.8,159.0
3B,1B_LINE,35,0.35,8.0,100.9,164.0,13.0,80.8,159.0
3B,1B_LINE,36,0.36,9.0,106.9,166.0,14.0,82.0,167.0
3B,1B_LINE,37,0.37,10.0,103.3,167.0,14.0,82.0,167.0
3B,1B_LINE,38,0.38,11.0,86.3,170.0,13.0,89.3,168.0
3B,1B_LINE,39,0.39,10.0,100.5,173.0,12.0,99.2,171.0
3B,1B_LINE,40,0.4,10.0,100.5,173.0,13.0,85.3,174.0
3B,1B_LINE,41,0.41,10.0,98.9,176.0,13.0,85.3,174.0
3B,1B_LINE,42,0.42,10.0,98.9,176.0,13.0,88.4,179.0
3B,1B_LINE,43,0.43,10.0,98.9,176.0,13.0,95.0,182.0
3B,1B_LINE,44,0.44,9.0,110.0,182.0,13.0,95.0,182.0
3B,1B_LINE,45,0.45,10.0,107.0,185.0,14.0,95.3,189.0
3B,1B_LINE,46,0.46,12.0,102.4,190.0,17.0,81.4,189.0
3B,1B_LINE,47,0.47,13.0,101.5,190.0,17.0,81.4,189.0
3B,1B_LINE,48,0.48,11.0,108.6,192.0,15.0,86.3,193.0
3B,1B_LINE,49,0.49,11.0,108.6,192.0,14.0,97.7,190.0
3B,1B_LINE,50,0.5,11.0,108.6,192.0,15.0,85.3,200.0
3B,1B_LINE,51,0.51,12.0,92.7,198.0,15.0,89.5,201.0
3B,1B_LINE,52,0.52,11.0,103.8,202.0,15.0,85.3,200.0
3B,1B_LINE,53,0.53,11.0,103.8,202.0,23.0,78.1,204.0
3B,1B_LINE,54,0.54,13.0,98.5,207.0,23.0,78.1,204.0
3B,1B_LINE,55,0.55,14.0,85.5,206.0,23.0,78.1,204.0
3B,1B_LINE,56,0.56,14.0,95.6,214.0,15.0,90.2,213.0
3B,1B_LINE,57,0.57,14.0,95.6,214.0,17.0,84.4,218.0
3B,1B_LINE,58,0.58,13.0,105.5,217.0,15.0,84.2,215.0
3B,1B_LINE,59,0.59,13.0,99.2,221.0,18.0,88.7,224.0
3B,1B_LINE,60,0.6,13.0,99.2,221.0,16.0,94.6,225.0
3B,1B_LINE,61,0.61,14.0,101.5,226.0,18.0,92.6,226.0
3B,1B_LINE,62,0.62,16.0,95.7,226.0,37.0,72.2,227.0
3B,1B_LINE,63,0.63,23.0,78.7,232.0,40.0,79.2,238.0
3B,1B_LINE,64,0.64,23.0,78.7,232.0,40.0,76.0,235.0
3B,1B_LINE,65,0.65,18.0,95.4,242.0,38.0,75.4,242.0
3B,1B_LINE,66,0.66,16.0,91.3,240.0,29.0,77.0,243.0
3B,1B_LINE,67,0.67,16.0,104.9,246.0,26.0,79.3,245.0
3B,1B_LINE,68,0.68,17.0,99.1,247.0,26.0,76.5,249.0
3B,1B_LINE,69,0.69,16.0,104.9,246.0,26.0,79.3,245.0
3B,1B_LINE,70,0.7,16.0,94.8,251.0,25.0,80.1,252.0
3B,1B_LINE,71,0.71,16.0,94.8,251.0,25.0,80.1,252.0
3B,1B_LINE,72,0.72,20.0,94.3,260.0,25.0,81.3,258.0
3B,1B_LINE,73,0.73,20.0,94.3,260.0,24.0,87.1,262.0
3B,1B_LINE,74,0.74,19.0,88.1,266.0,21.0,88.3,266.0
3B,1B_LINE,75,0.75,19.0,88.1,266.0,22.0,88.6,265.0
3B,1B_LINE,76,0.76,21.0,88.3,266.0,25.0,84.5,271.0
3B,1B_LINE,77,0.77,25.0,84.5,271.0,31.0,88.8,271.0
3B,1B_LINE,78,0.78,29.0,79.8,273.0,31.0,88.8,271.0
3B,1B_LINE,79,0.79,21.0,91.2,275.0,28.0,85.9,272.0
3B,1B_LINE,80,0.8,21.0,91.2,275.0,29.0,79.8,273.0
3B,1B_LINE,81,0.81,19.0,100.1,280.0,24.0,90.8,280.0
3B,1B_LINE,82,0.82,19.0,100.1,280.0,24.0,90.8,280.0
3B,1B_LINE,83,0.83,19.0,109.5,282.0,21.0,99.0,283.0
3B,1B_LINE,84,0.84,20.0,96.3,284.0,21.0,99.0,283.0
3B,1B_LINE,85,0.85,20.0,89.7,289.0,22.0,91.3,291.0
3B,1B_LINE,86,0.86,21.0,91.4,291.0,22.0,96.8,292.0
3B,1B_LINE,87,0.87,22.0,96.8,292.0,22.0,91.3,291.0
3B,1B_LINE,88,0.88,23.0,91.4,294.0,23.0,91.4,294.0
3B,1B_LINE,89,0.89,27.0,91.4,299.0,27.0,91.4,299.0
3B,1B_LINE,90,0.9,32.0,90.5,298.0,32.0,90.5,298.0
3B,1B_LINE,91,0.91,27.0,88.6,302.0,27.0,88.6,302.0
3B,1B_LINE,92,0.92,26.0,87.8,304.0,26.0,87.8,304.0
3B,1B_LINE,93,0.93,22.0,98.8,310.0,22.0,98.8,310.0
3B,1B_LINE,94,0.94,29.0,92.4,313.0,29.0,92.4,313.0
3B,1B_LINE,95,0.95,31.0,91.3,316.0,31.0,91.3,316.0
3B,1B_LINE,96,0.96,30.0,94.8,329.0,30.0,94.8,329.0
3B,1B_LINE,97,0.97,30.0,94.8,329.0,30.0,94.8,329.0
3B,1B_LINE,98,0.98,30.0,94.8,329.0,30.0,94.8,329.0
3B,1B_LINE,99,0.99,34.0,92.9,338.0,34.0,92.9,338.0
3B,1B_LINE,100,1.0,34.0,92.9,338.0,34.0,92.9,338.0
HR,,0,0.0,20.0,114.1,358.0,41.0,102.8,357.0
HR,,1,0.01,20.0,114.1,358.0,41.0,102.8,357.0
HR,,2,0.02,20.0,107.0,361.0,41.0,98.0,357.0
HR,,3,0.03,21.0,107.2,376.0,39.0,101.8,377.0
HR,,4,0.04,21.0,102.3,376.0,39.0,104.7,375.0
HR,,5,0.05,20.0,104.9,376.0,39.0,101.2,377.0
HR,,6,0.06,20.0,106.1,377.0,39.0,108.9,378.0
HR,,7,0.07,20.0,110.4,379.0,38.0,97.8,379.0
HR,,8,0.08,21.0,107.9,379.0,38.0,104.8,378.0
HR,,9,0.09,21.0,110.0,380.0,39.0,103.2,380.0
HR,,10,0.1,21.0,110.0,380.0,39.0,105.0,380.0
HR,,11,0.11,21.0,106.8,380.0,38.0,102.5,381.0
HR,,12,0.12,21.0,115.6,381.0,38.0,103.1,381.0
HR,,13,0.13,21.0,105.5,382.0,38.0,110.8,383.0
HR,,14,0.14,21.0,104.4,382.0,37.0,104.9,383.0
HR,,15,0.15,21.0,106.4,384.0,37.0,107.4,384.0
HR,,16,0.16,21.0,107.4,383.0,37.0,103.1,384.0
HR,,17,0.17,21.0,102.6,384.0,37.0,102.4,386.0
HR,,18,0.18,22.0,98.8,386.0,37.0,99.8,386.0
HR,,19,0.19,22.0,103.6,386.0,37.0,105.0,387.0
HR,,20,0.2,22.0,105.5,387.0,37.0,101.5,387.0
HR,,21,0.21,22.0,110.4,387.0,36.0,104.4,387.0
HR,,22,0.22,22.0,105.3,387.0,36.0,100.8,388.0
HR,,23,0.23,23.0,108.3,389.0,36.0,103.5,389.0
HR,,24,0.24,23.0,103.3,390.0,36.0,107.1,388.0
HR,,25,0.25,23.0,107.8,389.0,35.0,103.5,389.0
HR,,26,0.26,23.0,103.1,391.0,35.0,104.4,390.0
HR,,27,0.27,23.0,107.7,390.0,35.0,103.9,390.0
HR,,28,0.28,23.0,100.3,392.0,34.0,100.6,391.0
HR,,29,0.29,23.0,106.7,392.0,34.0,106.6,393.0
HR,,30,0.3,23.0,108.2,392.0,34.0,101.6,392.0
HR,,31,0.31,23.0,101.0,394.0,34.0,98.3,393.0
HR,,32,0.32,23.0,100.6,394.0,34.0,101.2,394.0
HR,,33,0.33,23.0,104.7,394.0,34.0,103.1,394.0
HR,,34,0.34,24.0,103.5,394.0,34.0,104.0,396.0
HR,,35,0.35,24.0,101.7,396.0,34.0,104.5,395.0
HR,,36,0.36,24.0,110.6,395.0,34.0,104.1,396.0
HR,,37,0.37,24.0,111.6,397.0,34.0,102.0,396.0
HR,,38,0.38,24.0,102.7,397.0,33.0,103.4,398.0
HR,,39,0.39,24.0,101.6,397.0,33.0,104.4,398.0
HR,,40,0.4,24.0,104.3,399.0,33.0,104.4,398.0
HR,,41,0.41,24.0,101.2,398.0,32.0,102.5,399.0
HR,,42,0.42,25.0,104.7,400.0,32.0,103.2,399.0
HR,,43,0.43,25.0,105.2,399.0,32.0,104.6,399.0
HR,,44,0.44,25.0,103.4,400.0,32.0,106.0,400.0
HR,,45,0.45,25.0,103.2,400.0,32.0,103.6,401.0
HR,,46,0.46,25.0,105.3,401.0,32.0,105.3,402.0
HR,,47,0.47,25.0,102.6,402.0,32.0,101.9,401.0
HR,,48,0.48,25.0,103.1,402.0,32.0,104.7,402.0
HR,,49,0.49,25.0,105.6,403.0,32.0,101.5,403.0
HR,,50,0.5,25.0,109.5,403.0,32.0,104.9,403.0
HR,,51,0.51,25.0,109.0,404.0,32.0,99.6,404.0
HR,,52,0.52,25.0,108.7,405.0,32.0,104.7,405.0
HR,,53,0.53,26.0,103.6,404.0,31.0,104.3,405.0
HR,,54,0.54,25.0,101.0,406.0,31.0,103.5,406.0
HR,,55,0.55,25.0,104.6,406.0,31.0,102.2,406.0
HR,,56,0.56,25.0,108.0,406.0,31.0,102.5,406.0
HR,,57,0.57,26.0,101.9,407.0,31.0,107.2,407.0
HR,,58,0.58,25.0,107.4,408.0,31.0,108.2,407.0
HR,,59,0.59,26.0,104.8,408.0,30.0,112.0,408.0
HR,,60,0.6,26.0,106.6,408.0,30.0,103.9,408.0
HR,,61,0.61,26.0,108.3,408.0,31.0,105.4,408.0
HR,,62,0.62,26.0,102.9,410.0,31.0,103.1,409.0
HR,,63,0.63,26.0,106.5,409.0,31.0,101.5,410.0
HR,,64,0.64,26.0,103.0,411.0,30.0,107.9,410.0
HR,,65,0.65,26.0,104.4,410.0,30.0,104.8,410.0
HR,,66,0.66,26.0,103.6,411.0,30.0,102.9,411.0
HR,,67,0.67,26.0,102.9,412.0,30.0,107.9,412.0
HR,,68,0.68,26.0,103.7,413.0,30.0,104.5,412.0
HR,,69,0.69,26.0,104.9,412.0,30.0,104.1,413.0
HR,,70,0.7,26.0,106.4,414.0,30.0,106.6,413.0
HR,,71,0.71,26.0,107.1,413.0,30.0,102.0,414.0
HR,,72,0.72,26.0,104.8,416.0,30.0,104.0,415.0
HR,,73,0.73,27.0,110.0,416.0,30.0,108.3,415.0
HR,,74,0.74,26.0,106.6,415.0,29.0,106.8,417.0
HR,,75,0.75,26.0,108.2,417.0,29.0,103.1,417.0
HR,,76,0.76,26.0,108.2,417.0,29.0,106.9,417.0
HR,,77,0.77,27.0,107.2,418.0,29.0,104.9,418.0
HR,,78,0.78,26.0,103.8,418.0,29.0,104.8,418.0
HR,,79,0.79,27.0,103.9,419.0,29.0,101.4,420.0
HR,,80,0.8,26.0,104.7,419.0,29.0,105.1,419.0
HR,,81,0.81,27.0,104.8,420.0,29.0,105.9,420.0
HR,,82,0.82,26.0,105.5,422.0,28.0,110.8,421.0
HR,,83,0.83,26.0,113.8,421.0,28.0,111.6,421.0
HR,,84,0.84,26.0,105.2,424.0,28.0,111.8,422.0
HR,,85,0.85,27.0,106.3,424.0,28.0,109.6,424.0
HR,,86,0.86,27.0,106.8,424.0,28.0,106.8,423.0
HR,,87,0.87,27.0,101.3,426.0,28.0,107.7,426.0
HR,,88,0.88,27.0,101.3,426.0,28.0,103.0,425.0
HR,,89,0.89,27.0,115.8,425.0,29.0,105.6,426.0
HR,,90,0.9,27.0,108.7,427.0,29.0,105.5,427.0
HR,,91,0.91,27.0,105.7,428.0,28.0,104.9,429.0
HR,,92,0.92,27.0,109.4,430.0,28.0,109.0,430.0
HR,,93,0.93,27.0,106.0,430.0,28.0,108.8,430.0
HR,,94,0.94,27.0,108.8,431.0,27.0,111.7,433.0
HR,,95,0.95,27.0,108.9,431.0,28.0,107.9,432.0
HR,,96,0.96,27.0,105.0,433.0,28.0,105.5,434.0
HR,,97,0.97,27.0,106.8,437.0,28.0,110.7,437.0
HR,,98,0.98,27.0,110.7,439.0,28.0,107.2,435.0
HR,,99,0.99,27.0,110.7,439.0,27.0,114.9,435.0
HR,,100,1.0,27.0,109.8,436.0,27.0,109.8,436.0
FO,,0,0.0,42.0,71.0,215.0,61.0,94.5,210.0
FO,,1,0.01,42.0,71.0,215.0,61.0,94.5,210.0
FO,,2,0.02,42.0,68.6,211.0,61.0,96.1,210.0
FO,,3,0.03,42.0,66.3,219.0,60.0,95.2,217.0
FO,,4,0.04,42.0,68.3,214.0,60.0,94.9,217.0
FO,,5,0.05,41.0,72.3,223.0,60.0,90.1,218.0
FO,,6,0.06,40.0,70.3,223.0,59.0,85.8,223.0
FO,,7,0.07,39.0,73.9,227.0,59.0,91.4,224.0
FO,,8,0.08,38.0,71.6,225.0,59.0,100.5,224.0
FO,,9,0.09,37.0,77.2,228.0,58.0,91.6,232.0
FO,,10,0.1,36.0,74.6,233.0,58.0,88.6,231.0
FO,,11,0.11,35.0,75.7,236.0,58.0,95.5,232.0
FO,,12,0.12,35.0,75.7,236.0,57.0,92.4,233.0
FO,,13,0.13,34.0,72.9,239.0,57.0,90.7,235.0
FO,,14,0.14,33.0,73.7,237.0,56.0,95.0,239.0
FO,,15,0.15,32.0,69.6,242.0,56.0,88.2,240.0
FO,,16,0.16,32.0,73.5,241.0,55.0,94.4,243.0
FO,,17,0.17,32.0,73.3,243.0,55.0,93.1,246.0
FO,,18,0.18,32.0,75.2,246.0,55.0,95.4,245.0
FO,,19,0.19,30.0,72.2,247.0,54.0,103.2,248.0
FO,,20,0.2,29.0,75.5,250.0,54.0,100.6,248.0
FO,,21,0.21,28.0,74.7,252.0,54.0,100.5,249.0
FO,,22,0.22,28.0,76.3,252.0,53.0,97.4,254.0
FO,,23,0.23,27.0,74.7,252.0,53.0,89.3,253.0
FO,,24,0.24,27.0,74.3,254.0,52.0,88.7,256.0
FO,,25,0.25,28.0,81.3,258.0,52.0,91.8,256.0
FO,,26,0.26,27.0,76.6,258.0,52.0,87.2,256.0
FO,,27,0.27,27.0,77.4,259.0,52.0,91.1,260.0
FO,,28,0.28,26.0,82.7,260.0,51.0,95.1,260.0
FO,,29,0.29,26.0,82.6,260.0,51.0,94.0,263.0
FO,,30,0.3,26.0,75.5,263.0,50.0,88.3,263.0
FO,,31,0.31,26.0,78.5,265.0,50.0,88.3,263.0
FO,,32,0.32,25.0,77.7,266.0,50.0,87.8,264.0
FO,,33,0.33,25.0,77.9,265.0,49.0,96.9,265.0
FO,,34,0.34,25.0,84.1,269.0,49.0,89.0,268.0
FO,,35,0.35,25.0,79.6,269.0,49.0,95.6,269.0
FO,,36,0.36,24.0,77.7,270.0,49.0,91.7,269.0
FO,,37,0.37,24.0,83.7,272.0,48.0,93.6,270.0
FO,,38,0.38,25.0,76.9,270.0,48.0,100.9,273.0
FO,,39,0.39,24.0,82.1,273.0,48.0,89.6,271.0
FO,,40,0.4,24.0,78.7,274.0,47.0,90.8,275.0
FO,,41,0.41,24.0,83.9,276.0,47.0,95.6,273.0
FO,,42,0.42,24.0,83.0,277.0,46.0,90.9,276.0
FO,,43,0.43,24.0,83.0,275.0,46.0,82.7,277.0
FO,,44,0.44,24.0,83.0,277.0,46.0,95.6,278.0
FO,,45,0.45,24.0,83.7,278.0,46.0,88.8,277.0
FO,,46,0.46,24.0,88.6,280.0,45.0,85.1,280.0
FO,,47,0.47,25.0,86.0,281.0,45.0,93.0,280.0
FO,,48,0.48,25.0,79.0,281.0,45.0,87.1,280.0
FO,,49,0.49,25.0,87.3,282.0,45.0,85.2,284.0
FO,,50,0.5,24.0,88.4,282.0,44.0,91.0,282.0
FO,,51,0.51,24.0,89.5,283.0,44.0,97.2,284.0
FO,,52,0.52,25.0,85.8,286.0,44.0,90.1,286.0
FO,,53,0.53,25.0,80.5,287.0,43.0,89.2,286.0
FO,,54,0.54,25.0,84.2,287.0,43.0,90.5,287.0
FO,,55,0.55,25.0,82.9,287.0,43.0,89.0,289.0
FO,,56,0.56,25.0,83.7,288.0,42.0,87.5,289.0
FO,,57,0.57,24.0,91.8,290.0,42.0,88.5,289.0
FO,,58,0.58,24.0,94.3,289.0,41.0,89.2,291.0
FO,,59,0.59,25.0,87.4,292.0,41.0,90.4,292.0
FO,,60,0.6,25.0,85.2,292.0,41.0,87.8,293.0
FO,,61,0.61,25.0,80.6,294.0,41.0,91.9,294.0
FO,,62,0.62,25.0,83.4,295.0,40.0,86.6,294.0
FO,,63,0.63,25.0,82.6,295.0,39.0,87.7,295.0
FO,,64,0.64,25.0,86.4,296.0,39.0,83.0,295.0
FO,,65,0.65,26.0,87.5,296.0,39.0,81.9,295.0
FO,,66,0.66,26.0,91.4,298.0,39.0,86.2,298.0
FO,,67,0.67,26.0,86.2,297.0,39.0,84.8,298.0
FO,,68,0.68,26.0,81.4,299.0,39.0,94.8,300.0
FO,,69,0.69,26.0,84.6,300.0,38.0,94.5,300.0
FO,,70,0.7,26.0,89.1,299.0,38.0,88.6,300.0
FO,,71,0.71,26.0,83.8,300.0,38.0,85.2,300.0
FO,,72,0.72,27.0,84.8,301.0,38.0,85.8,302.0
FO,,73,0.73,27.0,88.1,302.0,37.0,80.2,302.0
FO,,74,0.74,27.0,82.7,304.0,36.0,93.6,302.0
FO,,75,0.75,27.0,84.5,303.0,36.0,88.1,305.0
FO,,76,0.76,27.0,82.8,305.0,36.0,88.3,304.0
FO,,77,0.77,27.0,86.5,306.0,36.0,89.2,306.0
FO,,78,0.78,27.0,84.4,307.0,36.0,88.0,307.0
FO,,79,0.79,27.0,89.4,307.0,35.0,89.1,307.0
FO,,80,0.8,28.0,84.5,308.0,35.0,82.8,309.0
FO,,81,0.81,28.0,84.4,309.0,35.0,83.0,308.0
FO,,82,0.82,28.0,84.5,309.0,35.0,92.2,311.0
FO,,83,0.83,29.0,88.9,311.0,35.0,92.9,311.0
FO,,84,0.84,29.0,88.3,312.0,34.0,89.4,310.0
FO,,85,0.85,29.0,86.7,312.0,34.0,88.7,312.0
FO,,86,0.86,29.0,84.0,312.0,34.0,98.3,313.0
FO,,87,0.87,29.0,86.9,313.0,34.0,86.7,314.0
FO,,88,0.88,29.0,85.2,315.0,33.0,86.5,315.0
FO,,89,0.89,29.0,87.2,316.0,33.0,90.4,315.0
FO,,90,0.9,29.0,89.1,316.0,33.0,83.2,316.0
FO,,91,0.91,29.0,93.1,317.0,33.0,87.6,316.0
FO,,92,0.92,29.0,89.7,317.0,32.0,90.4,317.0
FO,,93,0.93,30.0,92.4,317.0,32.0,90.2,318.0
FO,,94,0.94,30.0,85.2,319.0,32.0,91.4,320.0
FO,,95,0.95,30.0,91.9,318.0,32.0,89.6,319.0
FO,,96,0.96,30.0,90.9,320.0,31.0,92.4,321.0
FO,,97,0.97,31.0,89.3,320.0,32.0,93.5,321.0
FO,,98,0.98,31.0,92.4,321.0,31.0,86.2,321.0
FO,,99,0.99,31.0,88.7,322.0,31.0,87.5,323.0
FO,,100,1.0,31.0,90.9,322.0,31.0,90.9,322.0
DFO,,0,0.0,17.0,100.0,329.0,43.0,99.5,329.0
DFO,,1,0.01,17.0,100.0,329.0,43.0,99.5,329.0
DFO,,2,0.02,17.0,102.7,329.0,43.0,98.4,330.0
DFO,,3,0.03,17.0,111.6,329.0,43.0,99.5,329.0
DFO,,4,0.04,17.0,101.6,329.0,43.0,100.4,330.0
DFO,,5,0.05,17.0,99.4,330.0,43.0,98.9,330.0
DFO,,6,0.06,17.0,105.7,330.0,43.0,92.7,330.0
DFO,,7,0.07,17.0,99.1,331.0,44.0,103.8,330.0
DFO,,8,0.08,17.0,113.9,331.0,43.0,99.7,332.0
DFO,,9,0.09,17.0,102.3,331.0,43.0,97.4,332.0
DFO,,10,0.1,17.0,100.5,332.0,44.0,98.9,332.0
DFO,,11,0.11,17.0,100.5,332.0,43.0,101.7,332.0
DFO,,12,0.12,17.0,100.0,333.0,42.0,101.0,332.0
DFO,,13,0.13,17.0,102.8,333.0,42.0,96.9,332.0
DFO,,14,0.14,18.0,105.6,334.0,42.0,99.4,334.0
DFO,,15,0.15,18.0,99.9,333.0,42.0,97.1,334.0
DFO,,16,0.16,18.0,97.5,334.0,42.0,94.3,334.0
DFO,,17,0.17,18.0,99.6,335.0,41.0,92.6,334.0
DFO,,18,0.18,18.0,105.8,334.0,41.0,95.1,334.0
DFO,,19,0.19,19.0,102.1,335.0,41.0,102.3,335.0
DFO,,20,0.2,19.0,100.6,336.0,41.0,95.4,336.0
DFO,,21,0.21,19.0,95.1,336.0,40.0,93.3,335.0
DFO,,22,0.22,19.0,102.2,336.0,41.0,105.9,337.0
DFO,,23,0.23,19.0,107.1,336.0,40.0,94.6,337.0
DFO,,24,0.24,20.0,101.7,337.0,41.0,101.6,337.0
DFO,,25,0.25,20.0,106.1,338.0,41.0,100.9,337.0
DFO,,26,0.26,20.0,104.4,337.0,40.0,90.5,337.0
DFO,,27,0.27,20.0,102.8,338.0,40.0,100.5,338.0
DFO,,28,0.28,20.0,98.6,339.0,39.0,95.7,339.0
DFO,,29,0.29,20.0,97.6,339.0,39.0,86.4,338.0
DFO,,30,0.3,20.0,99.9,339.0,39.0,91.2,339.0
DFO,,31,0.31,21.0,94.4,339.0,39.0,94.6,339.0
DFO,,32,0.32,20.0,100.1,340.0,39.0,101.1,340.0
DFO,,33,0.33,21.0,101.5,340.0,38.0,101.9,340.0
DFO,,34,0.34,21.0,98.0,341.0,38.0,93.8,341.0
DFO,,35,0.35,21.0,95.2,341.0,38.0,93.9,341.0
DFO,,36,0.36,21.0,99.2,341.0,38.0,94.2,342.0
DFO,,37,0.37,21.0,96.5,341.0,38.0,106.0,341.0
DFO,,38,0.38,21.0,95.5,342.0,38.0,97.4,342.0
DFO,,39,0.39,22.0,93.0,343.0,38.0,99.5,343.0
DFO,,40,0.4,22.0,99.3,343.0,38.0,99.3,343.0
DFO,,41,0.41,22.0,100.1,343.0,37.0,97.7,343.0
DFO,,42,0.42,22.0,96.0,343.0,37.0,90.1,344.0
DFO,,43,0.43,22.0,97.6,344.0,36.0,93.3,345.0
DFO,,44,0.44,22.0,99.9,344.0,36.0,95.2,344.0
DFO,,45,0.45,22.0,101.4,345.0,36.0,100.5,344.0
DFO,,46,0.46,23.0,96.7,345.0,36.0,97.5,346.0
DFO,,47,0.47,23.0,93.9,345.0,36.0,96.6,346.0
DFO,,48,0.48,23.0,102.4,347.0,36.0,99.0,346.0
DFO,,49,0.49,23.0,101.3,346.0,36.0,99.6,347.0
DFO,,50,0.5,24.0,91.5,347.0,35.0,94.2,347.0
DFO,,51,0.51,24.0,96.5,348.0,35.0,93.2,348.0
DFO,,52,0.52,24.0,98.2,348.0,35.0,101.1,348.0
DFO,,53,0.53,25.0,93.5,348.0,35.0,90.4,349.0
DFO,,54,0.54,25.0,94.3,349.0,35.0,96.3,349.0
DFO,,55,0.55,25.0,95.2,349.0,35.0,94.4,349.0
DFO,,56,0.56,25.0,94.5,349.0,35.0,92.9,349.0
DFO,,57,0.57,24.0,92.0,349.0,34.0,97.2,350.0
DFO,,58,0.58,25.0,97.3,350.0,34.0,93.1,351.0
DFO,,59,0.59,25.0,93.1,351.0,34.0,97.0,351.0
DFO,,60,0.6,25.0,97.6,351.0,34.0,94.5,351.0
DFO,,61,0.61,25.0,94.3,352.0,34.0,95.3,351.0
DFO,,62,0.62,26.0,92.7,353.0,34.0,95.1,352.0
DFO,,63,0.63,26.0,97.3,352.0,34.0,98.5,352.0
DFO,,64,0.64,26.0,97.6,353.0,34.0,94.7,353.0
DFO,,65,0.65,25.0,91.1,353.0,33.0,100.2,353.0
DFO,,66,0.66,25.0,93.3,354.0,33.0,93.4,354.0
DFO,,67,0.67,26.0,95.4,354.0,33.0,90.5,354.0
DFO,,68,0.68,26.0,95.1,355.0,33.0,93.5,354.0
DFO,,69,0.69,27.0,96.1,355.0,33.0,95.9,356.0
DFO,,70,0.7,26.0,92.0,355.0,33.0,89.3,356.0
DFO,,71,0.71,26.0,96.5,357.0,32.0,101.8,357.0
DFO,,72,0.72,27.0,91.8,357.0,32.0,93.6,357.0
DFO,,73,0.73,27.0,91.2,357.0,32.0,92.2,358.0
DFO,,74,0.74,27.0,93.2,358.0,33.0,94.9,358.0
DFO,,75,0.75,27.0,91.6,358.0,33.0,91.5,358.0
DFO,,76,0.76,27.0,95.5,358.0,32.0,96.3,358.0
DFO,,77,0.77,27.0,93.8,359.0,32.0,91.3,360.0
DFO,,78,0.78,27.0,99.0,360.0,32.0,95.0,360.0
DFO,,79,0.79,28.0,95.1,360.0,32.0,103.6,361.0
DFO,,80,0.8,28.0,97.9,361.0,32.0,93.0,361.0
DFO,,81,0.81,28.0,95.1,361.0,32.0,99.4,361.0
DFO,,82,0.82,28.0,95.1,362.0,31.0,94.6,362.0
DFO,,83,0.83,29.0,99.1,363.0,31.0,98.8,362.0
DFO,,84,0.84,28.0,94.3,363.0,31.0,100.0,363.0
DFO,,85,0.85,29.0,101.4,364.0,32.0,92.4,364.0
DFO,,86,0.86,28.0,99.2,365.0,31.0,98.2,364.0
DFO,,87,0.87,28.0,97.2,364.0,31.0,93.4,365.0
DFO,,88,0.88,29.0,95.7,364.0,31.0,94.4,366.0
DFO,,89,0.89,29.0,99.7,365.0,31.0,94.4,366.0
DFO,,90,0.9,29.0,95.7,367.0,31.0,100.9,366.0
DFO,,91,0.91,29.0,97.2,366.0,31.0,96.9,366.0
DFO,,92,0.92,29.0,95.7,367.0,30.0,95.9,368.0
DFO,,93,0.93,28.0,95.8,367.0,30.0,99.6,368.0
DFO,,94,0.94,29.0,95.0,368.0,30.0,96.4,368.0
DFO,,95,0.95,29.0,92.5,369.0,30.0,97.9,370.0
DFO,,96,0.96,29.0,99.0,370.0,30.0,96.8,369.0
DFO,,97,0.97,30.0,99.1,371.0,30.0,93.8,371.0
DFO,,98,0.98,30.0,93.6,372.0,30.0,95.3,371.0
DFO,,99,0.99,29.0,94.9,372.0,30.0,97.0,372.0
DFO,,100,1.0,29.0,100.0,372.0,29.0,100.0,372.0
SacF,,0,0.0,31.0,75.6,252.0,54.0,97.5,252.0
SacF,,1,0.01,31.0,75.6,252.0,54.0,97.5,252.0
SacF,,2,0.02,31.0,75.6,252.0,54.0,97.5,252.0
SacF,,3,0.03,31.0,75.6,252.0,54.0,98.2,249.0
SacF,,4,0.04,31.0,77.4,251.0,53.0,87.2,253.0
SacF,,5,0.05,30.0,76.7,256.0,53.0,92.2,255.0
SacF,,6,0.06,32.0,77.2,257.0,53.0,87.5,256.0
SacF,,7,0.07,32.0,77.2,257.0,54.0,93.2,257.0
SacF,,8,0.08,31.0,75.1,261.0,55.0,107.4,261.0
SacF,,9,0.09,31.0,75.1,261.0,56.0,91.2,260.0
SacF,,10,0.1,31.0,82.5,262.0,54.0,93.7,261.0
SacF,,11,0.11,31.0,85.2,263.0,53.0,95.6,264.0
SacF,,12,0.12,32.0,75.4,265.0,53.0,97.3,264.0
SacF,,13,0.13,32.0,75.9,266.0,52.0,96.5,267.0
SacF,,14,0.14,33.0,80.7,265.0,51.0,88.9,266.0
SacF,,15,0.15,33.0,78.4,266.0,51.0,90.3,269.0
SacF,,16,0.16,34.0,76.2,270.0,51.0,89.7,267.0
SacF,,17,0.17,33.0,79.4,269.0,51.0,86.9,270.0
SacF,,18,0.18,32.0,78.3,271.0,51.0,86.9,270.0
SacF,,19,0.19,32.0,75.9,270.0,51.0,98.2,272.0
SacF,,20,0.2,33.0,78.4,273.0,51.0,98.2,272.0
SacF,,21,0.21,33.0,78.4,273.0,51.0,99.3,272.0
SacF,,22,0.22,33.0,79.6,275.0,49.0,97.4,273.0
SacF,,23,0.23,34.0,78.1,274.0,51.0,94.0,275.0
SacF,,24,0.24,33.0,79.6,275.0,49.0,90.0,274.0
SacF,,25,0.25,34.0,82.2,277.0,46.0,87.7,277.0
SacF,,26,0.26,32.0,86.1,277.0,47.0,99.0,277.0
SacF,,27,0.27,32.0,88.0,278.0,46.0,89.6,278.0
SacF,,28,0.28,32.0,86.1,277.0,48.0,93.0,278.0
SacF,,29,0.29,32.0,84.3,279.0,48.0,87.5,278.0
SacF,,30,0.3,34.0,81.5,279.0,49.0,90.0,280.0
SacF,,31,0.31,36.0,83.6,281.0,49.0,92.7,281.0
SacF,,32,0.32,36.0,83.6,281.0,49.0,94.2,281.0
SacF,,33,0.33,35.0,77.4,281.0,48.0,87.7,281.0
SacF,,34,0.34,34.0,88.6,281.0,47.0,95.0,283.0
SacF,,35,0.35,33.0,78.1,284.0,45.0,87.8,283.0
SacF,,36,0.36,33.0,78.1,284.0,46.0,96.3,284.0
SacF,,37,0.37,36.0,81.2,284.0,46.0,92.0,285.0
SacF,,38,0.38,35.0,80.0,285.0,46.0,96.3,284.0
SacF,,39,0.39,35.0,85.5,285.0,45.0,90.8,284.0
SacF,,40,0.4,34.0,81.4,287.0,45.0,93.1,286.0
SacF,,41,0.41,34.0,86.5,287.0,44.0,91.6,286.0
SacF,,42,0.42,34.0,83.5,288.0,46.0,88.6,286.0
SacF,,43,0.43,34.0,81.5,288.0,46.0,94.7,287.0
SacF,,44,0.44,34.0,84.4,289.0,47.0,95.4,288.0
SacF,,45,0.45,35.0,80.0,290.0,46.0,91.5,289.0
SacF,,46,0.46,36.0,82.0,290.0,46.0,94.7,289.0
SacF,,47,0.47,34.0,89.5,290.0,44.0,88.1,290.0
SacF,,48,0.48,32.0,89.2,291.0,44.0,92.0,291.0
SacF,,49,0.49,32.0,89.3,292.0,43.0,91.5,291.0
SacF,,50,0.5,32.0,84.0,292.0,44.0,88.1,292.0
SacF,,51,0.51,35.0,84.2,293.0,44.0,88.1,292.0
SacF,,52,0.52,34.0,88.3,293.0,44.0,96.3,293.0
SacF,,53,0.53,34.0,82.4,294.0,44.0,86.9,294.0
SacF,,54,0.54,34.0,87.8,295.0,45.0,93.0,294.0
SacF,,55,0.55,36.0,82.3,294.0,45.0,90.2,294.0
SacF,,56,0.56,35.0,81.5,295.0,44.0,95.4,295.0
SacF,,57,0.57,33.0,84.8,295.0,43.0,96.6,295.0
SacF,,58,0.58,33.0,86.1,296.0,42.0,87.4,295.0
SacF,,59,0.59,34.0,80.3,297.0,42.0,94.9,296.0
SacF,,60,0.6,34.0,93.5,297.0,42.0,88.6,297.0
SacF,,61,0.61,33.0,81.1,297.0,42.0,86.8,299.0
SacF,,62,0.62,33.0,84.6,299.0,42.0,86.9,298.0
SacF,,63,0.63,35.0,88.4,299.0,43.0,105.3,299.0
SacF,,64,0.64,34.0,82.4,299.0,42.0,86.1,299.0
SacF,,65,0.65,33.0,82.9,300.0,41.0,86.7,300.0
SacF,,66,0.66,33.0,85.0,301.0,41.0,86.7,300.0
SacF,,67,0.67,34.0,83.6,301.0,40.0,89.3,301.0
SacF,,68,0.68,35.0,86.5,302.0,40.0,86.1,302.0
SacF,,69,0.69,35.0,87.3,303.0,41.0,87.5,303.0
SacF,,70,0.7,35.0,83.8,302.0,42.0,92.0,303.0
SacF,,71,0.71,35.0,89.4,302.0,42.0,92.0,303.0
SacF,,72,0.72,36.0,91.7,303.0,42.0,92.0,303.0
SacF,,73,0.73,36.0,89.8,304.0,41.0,93.6,305.0
SacF,,74,0.74,34.0,83.4,305.0,41.0,93.6,305.0
SacF,,75,0.75,34.0,87.6,306.0,41.0,93.8,305.0
SacF,,76,0.76,34.0,88.2,306.0,42.0,92.3,307.0
SacF,,77,0.77,34.0,88.2,306.0,39.0,86.2,307.0
SacF,,78,0.78,35.0,83.5,306.0,39.0,92.0,306.0
SacF,,79,0.79,33.0,88.2,307.0,36.0,85.5,307.0
SacF,,80,0.8,35.0,83.1,308.0,39.0,88.9,307.0
SacF,,81,0.81,35.0,84.7,309.0,40.0,89.1,309.0
SacF,,82,0.82,38.0,90.9,309.0,40.0,88.8,309.0
SacF,,83,0.83,37.0,89.4,309.0,40.0,88.8,309.0
SacF,,84,0.84,37.0,95.0,309.0,39.0,83.7,309.0
SacF,,85,0.85,36.0,87.3,311.0,38.0,94.4,310.0
SacF,,86,0.86,38.0,95.5,311.0,39.0,90.3,312.0
SacF,,87,0.87,37.0,86.5,312.0,39.0,86.0,311.0
SacF,,88,0.88,38.0,85.7,312.0,39.0,89.2,312.0
SacF,,89,0.89,38.0,92.7,313.0,39.0,92.9,312.0
SacF,,90,0.9,37.0,95.8,313.0,39.0,88.3,314.0
SacF,,91,0.91,35.0,96.7,314.0,37.0,93.8,313.0
SacF,,92,0.92,34.0,92.4,314.0,35.0,95.9,315.0
SacF,,93,0.93,35.0,93.0,316.0,36.0,86.9,314.0
SacF,,94,0.94,35.0,92.6,315.0,37.0,92.9,315.0
SacF,,95,0.95,37.0,95.0,316.0,38.0,89.9,317.0
SacF,,96,0.96,38.0,89.9,317.0,38.0,94.0,316.0
SacF,,97,0.97,37.0,95.0,316.0,38.0,94.9,317.0
SacF,,98,0.98,38.0,89.4,317.0,39.0,90.3,317.0
SacF,,99,0.99,37.0,83.5,318.0,37.0,88.8,318.0
SacF,,100,1.0,37.0,83.5,318.0,37.0,83.5,318.0
DSacF,,0,0.0,26.0,91.2,324.0,45.0,97.2,324.0
DSacF,,1,0.01,26.0,91.2,324.0,45.0,97.2,324.0
DSacF,,2,0.02,26.0,92.0,324.0,45.0,96.3,324.0
DSacF,,3,0.03,26.0,93.2,326.0,45.0,93.5,326.0
DSacF,,4,0.04,27.0,95.3,326.0,45.0,93.5,326.0
DSacF,,5,0.05,26.0,90.4,326.0,45.0,95.1,326.0
DSacF,,6,0.06,26.0,90.4,326.0,45.0,99.6,326.0
DSacF,,7,0.07,26.0,93.5,327.0,44.0,102.6,327.0
DSacF,,8,0.08,28.0,91.7,326.0,46.0,104.3,328.0
DSacF,,9,0.09,26.0,91.9,328.0,46.0,104.3,328.0
DSacF,,10,0.1,29.0,95.5,328.0,47.0,102.0,329.0
DSacF,,11,0.11,26.0,97.0,329.0,47.0,96.8,328.0
DSacF,,12,0.12,26.0,97.0,329.0,44.0,100.1,329.0
DSacF,,13,0.13,25.0,94.4,330.0,41.0,98.5,329.0
DSacF,,14,0.14,25.0,94.2,329.0,38.0,98.9,330.0
DSacF,,15,0.15,25.0,88.8,330.0,41.0,96.3,331.0
DSacF,,16,0.16,25.0,90.1,331.0,41.0,98.7,331.0
DSacF,,17,0.17,26.0,91.5,331.0,41.0,91.8,331.0
DSacF,,18,0.18,27.0,86.9,331.0,41.0,92.2,331.0
DSacF,,19,0.19,27.0,89.7,332.0,43.0,96.7,332.0
DSacF,,20,0.2,27.0,89.7,333.0,43.0,96.7,332.0
DSacF,,21,0.21,25.0,95.3,333.0,42.0,99.1,333.0
DSacF,,22,0.22,27.0,89.7,333.0,39.0,96.1,333.0
DSacF,,23,0.23,25.0,99.1,333.0,41.0,95.9,334.0
DSacF,,24,0.24,25.0,95.5,334.0,41.0,95.9,334.0
DSacF,,25,0.25,25.0,89.9,335.0,41.0,95.9,334.0
DSacF,,26,0.26,26.0,95.4,335.0,40.0,96.1,335.0
DSacF,,27,0.27,29.0,91.8,336.0,40.0,101.8,336.0
DSacF,,28,0.28,30.0,90.4,335.0,40.0,101.8,336.0
DSacF,,29,0.29,29.0,93.8,336.0,40.0,95.8,336.0
DSacF,,30,0.3,29.0,93.8,336.0,40.0,97.0,337.0
DSacF,,31,0.31,27.0,90.1,337.0,39.0,96.6,337.0
DSacF,,32,0.32,27.0,90.3,338.0,38.0,96.7,338.0
DSacF,,33,0.33,27.0,90.3,338.0,37.0,89.0,339.0
DSacF,,34,0.34,27.0,92.7,339.0,37.0,89.0,339.0
DSacF,,35,0.35,27.0,89.9,339.0,38.0,92.2,339.0
DSacF,,36,0.36,27.0,94.5,339.0,39.0,94.3,339.0
DSacF,,37,0.37,27.0,97.6,339.0,39.0,93.9,340.0
DSacF,,38,0.38,31.0,96.1,341.0,40.0,91.8,340.0
DSacF,,39,0.39,29.0,94.6,341.0,39.0,100.8,341.0
DSacF,,40,0.4,30.0,89.9,342.0,39.0,100.8,341.0
DSacF,,41,0.41,29.0,94.6,341.0,38.0,98.5,342.0
DSacF,,42,0.42,29.0,92.9,342.0,38.0,98.5,342.0
DSacF,,43,0.43,28.0,92.6,343.0,37.0,88.3,342.0
DSacF,,44,0.44,28.0,92.6,343.0,38.0,98.5,342.0
DSacF,,45,0.45,30.0,94.1,343.0,39.0,101.8,344.0
DSacF,,46,0.46,31.0,90.6,343.0,38.0,96.8,344.0
DSacF,,47,0.47,28.0,92.5,344.0,37.0,99.8,344.0
DSacF,,48,0.48,27.0,95.1,344.0,37.0,96.5,345.0
DSacF,,49,0.49,29.0,91.0,345.0,37.0,99.6,346.0
DSacF,,50,0.5,30.0,89.7,346.0,38.0,94.7,345.0
DSacF,,51,0.51,29.0,96.0,347.0,37.0,94.5,345.0
DSacF,,52,0.52,28.0,92.3,347.0,38.0,97.5,347.0
DSacF,,53,0.53,27.0,94.2,347.0,35.0,96.8,347.0
DSacF,,54,0.54,28.0,91.5,348.0,38.0,99.5,347.0
DSacF,,55,0.55,28.0,91.7,348.0,37.0,96.4,348.0
DSacF,,56,0.56,30.0,94.0,348.0,38.0,96.7,348.0
DSacF,,57,0.57,29.0,98.2,349.0,37.0,96.2,349.0
DSacF,,58,0.58,29.0,96.3,349.0,37.0,96.2,349.0
DSacF,,59,0.59,29.0,98.2,349.0,37.0,100.5,350.0
DSacF,,60,0.6,30.0,100.2,350.0,37.0,98.8,350.0
DSacF,,61,0.61,27.0,97.8,351.0,35.0,92.3,350.0
DSacF,,62,0.62,27.0,97.8,351.0,34.0,95.4,351.0
DSacF,,63,0.63,27.0,90.7,351.0,34.0,95.4,351.0
DSacF,,64,0.64,28.0,98.8,352.0,35.0,96.6,352.0
DSacF,,65,0.65,28.0,94.2,352.0,35.0,96.6,352.0
DSacF,,66,0.66,29.0,93.1,353.0,35.0,97.2,354.0
DSacF,,67,0.67,30.0,97.3,354.0,36.0,94.5,354.0
DSacF,,68,0.68,30.0,94.7,355.0,35.0,92.8,355.0
DSacF,,69,0.69,30.0,97.3,354.0,35.0,95.3,354.0
DSacF,,70,0.7,31.0,90.7,355.0,35.0,97.8,355.0
DSacF,,71,0.71,31.0,98.6,355.0,34.0,97.5,355.0
DSacF,,72,0.72,29.0,93.3,356.0,34.0,93.4,356.0
DSacF,,73,0.73,29.0,95.3,357.0,34.0,102.3,357.0
DSacF,,74,0.74,29.0,93.7,358.0,33.0,94.0,356.0
DSacF,,75,0.75,30.0,93.0,357.0,33.0,93.7,358.0
DSacF,,76,0.76,31.0,100.3,358.0,34.0,97.3,359.0
DSacF,,77,0.77,31.0,100.3,358.0,33.0,93.7,358.0
DSacF,,78,0.78,30.0,93.1,358.0,33.0,91.1,359.0
DSacF,,79,0.79,30.0,92.8,359.0,33.0,91.1,359.0
DSacF,,80,0.8,30.0,98.0,359.0,32.0,96.6,361.0
DSacF,,81,0.81,31.0,98.6,360.0,34.0,104.1,361.0
DSacF,,82,0.82,30.0,95.5,362.0,33.0,95.5,362.0
DSacF,,83,0.83,30.0,95.5,362.0,33.0,95.5,362.0
DSacF,,84,0.84,29.0,93.4,363.0,32.0,97.6,362.0
DSacF,,85,0.85,31.0,92.8,362.0,34.0,92.8,363.0
DSacF,,86,0.86,29.0,96.7,364.0,32.0,93.3,363.0
DSacF,,87,0.87,30.0,98.5,364.0,32.0,96.4,364.0
DSacF,,88,0.88,31.0,95.3,364.0,33.0,99.2,364.0
DSacF,,89,0.89,33.0,101.1,366.0,33.0,99.2,364.0
DSacF,,90,0.9,31.0,97.8,366.0,33.0,96.8,366.0
DSacF,,91,0.91,31.0,99.5,366.0,33.0,101.4,365.0
DSacF,,92,0.92,31.0,96.0,367.0,31.0,97.2,366.0
DSacF,,93,0.93,31.0,96.4,366.0,33.0,100.8,367.0
DSacF,,94,0.94,32.0,98.8,368.0,32.0,93.6,367.0
DSacF,,95,0.95,32.0,97.0,368.0,33.0,96.9,368.0
DSacF,,96,0.96,32.0,98.8,368.0,32.0,97.0,368.0
DSacF,,97,0.97,31.0,97.9,368.0,32.0,96.4,370.0
DSacF,,98,0.98,32.0,101.9,369.0,32.0,101.9,369.0
DSacF,,99,0.99,31.0,100.0,370.0,31.0,100.0,370.0
DSacF,,100,1.0,31.0,100.0,370.0,31.0,100.0,370.0
PO,,0,0.0,74.0,86.8,33.0,88.0,61.4,37.0
PO,,1,0.01,74.0,86.8,33.0,88.0,61.4,37.0
PO,,2,0.02,72.0,35.6,38.0,87.0,76.1,34.0
PO,,3,0.03,71.0,34.0,40.0,87.0,84.7,42.0
PO,,4,0.04,68.0,34.0,42.0,87.0,67.1,44.0
PO,,5,0.05,68.0,32.1,44.0,87.0,82.4,43.0
PO,,6,0.06,70.0,40.2,51.0,87.0,71.7,49.0
PO,,7,0.07,70.0,40.2,51.0,86.0,59.8,53.0
PO,,8,0.08,71.0,45.4,52.0,86.0,87.7,50.0
PO,,9,0.09,70.0,37.1,52.0,86.0,67.5,56.0
PO,,10,0.1,65.0,37.4,59.0,85.0,73.1,57.0
PO,,11,0.11,70.0,43.1,57.0,84.0,60.0,56.0
PO,,12,0.12,71.0,87.6,63.0,83.0,92.6,64.0
PO,,13,0.13,71.0,94.0,66.0,82.0,74.3,62.0
PO,,14,0.14,71.0,51.0,66.0,81.0,75.7,66.0
PO,,15,0.15,71.0,68.7,71.0,80.0,76.8,70.0
PO,,16,0.16,71.0,82.1,73.0,80.0,75.5,70.0
PO,,17,0.17,71.0,61.9,76.0,79.0,80.4,74.0
PO,,18,0.18,71.0,63.8,78.0,79.0,81.4,72.0
PO,,19,0.19,70.0,66.7,80.0,78.0,80.1,80.0
PO,,20,0.2,70.0,65.1,82.0,78.0,90.0,80.0
PO,,21,0.21,70.0,76.0,81.0,77.0,74.4,80.0
PO,,22,0.22,70.0,66.4,84.0,76.0,77.5,87.0
PO,,23,0.23,69.0,77.7,85.0,76.0,67.8,83.0
PO,,24,0.24,69.0,70.6,88.0,76.0,83.4,85.0
PO,,25,0.25,69.0,66.9,90.0,76.0,77.1,89.0
PO,,26,0.26,69.0,75.2,92.0,75.0,78.2,90.0
PO,,27,0.27,68.0,61.1,96.0,75.0,84.6,96.0
PO,,28,0.28,68.0,67.2,99.0,74.0,85.7,96.0
PO,,29,0.29,68.0,53.2,95.0,74.0,83.1,99.0
PO,,30,0.3,67.0,61.5,102.0,74.0,72.7,98.0
PO,,31,0.31,67.0,82.3,103.0,73.0,79.5,103.0
PO,,32,0.32,67.0,89.7,101.0,73.0,77.7,104.0
PO,,33,0.33,67.0,65.4,105.0,73.0,77.5,106.0
PO,,34,0.34,66.0,63.7,105.0,73.0,85.1,108.0
PO,,35,0.35,66.0,95.2,109.0,72.0,72.1,110.0
PO,,36,0.36,66.0,63.0,108.0,72.0,78.1,108.0
PO,,37,0.37,66.0,73.7,109.0,72.0,95.0,112.0
PO,,38,0.38,65.0,80.5,115.0,71.0,78.9,111.0
PO,,39,0.39,65.0,69.2,116.0,71.0,78.4,114.0
PO,,40,0.4,65.0,73.4,116.0,71.0,77.0,115.0
PO,,41,0.41,65.0,68.6,119.0,71.0,89.7,118.0
PO,,42,0.42,65.0,70.8,120.0,70.0,78.9,121.0
PO,,43,0.43,65.0,79.8,119.0,70.0,95.0,122.0
PO,,44,0.44,65.0,70.3,124.0,70.0,95.2,123.0
PO,,45,0.45,65.0,69.9,122.0,70.0,95.0,122.0
PO,,46,0.46,64.0,67.1,125.0,69.0,82.9,127.0
PO,,47,0.47,64.0,62.8,125.0,69.0,83.5,126.0
PO,,48,0.48,64.0,61.8,129.0,69.0,69.9,127.0
PO,,49,0.49,63.0,65.9,127.0,69.0,86.8,130.0
PO,,50,0.5,63.0,94.4,132.0,68.0,87.1,131.0
PO,,51,0.51,63.0,67.2,133.0,68.0,85.4,132.0
PO,,52,0.52,63.0,70.0,135.0,68.0,71.6,132.0
PO,,53,0.53,63.0,63.6,134.0,68.0,94.9,133.0
PO,,54,0.54,63.0,67.5,135.0,67.0,93.7,137.0
PO,,55,0.55,62.0,71.3,137.0,67.0,85.0,136.0
PO,,56,0.56,62.0,64.8,137.0,67.0,78.9,137.0
PO,,57,0.57,62.0,64.7,139.0,67.0,83.8,139.0
PO,,58,0.58,62.0,67.4,143.0,67.0,94.9,142.0
PO,,59,0.59,63.0,67.7,141.0,67.0,73.4,144.0
PO,,60,0.6,63.0,72.2,144.0,66.0,88.5,142.0
PO,,61,0.61,62.0,73.1,145.0,66.0,95.1,144.0
PO,,62,0.62,62.0,71.7,147.0,66.0,86.3,145.0
PO,,63,0.63,62.0,70.5,146.0,66.0,84.6,147.0
PO,,64,0.64,62.0,74.3,148.0,65.0,91.1,148.0
PO,,65,0.65,61.0,72.9,152.0,65.0,75.6,148.0
PO,,66,0.66,61.0,73.5,152.0,65.0,83.9,152.0
PO,,67,0.67,61.0,93.1,153.0,65.0,81.0,152.0
PO,,68,0.68,61.0,91.7,155.0,65.0,86.4,152.0
PO,,69,0.69,61.0,67.4,153.0,64.0,84.0,156.0
PO,,70,0.7,61.0,86.4,157.0,64.0,91.8,156.0
PO,,71,0.71,61.0,76.7,158.0,64.0,95.2,159.0
PO,,72,0.72,60.0,67.3,157.0,64.0,78.9,157.0
PO,,73,0.73,60.0,72.0,160.0,63.0,73.7,160.0
PO,,74,0.74,60.0,71.5,160.0,63.0,72.7,160.0
PO,,75,0.75,60.0,80.8,161.0,63.0,84.0,162.0
PO,,76,0.76,60.0,77.8,161.0,63.0,80.4,163.0
PO,,77,0.77,60.0,79.5,164.0,63.0,82.4,164.0
PO,,78,0.78,60.0,71.9,165.0,63.0,89.5,167.0
PO,,79,0.79,60.0,82.8,168.0,62.0,81.5,168.0
PO,,80,0.8,60.0,77.1,167.0,62.0,85.9,168.0
PO,,81,0.81,60.0,75.9,169.0,62.0,88.1,168.0
PO,,82,0.82,59.0,74.6,172.0,61.0,80.4,170.0
PO,,83,0.83,59.0,75.6,171.0,61.0,88.6,172.0
PO,,84,0.84,59.0,92.1,171.0,61.0,86.4,171.0
PO,,85,0.85,59.0,79.7,173.0,60.0,86.5,174.0
PO,,86,0.86,59.0,69.8,174.0,60.0,81.0,176.0
PO,,87,0.87,58.0,83.5,177.0,60.0,80.7,177.0
PO,,88,0.88,58.0,93.7,179.0,60.0,75.5,178.0
PO,,89,0.89,58.0,77.0,180.0,60.0,89.4,180.0
PO,,90,0.9,58.0,72.2,179.0,59.0,82.3,180.0
PO,,91,0.91,58.0,91.0,181.0,59.0,81.8,181.0
PO,,92,0.92,58.0,73.2,180.0,59.0,88.9,181.0
PO,,93,0.93,59.0,78.8,184.0,59.0,88.8,186.0
PO,,94,0.94,59.0,80.1,184.0,59.0,82.3,184.0
PO,,95,0.95,58.0,73.6,187.0,59.0,83.0,187.0
PO,,96,0.96,57.0,78.1,192.0,58.0,76.6,187.0
PO,,97,0.97,57.0,87.5,195.0,57.0,87.6,190.0
PO,,98,0.98,56.0,90.1,194.0,57.0,79.0,197.0
PO,,99,0.99,56.0,79.8,194.0,56.0,83.5,197.0
PO,,100,1.0,56.0,77.2,196.0,56.0,77.2,196.0
LODP,,0,0.0,4.0,84.4,92.0,9.0,65.2,90.0
LODP,,1,0.01,4.0,84.4,92.0,9.0,65.2,90.0
LODP,,2,0.02,4.0,82.0,92.0,10.0,64.7,93.0
LODP,,3,0.03,4.0,84.4,92.0,10.0,65.6,95.0
LODP,,4,0.04,4.0,89.1,93.0,16.0,52.5,96.0
LODP,,5,0.05,4.0,98.6,97.0,16.0,52.5,96.0
LODP,,6,0.06,4.0,98.6,97.0,12.0,61.6,101.0
LODP,,7,0.07,4.0,103.7,100.0,11.0,65.6,99.0
LODP,,8,0.08,5.0,99.9,101.0,10.0,72.6,102.0
LODP,,9,0.09,5.0,99.2,104.0,14.0,63.1,104.0
LODP,,10,0.1,5.0,99.2,104.0,14.0,63.1,104.0
LODP,,11,0.11,5.0,101.4,104.0,15.0,55.1,107.0
LODP,,12,0.12,5.0,105.7,105.0,12.0,62.6,107.0
LODP,,13,0.13,5.0,88.2,107.0,15.0,55.1,107.0
LODP,,14,0.14,4.0,104.8,110.0,12.0,62.6,107.0
LODP,,15,0.15,4.0,104.8,110.0,16.0,59.3,112.0
LODP,,16,0.16,5.0,95.3,110.0,11.0,74.2,113.0
LODP,,17,0.17,6.0,101.6,112.0,10.0,75.6,114.0
LODP,,18,0.18,6.0,107.4,113.0,11.0,74.2,113.0
LODP,,19,0.19,6.0,100.9,115.0,11.0,71.0,115.0
LODP,,20,0.2,6.0,100.9,115.0,11.0,71.0,115.0
LODP,,21,0.21,6.0,107.7,119.0,10.0,72.7,117.0
LODP,,22,0.22,6.0,106.3,117.0,10.0,75.6,118.0
LODP,,23,0.23,5.0,102.7,119.0,10.0,73.6,119.0
LODP,,24,0.24,5.0,98.3,121.0,10.0,75.0,119.0
LODP,,25,0.25,5.0,98.5,122.0,10.0,73.3,120.0
LODP,,26,0.26,6.0,104.6,122.0,11.0,79.1,126.0
LODP,,27,0.27,6.0,89.6,125.0,11.0,79.1,126.0
LODP,,28,0.28,6.0,98.6,126.0,12.0,68.7,126.0
LODP,,29,0.29,7.0,91.9,127.0,10.0,89.3,128.0
LODP,,30,0.3,7.0,103.2,128.0,9.0,86.6,130.0
LODP,,31,0.31,7.0,89.1,129.0,9.0,86.3,131.0
LODP,,32,0.32,7.0,83.4,129.0,11.0,78.1,132.0
LODP,,33,0.33,8.0,80.5,132.0,12.0,78.1,132.0
LODP,,34,0.34,7.0,91.6,133.0,12.0,72.0,134.0
LODP,,35,0.35,7.0,91.6,133.0,13.0,78.6,133.0
LODP,,36,0.36,7.0,99.7,136.0,12.0,72.7,135.0
LODP,,37,0.37,7.0,84.1,138.0,12.0,75.6,135.0
LODP,,38,0.38,8.0,107.9,137.0,13.0,69.4,138.0
LODP,,39,0.39,8.0,107.9,137.0,12.0,82.9,137.0
LODP,,40,0.4,8.0,96.4,139.0,12.0,79.2,140.0
LODP,,41,0.41,7.0,108.6,139.0,12.0,71.1,141.0
LODP,,42,0.42,7.0,99.3,142.0,12.0,79.2,140.0
LODP,,43,0.43,7.0,99.3,142.0,11.0,79.2,142.0
LODP,,44,0.44,8.0,91.8,142.0,11.0,86.5,143.0
LODP,,45,0.45,8.0,94.3,144.0,11.0,77.2,144.0
LODP,,46,0.46,8.0,99.1,144.0,11.0,77.2,144.0
LODP,,47,0.47,8.0,84.9,145.0,12.0,93.4,146.0
LODP,,48,0.48,8.0,96.2,145.0,12.0,93.4,146.0
LODP,,49,0.49,8.0,106.0,147.0,12.0,74.1,147.0
LODP,,50,0.5,8.0,90.6,147.0,12.0,74.1,147.0
LODP,,51,0.51,8.0,90.6,147.0,11.0,84.9,148.0
LODP,,52,0.52,8.0,90.8,148.0,11.0,84.9,148.0
LODP,,53,0.53,8.0,100.9,149.0,10.0,92.1,151.0
LODP,,54,0.54,8.0,92.3,151.0,10.0,83.9,152.0
LODP,,55,0.55,7.0,105.8,151.0,10.0,81.9,152.0
LODP,,56,0.56,8.0,104.0,155.0,10.0,91.9,152.0
LODP,,57,0.57,8.0,104.0,155.0,10.0,89.1,155.0
LODP,,58,0.58,8.0,88.3,156.0,10.0,95.0,157.0
LODP,,59,0.59,8.0,93.1,157.0,10.0,90.3,157.0
LODP,,60,0.6,8.0,103.5,158.0,11.0,78.2,158.0
LODP,,61,0.61,8.0,91.9,158.0,10.0,106.4,158.0
LODP,,62,0.62,8.0,89.9,160.0,10.0,88.7,160.0
LODP,,63,0.63,8.0,95.1,160.0,9.0,107.5,160.0
LODP,,64,0.64,8.0,95.5,161.0,10.0,95.3,162.0
LODP,,65,0.65,8.0,98.1,163.0,11.0,85.0,160.0
LODP,,66,0.66,8.0,92.2,164.0,11.0,98.7,164.0
LODP,,67,0.67,8.0,92.2,164.0,12.0,95.5,164.0
LODP,,68,0.68,9.0,101.9,165.0,11.0,100.8,166.0
LODP,,69,0.69,9.0,97.2,166.0,11.0,100.8,166.0
LODP,,70,0.7,9.0,104.6,166.0,11.0,88.9,167.0
LODP,,71,0.71,9.0,96.3,168.0,11.0,88.9,167.0
LODP,,72,0.72,9.0,105.3,169.0,11.0,83.5,169.0
LODP,,73,0.73,9.0,95.4,170.0,11.0,97.6,168.0
LODP,,74,0.74,9.0,98.0,172.0,10.0,101.6,171.0
LODP,,75,0.75,9.0,92.5,173.0,10.0,107.7,173.0
LODP,,76,0.76,9.0,92.5,173.0,10.0,105.5,174.0
LODP,,77,0.77,10.0,105.5,174.0,12.0,91.0,174.0
LODP,,78,0.78,10.0,98.5,176.0,12.0,92.4,175.0
LODP,,79,0.79,9.0,108.2,178.0,11.0,90.4,179.0
LODP,,80,0.8,10.0,108.2,178.0,11.0,91.2,182.0
LODP,,81,0.81,10.0,92.8,184.0,11.0,90.4,179.0
LODP,,82,0.82,10.0,92.8,184.0,11.0,95.7,185.0
LODP,,83,0.83,9.0,90.7,187.0,10.0,102.9,183.0
LODP,,84,0.84,9.0,101.0,184.0,10.0,97.8,187.0
LODP,,85,0.85,11.0,93.6,187.0,12.0,106.1,191.0
LODP,,86,0.86,17.0,86.6,246.0,21.0,77.0,210.0
LODP,,87,0.87,21.0,78.9,256.0,22.0,82.5,261.0
LODP,,88,0.88,21.0,80.9,257.0,23.0,83.5,256.0
LODP,,89,0.89,19.0,90.2,260.0,23.0,80.6,269.0
LODP,,90,0.9,19.0,95.5,264.0,21.0,89.3,274.0
LODP,,91,0.91,18.0,85.4,276.0,19.0,89.6,268.0
LODP,,92,0.92,17.0,99.2,273.0,18.0,85.4,276.0
LODP,,93,0.93,19.0,93.9,279.0,21.0,88.4,279.0
LODP,,94,0.94,20.0,93.6,282.0,20.0,93.4,287.0
LODP,,95,0.95,20.0,93.4,287.0,20.0,93.6,282.0
LODP,,96,0.96,17.0,94.8,288.0,18.0,96.2,292.0
LODP,,97,0.97,18.0,96.2,292.0,18.0,96.2,292.0
LODP,,98,0.98,18.0,96.2,292.0,18.0,96.2,292.0
LODP,,99,0.99,19.0,93.2,294.0,19.0,93.2,294.0
LODP,,100,1.0,19.0,93.2,294.0,19.0,93.2,294.0
B1B,,0,0.0,-75.0,37.8,1.0,-52.0,36.1,1.0
B1B,,1,0.01,-75.0,37.8,1.0,-52.0,36.1,1.0
B1B,,2,0.02,-78.0,61.2,1.0,-50.0,26.1,1.0
B1B,,3,0.03,-79.0,51.0,1.0,-50.0,26.1,1.0
B1B,,4,0.04,-78.0,61.2,1.0,-52.0,33.9,1.0
B1B,,5,0.05,-76.0,42.5,1.0,-54.0,42.8,1.0
B1B,,6,0.06,-74.0,33.2,1.0,-56.0,50.4,1.0
B1B,,7,0.07,-77.0,37.5,1.0,-58.0,36.8,1.0
B1B,,8,0.08,-77.0,37.5,1.0,-56.0,49.1,1.0
B1B,,9,0.09,-78.0,43.6,1.0,-55.0,41.0,1.0
B1B,,10,0.1,-76.0,34.4,1.0,-55.0,41.0,1.0
B1B,,11,0.11,-79.0,38.5,1.0,-57.0,42.3,1.0
B1B,,12,0.12,-77.0,49.6,1.0,-59.0,48.6,1.0
B1B,,13,0.13,-77.0,49.6,1.0,-57.0,50.4,1.0
B1B,,14,0.14,-75.0,42.2,1.0,-57.0,36.4,1.0
B1B,,15,0.15,-75.0,42.2,1.0,-57.0,36.4,1.0
B1B,,16,0.16,-76.0,35.7,1.0,-57.0,41.1,1.0
B1B,,17,0.17,-76.0,35.7,1.0,-59.0,38.1,1.0
B1B,,18,0.18,-74.0,47.1,1.0,-49.0,53.4,2.0
B1B,,19,0.19,-67.0,35.0,1.0,-45.0,34.7,2.0
B1B,,20,0.2,-58.0,35.6,2.0,-44.0,34.9,2.0
B1B,,21,0.21,-59.0,44.9,2.0,-42.0,38.6,2.0
B1B,,22,0.22,-60.0,44.4,2.0,-42.0,31.3,2.0
B1B,,23,0.23,-60.0,44.4,2.0,-42.0,34.3,2.0
B1B,,24,0.24,-60.0,44.4,2.0,-42.0,31.3,2.0
B1B,,25,0.25,-59.0,39.3,2.0,-43.0,16.1,2.0
B1B,,26,0.26,-59.0,40.3,2.0,-43.0,16.1,2.0
B1B,,27,0.27,-58.0,42.7,2.0,-44.0,46.0,2.0
B1B,,28,0.28,-58.0,52.7,2.0,-42.0,27.2,2.0
B1B,,29,0.29,-58.0,52.7,2.0,-42.0,26.9,2.0
B1B,,30,0.3,-59.0,44.1,2.0,-43.0,42.1,2.0
B1B,,31,0.31,-59.0,39.8,2.0,-45.0,26.9,2.0
B1B,,32,0.32,-58.0,29.8,2.0,-47.0,39.6,2.0
B1B,,33,0.33,-57.0,19.4,2.0,-45.0,55.4,3.0
B1B,,34,0.34,-53.0,39.7,2.0,-37.0,35.8,3.0
B1B,,35,0.35,-48.0,32.2,3.0,-35.0,15.5,3.0
B1B,,36,0.36,-48.0,46.2,3.0,-34.0,40.9,3.0
B1B,,37,0.37,-47.0,43.5,3.0,-34.0,40.4,3.0
B1B,,38,0.38,-45.0,49.6,3.0,-34.0,47.0,3.0
B1B,,39,0.39,-45.0,49.6,3.0,-37.0,29.6,3.0
B1B,,40,0.4,-46.0,33.4,3.0,-37.0,39.1,3.0
B1B,,41,0.41,-46.0,33.4,3.0,-35.0,29.4,3.0
B1B,,42,0.42,-46.0,33.4,3.0,-33.0,26.5,3.0
B1B,,43,0.43,-43.0,36.7,3.0,-32.0,54.4,3.0
B1B,,44,0.44,-45.0,39.1,3.0,-34.0,31.5,3.0
B1B,,45,0.45,-44.0,20.3,3.0,-36.0,42.2,3.0
B1B,,46,0.46,-42.0,25.9,3.0,-33.0,32.3,3.0
B1B,,47,0.47,-40.0,33.3,4.0,-31.0,33.3,4.0
B1B,,48,0.48,-40.0,33.3,4.0,-30.0,31.4,4.0
B1B,,49,0.49,-39.0,41.7,4.0,-30.0,21.7,4.0
B1B,,50,0.5,-37.0,47.8,4.0,-31.0,28.7,4.0
B1B,,51,0.51,-38.0,43.6,4.0,-31.0,41.7,4.0
B1B,,52,0.52,-39.0,38.0,4.0,-35.0,32.1,4.0
B1B,,53,0.53,-38.0,35.6,4.0,-28.0,30.0,4.0
B1B,,54,0.54,-34.0,40.9,5.0,-27.0,24.2,5.0
B1B,,55,0.55,-30.0,30.8,5.0,-25.0,40.6,5.0
B1B,,56,0.56,-28.0,31.3,5.0,-24.0,36.1,5.0
B1B,,57,0.57,-28.0,30.9,5.0,-23.0,27.9,5.0
B1B,,58,0.58,-28.0,26.0,5.0,-23.0,30.5,5.0
B1B,,59,0.59,-29.0,39.3,5.0,-23.0,39.3,5.0
B1B,,60,0.6,-29.0,39.8,5.0,-23.0,39.3,5.0
B1B,,61,0.61,-26.0,41.2,5.0,-22.0,18.1,6.0
B1B,,62,0.62,-24.0,43.1,6.0,-20.0,33.5,6.0
B1B,,63,0.63,-24.0,40.3,6.0,-20.0,27.3,6.0
B1B,,64,0.64,-24.0,34.6,6.0,-21.0,43.8,6.0
B1B,,65,0.65,-24.0,40.3,6.0,-22.0,34.6,6.0
B1B,,66,0.66,-23.0,33.7,7.0,-18.0,34.5,6.0
B1B,,67,0.67,-22.0,35.9,7.0,-17.0,27.6,7.0
B1B,,68,0.68,-20.0,41.0,7.0,-17.0,28.5,7.0
B1B,,69,0.69,-20.0,22.0,7.0,-16.0,29.3,8.0
B1B,,70,0.7,-19.0,33.4,8.0,-15.0,41.0,8.0
B1B,,71,0.71,-17.0,45.4,8.0,-13.0,29.9,8.0
B1B,,72,0.72,-15.0,32.4,9.0,-11.0,28.7,8.0
B1B,,73,0.73,-15.0,25.2,9.0,-12.0,30.4,9.0
B1B,,74,0.74,-15.0,32.4,9.0,-11.0,28.9,10.0
B1B,,75,0.75,-15.0,25.2,9.0,-11.0,37.4,10.0
B1B,,76,0.76,-11.0,35.0,9.0,-9.0,30.8,10.0
B1B,,77,0.77,-11.0,37.4,10.0,-10.0,33.7,10.0
B1B,,78,0.78,-11.0,53.0,11.0,-8.0,39.3,12.0
B1B,,79,0.79,-10.0,39.7,12.0,-8.0,35.4,13.0
B1B,,80,0.8,-8.0,39.3,12.0,-7.0,36.0,14.0
B1B,,81,0.81,-7.0,26.0,14.0,-2.0,30.4,13.0
B1B,,82,0.82,-4.0,28.9,15.0,-1.0,23.2,14.0
B1B,,83,0.83,-3.0,26.4,15.0,0.0,26.5,15.0
B1B,,84,0.84,-2.0,30.0,15.0,3.0,22.8,18.0
B1B,,85,0.85,2.0,27.3,19.0,3.0,26.8,17.0
B1B,,86,0.86,3.0,29.1,21.0,4.0,27.1,19.0
B1B,,87,0.87,4.0,29.5,22.0,5.0,26.8,21.0
B1B,,88,0.88,6.0,23.3,21.0,9.0,26.2,25.0
B1B,,89,0.89,7.0,29.7,27.0,10.0,25.4,23.0
B1B,,90,0.9,8.0,29.5,29.0,12.0,24.9,24.0
B1B,,91,0.91,9.0,31.6,31.0,13.0,27.7,29.0
B1B,,92,0.92,10.0,31.0,34.0,14.0,25.6,30.0
B1B,,93,0.93,14.0,29.3,36.0,14.0,30.3,36.0
B1B,,94,0.94,14.0,28.6,36.0,14.0,28.8,35.0
B1B,,95,0.95,14.0,31.7,40.0,16.0,29.2,39.0
B1B,,96,0.96,16.0,29.4,40.0,18.0,30.2,42.0
B1B,,97,0.97,15.0,33.0,45.0,16.0,29.4,40.0
B1B,,98,0.98,20.0,31.7,49.0,20.0,31.7,49.0
B1B,,99,0.99,20.0,31.7,49.0,20.0,31.7,49.0
B1B,,100,1.0,20.0,31.7,49.0,20.0,31.7,49.0
B1BWH,,0,0.0,-75.0,37.8,1.0,-52.0,36.1,1.0
B1BWH,,1,0.01,-75.0,37.8,1.0,-52.0,36.1,1.0
B1BWH,,2,0.02,-78.0,61.2,1.0,-50.0,26.1,1.0
B1BWH,,3,0.03,-79.0,51.0,1.0,-50.0,26.1,1.0
B1BWH,,4,0.04,-78.0,61.2,1.0,-52.0,33.9,1.0
B1BWH,,5,0.05,-76.0,42.5,1.0,-54.0,42.8,1.0
B1BWH,,6,0.06,-74.0,33.2,1.0,-56.0,50.4,1.0
B1BWH,,7,0.07,-77.0,37.5,1.0,-58.0,36.8,1.0
B1BWH,,8,0.08,-77.0,37.5,1.0,-56.0,49.1,1.0
B1BWH,,9,0.09,-78.0,43.6,1.0,-55.0,41.0,1.0
B1BWH,,10,0.1,-76.0,34.4,1.0,-55.0,41.0,1.0
B1BWH,,11,0.11,-79.0,38.5,1.0,-57.0,42.3,1.0
B1BWH,,12,0.12,-77.0,49.6,1.0,-59.0,48.6,1.0
B1BWH,,13,0.13,-77.0,49.6,1.0,-57.0,50.4,1.0
B1BWH,,14,0.14,-75.0,42.2,1.0,-57.0,36.4,1.0
B1BWH,,15,0.15,-75.0,42.2,1.0,-57.0,36.4,1.0
B1BWH,,16,0.16,-76.0,35.7,1.0,-57.0,41.1,1.0
B1BWH,,17,0.17,-76.0,35.7,1.0,-59.0,38.1,1.0
B1BWH,,18,0.18,-74.0,47.1,1.0,-49.0,53.4,2.0
B1BWH,,19,0.19,-67.0,35.0,1.0,-45.0,34.7,2.0
B1BWH,,20,0.2,-58.0,35.6,2.0,-44.0,34.9,2.0
B1BWH,,21,0.21,-59.0,44.9,2.0,-42.0,38.6,2.0
B1BWH,,22,0.22,-60.0,44.4,2.0,-42.0,31.3,2.0
B1BWH,,23,0.23,-60.0,44.4,2.0,-42.0,34.3,2.0
B1BWH,,24,0.24,-60.0,44.4,2.0,-42.0,31.3,2.0
B1BWH,,25,0.25,-59.0,39.3,2.0,-43.0,16.1,2.0
B1BWH,,26,0.26,-59.0,40.3,2.0,-43.0,16.1,2.0
B1BWH,,27,0.27,-58.0,42.7,2.0,-44.0,46.0,2.0
B1BWH,,28,0.28,-58.0,52.7,2.0,-42.0,27.2,2.0
B1BWH,,29,0.29,-58.0,52.7,2.0,-42.0,26.9,2.0
B1BWH,,30,0.3,-59.0,44.1,2.0,-43.0,42.1,2.0
B1BWH,,31,0.31,-59.0,39.8,2.0,-45.0,26.9,2.0
B1BWH,,32,0.32,-58.0,29.8,2.0,-47.0,39.6,2.0
B1BWH,,33,0.33,-57.0,19.4,2.0,-45.0,55.4,3.0
B1BWH,,34,0.34,-53.0,39.7,2.0,-37.0,35.8,3.0
B1BWH,,35,0.35,-48.0,32.2,3.0,-35.0,15.5,3.0
B1BWH,,36,0.36,-48.0,46.2,3.0,-34.0,40.9,3.0
B1BWH,,37,0.37,-47.0,43.5,3.0,-34.0,40.4,3.0
B1BWH,,38,0.38,-45.0,49.6,3.0,-34.0,47.0,3.0
B1BWH,,39,0.39,-45.0,49.6,3.0,-37.0,29.6,3.0
B1BWH,,40,0.4,-46.0,33.4,3.0,-37.0,39.1,3.0
B1BWH,,41,0.41,-46.0,33.4,3.0,-35.0,29.4,3.0
B1BWH,,42,0.42,-46.0,33.4,3.0,-33.0,26.5,3.0
B1BWH,,43,0.43,-43.0,36.7,3.0,-32.0,54.4,3.0
B1BWH,,44,0.44,-45.0,39.1,3.0,-34.0,31.5,3.0
B1BWH,,45,0.45,-44.0,20.3,3.0,-36.0,42.2,3.0
B1BWH,,46,0.46,-42.0,25.9,3.0,-33.0,32.3,3.0
B1BWH,,47,0.47,-40.0,33.3,4.0,-31.0,33.3,4.0
B1BWH,,48,0.48,-40.0,33.3,4.0,-30.0,31.4,4.0
B1BWH,,49,0.49,-39.0,41.7,4.0,-30.0,21.7,4.0
B1BWH,,50,0.5,-37.0,47.8,4.0,-31.0,28.7,4.0
B1BWH,,51,0.51,-38.0,43.6,4.0,-31.0,41.7,4.0
B1BWH,,52,0.52,-39.0,38.0,4.0,-35.0,32.1,4.0
B1BWH,,53,0.53,-38.0,35.6,4.0,-28.0,30.0,4.0
B1BWH,,54,0.54,-34.0,40.9,5.0,-27.0,24.2,5.0
B1BWH,,55,0.55,-30.0,30.8,5.0,-25.0,40.6,5.0
B1BWH,,56,0.56,-28.0,31.3,5.0,-24.0,36.1,5.0
B1BWH,,57,0.57,-28.0,30.9,5.0,-23.0,27.9,5.0
B1BWH,,58,0.58,-28.0,26.0,5.0,-23.0,30.5,5.0
B1BWH,,59,0.59,-29.0,39.3,5.0,-23.0,39.3,5.0
B1BWH,,60,0.6,-29.0,39.8,5.0,-23.0,39.3,5.0
B1BWH,,61,0.61,-26.0,41.2,5.0,-22.0,18.1,6.0
B1BWH,,62,0.62,-24.0,43.1,6.0,-20.0,33.5,6.0
B1BWH,,63,0.63,-24.0,40.3,6.0,-20.0,27.3,6.0
B1BWH,,64,0.64,-24.0,34.6,6.0,-21.0,43.8,6.0
B1BWH,,65,0.65,-24.0,40.3,6.0,-22.0,34.6,6.0
B1BWH,,66,0.66,-23.0,33.7,7.0,-18.0,34.5,6.0
B1BWH,,67,0.67,-22.0,35.9,7.0,-17.0,27.6,7.0
B1BWH,,68,0.68,-20.0,41.0,7.0,-17.0,28.5,7.0
B1BWH,,69,0.69,-20.0,22.0,7.0,-16.0,29.3,8.0
B1BWH,,70,0.7,-19.0,33.4,8.0,-15.0,41.0,8.0
B1BWH,,71,0.71,-17.0,45.4,8.0,-13.0,29.9,8.0
B1BWH,,72,0.72,-15.0,32.4,9.0,-11.0,28.7,8.0
B1BWH,,73,0.73,-15.0,25.2,9.0,-12.0,30.4,9.0
B1BWH,,74,0.74,-15.0,32.4,9.0,-11.0,28.9,10.0
B1BWH,,75,0.75,-15.0,25.2,9.0,-11.0,37.4,10.0
B1BWH,,76,0.76,-11.0,35.0,9.0,-9.0,30.8,10.0
B1BWH,,77,0.77,-11.0,37.4,10.0,-10.0,33.7,10.0
B1BWH,,78,0.78,-11.0,53.0,11.0,-8.0,39.3,12.0
B1BWH,,79,0.79,-10.0,39.7,12.0,-8.0,35.4,13.0
B1BWH,,80,0.8,-8.0,39.3,12.0,-7.0,36.0,14.0
B1BWH,,81,0.81,-7.0,26.0,14.0,-2.0,30.4,13.0
B1BWH,,82,0.82,-4.0,28.9,15.0,-1.0,23.2,14.0
B1BWH,,83,0.83,-3.0,26.4,15.0,0.0,26.5,15.0
B1BWH,,84,0.84,-2.0,30.0,15.0,3.0,22.8,18.0
B1BWH,,85,0.85,2.0,27.3,19.0,3.0,26.8,17.0
B1BWH,,86,0.86,3.0,29.1,21.0,4.0,27.1,19.0
B1BWH,,87,0.87,4.0,29.5,22.0,5.0,26.8,21.0
B1BWH,,88,0.88,6.0,23.3,21.0,9.0,26.2,25.0
B1BWH,,89,0.89,7.0,29.7,27.0,10.0,25.4,23.0
B1BWH,,90,0.9,8.0,29.5,29.0,12.0,24.9,24.0
B1BWH,,91,0.91,9.0,31.6,31.0,13.0,27.7,29.0
B1BWH,,92,0.92,10.0,31.0,34.0,14.0,25.6,30.0
B1BWH,,93,0.93,14.0,29.3,36.0,14.0,30.3,36.0
B1BWH,,94,0.94,14.0,28.6,36.0,14.0,28.8,35.0
B1BWH,,95,0.95,14.0,31.7,40.0,16.0,29.2,39.0
B1BWH,,96,0.96,16.0,29.4,40.0,18.0,30.2,42.0
B1BWH,,97,0.97,15.0,33.0,45.0,16.0,29.4,40.0
B1BWH,,98,0.98,20.0,31.7,49.0,20.0,31.7,49.0
B1BWH,,99,0.99,20.0,31.7,49.0,20.0,31.7,49.0
B1BWH,,100,1.0,20.0,31.7,49.0,20.0,31.7,49.0
BFC,,0,0.0,-76.0,35.7,1.0,-55.0,29.4,1.0
BFC,,1,0.01,-76.0,35.7,1.0,-55.0,29.4,1.0
BFC,,2,0.02,-76.0,32.6,1.0,-55.0,45.0,1.0
BFC,,3,0.03,-76.0,46.3,1.0,-55.0,45.0,1.0
BFC,,4,0.04,-76.0,32.3,1.0,-55.0,40.9,1.0
BFC,,5,0.05,-77.0,47.1,1.0,-55.0,39.4,1.0
BFC,,6,0.06,-77.0,39.7,1.0,-55.0,39.4,1.0
BFC,,7,0.07,-79.0,38.3,1.0,-55.0,39.4,1.0
BFC,,8,0.08,-78.0,40.6,1.0,-56.0,54.6,1.0
BFC,,9,0.09,-79.0,19.1,1.0,-55.0,41.9,1.0
BFC,,10,0.1,-78.0,47.7,1.0,-55.0,9.9,1.0
BFC,,11,0.11,-78.0,46.7,1.0,-55.0,44.5,1.0
BFC,,12,0.12,-77.0,52.6,1.0,-57.0,33.9,1.0
BFC,,13,0.13,-76.0,41.8,1.0,-57.0,36.4,1.0
BFC,,14,0.14,-76.0,53.2,1.0,-57.0,33.9,1.0
BFC,,15,0.15,-76.0,36.5,1.0,-57.0,36.4,1.0
BFC,,16,0.16,-76.0,45.1,1.0,-57.0,25.2,1.0
BFC,,17,0.17,-76.0,45.1,1.0,-56.0,49.1,1.0
BFC,,18,0.18,-76.0,40.6,1.0,-56.0,41.3,1.0
BFC,,19,0.19,-75.0,32.9,1.0,-56.0,41.3,1.0
BFC,,20,0.2,-74.0,45.5,1.0,-50.0,39.3,2.0
BFC,,21,0.21,-72.0,39.6,1.0,-45.0,31.7,2.0
BFC,,22,0.22,-62.0,39.5,2.0,-44.0,32.7,2.0
BFC,,23,0.23,-60.0,39.7,2.0,-42.0,23.1,2.0
BFC,,24,0.24,-59.0,40.3,2.0,-42.0,33.5,2.0
BFC,,25,0.25,-59.0,40.3,2.0,-44.0,46.0,2.0
BFC,,26,0.26,-59.0,37.7,2.0,-45.0,24.8,2.0
BFC,,27,0.27,-59.0,25.3,2.0,-44.0,47.0,2.0
BFC,,28,0.28,-59.0,37.6,2.0,-45.0,81.6,2.0
BFC,,29,0.29,-59.0,20.7,2.0,-45.0,45.1,2.0
BFC,,30,0.3,-59.0,29.3,2.0,-45.0,42.2,2.0
BFC,,31,0.31,-58.0,37.7,2.0,-45.0,51.8,2.0
BFC,,32,0.32,-59.0,39.3,2.0,-44.0,34.9,2.0
BFC,,33,0.33,-58.0,34.5,2.0,-45.0,41.3,2.0
BFC,,34,0.34,-58.0,39.7,2.0,-45.0,34.7,2.0
BFC,,35,0.35,-57.0,28.0,2.0,-41.0,37.5,2.0
BFC,,36,0.36,-53.0,43.6,2.0,-37.0,33.1,3.0
BFC,,37,0.37,-47.0,31.6,3.0,-35.0,37.0,3.0
BFC,,38,0.38,-47.0,39.8,3.0,-35.0,34.4,3.0
BFC,,39,0.39,-46.0,38.4,3.0,-35.0,36.5,3.0
BFC,,40,0.4,-47.0,41.3,3.0,-35.0,37.2,3.0
BFC,,41,0.41,-46.0,29.2,3.0,-35.0,28.1,3.0
BFC,,42,0.42,-47.0,41.3,3.0,-35.0,15.5,3.0
BFC,,43,0.43,-47.0,36.5,3.0,-36.0,44.1,3.0
BFC,,44,0.44,-47.0,38.6,3.0,-35.0,42.8,3.0
BFC,,45,0.45,-47.0,30.0,3.0,-36.0,33.2,3.0
BFC,,46,0.46,-46.0,33.4,3.0,-35.0,59.1,4.0
BFC,,47,0.47,-44.0,32.8,4.0,-31.0,31.6,4.0
BFC,,48,0.48,-39.0,32.3,4.0,-28.0,23.3,4.0
BFC,,49,0.49,-37.0,29.5,4.0,-28.0,27.8,4.0
BFC,,50,0.5,-37.0,32.6,4.0,-29.0,29.3,4.0
BFC,,51,0.51,-38.0,43.6,4.0,-29.0,26.7,4.0
BFC,,52,0.52,-37.0,27.7,4.0,-29.0,38.3,4.0
BFC,,53,0.53,-37.0,21.4,4.0,-28.0,36.7,4.0
BFC,,54,0.54,-34.0,32.2,5.0,-26.0,41.2,5.0
BFC,,55,0.55,-32.0,29.6,5.0,-24.0,35.1,4.0
BFC,,56,0.56,-30.0,43.3,5.0,-24.0,33.0,5.0
BFC,,57,0.57,-30.0,36.8,5.0,-24.0,36.1,5.0
BFC,,58,0.58,-30.0,33.2,5.0,-24.0,31.8,5.0
BFC,,59,0.59,-28.0,31.3,5.0,-22.0,28.7,6.0
BFC,,60,0.6,-26.0,30.2,6.0,-20.0,38.2,6.0
BFC,,61,0.61,-25.0,39.9,6.0,-20.0,33.5,6.0
BFC,,62,0.62,-24.0,28.7,6.0,-19.0,40.8,6.0
BFC,,63,0.63,-24.0,34.6,6.0,-19.0,20.2,6.0
BFC,,64,0.64,-23.0,30.4,6.0,-18.0,27.3,7.0
BFC,,65,0.65,-21.0,29.8,7.0,-16.0,26.8,7.0
BFC,,66,0.66,-19.0,33.2,8.0,-15.0,24.2,7.0
BFC,,67,0.67,-18.0,26.8,7.0,-14.0,29.6,8.0
BFC,,68,0.68,-16.0,35.1,8.0,-12.0,23.1,8.0
BFC,,69,0.69,-15.0,31.5,9.0,-11.0,37.3,9.0
BFC,,70,0.7,-14.0,34.2,9.0,-9.0,28.6,10.0
BFC,,71,0.71,-13.0,18.4,9.0,-8.0,36.5,10.0
BFC,,72,0.72,-12.0,42.6,10.0,-8.0,30.3,10.0
BFC,,73,0.73,-11.0,31.9,10.0,-7.0,28.2,10.0
BFC,,74,0.74,-9.0,23.9,11.0,-6.0,31.8,12.0
BFC,,75,0.75,-8.0,30.6,13.0,-4.0,22.4,12.0
BFC,,76,0.76,-6.0,23.1,12.0,-3.0,24.0,15.0
BFC,,77,0.77,-4.0,29.5,14.0,-1.0,25.5,15.0
BFC,,78,0.78,-3.0,27.4,15.0,1.0,22.3,16.0
BFC,,79,0.79,-2.0,32.5,17.0,4.0,24.8,17.0
BFC,,80,0.8,0.0,31.7,17.0,4.0,27.1,19.0
BFC,,81,0.81,1.0,34.3,19.0,5.0,24.0,20.0
BFC,,82,0.82,2.0,28.7,21.0,6.0,23.1,18.0
BFC,,83,0.83,5.0,23.9,20.0,9.0,26.0,23.0
BFC,,84,0.84,6.0,27.4,23.0,12.0,22.5,22.0
BFC,,85,0.85,9.0,26.2,25.0,15.0,23.3,23.0
BFC,,86,0.86,10.0,26.7,24.0,16.0,22.4,24.0
BFC,,87,0.87,13.0,24.3,27.0,19.0,24.2,28.0
BFC,,88,0.88,15.0,24.5,27.0,22.0,23.4,30.0
BFC,,89,0.89,18.0,24.1,30.0,26.0,22.3,31.0
BFC,,90,0.9,18.0,27.0,36.0,23.0,24.2,34.0
BFC,,91,0.91,21.0,26.3,36.0,27.0,23.7,34.0
BFC,,92,0.92,23.0,27.4,40.0,29.0,23.8,36.0
BFC,,93,0.93,32.0,25.0,40.0,35.0,23.6,38.0
BFC,,94,0.94,32.0,25.4,41.0,34.0,25.7,43.0
BFC,,95,0.95,34.0,25.4,44.0,36.0,25.1,43.0
BFC,,96,0.96,36.0,26.0,48.0,38.0,24.7,42.0
BFC,,97,0.97,36.0,26.0,48.0,37.0,26.9,49.0
BFC,,98,0.98,36.0,26.1,47.0,37.0,28.6,54.0
BFC,,99,0.99,36.0,26.0,48.0,36.0,26.1,47.0
BFC,,100,1.0,36.0,26.1,47.0,36.0,26.1,47.0
BGO,,0,0.0,-77.0,47.1,1.0,-55.0,33.0,1.0
BGO,,1,0.01,-77.0,47.1,1.0,-55.0,33.0,1.0
BGO,,2,0.02,-75.0,46.5,1.0,-55.0,33.0,1.0
BGO,,3,0.03,-75.0,46.5,1.0,-55.0,9.9,1.0
BGO,,4,0.04,-76.0,38.6,1.0,-60.0,59.2,1.0
BGO,,5,0.05,-76.0,38.6,1.0,-59.0,40.0,1.0
BGO,,6,0.06,-77.0,53.2,1.0,-59.0,35.9,1.0
BGO,,7,0.07,-77.0,17.1,1.0,-59.0,40.0,1.0
BGO,,8,0.08,-77.0,37.1,1.0,-60.0,31.1,1.0
BGO,,9,0.09,-75.0,29.4,1.0,-58.0,28.2,1.0
BGO,,10,0.1,-76.0,48.4,1.0,-57.0,45.8,1.0
BGO,,11,0.11,-76.0,48.4,1.0,-53.0,18.9,1.0
BGO,,12,0.12,-78.0,38.6,1.0,-46.0,47.5,1.0
BGO,,13,0.13,-78.0,38.6,1.0,-46.0,47.5,1.0
BGO,,14,0.14,-76.0,41.8,1.0,-53.0,54.2,1.0
BGO,,15,0.15,-73.0,43.6,1.0,-46.0,45.1,2.0
BGO,,16,0.16,-67.0,46.4,1.0,-44.0,46.9,2.0
BGO,,17,0.17,-59.0,51.2,2.0,-38.0,24.5,2.0
BGO,,18,0.18,-59.0,41.0,2.0,-40.0,42.5,2.0
BGO,,19,0.19,-58.0,42.1,2.0,-43.0,37.2,2.0
BGO,,20,0.2,-59.0,44.3,2.0,-46.0,50.4,2.0
BGO,,21,0.21,-59.0,44.3,2.0,-46.0,32.8,2.0
BGO,,22,0.22,-59.0,44.3,2.0,-45.0,38.5,2.0
BGO,,23,0.23,-58.0,32.3,2.0,-44.0,56.6,2.0
BGO,,24,0.24,-59.0,35.5,2.0,-44.0,52.9,2.0
BGO,,25,0.25,-57.0,49.1,2.0,-39.0,31.8,3.0
BGO,,26,0.26,-55.0,44.5,3.0,-36.0,32.2,3.0
BGO,,27,0.27,-47.0,48.3,3.0,-34.0,21.1,3.0
BGO,,28,0.28,-47.0,43.3,3.0,-35.0,34.4,3.0
BGO,,29,0.29,-46.0,30.8,3.0,-34.0,20.4,3.0
BGO,,30,0.3,-47.0,43.3,3.0,-34.0,20.4,3.0
BGO,,31,0.31,-46.0,32.8,3.0,-34.0,20.4,3.0
BGO,,32,0.32,-49.0,41.5,3.0,-36.0,40.9,3.0
BGO,,33,0.33,-49.0,37.8,3.0,-36.0,40.9,3.0
BGO,,34,0.34,-48.0,47.9,3.0,-32.0,27.0,4.0
BGO,,35,0.35,-44.0,31.2,3.0,-30.0,45.2,4.0
BGO,,36,0.36,-38.0,47.3,4.0,-26.0,32.3,4.0
BGO,,37,0.37,-37.0,35.1,4.0,-27.0,30.6,4.0
BGO,,38,0.38,-38.0,38.2,4.0,-27.0,30.6,4.0
BGO,,39,0.39,-38.0,38.2,4.0,-27.0,29.1,5.0
BGO,,40,0.4,-38.0,33.9,4.0,-23.0,29.5,4.0
BGO,,41,0.41,-32.0,24.7,5.0,-22.0,21.0,5.0
BGO,,42,0.42,-33.0,42.1,5.0,-24.0,36.4,5.0
BGO,,43,0.43,-32.0,40.4,5.0,-22.0,39.4,6.0
BGO,,44,0.44,-29.0,36.3,5.0,-22.0,22.7,5.0
BGO,,45,0.45,-27.0,40.5,5.0,-18.0,32.4,6.0
BGO,,46,0.46,-25.0,39.9,6.0,-17.0,36.4,7.0
BGO,,47,0.47,-24.0,50.0,6.0,-13.0,18.0,6.0
BGO,,48,0.48,-20.0,41.9,7.0,0.0,14.1,8.0
BGO,,49,0.49,-18.0,40.5,8.0,55.0,10.8,8.0
BGO,,50,0.5,-17.0,45.2,8.0,32.0,10.0,8.0
BGO,,51,0.51,-15.0,31.9,9.0,9.0,15.9,10.0
BGO,,52,0.52,-14.0,34.2,9.0,1.0,16.8,11.0
BGO,,53,0.53,-11.0,43.1,11.0,9.0,15.9,10.0
BGO,,54,0.54,-8.0,29.4,12.0,1.0,16.8,11.0
BGO,,55,0.55,-7.0,28.9,13.0,67.0,15.5,12.0
BGO,,56,0.56,-7.0,34.7,15.0,69.0,17.1,14.0
BGO,,57,0.57,-5.0,30.1,14.0,69.0,17.1,14.0
BGO,,58,0.58,-4.0,30.6,16.0,65.0,17.3,16.0
BGO,,59,0.59,-4.0,32.2,15.0,21.0,16.2,17.0
BGO,,60,0.6,-2.0,32.5,17.0,65.0,17.3,16.0
BGO,,61,0.61,-1.0,34.0,19.0,73.0,22.6,19.0
BGO,,62,0.62,1.0,34.3,19.0,69.0,22.7,21.0
BGO,,63,0.63,2.0,26.1,19.0,69.0,22.7,21.0
BGO,,64,0.64,3.0,26.1,20.0,72.0,23.9,21.0
BGO,,65,0.65,6.0,29.3,24.0,75.0,27.3,23.0
BGO,,66,0.66,7.0,27.1,22.0,74.0,27.5,24.0
BGO,,67,0.67,7.0,28.8,26.0,71.0,26.8,27.0
BGO,,68,0.68,26.0,21.4,28.0,74.0,29.6,28.0
BGO,,69,0.69,26.0,21.4,28.0,74.0,29.6,28.0
BGO,,70,0.7,50.0,21.2,30.0,74.0,29.6,28.0
BGO,,71,0.71,42.0,20.8,31.0,72.0,31.5,32.0
BGO,,72,0.72,42.0,20.8,31.0,69.0,29.2,32.0
BGO,,73,0.73,34.0,22.1,33.0,63.0,26.7,36.0
BGO,,74,0.74,28.0,23.8,36.0,63.0,27.5,35.0
BGO,,75,0.75,35.0,23.6,38.0,65.0,28.1,36.0
BGO,,76,0.76,35.0,23.6,38.0,66.0,30.0,38.0
BGO,,77,0.77,44.0,24.1,38.0,66.0,30.0,38.0
BGO,,78,0.78,47.0,24.4,41.0,65.0,28.3,39.0
BGO,,79,0.79,45.0,24.2,41.0,55.0,26.2,41.0
BGO,,80,0.8,45.0,24.2,41.0,53.0,26.0,42.0
BGO,,81,0.81,41.0,25.2,42.0,48.0,25.7,41.0
BGO,,82,0.82,47.0,26.2,44.0,57.0,26.5,43.0
BGO,,83,0.83,43.0,26.2,45.0,53.0,27.9,46.0
BGO,,84,0.84,47.0,26.3,46.0,57.0,28.7,47.0
BGO,,85,0.85,44.0,26.4,46.0,56.0,28.5,47.0
BGO,,86,0.86,40.0,27.3,50.0,54.0,29.0,49.0
BGO,,87,0.87,40.0,27.3,50.0,49.0,27.6,49.0
BGO,,88,0.88,41.0,27.6,51.0,49.0,28.9,51.0
BGO,,89,0.89,41.0,27.6,51.0,49.0,28.9,51.0
BGO,,90,0.9,40.0,28.9,54.0,46.0,28.7,55.0
BGO,,91,0.91,37.0,29.4,56.0,40.0,29.3,56.0
BGO,,92,0.92,37.0,29.4,56.0,41.0,29.4,58.0
BGO,,93,0.93,42.0,29.6,58.0,42.0,29.8,58.0
BGO,,94,0.94,42.0,29.8,58.0,45.0,30.8,59.0
BGO,,95,0.95,42.0,30.5,58.0,42.0,29.6,58.0
BGO,,96,0.96,38.0,30.8,60.0,39.0,31.2,61.0
BGO,,97,0.97,35.0,31.7,63.0,36.0,31.1,61.0
BGO,,98,0.98,37.0,32.5,68.0,41.0,31.7,67.0
BGO,,99,0.99,43.0,31.5,66.0,45.0,33.4,68.0
BGO,,100,1.0,43.0,31.5,66.0,43.0,31.5,66.0
SacB,,0,0.0,-77.0,69.9,1.0,-57.0,30.5,1.0
SacB,,1,0.01,-77.0,69.9,1.0,-57.0,30.5,1.0
SacB,,2,0.02,-76.0,36.5,1.0,-55.0,41.9,1.0
SacB,,3,0.03,-77.0,40.0,1.0,-55.0,41.9,1.0
SacB,,4,0.04,-76.0,32.6,1.0,-54.0,34.0,1.0
SacB,,5,0.05,-78.0,35.8,1.0,-56.0,54.6,1.0
SacB,,6,0.06,-79.0,45.5,1.0,-56.0,35.5,1.0
SacB,,7,0.07,-79.0,41.5,1.0,-56.0,52.7,1.0
SacB,,8,0.08,-79.0,41.5,1.0,-56.0,52.7,1.0
SacB,,9,0.09,-77.0,39.7,1.0,-53.0,45.4,1.0
SacB,,10,0.1,-78.0,46.7,1.0,-54.0,29.4,1.0
SacB,,11,0.11,-78.0,44.2,1.0,-55.0,30.7,1.0
SacB,,12,0.12,-78.0,36.1,1.0,-57.0,46.2,1.0
SacB,,13,0.13,-78.0,6.3,1.0,-57.0,46.5,1.0
SacB,,14,0.14,-76.0,37.4,1.0,-55.0,45.0,1.0
SacB,,15,0.15,-76.0,45.1,1.0,-57.0,40.1,1.0
SacB,,16,0.16,-76.0,39.1,1.0,-57.0,40.1,1.0
SacB,,17,0.17,-75.0,51.4,1.0,-57.0,40.5,1.0
SacB,,18,0.18,-76.0,33.2,1.0,-56.0,41.3,1.0
SacB,,19,0.19,-76.0,34.2,1.0,-56.0,41.3,1.0
SacB,,20,0.2,-76.0,43.8,1.0,-57.0,19.8,1.0
SacB,,21,0.21,-76.0,38.5,1.0,-57.0,25.9,1.0
SacB,,22,0.22,-76.0,35.7,1.0,-58.0,27.0,1.0
SacB,,23,0.23,-75.0,32.9,1.0,-58.0,27.6,1.0
SacB,,24,0.24,-76.0,40.7,1.0,-62.0,51.1,1.0
SacB,,25,0.25,-73.0,35.6,1.0,-53.0,26.9,2.0
SacB,,26,0.26,-72.0,45.9,1.0,-47.0,17.8,2.0
SacB,,27,0.27,-63.0,44.1,2.0,-45.0,36.2,2.0
SacB,,28,0.28,-58.0,38.4,2.0,-45.0,34.6,2.0
SacB,,29,0.29,-57.0,46.7,2.0,-44.0,31.0,2.0
SacB,,30,0.3,-58.0,38.4,2.0,-43.0,34.7,2.0
SacB,,31,0.31,-58.0,42.4,2.0,-42.0,30.4,2.0
SacB,,32,0.32,-57.0,30.7,2.0,-43.0,48.8,2.0
SacB,,33,0.33,-57.0,35.7,2.0,-45.0,43.2,2.0
SacB,,34,0.34,-59.0,27.1,2.0,-47.0,32.6,2.0
SacB,,35,0.35,-59.0,29.3,2.0,-46.0,34.8,2.0
SacB,,36,0.36,-59.0,32.2,2.0,-47.0,29.1,2.0
SacB,,37,0.37,-59.0,29.3,2.0,-46.0,41.8,2.0
SacB,,38,0.38,-59.0,25.3,2.0,-47.0,29.8,2.0
SacB,,39,0.39,-60.0,43.3,2.0,-46.0,43.1,2.0
SacB,,40,0.4,-60.0,29.2,2.0,-49.0,32.4,2.0
SacB,,41,0.41,-59.0,37.8,2.0,-46.0,22.7,2.0
SacB,,42,0.42,-58.0,40.4,2.0,-47.0,38.6,2.0
SacB,,43,0.43,-55.0,41.8,2.0,-41.0,39.3,2.0
SacB,,44,0.44,-53.0,30.2,2.0,-39.0,26.0,3.0
SacB,,45,0.45,-48.0,46.6,3.0,-36.0,34.5,3.0
SacB,,46,0.46,-47.0,24.8,3.0,-37.0,30.5,3.0
SacB,,47,0.47,-47.0,39.8,3.0,-37.0,30.5,3.0
SacB,,48,0.48,-47.0,39.8,3.0,-38.0,9.7,3.0
SacB,,49,0.49,-45.0,41.3,3.0,-37.0,28.7,3.0
SacB,,50,0.5,-45.0,37.1,3.0,-37.0,25.5,3.0
SacB,,51,0.51,-44.0,33.9,3.0,-37.0,25.5,3.0
SacB,,52,0.52,-45.0,28.1,3.0,-37.0,29.7,3.0
SacB,,53,0.53,-47.0,44.8,3.0,-36.0,33.2,3.0
SacB,,54,0.54,-46.0,41.7,3.0,-35.0,37.0,3.0
SacB,,55,0.55,-44.0,36.8,3.0,-34.0,49.9,4.0
SacB,,56,0.56,-40.0,35.4,3.0,-31.0,37.9,4.0
SacB,,57,0.57,-36.0,32.6,4.0,-28.0,32.4,4.0
SacB,,58,0.58,-35.0,33.9,4.0,-28.0,27.8,4.0
SacB,,59,0.59,-34.0,30.5,4.0,-28.0,32.4,4.0
SacB,,60,0.6,-36.0,36.2,4.0,-29.0,33.0,4.0
SacB,,61,0.61,-37.0,37.6,4.0,-30.0,33.1,4.0
SacB,,62,0.62,-36.0,18.8,4.0,-30.0,33.1,4.0
SacB,,63,0.63,-35.0,31.3,4.0,-27.0,30.9,5.0
SacB,,64,0.64,-32.0,33.3,4.0,-26.0,39.1,4.0
SacB,,65,0.65,-30.0,30.0,5.0,-24.0,16.2,4.0
SacB,,66,0.66,-29.0,25.8,5.0,-24.0,35.4,5.0
SacB,,67,0.67,-29.0,37.0,5.0,-25.0,25.6,5.0
SacB,,68,0.68,-28.0,32.3,5.0,-24.0,30.7,5.0
SacB,,69,0.69,-27.0,28.3,5.0,-24.0,33.0,5.0
SacB,,70,0.7,-25.0,21.5,5.0,-20.0,27.1,6.0
SacB,,71,0.71,-24.0,15.2,6.0,-20.0,38.2,6.0
SacB,,72,0.72,-23.0,29.1,6.0,-18.0,31.5,7.0
SacB,,73,0.73,-22.0,31.7,6.0,-18.0,28.0,6.0
SacB,,74,0.74,-22.0,31.3,7.0,-18.0,23.1,7.0
SacB,,75,0.75,-20.0,35.7,8.0,-17.0,33.4,8.0
SacB,,76,0.76,-18.0,23.1,7.0,-16.0,36.9,8.0
SacB,,77,0.77,-16.0,39.9,8.0,-14.0,29.6,8.0
SacB,,78,0.78,-15.0,33.6,8.0,-13.0,30.3,9.0
SacB,,79,0.79,-14.0,27.8,8.0,-12.0,23.1,8.0
SacB,,80,0.8,-13.0,28.4,9.0,-11.0,34.1,9.0
SacB,,81,0.81,-13.0,20.3,9.0,-9.0,28.6,10.0
SacB,,82,0.82,-13.0,20.3,9.0,-8.0,21.4,10.0
SacB,,83,0.83,-10.0,30.5,11.0,-7.0,23.9,10.0
SacB,,84,0.84,-8.0,24.4,11.0,-6.0,31.8,12.0
SacB,,85,0.85,-7.0,23.0,12.0,-6.0,31.8,12.0
SacB,,86,0.86,-5.0,26.8,13.0,-3.0,21.8,13.0
SacB,,87,0.87,-4.0,23.0,14.0,-3.0,24.0,15.0
SacB,,88,0.88,-2.0,29.2,14.0,0.0,23.9,15.0
SacB,,89,0.89,-1.0,28.7,16.0,1.0,22.3,16.0
SacB,,90,0.9,1.0,28.9,17.0,3.0,22.7,16.0
SacB,,91,0.91,1.0,27.5,19.0,2.0,25.4,19.0
SacB,,92,0.92,3.0,22.8,17.0,4.0,29.1,18.0
SacB,,93,0.93,4.0,28.4,22.0,5.0,28.3,21.0
SacB,,94,0.94,6.0,26.0,23.0,8.0,29.4,22.0
SacB,,95,0.95,9.0,25.6,24.0,11.0,25.5,25.0
SacB,,96,0.96,10.0,26.7,24.0,11.0,26.7,27.0
SacB,,97,0.97,13.0,27.2,30.0,14.0,24.5,26.0
SacB,,98,0.98,13.0,27.1,31.0,14.0,24.5,26.0
SacB,,99,0.99,17.0,26.6,33.0,17.0,26.3,33.0
SacB,,100,1.0,17.0,26.6,33.0,17.0,26.6,33.0
BDP,,0,0.0,-77.0,44.0,1.0,-47.0,37.5,2.0
BDP,,1,0.01,-77.0,44.0,1.0,-47.0,37.5,2.0
BDP,,2,0.02,-77.0,44.0,1.0,-47.0,37.5,2.0
BDP,,3,0.03,-77.0,44.0,1.0,-47.0,37.5,2.0
BDP,,4,0.04,-77.0,44.0,1.0,-47.0,37.5,2.0
BDP,,5,0.05,-77.0,44.0,1.0,-47.0,37.5,2.0
BDP,,6,0.06,-77.0,44.0,1.0,-47.0,37.5,2.0
BDP,,7,0.07,-77.0,44.0,1.0,-47.0,37.5,2.0
BDP,,8,0.08,-77.0,44.0,1.0,-47.0,37.5,2.0
BDP,,9,0.09,-77.0,44.0,1.0,-47.0,37.5,2.0
BDP,,10,0.1,-77.0,44.0,1.0,-45.0,81.6,2.0
BDP,,11,0.11,-77.0,44.0,1.0,-45.0,81.6,2.0
BDP,,12,0.12,-77.0,44.0,1.0,-45.0,81.6,2.0
BDP,,13,0.13,-71.0,38.3,1.0,-46.0,30.2,3.0
BDP,,14,0.14,-71.0,38.3,1.0,-46.0,42.3,3.0
BDP,,15,0.15,-71.0,38.3,1.0,-46.0,42.3,3.0
BDP,,16,0.16,-66.0,52.8,1.0,-46.0,38.4,3.0
BDP,,17,0.17,-66.0,52.8,1.0,-46.0,38.4,3.0
BDP,,18,0.18,-56.0,32.2,2.0,-46.0,40.9,3.0
BDP,,19,0.19,-56.0,32.2,2.0,-46.0,40.9,3.0
BDP,,20,0.2,-52.0,47.5,2.0,-45.0,81.6,2.0
BDP,,21,0.21,-52.0,47.5,2.0,-45.0,81.6,2.0
BDP,,22,0.22,-47.0,37.5,2.0,-29.0,33.6,4.0
BDP,,23,0.23,-47.0,37.5,2.0,-29.0,33.6,4.0
BDP,,24,0.24,-46.0,30.2,3.0,-29.0,33.6,4.0
BDP,,25,0.25,-46.0,30.2,3.0,-29.0,33.6,4.0
BDP,,26,0.26,-46.0,42.3,3.0,-29.0,33.6,4.0
BDP,,27,0.27,-46.0,42.3,3.0,-29.0,33.6,4.0
BDP,,28,0.28,-46.0,42.3,3.0,79.0,13.2,4.0
BDP,,29,0.29,-46.0,42.3,3.0,79.0,13.2,4.0
BDP,,30,0.3,-46.0,38.4,3.0,79.0,13.2,4.0
BDP,,31,0.31,-46.0,38.4,3.0,79.0,13.2,4.0
BDP,,32,0.32,-46.0,40.9,3.0,79.0,13.2,4.0
BDP,,33,0.33,-46.0,40.9,3.0,79.0,13.2,4.0
BDP,,34,0.34,-43.0,29.2,4.0,79.0,13.2,4.0
BDP,,35,0.35,-43.0,29.2,4.0,79.0,13.2,4.0
BDP,,36,0.36,-42.0,37.3,4.0,79.0,13.2,4.0
BDP,,37,0.37,-42.0,37.3,4.0,79.0,13.2,4.0
BDP,,38,0.38,-29.0,33.6,4.0,-8.0,30.8,8.0
BDP,,39,0.39,-29.0,33.6,4.0,-8.0,30.8,8.0
BDP,,40,0.4,-25.0,28.3,7.0,72.0,15.4,10.0
BDP,,41,0.41,-25.0,28.3,7.0,72.0,15.4,10.0
BDP,,42,0.42,-22.0,21.2,6.0,77.0,20.8,11.0
BDP,,43,0.43,-22.0,21.2,6.0,77.0,20.8,11.0
BDP,,44,0.44,-18.0,37.9,5.0,77.0,20.8,11.0
BDP,,45,0.45,-18.0,37.9,5.0,77.0,20.8,11.0
BDP,,46,0.46,-18.0,37.9,5.0,72.0,15.4,10.0
BDP,,47,0.47,-18.0,37.9,5.0,72.0,15.4,10.0
BDP,,48,0.48,-8.0,30.8,8.0,72.0,15.4,10.0
BDP,,49,0.49,-8.0,30.8,8.0,72.0,15.4,10.0
BDP,,50,0.5,-8.0,30.8,8.0,72.0,15.4,10.0
BDP,,51,0.51,3.0,30.6,22.0,72.0,15.4,10.0
BDP,,52,0.52,3.0,30.6,22.0,72.0,15.4,10.0
BDP,,53,0.53,7.0,24.1,20.0,72.0,15.4,10.0
BDP,,54,0.54,7.0,24.1,20.0,72.0,15.4,10.0
BDP,,55,0.55,20.0,23.3,28.0,72.0,15.4,10.0
BDP,,56,0.56,20.0,23.3,28.0,72.0,15.4,10.0
BDP,,57,0.57,20.0,23.3,28.0,65.0,29.6,40.0
BDP,,58,0.58,20.0,23.3,28.0,65.0,29.6,40.0
BDP,,59,0.59,20.0,23.3,28.0,56.0,25.1,40.0
BDP,,60,0.6,20.0,23.3,28.0,56.0,25.1,40.0
BDP,,61,0.61,20.0,23.3,28.0,32.0,25.0,40.0
BDP,,62,0.62,20.0,23.3,28.0,32.0,25.0,40.0
BDP,,63,0.63,22.0,29.0,45.0,29.0,26.6,44.0
BDP,,64,0.64,22.0,29.0,45.0,29.0,26.6,44.0
BDP,,65,0.65,29.0,26.3,44.0,29.0,27.2,45.0
BDP,,66,0.66,29.0,26.3,44.0,29.0,27.2,45.0
BDP,,67,0.67,29.0,26.6,44.0,32.0,25.0,40.0
BDP,,68,0.68,29.0,26.6,44.0,32.0,25.0,40.0
BDP,,69,0.69,29.0,27.2,45.0,39.0,25.9,45.0
BDP,,70,0.7,29.0,27.2,45.0,39.0,25.9,45.0
BDP,,71,0.71,29.0,26.3,44.0,38.0,26.2,45.0
BDP,,72,0.72,29.0,26.3,44.0,38.0,26.2,45.0
BDP,,73,0.73,29.0,26.3,44.0,32.0,25.0,40.0
BDP,,74,0.74,29.0,26.3,44.0,32.0,25.0,40.0
BDP,,75,0.75,29.0,26.6,44.0,29.0,26.3,44.0
BDP,,76,0.76,29.0,26.6,44.0,29.0,26.3,44.0
BDP,,77,0.77,29.0,26.6,44.0,38.0,26.2,45.0
BDP,,78,0.78,29.0,26.6,44.0,38.0,26.2,45.0
BDP,,79,0.79,29.0,27.2,45.0,38.0,26.2,45.0
BDP,,80,0.8,29.0,27.2,45.0,38.0,26.2,45.0
BDP,,81,0.81,33.0,27.1,47.0,39.0,25.9,45.0
BDP,,82,0.82,33.0,27.1,47.0,39.0,25.9,45.0
BDP,,83,0.83,33.0,27.1,47.0,39.0,27.3,50.0
BDP,,84,0.84,33.0,27.1,47.0,39.0,27.3,50.0
BDP,,85,0.85,29.0,31.0,57.0,38.0,26.2,45.0
BDP,,86,0.86,29.0,31.0,57.0,38.0,26.2,45.0
BDP,,87,0.87,29.0,31.0,57.0,38.0,26.2,45.0
BDP,,88,0.88,33.0,27.1,47.0,33.0,27.1,47.0
BDP,,89,0.89,29.0,32.2,62.0,29.0,32.2,62.0
BDP,,90,0.9,29.0,32.2,62.0,29.0,32.2,62.0
BDP,,91,0.91,33.0,27.1,47.0,33.0,27.1,47.0
BDP,,92,0.92,33.0,27.1,47.0,33.0,27.1,47.0
BDP,,93,0.93,33.0,27.1,47.0,33.0,27.1,47.0
BDP,,94,0.94,33.0,27.1,47.0,33.0,27.1,47.0
BDP,,95,0.95,33.0,27.1,47.0,33.0,27.1,47.0
BDP,,96,0.96,33.0,27.1,47.0,33.0,27.1,47.0
BDP,,97,0.97,33.0,27.1,47.0,33.0,27.1,47.0
BDP,,98,0.98,33.0,27.1,47.0,33.0,27.1,47.0
BDP,,99,0.99,33.0,27.1,47.0,33.0,27.1,47.0
BDP,,100,1.0,33.0,27.1,47.0,33.0,27.1,47.0
