id,player_id,team,gm,name,last_name,discord_id,status,primary_pos,secondary_pos,hand,con,eye,pwr,spd,mov,cmd,vel,awr,discord_nickname,is_rookie,league,season,suffix,first_name,session_added,s_id
2,11024,CC,true,Ferdinand Fritzwilliam,Fritzwilliam,436929461360001044,GM Only,,,,,,,,,,,,speedytechie,false,RLN,13,,,,R_11024
3,12015,CC,true,Kendrick Lamar,Lamar,896802616439341137,GM Only,,,,,,,,,,,,Disky,false,RLN,13,,,,R_12015
4,13021,CC,false,Addison Clark,Clark,117261616348790786,Active,SS,UTIL,R,3,2,5,2,,,,,sl0thh,false,RLN,13,,,,R_13021
5,12049,CC,false,Ant Man,Man,1357915901592342661,Active,P,,R,,,,,4,4,3,1,lucad70106,false,RLN,13,,,,R_12049
6,13009,CC,false,Benny Schwa,Schwa,318633863008223232,Active,1B,C,R,4,5,2,1,,,,,barelyaudibleben,false,RLN,13,,,,R_13009
7,13022,CC,false,Brooks Grainger,Grainger,1049641255325421618,Retired,CF,,R,4,2,3,3,,,,,donquixote0792,false,RLN,13,,,,R_13022
8,13033,CC,false,Cola Spritz,Spritz,638767694988050432,Active,2B,UTIL,R,3,2,5,2,,,,,coccacola,false,RLN,13,,,,R_13033
9,13001,CC,false,Ezra Wind,Wind,283444405954805760,Active,LF,,L,3,5,1,3,,,,,Father_wind,false,RLN,13,,,,R_13001
10,13019,CC,false,Gracie Mlodzianowski-Cwej,Mlodzianowski-Cwej,813303905827029012,Active,P,,R,,,,,3,5,2,2,middaydreamin,false,RLN,13,,,,R_13019
11,13027,CC,false,Gumwad Birdie,Birdie,143489181769924609,Active,RF,,R,3,4,1,4,,,,,@Justin.tv,false,RLN,13,,,,R_13027
12,13002,CC,false,Henry McCade,McCade,668661171800506369,Active,3B,UTIL,R,3,3,3,3,,,,,Wwhite_wwizard,false,RLN,13,,,,R_13002
13,13014,CC,false,Kenji Matsumoto,Matsumoto,411669805829980161,Active,P,,L,,,,,3,3,4,2,doctorfunk415,false,RLN,13,,,,R_13014
14,13053,CC,false,Lazarus King,King,433780701058564097,Active,SS,UTIL,R,3,3,2,4,,,,,Lizard King,false,RLN,13,,,,R_13053
15,13051,CC,false,Obi Sloth,Sloth,362949116193406976,Active,3B,UTIL,R,3,2,5,2,,,,,slothobi2,false,RLN,13,,,,R_13051
16,13032,CC,false,Orb,Orb,203001281302757386,Active,2B,UTIL,R,1,5,5,1,,,,,orb6873,false,RLN,13,,,,R_13032
17,13026,CC,false,Ron Forman,Forman,296302693360861184,Active,3B,UTIL,R,4,3,4,1,,,,,ronfor1,false,RLN,13,,,,R_13026
18,13063,CC,false,Socks Maybe,Maybe,127153687251517441,Active,CF,,L,3,2,2,5,,,,,Rorydawn,false,RLN,13,,,,R_13063
19,12033,JJ,true,Bob Katz,Katz,1060699834157387787,GM Only,,,,,,,,,,,,stxllar1,false,RLN,13,,,,R_12033
20,12002,JJ,true,Tor Tilla,Tilla,1376626705816354877,Active,P,,R,,,,,3,3,3,3,coach.tortilla,false,RLN,13,,,,R_12002
21,13036,JJ,false,Bob McGuire,McGuire,699270867711950979,Active,SS,UTIL,L,2,2,4,4,,,,,andrewdeadaim,false,RLN,13,,,,R_13036
22,13062,JJ,false,Brian Brain Drain Watertrack,Drain Watertrack,489088432560406528,Active,LF,,R,5,1,2,4,,,,,gutsy7450,false,RLN,13,,,,R_13062
23,13054,JJ,false,Coco Harreece,Harreece,936578475161165854,Active,3B,C,R,2,4,5,1,,,,,cocoharreece,false,RLN,13,,,,R_13054
24,13013,JJ,false,Cody Anderson,Anderson,94259070218809344,Active,1B,UTIL,R,5,5,1,1,,,,,socalpunk,false,RLN,13,,,,R_13013
25,8025,JJ,false,Don Bon,Bon,750790332802662400,Active,P,,L,,,,,4,2,4,2,sinister7252,false,RLN,13,,,,R_8025
26,13041,JJ,false,Elwyn Because,Because,967163968923787354,Active,CF,,R,3,2,3,4,,,,,jack.a.roe,false,RLN,13,,,,R_13041
27,13037,JJ,false,Gal Avant,Avant,693642982108168222,Active,2B,UTIL,L,3,3,2,4,4,3,3,2,galintehaxy,false,RLN,13,,,,R_13037
28,13049,JJ,false,Galacious Infinity,Infinity,631233272935874560,Active,3B,UTIL,R,4,4,1,3,,,,,infinitygd,false,RLN,13,,,,R_13049
29,13004,JJ,false,Henri Deschenes,Deschenes,1079237614298726620,Active,3B,UTIL,L,1,1,5,5,,,,,Willfthegod1,false,RLN,13,,,,R_13004
30,13011,JJ,false,J.G. Cobblestone,Cobblestone,130453950976491520,Active,LF,,R,1,4,4,3,,,,,froggydojo,false,RLN,13,,,,R_13011
31,13015,JJ,false,Lil Broski,Broski,1140708838320898172,Active,2B,UTIL,R,4,3,1,4,,,,,ItsmeBroski,false,RLN,13,,,,R_13015
32,13039,JJ,false,Max Muncy,Muncy,207737347922460673,Active,P,,L,4,3,4,1,5,2,3,2,fuwunk,false,RLN,13,,,,R_13039
33,13059,JJ,false,Oakwood Stud III,Stud,608074820449599730,Active,CF,,R,3,2,5,2,,,,,phr4kture,false,RLN,13,,,,R_13059
34,13057,JJ,false,Sara Rousseau,Rousseau,1288066104249421835,Active,P,,R,3,4,2,3,3,5,3,1,sarano1028,false,RLN,13,,,,R_13057
35,12007,SLS,true,Ahab Ceeley,Ceeley,246419735254663179,GM Only,,,,,,,,,,,,.charls.,false,RLN,,,,,R_12007
36,12016,SLS,true,Joey Tacoma,Tacoma,373927092225835010,GM Only,LF,,R,4,3,2,3,,,,,theloden,false,RLN,13,,,,R_12016
37,13025,SLS,false,Annabelle TheGlorious,TheGlorious,415686925173784577,Active,P,,R,,,,,4,4,3,1,i.frew.up,false,RLN,13,,,,R_13025
38,13044,SLS,false,Aurevoir Legs,Legs,142891478115549184,Retired,P,,L,,,,,4,4,3,1,aurevoirlegs,false,RLN,13,,,,R_13044
39,13060,SLS,false,Bud Weiser,Weiser,412072227706503169,Active,1B,C,R,3,4,4,1,,,,,Walkertxranger33,false,RLN,13,,,,R_13060
40,13038,SLS,false,C.S. Verdad,Verdad,417523709192962070,Active,3B,C,R,3,3,4,2,4,5,2,1,Jjoiner356,false,RLN,13,,,,R_13038
41,13040,SLS,false,Carter Kendall,Kendall,368503182130806784,Active,2B,C,R,3,3,1,5,4,3,3,2,joeyfg,false,RLN,13,,,,R_13040
42,13030,SLS,false,Dalan Howard,Howard,541750141585981460,Active,RF,,R,4,2,1,5,,,,,Tarmon2121,false,RLN,13,,,,R_13030
43,13052,SLS,false,Iceland Jeremiah Jones,Jeremiah Jones,505111811176267788,Active,CF,,L,5,1,1,5,,,,,kmax607,false,RLN,13,,,,R_13052
44,13016,SLS,false,Mac Dinger,Dinger,333705291944296449,Active,2B,UTIL,L,2,3,3,4,,,,,deltatango2700,false,RLN,13,,,,R_13016
45,13020,SLS,false,Ryder McGhee,McGhee,310213398874947584,Retired,1B,UTIL,L,3,4,4,1,,,,,fletchtopper,false,RLN,13,,,,R_13020
46,13046,SLS,false,Scott Huston,Huston,848269061329518603,Active,SS,UTIL,R,4,4,2,2,,,,,@realtrey19,false,RLN,13,,,,R_13046
47,13024,SLS,false,Skip Bellew,Bellew,558284546244739072,Active,LF,,L,4,2,4,2,,,,,Madball,false,RLN,13,,,,R_13024
48,13055,SLS,false,Slimothy James,James,308414882674638849,Active,2B,UTIL,R,4,3,2,3,,,,,Eggboi872,false,RLN,13,,,,R_13055
49,13005,SLS,false,Speed Shark,Shark,418204670486380554,Active,SS,C,R,3,4,1,4,,,,,speedshark,false,RLN,13,,,,R_13005
50,7041,SLS,false,Tyler Helman,Helman,828843487084150805,Active,P,,L,,,,,3,4,4,1,Chef Curry9457,false,RLN,13,,,,R_7041
51,13006,SLS,false,Xavier Lopez,Lopez,323992643929374721,Active,3B,UTIL,L,3,3,1,5,,,,,aid.f,false,RLN,13,,,,R_13006
52,13061,SLS,false,York Dundee,Dundee,1428241418350104726,Active,LF,,L,4,3,2,3,,,,,cr0c77,false,RLN,13,,,,R_13061
53,12014,TT,true,Sonny Wortzik,Wortzik,770420700740976640,GM Only,,,,,,,,,,,,tartonfink,false,RLN,13,,,,R_12014
54,9013,TT,true,Toastman,Toastman,478671938189918208,GM Only,,,,,,,,,,,,jtcmule,false,RLN,13,,,,R_9013
55,13034,TT,false,Alexander Duquense,Duquense,252546582631677962,Active,P,,R,,,,,2,4,5,1,benjamin_virginia,false,RLN,13,,,,R_13034
56,13056,TT,false,Calvin Briggs,Briggs,814229173316616222,Active,RF,,L,3,2,3,4,,,,,spiethimpediment,false,RLN,13,,,,R_13056
57,13010,TT,false,Cooper Simpson,Simpson,463361730534178816,Active,SS,UTIL,R,3,2,5,2,,,,,Deathstroke,false,RLN,13,,,,R_13010
58,13064,TT,false,Eight OEight,OEight,754058783168266251,Active,LF,,R,4,2,4,2,,,,,nasbase,false,RLN,13,,,,R_13064
59,12051,TT,false,Fat Lever,Lever,490935285736144896,Active,P,,L,,,,,3,3,3,3,chillsock,false,RLN,13,,,,R_12051
60,13050,TT,false,Graham Lowe,Lowe,167736580566417409,Active,2B,UTIL,R,4,2,4,2,,,,,Gramcrakr,false,RLN,13,,,,R_13050
61,13023,TT,false,Hamburger Pete Hamburg,Hamburg,228530271396298753,Active,3B,C,L,4,2,5,1,,,,,heathen7,false,RLN,13,,,,R_13023
62,13045,TT,false,Harry Richardson,Richardson,1492304559647752505,Active,3B,UTIL,L,2,1,5,4,,,,,Martini_Kyle,false,RLN,13,,,,R_13045
63,13007,TT,false,Jarek Park,Park,185579807260672000,Active,CF,,R,4,2,1,5,,,,,Calvino,false,RLN,13,,,,R_13007
64,13047,TT,false,Johnny Aardvark,Aardvark,804035469498122302,Active,SS,UTIL,L,3,3,3,3,,,,,tetntf,false,RLN,13,,,,R_13047
65,13029,TT,false,Mickey Scales,Scales,662464663019061248,Active,2B,UTIL,R,4,1,2,5,,,,,Nalex13,false,RLN,13,,,,R_13029
66,13028,TT,false,Mikey Reynolds,Reynolds,368921221582028801,Active,RF,,R,4,2,2,4,,,,,Altaine,false,RLN,13,,,,R_13028
67,13043,TT,false,Rabs Roland,Roland,549093477426790400,Active,C,CINF,L,2,5,4,1,,,,,XxRabscuttlexX,false,RLN,13,,,,R_13043
68,13035,TT,false,Rusty Hammerschlagen,Hammerschlagen,569909171294830632,Active,1B,C,R,3,4,4,1,3,4,4,1,TheComedian922,false,RLN,13,,,,R_13035
69,13058,TT,false,Spades Soul,Soul,133277333942566912,Active,CF,,R,4,2,3,3,,,,,SpadeTheSkeleton,false,RLN,13,,,,R_13058
165,13031,JJ,false,Gandalf Calrissian,Calrissian,1042753691813412955,Retired,3B,UTIL,R,3,2,4,3,,,,,Gandalf Calrissian,false,RLN,13,,,,R_13031
168,13008,JJ,false,Joshua Heflebower,Heflebower,576823216052502530,Retired,SS,C,R,3,1,5,3,,,,,leebauer,false,RLN,13,,,,R_13008
174,3048,SLS,true,Ryan Sir-Wondery,Sir-Wondery,223980930975399937,GM Only,,,,,,,,,,,,SoneRandomPerson#2533,false,RLN,13,,,,R_3048
208,1001,SMD,false,Belter Longorkia,Longorkia,,Active,C,COF,L,4,4,3,1,,,,,Flying Spaghetti Hitchens#6329,true,MLN,1,,Belter,,1_1001
209,1002,SMD,false,Garitek,Garitek,,Active,C,CINF,R,4,4,3,1,,,,,GareDr333#5369,true,MLN,1,,,,1_1002
210,1003,SMD,false,Buckeye Logan II,Logan,,Active,2B,UTIL,L,4,4,2,2,,,,,Buckeye Logan#4588,true,MLN,1,II,Buckeye,,1_1003
211,1004,SMD,true,"Crawnick ""Pops"" Dongoria",Dongoria,,Active,3B,UTIL,R,3,3,5,1,,,,,timland33#8053,true,MLN,1,,Crawnick,,1_1004
212,1005,VAN,false,Hes Nahstee,Nahstee,,Active,LF,,R,2,4,2,4,,,,,Snasty728#3480,true,MLN,1,,Hes,,1_1005
213,1006,SMD,false,Smitty Hoppenscotch,Hoppenscotch,,Active,CF,,L,4,2,1,5,,,,,Natsochist#8041,true,MLN,1,,Smitty,,1_1006
214,1007,SMD,false,Chris Robin,Robin,,Active,RF,,L,5,1,5,1,,,,,Lesath#2140,true,MLN,1,,Chris,,1_1007
215,1008,SMD,false,Atlas Quin,Quin,,Active,P,,L,,,,,5,2,4,1,Pieanator#7542,true,MLN,1,,Atlas,,1_1008
216,1009,SMD,false,Andrew Peters,Peters,,Active,P,,L,,,,,4,2,3,3,GoodMorningWood#8379,true,MLN,1,,Andrew,,1_1009
217,1010,SMD,false,Madis Mickelson,Mickelson,,Active,P,,L,,,,,4,2,4,2,madis99 - Jays Gm#4415,true,MLN,1,,Madis,,1_1010
218,1011,SMD,false,Duke Nukem,Nukem,,Active,1B,UTIL,R,3,2,5,2,,,,,DukeNukem#4009,true,MLN,1,,Duke,,1_1011
219,1012,SMD,false,SirNose d'Voidoffunk,d'Voidoffunk,,Active,SS,UTIL,R,4,2,1,5,,,,,ghostelephant#6650,true,MLN,1,,SirNose,,1_1012
220,1013,SMD,false,Kayle Stewart,Stewart,,Free Agent,CF,,L,3,2,4,3,,,,,peytonmarie#0013,true,MLN,1,,Kaylee,,1_1013
221,1014,VAN,false,Bud Tuggli,Tuggli,,Active,C,CINF,L,3,4,4,1,,,,,c0ldspark#4686,true,MLN,1,,Bud,,1_1014
222,1015,FA,false,Leche Galletitas Cigarillas de Culo,de Culo,,Free Agent,1B,UTIL,L,4,3,3,2,,,,,pianoboner44#8464,true,MLN,1,,Leche,,1_1015
223,1016,VAN,false,Von Majica,Majica,,Active,2B,UTIL,R,3,2,5,2,,,,,vonmajica#3414,true,MLN,1,,Von,,1_1016
224,1017,VAN,true,Joe Runzer,Runzer,,Retired,3B,UTIL,R,4,4,3,1,,,,,scumbagjoe11#2267,true,MLN,1,,Joe,,1_1017
225,1018,FA,false,Lane Drew,Drew,,Retired,SS,UTIL,L,3,3,3,3,,,,,Stride#6211,true,MLN,1,,Lane,,1_1018
226,1019,KYM,false,AJ Preller,Preller,,Active,SS,C,L,3,5,1,3,,,,,AJPRELLERAceGM#6672,true,MLN,1,,AJ,,1_1019
227,1020,VAN,false,Pilate Mornicious,Mornicious,,Active,LF,,R,5,3,2,2,,,,,zenverak#3823,true,MLN,1,,Pilate,,1_1020
228,1021,MAL,false,Q Kimbrel,Kimbrel,,Active,CF,,L,5,3,1,3,,,,,Q Kimbrel#8842,true,MLN,1,,Q,,1_1021
229,1022,GHG,false,Chuck McCluster,McCluster,,Active,RF,,R,3,4,4,1,,,,,snipenberg#7197,true,MLN,1,,Chuck,,1_1022
230,1023,FA,false,Dan Gerzone,Gerzone,,Hiatus,P,,R,,,,,4,2,4,2,Dan_Gerzone#5414,true,MLN,1,,Dan,,1_1023
231,1024,VAN,false,Jordan Peppers,Peppers,,Active,P,,R,,,,,4,2,2,4,raptor152#0431,true,MLN,1,,Jordan,,1_1024
232,1025,ACP,false,Charlie Yeager,Yeager,,Active,P,,L,,,,,4,3,3,2,EdgarLOLZ#5132,true,MLN,1,,Charlie,,1_1025
233,1026,SUN,false,Angel Leon,Leon,,Active,P,,R,,,,,3,3,5,1,GK12303#1313,true,MLN,1,,Angel,,1_1026
234,1027,SUN,false,Thomas Nova,Nova,,Active,P,,L,,,,,4,4,2,2,Daitryu#7669,true,MLN,1,,Thomas,,1_1027
235,1028,SUN,false,Haraldo McKenzie,McKenzie,,Active,RF,,L,3,4,4,1,,,,,the_cashew#4555,true,MLN,1,,Haraldo,,1_1028
236,1029,SUN,false,Lefty Louis,Louis,,Active,1B,UTIL,L,3,3,4,2,,,,,lewislewes#3447,true,MLN,1,,Lefty,,1_1029
237,1030,FA,false,Remy Roy Darling,Darling,,Retired,2B,CINF,R,1,5,5,1,,,,,RonsDarling#9624,true,MLN,1,,Remy Roy,,1_1030
238,1031,SUN,false,Mike Cal,Cal,,Active,2B,UTIL,L,5,2,2,3,,,,,Mcal02#2523,true,MLN,1,,Mike,,1_1031
239,1032,SUN,true,Charlie Scott,Scott,,Active,3B,UTIL,R,4,4,1,3,,,,,SemiCharmedMike#9629,true,MLN,1,,Charlie,,1_1032
240,1033,SUN,false,Daz Reference,Reference,,Active,SS,UTIL,R,5,2,4,1,,,,,Obscure_Reference#9129,true,MLN,1,,Daz,,1_1033
241,1034,SUN,false,Jack Marnette,Marnette,,Active,LF,,R,5,2,2,3,,,,,jmarnette#1828,true,MLN,1,,Jack,,1_1034
242,1035,SUN,false,Pete Wheeler,Wheeler,,Active,CF,,L,3,3,1,5,,,,,mcastagnaro30#2558,true,MLN,1,,Pete,,1_1035
243,1036,VAN,false,Spike Suzuki,Suzuki,,Active,RF,,R,3,2,5,2,,,,,xbijin#3776,true,MLN,1,,Spike,,1_1036
244,1037,SUN,false,CW Mitzel,Mitzel,,Active,RF,,L,5,3,3,1,,,,,cwmitzel#8185,true,MLN,1,,CW,,1_1037
245,1038,CIN,true,JimBob Cooter,Cooter,,Retired,1B,UTIL,L,4,2,4,2,,,,,WowzersMcBrowzers#0688,true,MLN,1,,JimBob,,1_1038
246,1039,CIN,false,Clive Babineaux,Babineaux,,Active,RF,,L,4,2,4,2,,,,,tanay002#5272,true,MLN,1,,Clive,,1_1039
247,1040,LPJ,false,Joe Random,Random,,Active,C,CINF,R,3,4,4,1,,,,,,true,MLN,1,,Joe,,1_1040
248,1041,LPJ,false,Barney Summers,Summers,,Active,C,CINF,L,5,5,1,1,,,,,CougMaster#8822,true,MLN,1,,Barney,,1_1041
249,1042,LPJ,false,Dallas Houston,Houston,,Active,1B,C,R,3,3,5,1,,,,,mbless1415#6210,true,MLN,1,,Dallas,,1_1042
250,1043,KYM,false,Tyler Palmatier,Palmatier,,Active,1B,UTIL,R,3,3,4,2,,,,,Jagsfootball51#3155,true,MLN,1,,Tyler,,1_1043
251,1044,LPJ,false,John Fitz,Fitz,,Active,2B,UTIL,R,4,2,2,4,,,,,Yip Yip#9884,true,MLN,1,,John,,1_1044
252,1045,LPJ,false,Duke McCracken,McCracken,,Active,3B,UTIL,R,4,2,4,2,,,,,Duke McCracken - 1B/3B#8637,true,MLN,1,,Duke,,1_1045
253,1046,LPJ,true,Rabbi Chase,Chase,,Active,SS,UTIL,L,3,4,4,1,,,,,RabbiChase - The PumpJacker#6828,true,MLN,1,,Rabbi,,1_1046
254,1047,LPJ,false,Ross Fire,Fire,,Active,SS,UTIL,R,4,2,2,4,,,,,,true,MLN,1,,Ross,,1_1047
255,1048,LPJ,false,Spike McBride,McBride,,Active,LF,,R,3,2,4,3,,,,,,true,MLN,1,,Spike,,1_1048
256,1049,LPJ,false,Dixie Wrecked,Wrecked,,Active,CF,,L,4,3,4,1,,,,,,true,MLN,1,,Dixie,,1_1049
257,1050,LPJ,false,Joe Trundle,Trundle,,Active,RF,,R,2,3,5,2,,,,,,true,MLN,1,,Joe,,1_1050
258,1051,LPJ,false,Superbone Threefinger,Threefinger,,Active,P,,R,,,,,4,4,1,3,23baseball3#3100,true,MLN,1,,Superbone,,1_1051
259,1052,CIN,false,Zed Leona,Leona,,Active,C,CINF,R,5,4,2,1,,,,,Sleeper#2045,true,MLN,1,,Zed,,1_1052
260,1053,HMH,false,Lindsanity,Lindsanity,,Active,1B,C,R,3,3,4,2,,,,,Phiask0#8137,true,MLN,1,,,,1_1053
261,1054,HMH,false,Steve Hofbardozzi Jr.,Hofbardozzi,,Active,3B,UTIL,L,5,4,1,2,,,,,GeneticlyPerfct#0232,true,MLN,1,Jr.,Steve,,1_1054
262,1055,HMH,true,Osmosis Jones,Jones,,Active,2B,UTIL,L,4,3,1,4,,,,,AdmiralJones42#6648,true,MLN,1,,Osmosis,,1_1055
263,1056,HMH,false,Henrik Omega,Omega,,Active,3B,UTIL,L,5,1,5,1,,,,,Big Bossuru#1370,true,MLN,1,,Henrik,,1_1056
264,1057,HMH,false,Rusty LaRue,LaRue,,Active,LF,,L,4,3,3,2,,,,,RustySports#1435,true,MLN,1,,Rusty,,1_1057
265,1058,HMH,false,Herrera O'Doubles,O'Doubles,,Active,CF,,L,5,3,1,3,,,,,amazingcowmilk#9713,true,MLN,1,,Herrera,,1_1058
266,1059,FA,false,Allen Kennedy,Kennedy,,Free Agent,RF,,L,5,3,1,3,,,,,JustANormalGuy52#7529,true,MLN,1,,Allen,,1_1059
267,1060,HMH,false,Jay Bedia,Bedia,,Active,P,,L,,,,,4,3,3,2,jaybedia - P#8429,true,MLN,1,,Jay,,1_1060
268,1061,HMH,false,Hudson Hildebrandt,Hildebrandt,,Active,P,,R,,,,,5,1,5,1,Hudson#0002,true,MLN,1,,Hudson,,1_1061
269,1062,KYM,true,BB Bambino Jr.,Bambino,,Retired,C,CINF,R,5,5,1,1,,,,,BB#5029,true,MLN,1,Jr.,BB,,1_1062
270,1063,KYM,false,Alex Yaxley,Yaxley,,Active,C,COF,R,3,4,4,1,,,,,BIGxM1KE#4625,true,MLN,1,,Alex,,1_1063
271,1064,KYM,false,Dick Pole,Pole,,Active,1B,UTIL,R,3,3,5,1,,,,,Wblewis45#7778,true,MLN,1,,Dick,,1_1064
272,1065,LPJ,false,Filthy Frank,Frank,,Active,1B,UTIL,L,4,4,2,2,,,,,CardsTricks42#4930,true,MLN,1,,Filthy,,1_1065
273,1066,FA,false,Brohei Brohtani,Brohtani,,Retired,SS,UTIL,L,5,1,5,1,,,,,lotus#7477,true,MLN,1,,Brohei,,1_1066
274,1067,KYM,false,Austin Schwartz,Schwartz,,Active,CF,,L,5,5,1,1,,,,,Cubzlover84#7820,true,MLN,1,,Austin,,1_1067
275,1068,KYM,false,Jim Boeheim,Boeheim,,Active,RF,,R,3,2,5,2,,,,,Jim Boeheim#2353,true,MLN,1,,Jim,,1_1068
276,1069,POR,true,Rub A. Chikin,Chikin,,Active,P,,L,,,,,4,3,4,1,rubachikin#8277,true,MLN,1,,Rub A.,,1_1069
277,1070,KYM,false,Tommy Foxconn,Foxconn,,Active,P,,R,,,,,5,5,1,1,tbird4427#2032,true,MLN,1,,Tommy,,1_1070
278,1071,BFB,false,Isaac Saffron,Saffron,,Active,C,CINF,L,3,5,1,3,,,,,izsaf#9638,true,MLN,1,,Isaac,,1_1071
279,1072,BFB,false,Red Trapper,Trapper,,Active,1B,UTIL,L,2,4,4,2,,,,,Red Trapper#5937,true,MLN,1,,Red,,1_1072
280,1073,BFB,false,Juan Diego De Las Rosas Jr.,De Las Rosas,,Active,2B,UTIL,R,5,3,1,3,,,,,Dancingtree444#4987,true,MLN,1,Jr.,Juan Diego,,1_1073
281,1074,OAK,false,Donked McToad,McToad,,Active,LF,,R,2,2,5,3,,,,,donked#9307,true,MLN,1,,Donked,,1_1074
282,1075,BFB,false,Robin Reynolds,Reynolds,,Active,3B,UTIL,R,3,3,4,2,,,,,Kekar (/u/Kekar29)#3461,true,MLN,1,,Robin,,1_1075
283,1076,BFB,false,Fuzzy Dunlop,Dunlop,,Active,3B,UTIL,L,4,3,1,4,,,,,Fuzzy Dunlop#5733,true,MLN,1,,Fuzzy,,1_1076
284,1077,BFB,false,Storm Johnson,Johnson,,Active,SS,UTIL,R,4,3,2,3,,,,,Storm Johnson (TB - SS)#8932,true,MLN,1,,Storm,,1_1077
285,1078,SMD,false,Lawrence Wiseman,Wiseman,,Active,SS,UTIL,R,3,5,2,2,,,,,Inexite#5043,true,MLN,1,,Lawrence,,1_1078
286,1079,KYM,false,Babatunde Oladotun,Oladotun,,Active,LF,,R,3,2,5,2,,,,,Babatunde Oladotun#6470,true,MLN,1,,Babatunde,,1_1079
287,1080,BFB,true,Whitt Bass,Bass,,Retired,CF,,R,4,3,2,3,,,,,kickthepony#5274,true,MLN,1,,Whitt,,1_1080
288,1081,FA,false,Dog Man,Man,,Retired,RF,,R,5,2,4,1,,,,,BIG_BARK#7634,true,MLN,1,,Dog,,1_1081
289,1082,BFB,false,Basebally McBaseballface Jr.,McBaseballface,,Active,RF,,R,3,2,2,5,,,,,packattack#9827,true,MLN,1,Jr.,Basebally,,1_1082
290,1083,BFB,false,Tony Smehrik,Smehrik,,Active,P,,L,,,,,3,5,3,1,liebz#0795,true,MLN,1,,Tony,,1_1083
291,1084,BFB,false,Willoughby Hoose,Hoose,,Active,P,,L,,,,,4,3,4,1,Woozy_Woozle#3860,true,MLN,1,,Willoughby,,1_1084
292,1085,BFB,false,Ed Turner,Turner,,Active,P,,R,,,,,3,4,3,2,Ed Turner [RHP]#5017,true,MLN,1,,Ed,,1_1085
293,1086,HMH,false,George Ewell,Ewell,,Active,C,COF,R,4,5,2,1,,,,,emmae#0131,true,MLN,1,,George,,1_1086
294,1087,ACP,false,Foxx Dashington,Dashington,,Active,C,CINF,R,1,5,5,1,,,,,theDashingFox#1492,true,MLN,1,,Foxx,,1_1087
295,1088,ACP,false,Stan Mann,Mann,,Active,1B,UTIL,R,5,5,1,1,,,,,CelciusII#6336,true,MLN,1,,Stan,,1_1088
296,1089,ACP,true,Jefferson Steelflex,Steelflex,,Active,2B,UTIL,L,4,2,1,5,,,,,Jeff Steelflex#2538,true,MLN,1,,Jefferson,,1_1089
297,1090,ACP,false,James Pablano,Pablano,,Active,2B,UTIL,R,5,2,1,4,,,,,loco_pabs#0259,true,MLN,1,,James,,1_1090
298,1091,ACP,false,Dougal McGoogol,McGoogol,,Active,3B,UTIL,R,4,2,1,5,,,,,mcgoogol#0111,true,MLN,1,,Dougal,,1_1091
299,1092,ACP,false,Cody Omega,Omega,,Active,SS,UTIL,R,3,3,4,2,,,,,2SweetCharlieB#9979,true,MLN,1,,Cody,,1_1092
300,1093,FA,false,Roy D. Cano,Cano,,Hiatus,LF,,R,4,3,3,2,,,,,Kaylub#0545,true,MLN,1,,Roy D.,,1_1093
301,1094,ACP,false,Sleve McDichael,McDichael,,Active,LF,,R,5,1,5,1,,,,,SudsyGiraffe#4578,true,MLN,1,,Sleve,,1_1094
302,1095,ACP,false,Steve Shurwin,Shurwin,,Active,CF,,R,4,3,2,3,,,,,rad2dbones#6469,true,MLN,1,,Steve,,1_1095
303,1096,ACP,false,Justin Paglia,Paglia,,Active,RF,,L,4,2,3,3,,,,,pagsman96#1046,true,MLN,1,,Justin,,1_1096
304,1097,SUN,false,Jameson Poe,Poe,,Active,P,,R,,,,,4,4,3,1,Toli820#2984,true,MLN,1,,Jameson,,1_1097
305,1098,VAN,false,Kegs Mabry,Mabry,,Active,2B,C,L,3,1,5,3,,,,,kegs#5639,true,MLN,1,,Kegs,,1_1098
306,1099,ACP,false,Baron Samedi,Samedi,,Active,P,,R,,,,,5,2,4,1,haunted#0371,true,MLN,1,,Baron,,1_1099
307,1100,OAK,false,Antwan Zella,Zella,,Active,C,CINF,R,4,4,3,1,,,,,ando#0150,true,MLN,1,,Antwan,,1_1100
308,1101,FA,false,Caleb VanVacter,VanVacter,,Hiatus,1B,UTIL,R,4,1,5,2,,,,,IdweAnquet#9674,true,MLN,1,,Caleb,,1_1101
309,1102,OAK,false,Graham Otherie,Otherie,,Active,SS,UTIL,R,3,1,4,4,,,,,grahm03#0716,true,MLN,1,,Graham,,1_1102
310,1103,BFB,false,Blue Moon Barthelemy,Barthelemy,,Active,LF,,R,4,2,3,3,,,,,thebubs1024#1024,true,MLN,1,,Blue Moon,,1_1103
311,1104,OAK,false,Justin Dingers,Dingers,,Active,CF,,R,4,3,4,1,,,,,tcrain99#5271,true,MLN,1,,Justin,,1_1104
312,1105,OAK,false,Grey Goose McGillicuddy,McGillicuddy,,Active,CF,,R,4,3,1,4,,,,,,true,MLN,1,,Grey Goose,,1_1105
313,1106,OAK,false,Jay Schwizzle,Schwizzle,,Active,P,,R,,,,,4,4,2,2,hinoisking#7553,true,MLN,1,,Jay,,1_1106
314,1107,MAL,true,Jared Sabor Jr.,Sabor,,Retired,RF,,R,5,5,1,1,,,,,Apex✦Sabor#3332,true,MLN,1,Jr.,Jared,,1_1107
315,1108,GHG,false,Conor Sexton,Sexton,,Active,1B,UTIL,L,3,3,4,2,,,,,YoloSwaggins#8690,true,MLN,1,,Conor,,1_1108
316,1109,GHG,true,Dominus Nominus,Nominus,,Active,LF,,R,3,1,5,3,,,,,steelermade28#8041,true,MLN,1,,Dominus,,1_1109
317,1110,MAL,false,Boaty McBoatface,McBoatface,,Active,P,,R,,,,,4,2,3,3,Pilsner Moyersux - RHP#4221,true,MLN,1,,Boaty,,1_1110
318,1111,CIN,false,Ronald Eagle V,Eagle,,Active,P,,R,,,,,4,4,2,2,Reagens_Eagle#8473,true,MLN,1,V,Ronald,,1_1111
319,1112,CIN,false,Miss Bats,Bats,,Active,P,,L,,,,,5,1,2,4,madelyncr#4615,true,MLN,1,,Miss,,1_1112
320,1113,CIN,false,Sam Seaborn,Seaborn,,Active,P,,L,,,,,5,4,2,1,mongster_03#3405,true,MLN,1,,Sam,,1_1113
321,1114,CIN,false,Mudflap Ricketts,Ricketts,,Active,3B,UTIL,R,3,3,2,4,,,,,Mudflap Ricketts 3B#5662,true,MLN,1,,Mudflap,,1_1114
322,1115,CIN,false,Bom Trady,Trady,,Active,LF,,R,4,2,4,2,,,,,Paddy O’Sullivan/Bom Trady#0381,true,MLN,1,,Bom,,1_1115
323,1116,OAK,false,Lee Allen Ripley,Ripley,,Active,P,,L,,,,,3,1,3,5,SubcheckForum#0035,true,MLN,1,,Lee Allen,,1_1116
324,1117,SUN,false,Tim Burr,Burr,,Active,P,,R,,,,,3,4,2,3,westsidedog#8980,true,MLN,1,,Tim,,1_1117
325,1118,CIN,false,Casey Jones,Jones,,Active,1B,C,R,2,4,5,1,,,,,MentalErection#2766,true,MLN,1,,Casey,,1_1118
326,1119,SUN,false,Willie Mays Hayes,Hayes,,Active,2B,UTIL,R,4,2,1,5,,,,,WillieMaysHays#9546,true,MLN,1,,Willie Mays,,1_1119
327,1120,KYM,false,Johnny Hopkins,Hopkins,,Active,3B,UTIL,L,5,2,1,4,,,,,BubonicNarwhal#6234,true,MLN,1,,Johnny,,1_1120
328,1121,CIN,false,Vandalia Halen,Halen,,Active,3B,UTIL,R,1,5,5,1,,,,,Vandalia Halen#6191,true,MLN,1,,Vandalia,,1_1121
329,1122,CIN,false,Finkle Sparkles,Sparkles,,Active,SS,UTIL,R,4,4,2,2,,,,,Einhornfarm#4830,true,MLN,1,,Finkle,,1_1122
330,1123,CIN,false,Kurt Anger,Anger,,Active,P,,R,,,,,5,5,1,1,Kurt Anger#7171,true,MLN,1,,Kurt,,1_1123
331,1124,FA,false,Alexander Hamilton,Hamilton,,Retired,CF,,L,5,3,1,3,,,,,A.Ham#4965,true,MLN,1,,Alexander,,1_1124
332,1125,FA,false,Brigham Young,Young,,Retired,RF,,R,5,3,2,2,,,,,byu#9318,true,MLN,1,,Brigham,,1_1125
333,1126,OAK,false,Clipper Charge,Charge,,Active,2B,UTIL,R,3,5,2,2,,,,,ClipDodgeCharge#4098,true,MLN,1,,Clipper,,1_1126
334,1127,OAK,false,Reggie Cooke,Cooke,,Active,RF,,R,4,2,1,5,,,,,deghlanj#6615,true,MLN,1,,Reggie,,1_1127
335,1128,FA,false,S.A.R Dinka,Dinka,,Free Agent,P,,R,,,,,2,3,2,5,sardinka#6812,true,MLN,1,,S.A.R.,,1_1128
336,1129,VAN,false,Grim Carp,Carp,,Active,2B,UTIL,R,3,3,5,1,,,,,enjoyingcarp650#8403,true,MLN,1,,Grim,,1_1129
337,1130,SMD,false,Dick Woolridge Jr.,Woolridge,,Active,3B,UTIL,R,3,2,5,2,,,,,boymouse#8448,true,MLN,1,Jr.,Dick,,1_1130
338,1131,BFB,false,KC Bats,Bats,,Active,LF,,R,3,3,3,3,,,,,kc3551#3802,true,MLN,1,,KC,,1_1131
339,1132,BFB,false,Steel Pipe Simpson,Simpson,,Active,CF,,L,3,3,5,1,,,,,alch233#8995,true,MLN,1,,Steel Pipe,,1_1132
340,1133,GHG,false,Hank Murphy,Murphy,,Active,C,CINF,L,1,5,5,1,,,,,Hank Murphy#4997,true,MLN,1,,Hank,,1_1133
341,1134,GHG,false,Ornn Mistborn,Mistborn,,Active,2B,UTIL,R,3,2,5,2,,,,,biigdog#3209,true,MLN,1,,Ornn,,1_1134
342,1135,GHG,false,Ryan Gastings,Gastings,,Active,3B,UTIL,L,3,3,5,1,,,,,Aspence#3564,true,MLN,1,,Ryan,,1_1135
343,1136,GHG,false,Mason Spurs,Spurs,,Active,SS,UTIL,L,3,4,1,4,,,,,SpursyGopher#5047,true,MLN,1,,Mason,,1_1136
344,1137,VAN,false,Jimmy Johns,Johns,,Active,CF,,L,5,1,2,4,,,,,EazyKill#8033,true,MLN,1,,Jimmy,,1_1137
345,1138,FA,false,James Earl Pwns,Pwns,,Retired,RF,,R,3,2,5,2,,,,,BenderWiggin#8910,true,MLN,1,,James Earl,,1_1138
346,1139,FA,false,Douglas McElroy Jr.,McElroy,,Hiatus,P,,L,,,,,4,3,3,2,robfs#3439,true,MLN,1,Jr.,Douglas,,1_1139
347,1140,GHG,false,Bartholomew Crumblepuff,Crumblepuff,,Active,P,,L,,,,,1,3,5,3,Zod#3168,true,MLN,1,,Bartholomew,,1_1140
348,1141,GHG,false,Geno Scaramucci,Scaramucci,,Active,P,,L,,,,,2,4,3,3,SilkyMango#9987,true,MLN,1,,Geno,,1_1141
349,1142,KYM,false,Bo-Horse Jackman,Jackman,,Active,C,CINF,R,4,3,2,3,,,,,Phillyproud21#3174,true,MLN,1,,Bo-Horse,,1_1142
350,1143,CIN,false,Viking Fishbird,Fishbird,,Active,2B,UTIL,R,3,3,1,5,,,,,VikingFishBird#8715,true,MLN,1,,Viking,,1_1143
351,1144,KYM,false,Jake Wilson,Wilson,,Active,SS,UTIL,R,3,2,3,4,,,,,YellowSkarmory#7549,true,MLN,1,,Jake,,1_1144
352,1145,KYM,false,Artie Ziff,Ziff,,Active,P,,R,,,,,5,2,3,2,mennonite_barbie#3089,true,MLN,1,,Artie,,1_1145
353,1146,FA,false,Archer Moran,Moran,,Free Agent,C,CINF,R,4,2,5,1,,,,,,true,MLN,1,,Archer,,1_1146
354,1147,FA,false,Patrick Doyle,Doyle,,Free Agent,1B,UTIL,R,4,4,1,3,,,,,BaseScoutXI#9824,true,MLN,1,,Patrick,,1_1147
355,1148,HMH,false,Freddie Freeballs,Freeballs,,Active,SS,UTIL,L,3,3,5,1,,,,,Tomahawkn10#0111,true,MLN,1,,Freddie,,1_1148
356,1149,HMH,false,Garrett Evans,Evans,,Active,RF,,R,3,2,5,2,,,,,legacy3233#2024,true,MLN,1,,Garrett,,1_1149
357,1150,HMH,false,Ricky Vaughn,Vaughn,,Active,P,,R,,,,,4,4,1,3,See_You_Laterr#6448,true,MLN,1,,Ricky,,1_1150
358,1151,ACP,false,Lance Lummoxx,Lummoxx,,Active,SS,UTIL,R,3,2,4,3,,,,,Lummoxx#2267,true,MLN,1,,Lance,,1_1151
359,1152,LPJ,false,Hans Ali,Ali,,Active,P,,R,,,,,3,3,2,4,hanstheman33#3083,true,MLN,1,,Hans,,1_1152
360,1153,SUN,false,Larry Longshot,Longshot,,Active,C,COF,R,4,3,4,1,,,,,TrickyTroy2#3950,true,MLN,1,,Larry,,1_1153
361,1154,FA,false,Kyle Corbett,Corbett,,Free Agent,1B,UTIL,L,4,2,5,1,,,,,bryceryals42#7256,true,MLN,1,,Kyle,,1_1154
362,1155,FA,false,Pretzels Poffenberger II,Poffenberger,,Free Agent,2B,UTIL,R,3,2,5,2,,,,,akick31#6615,true,MLN,1,II,Pretzels,,1_1155
363,1156,MAL,false,Thomas Thompson III,Thompson,,Active,3B,UTIL,R,2,1,5,4,,,,,Barnsley#6969,true,MLN,1,III,Thomas,,1_1156
364,1157,MAL,false,JP Panik,Panik,,Active,SS,UTIL,L,4,2,4,2,,,,,JP1704#3386,true,MLN,1,,JP,,1_1157
365,1158,MAL,false,Master Cashier,Cashier,,Active,LF,,L,5,1,5,1,,,,,MasterCashier#1114,true,MLN,1,,Master,,1_1158
366,1159,KYM,false,Clifton Outlaw,Outlaw,,Active,RF,,L,3,2,4,3,,,,,Hanburger#3538,true,MLN,1,,Clifton,,1_1159
367,1160,MAL,false,Schluffer Dingus,Dingus,,Active,RF,,L,4,3,1,4,,,,,Xenlos#1147,true,MLN,1,,Schluffer,,1_1160
368,1161,OAK,false,Phil Coulson,Coulson,,Active,P,,L,,,,,2,3,3,4,Phicou#8518,true,MLN,1,,Phil,,1_1161
369,1162,MAL,false,Nate Lewis,Lewis,,Active,P,,R,,,,,2,4,5,1,Miro#3458,true,MLN,1,,Nate,,1_1162
370,1163,OAK,false,Gianni,Gianni,,Active,SS,UTIL,L,4,3,2,3,,,,,Gianni#2114,true,MLN,1,,,,1_1163
371,1164,BFB,false,Zin Martinez,Martinez,,Active,C,CINF,R,5,5,1,1,,,,,Wilbur Forrester Wood#1106,true,MLN,1,,Zin,,1_1164
372,1165,GHG,false,Dropov Andpicov,Andpicov,,Active,2B,UTIL,R,4,3,2,3,,,,,Shambox#6584,true,MLN,1,,Dropov,,1_1165
373,1166,GHG,false,Ecliptic Astrum,Astrum,,Active,3B,UTIL,R,5,1,1,5,,,,,Ecliptic#3662,true,MLN,1,,Ecliptic,,1_1166
374,1167,GHG,false,Aych Imtayaz,Imtayaz,,Active,LF,,R,4,5,1,2,,,,,Aych#2738,true,MLN,1,,Aych,,1_1167
375,1168,KYM,false,Release T. Kraken,Kraken,,Active,CF,,R,5,1,3,3,,,,,Schuby#1780,true,MLN,1,,Release T.,,1_1168
376,1169,HMH,false,Jerome Garcia,Garcia,,Active,2B,C,R,4,2,4,2,,,,,UnironicU2Defender#7767,true,MLN,1,,Jerome,,1_1169
377,1170,CIN,false,William Wallace,Wallace,,Active,SS,C,L,3,3,4,2,,,,,William Wallace#6635,true,MLN,1,,William,,1_1170
378,1171,FA,false,"Blurt ""Blerns"" Brief",Brief,,Free Agent,3B,UTIL,R,5,4,2,1,,,,,navi#2088,true,MLN,1,,Blerns,,1_1171
379,1172,MAL,false,Lefty Schweez,Schweez,,Active,C,CINF,L,4,4,2,2,,,,,Lefty Schweez#2244,true,MLN,1,,Lefty,,1_1172
380,1173,LPJ,false,Icna Comit,Comit,,Active,1B,C,L,5,1,4,2,,,,,Almirola FTW#0569,true,MLN,1,,Icna,,1_1173
381,1174,MAL,false,Mad Monty,Monty,,Active,RF,,R,5,3,1,3,,,,,Mad_Monty#0578,true,MLN,1,,Mad,,1_1174
382,1175,FA,false,Kiwi Scooter Caps III,Scooter Caps,,Free Agent,3B,UTIL,L,3,2,5,2,,,,,aidan331#0090,true,MLN,1,III,Kiwi,,1_1175
383,1176,FA,false,Ace Brasco,Brasco,,Retired,P,,L,,,,,3,3,5,1,Ace Brasco#6781,true,MLN,1,,Ace,,1_1176
384,1177,FA,false,Classic Vlassic,Vlassic,,Free Agent,RF,,R,5,2,2,3,,,,,,true,MLN,1,,Classic,,1_1177
385,1178,SMD,false,William Hatchet,Hatchet,,Active,P,,R,,,,,5,5,1,1,deepfriedsmokeycat69#8190,true,MLN,1,,William,,1_1178
386,1179,SUN,false,Casey Kelly,Kelly,,Active,SS,C,L,3,4,4,1,,,,,wisely#3314,true,MLN,1,,Casey,,1_1179
387,1180,MAL,false,War Hamster,Hamster,,Active,2B,UTIL,R,5,2,1,4,,,,,Warhamster#9295,true,MLN,1,,War,,1_1180
388,1181,GHG,false,Blue Llama,Llama,,Active,2B,UTIL,R,4,3,1,4,,,,,AltBlueLlama44#1572,true,MLN,1,,Blue,,1_1181
389,1182,FA,false,Moonlight Graham,Graham,,Retired,RF,,L,5,5,1,1,,,,,farley#2047,true,MLN,1,,Moonlight,,1_1182
390,1183,FA,false,Akhbar Reginald Geraldo Hughes,Hughes,,Free Agent,RF,,R,5,1,5,1,,,,,,true,MLN,1,,Akhbar,,1_1183
391,1184,VAN,false,Buzz Schwinghammer,Schwinghammer,,Active,SS,C,R,2,2,3,5,,,,,chillkiller#4014,true,MLN,1,,Buzz,,1_1184
392,1185,OAK,false,Kid Notcher,Notcher,,Active,2B,UTIL,R,3,4,4,1,,,,,,true,MLN,1,,Kid,,1_1185
393,1186,FA,false,Francis Herman Swagger,Swagger,,Free Agent,C,CINF,R,3,4,3,2,,,,,bellysk8er2005#9850,true,MLN,1,,Francis,,1_1186
394,1187,CIN,false,Brandon Blade,Blade,,Active,LF,,L,2,3,5,2,,,,,Lattimore_Island#9939,true,MLN,1,,Brandon,,1_1187
395,1188,MAL,false,Teddy Ballinger,Ballinger,,Active,P,,L,,,,,4,1,5,2,Teddy#5031,true,MLN,1,,Teddy,,1_1188
396,1189,VAN,false,Magic Simmons,Simmons,,Active,P,,L,,,,,4,3,2,1,ethan#4765,true,MLN,1,,Magic,,1_1189
397,1190,GHG,false,Robert Paulson,Paulson,,Active,LF,,R,3,3,1,5,,,,,,true,MLN,1,,Robert,,1_1190
398,1191,LPJ,false,Morris Deratt,Deratt,,Active,P,,L,,,,,3,4,1,4,debater3301#5782,true,MLN,1,,Morris,,1_1191
399,1192,HMH,false,Larry Slack,Slack,,Active,C,COF,R,2,5,3,2,,,,,Stephen F. Austin#0758,true,MLN,1,,Larry,,1_1192
400,1193,HMH,false,Solomon Caine,Caine,,Active,CF,,R,3,3,2,4,,,,,President_Dewey#9743,true,MLN,1,,Solomon,,1_1193
401,1194,SUN,false,Tony Bigdik,Bigdik,,Active,1B,UTIL,R,3,3,4,2,,,,,amesker#3310,true,MLN,1,,Tony,,1_1194
402,1195,GHG,false,Simon Dominic,Dominic,,Active,P,,R,,,,,3,3,5,1,mikel#6532,true,MLN,1,,Simon,,1_1195
403,1196,MAL,false,Devin Arianna,Arianna,,Active,1B,UTIL,L,5,5,1,1,,,,,dev#3224,true,MLN,1,,Devin,,1_1196
404,1197,VAN,false,Isaiah Harmon,Harmon,,Active,3B,UTIL,L,2,3,2,5,,,,,StripedMaple#0992,true,MLN,1,,Isaiah,,1_1197
405,1198,FA,false,Joey McCarty,McCarty,,Free Agent,C,CINF,R,2,5,3,2,,,,,,true,MLN,1,,Joey,,1_1198
406,1199,MAL,false,Boof Boog,Boog,,Active,CF,,R,1,5,5,1,,,,,JohnnyTrout#4375,true,MLN,1,,Boof,,1_1199
407,1200,FA,false,Michael Voorhees,Voorhees,,Retired,C,CINF,L,5,5,1,1,,,,,BigBatInsomniac#7040,true,MLN,1,,Michael,,1_1200
408,1201,ACP,false,Mylo Grams,Grams,,Active,CF,,L,1,1,5,5,,,,,Mylo Grams- Toronto C#9559,true,MLN,1,,Mylo,,1_1201
409,1202,CIN,false,Pablo Pabloson,Pabloson,,Active,CF,,R,1,3,4,4,,,,,HorribelSpelling#6152,true,MLN,1,,Pablo,,1_1202
410,1203,FA,false,Swing N. Miss,Miss,,Free Agent,CF,,R,4,3,2,3,,,,,havee#3197,true,MLN,1,,Swing N.,,1_1203
411,1204,LPJ,false,Syd Kidd,Kidd,,Active,P,,L,,,,,3,4,3,2,Syd#6611,true,MLN,1,,Syd,,1_1204
412,1205,HMH,false,Stephen Sondheim,Sondheim,,Active,1B,,R,2,4,1,5,,,,,David.#9999,true,MLN,1,,Stephen,,1_1205
413,1206,FA,false,VeeDeeJohnson,Johnson,,Free Agent,2B,UTIL,L,4,1,4,3,,,,,ConstantQuarreling#0175,true,MLN,1,,VeeDee,,1_1206
414,1207,FA,false,Johnny Johnson,Johnson,,Free Agent,CF,,R,2,2,3,5,,,,,Sky Master#0303,true,MLN,1,,Johnny,,1_1207
415,1208,KYM,false,Dodger Dog,Dog,,Active,CF,,L,5,1,3,3,,,,,GKG1214#5442,true,MLN,1,,Dodger,,1_1208
416,1209,BFB,false,Pennis Brinner,Brinner,,Active,LF,,L,2,4,5,1,,,,,sael#7290,true,MLN,1,,Pennis,,1_1209
417,1210,MAL,false,Berna Pozo,Pozo,,Active,C,COF,R,2,5,4,1,,,,,Socc#0001,true,MLN,1,,Berna,,1_1210
418,1211,MAL,false,Pete Jones,Jones,,Active,P,,L,,,,,5,2,1,4,Holi 🦕#1337,true,MLN,1,,Pete,,1_1211
419,1212,SUN,false,Barney Turbo,Turbo,,Active,SS,C,R,3,4,1,4,,,,,Alien Abortion Machine#7864,true,MLN,1,,Barney,,1_1212
420,1213,FA,false,Chris P. Bacon,Bacon,,Free Agent,SS,UTIL,R,5,1,3,3,,,,,jlscavni#8426,true,MLN,1,,Chris,,1_1213
421,1214,ACP,false,Colby Redding,Redding,,Active,C,CINF,R,3,5,3,1,,,,,the apple#2936,true,MLN,1,,Colby,,1_1214
422,1215,BFB,false,Niklas Sheely,Sheely,,Active,1B,UTIL,R,3,3,2,4,,,,,Niklas#3706,true,MLN,1,,Niklas,,1_1215
423,1216,VAN,false,Billtopher Gatestopher,Gatestopher,,Active,CF,,R,4,2,2,4,,,,,PriestOfGabe#9241,true,MLN,1,,Billtopher,,1_1216
424,1217,VAN,false,Johnny Dickshot,Dickshot,,Active,P,,R,,,,,5,5,1,1,Number1Dork#7344,true,MLN,1,,Johnny,,1_1217
425,1218,FA,false,Bofadeez Newtz,Newtz,,Free Agent,C,CINF,L,3,3,5,1,,,,,ethyn4028#1021,true,MLN,1,,Bofadeez,,1_1218
426,1219,LPJ,false,Gottlieb Giannopoulos,Giannopoulos,,Active,2B,UTIL,R,4,2,3,3,,,,,Lemon Battery#4879,true,MLN,1,,Gottlieb,,1_1219
427,1220,SMD,false,Al Ternate,Ternate,,Active,LF,,R,3,4,1,4,,,,,Official Blu Jays Media Manger#8962,true,MLN,1,,Al,,1_1220
428,1221,ACP,false,Mako Bierman,Bierman,,Active,P,,L,,,,,4,2,4,2,Mako_22#4116,true,MLN,1,,Mako,,1_1221
429,1222,CIN,false,Justin Martin,Martin,,Active,C,CINF,R,3,4,4,1,,,,,JustinQuan#3795,true,MLN,1,,Justin,,1_1222
430,1223,FA,false,Sean Waxman,Waxman,,Free Agent,2B,UTIL,R,5,3,2,2,,,,,waxitaxi#0669,true,MLN,1,,Sean,,1_1223
431,1001,SMD,false,Crash Davis,Davis,,Active,C,COF,L,4,4,3,1,,,,,Flying Spaghetti Hitchens#6329,false,MLN,2,,Crash,,2_1001
432,1002,SMD,false,Garitek,Garitek,,Active,C,CINF,R,4,4,3,1,,,,,GareDr333#5369,false,MLN,2,,,,2_1002
433,1003,FA,false,Buckeye Logan II,Logan,,Free Agent,2B,UTIL,L,4,4,2,2,,,,,Buckeye Logan#4588,false,MLN,2,II,Buckeye,,2_1003
434,1006,SMD,false,Smitty Hoppenscotch,Hoppenscotch,,Active,CF,,L,4,2,1,5,,,,,Natsochist#8041,false,MLN,2,,Smitty,,2_1006
435,1007,SMD,false,Chris Robin,Robin,,Active,RF,,R,3,3,5,1,,,,,Lesath#2140,false,MLN,2,,Chris,,2_1007
436,1008,SMD,false,Atlas Quin,Quin,,Active,P,,L,,,,,5,2,4,1,Pieanator#7542,false,MLN,2,,Atlas,,2_1008
437,1010,SMD,false,Madis Mickelson,Mickelson,,Active,P,,L,,,,,4,2,4,2,madis99 - Jays Gm#4415,false,MLN,2,,Madis,,2_1010
438,1011,MAL,false,El Duké Nukem,Nukem,,Active,1B,UTIL,R,4,3,4,1,,,,,DukeNukem#4009,false,MLN,2,,El Duke,,2_1011
439,1012,SMD,false,SirNose d'Voidoffunk,d'Voidoffunk,,Active,SS,C,R,4,2,1,5,,,,,ghostelephant#6650,false,MLN,2,,SirNose,,2_1012
440,1013,SMD,false,Kaylee Stewart,Stewart,,Active,CF,,L,3,2,4,3,,,,,peytonmarie#0013,false,MLN,2,,Kaylee,,2_1013
441,1014,HFX,false,Bud Tuggli,Tuggli,,Active,C,CINF,L,3,4,4,1,,,,,c0ldspark#4686,false,MLN,2,,Bud,,2_1014
442,1015,FA,false,Leche Galletitas Cigarillas de Culo,de Culo,,Free Agent,1B,UTIL,L,4,3,3,2,,,,,pianoboner44#8464,false,MLN,2,,Leche,,2_1015
443,1017,HFX,true,Joe Runzer,Runzer,,Retired,3B,UTIL,R,4,4,3,1,,,,,scumbagjoe11#2267,false,MLN,2,,Joe,,2_1017
444,1019,BFB,false,AJ Preller,Preller,,Active,SS,C,L,3,5,1,3,,,,,AJPRELLERAceGM#6672,false,MLN,2,,AJ,,2_1019
445,1020,FA,false,Pilate Mornicious,Mornicious,,Retired,LF,,R,5,3,2,2,,,,,zenverak#3823,false,MLN,2,,Pilate,,2_1020
446,1021,POR,false,Q Kimbrel,Kimbrel,,Active,P,,L,,,,,5,2,4,1,Q Kimbrel#8842,false,MLN,2,,Q,,2_1021
447,1022,GHG,false,Chuck McCluster,McCluster,,Active,RF,,R,3,4,4,1,,,,,snipenberg#7197,false,MLN,2,,Chuck,,2_1022
448,1023,SMD,false,Dan Gerzone,Gerzone,,Active,3B,UTIL,R,4,2,4,2,,,,,Dan_Gerzone,false,MLN,2,,Dan,,2_1023
449,1024,HFX,false,Jordan Peppers,Peppers,,Active,P,,R,,,,,4,2,2,4,raptor152#0431,false,MLN,2,,Jordan,,2_1024
450,1025,LPJ,false,Charlie Yeager,Yeager,,Active,P,,L,,,,,4,3,3,2,EdgarLOLZ#5132,false,MLN,2,,Charlie,,2_1025
451,1026,POR,false,Angel Leon,Leon,,Active,P,,R,,,,,3,3,5,1,GK12303#1313,false,MLN,2,,Angel,,2_1026
452,1027,MAL,false,Thomas Nova,Nova,,Active,P,,L,,,,,4,4,2,2,Daitryu#7669,false,MLN,2,,Thomas,,2_1027
453,1028,POR,false,Haraldo McKenzie,McKenzie,,Active,C,CINF,L,3,4,4,1,,,,,the_cashew#4555,false,MLN,2,,Haraldo,,2_1028
454,1029,SUN,false,Lefty Louis,Louis,,Active,1B,UTIL,L,1,5,5,1,,,,,lewislewes#3447,false,MLN,2,,Lefty,,2_1029
455,1033,SUN,false,Daz Reference,Reference,,Active,SS,UTIL,R,5,4,1,2,,,,,Obscure_Reference#9129,false,MLN,2,,Daz,,2_1033
456,1034,SUN,false,Jack Marnette,Marnette,,Active,LF,,R,5,2,2,3,,,,,jmarnette#1828,false,MLN,2,,Jack,,2_1034
457,1035,SUN,false,Pete Wheeler,Wheeler,,Active,CF,,L,2,4,1,5,,,,,mcastagnaro30#2558,false,MLN,2,,Pete,,2_1035
458,1036,HFX,false,Spike Suzuki,Suzuki,,Active,RF,,R,3,2,5,2,,,,,xbijin#3776,false,MLN,2,,Spike,,2_1036
459,1038,CIN,false,JimBob Cooter,Cooter,,Active,C,COF,L,4,2,4,2,,,,,WowzersMcBrowzers#0688,false,MLN,2,,JimBob,,2_1038
460,1039,LPJ,false,Clive Babineaux,Babineaux,,Active,RF,,L,4,2,4,2,,,,,tanay002#5272,false,MLN,2,,Clive,,2_1039
461,1041,LPJ,false,Barney Summers,Summers,,Active,C,CINF,L,5,5,1,1,,,,,CougMaster#8822,false,MLN,2,,Barney,,2_1041
462,1042,LPJ,false,Dallas Houston,Houston,,Active,1B,C,R,3,3,5,1,,,,,mbless1415#6210,false,MLN,2,,Dallas,,2_1042
463,1043,KYM,false,Tyler Palmatier,Palmatier,,Active,1B,UTIL,R,3,3,4,2,,,,,Jagsfootball51#3155,false,MLN,2,,Tyler,,2_1043
464,1046,LPJ,false,Rabbi Chase,Chase,,Active,SS,UTIL,L,3,4,4,1,,,,,RabbiChase - The PumpJacker#6828,false,MLN,2,,Rabbi,,2_1046
465,1047,FA,false,Ross Fire,Fire,,Retired,SS,UTIL,R,4,2,2,4,,,,,,false,MLN,2,,Ross,,2_1047
466,1048,FA,false,Spike McBride,McBride,,Retired,LF,,R,3,2,4,3,,,,,,false,MLN,2,,Spike,,2_1048
467,1051,LPJ,false,Superbone Threefinger,Threefinger,,Active,P,,R,,,,,4,4,1,3,23baseball3#3100,false,MLN,2,,Superbone,,2_1051
468,1052,HMH,false,Zed Leona,Leona,,Active,C,CINF,R,5,4,2,1,,,,,Sleeper#2045,false,MLN,2,,Zed,,2_1052
469,1053,FA,false,Lindsanity,Lindsanity,,Retired,1B,C,R,3,3,4,2,,,,,Phiask0#8137,false,MLN,2,,,,2_1053
470,1054,HMH,false,Steve Hofbardozzi Jr.,Hofbardozzi,,Active,3B,UTIL,L,5,4,1,2,,,,,GeneticlyPerfct#0232,false,MLN,2,Jr.,Steve,,2_1054
471,1055,HMH,true,Osmosis Jones,Jones,,Active,2B,UTIL,L,4,3,1,4,,,,,AdmiralJones42#6648,false,MLN,2,,Osmosis,,2_1055
472,1056,REK,true,Henrik Omega,Omega,,Active,RF,,L,5,1,5,1,,,,,Big Bossuru#1370,false,MLN,2,,Henrik,,2_1056
473,1057,SHH,false,Rusty LaRue,LaRue,,Active,LF,,L,4,3,3,2,,,,,RustySports#1435,false,MLN,2,,Rusty,,2_1057
474,1058,HMH,false,Herrera O'Doubles,O'Doubles,,Active,CF,,L,5,3,1,3,,,,,amazingcowmilk#9713,false,MLN,2,,Herrera,,2_1058
475,1060,FA,false,Jay Bedia,Bedia,,Free Agent,P,,L,,,,,4,3,3,2,jaybedia - P#8429,false,MLN,2,,Jay,,2_1060
476,1061,HMH,false,Hudson Hildebrandt,Hildebrandt,,Active,P,,R,,,,,5,1,5,1,Hudson#0002,false,MLN,2,,Hudson,,2_1061
477,1063,KYM,false,Alex Yaxley,Yaxley,,Active,C,COF,R,3,4,4,1,,,,,BIGxM1KE#4625,false,MLN,2,,Alex,,2_1063
478,1064,KYM,false,Dick Pole,Pole,,Active,1B,UTIL,R,3,3,5,1,,,,,Wblewis45#7778,false,MLN,2,,Dick,,2_1064
479,1067,KYM,false,Austin Schwartz,Schwartz,,Active,CF,,L,5,5,1,1,,,,,Cubzlover84#7820,false,MLN,2,,Austin,,2_1067
480,1068,KYM,false,Jim Boeheim,Boeheim,,Active,RF,,R,3,2,5,2,,,,,Jim Boeheim#2353,false,MLN,2,,Jim,,2_1068
481,1070,KYM,false,Tommy Foxconn,Foxconn,,Active,P,,R,,,,,5,5,1,1,tbird4427#2032,false,MLN,2,,Tommy,,2_1070
482,1071,BFB,false,Isaac Saffron,Saffron,,Active,C,CINF,L,5,5,1,1,,,,,izsaf#9638,false,MLN,2,,Isaac,,2_1071
483,1072,BFB,false,Red Trapper,Trapper,,Active,1B,UTIL,L,2,4,4,2,,,,,Red Trapper#5937,false,MLN,2,,Red,,2_1072
484,1073,BFB,false,Juan Diego De Las Rosas Jr.,De Las Rosas,,Active,2B,UTIL,R,4,3,1,4,,,,,Dancingtree444#4987,false,MLN,2,Jr.,Juan Diego,,2_1073
485,1074,HFX,false,Donked McToad,McToad,,Active,LF,,R,2,2,5,3,,,,,donked#9307,false,MLN,2,,Donked,,2_1074
486,1075,POR,false,Robin Reynolds,Reynolds,,Active,3B,UTIL,R,3,3,4,2,,,,,Kekar (/u/Kekar29)#3461,false,MLN,2,,Robin,,2_1075
487,1076,BFB,false,Fuzzy Dunlop,Dunlop,,Active,3B,UTIL,L,4,3,1,4,,,,,Fuzzy Dunlop#5733,false,MLN,2,,Fuzzy,,2_1076
488,1077,BFB,false,Storm Johnson,Johnson,,Active,SS,UTIL,R,4,3,2,3,,,,,Storm Johnson (TB - SS)#8932,false,MLN,2,,Storm,,2_1077
489,1078,CIN,false,Lawrence Wiseman,Wiseman,,Active,SS,UTIL,R,3,5,2,2,,,,,Inexite#5043,false,MLN,2,,Lawrence,,2_1078
490,1079,SHH,false,Babatunde Oladotun,Oladotun,,Active,P,,R,,,,,4,2,3,3,Babatunde Oladotun#6470,false,MLN,2,,Babatunde,,2_1079
491,1080,BFB,false,Ben Williams,Williams,,Active,CF,,R,3,3,2,4,,,,,Kickthepony,false,MLN,2,,Ben,,2_1080
492,1082,CIN,false,Basebally McBaseballface Jr.,McBaseballface,,Active,RF,,R,4,2,1,5,,,,,packattack#9827,false,MLN,2,Jr.,Basebally,,2_1082
493,1083,BFB,false,Tony Smehrik,Smehrik,,Active,P,,L,,,,,3,5,3,1,liebz#0795,false,MLN,2,,Tony,,2_1083
494,1084,REK,false,Willoughby Hoose,Hoose,,Active,P,,L,,,,,4,3,4,1,Woozy_Woozle#3860,false,MLN,2,,Willoughby,,2_1084
495,1085,BFB,false,Ed Turner,Turner,,Active,P,,R,,,,,3,4,3,2,Ed Turner [RHP]#5017,false,MLN,2,,Ed,,2_1085
496,1086,ACP,false,George Ewell,Ewell,,Active,C,COF,R,4,5,2,1,,,,,emmae#0131,false,MLN,2,,George,,2_1086
497,1087,LPJ,true,Foxx Dashington,Dashington,,Active,C,CINF,R,1,1,5,5,,,,,theDashingFox#1492,false,MLN,2,,Foxx,,2_1087
498,1088,ACP,false,Stan Mann,Mann,,Active,1B,UTIL,R,5,5,1,1,,,,,CelciusII#6336,false,MLN,2,,Stan,,2_1088
499,1090,ACP,false,James Pablano,Pablano,,Active,2B,UTIL,R,5,2,1,4,,,,,loco_pabs#0259,false,MLN,2,,James,,2_1090
500,1091,ACP,false,Dougal McGoogol,McGoogol,,Active,3B,UTIL,R,4,2,1,5,,,,,mcgoogol#0111,false,MLN,2,,Dougal,,2_1091
501,1092,FA,false,Cody Omega,Omega,,Free Agent,CF,,R,3,3,4,2,,,,,2SweetCharlieB#9979,false,MLN,2,,Cody,,2_1092
502,1094,ACP,false,Sleve McDichael,McDichael,,Active,LF,,R,5,1,5,1,,,,,SudsyGiraffe#4578,false,MLN,2,,Sleve,,2_1094
503,1096,ACP,false,Justin Paglia,Paglia,,Active,RF,,L,4,2,3,3,,,,,pagsman96#1046,false,MLN,2,,Justin,,2_1096
504,1097,LPJ,false,Jameson Poe,Poe,,Active,P,,R,,,,,4,4,3,1,Toli820#2984,false,MLN,2,,Jameson,,2_1097
505,1098,SMD,false,Kegs Mabry,Mabry,,Active,2B,UTIL,L,3,1,5,3,,,,,kegs#5639,false,MLN,2,,Kegs,,2_1098
506,1099,ACP,false,Baron Samedi,Samedi,,Active,CF,,R,5,2,3,2,,,,,haunted#0371,false,MLN,2,,Baron,,2_1099
507,1100,SHH,false,Antwan Zella,Zella,,Active,C,CINF,R,4,4,3,1,,,,,ando#0150,false,MLN,2,,Antwan,,2_1100
508,1102,SHH,false,Graham Otherie,Otherie,,Active,SS,UTIL,R,3,1,4,4,,,,,grahm03#0716,false,MLN,2,,Graham,,2_1102
509,1103,SHH,false,Blue Moon Barthelemy,Barthelemy,,Active,LF,,R,4,2,3,3,,,,,thebubs1024#1024,false,MLN,2,,Blue Moon,,2_1103
510,1105,SHH,true,Grey Goose McGillicuddy,McGillicuddy,,Active,CF,,R,4,3,1,4,,,,,Judah#1924,false,MLN,2,,Grey Goose,,2_1105
511,1108,GHG,false,Conor Sexton,Sexton,,Active,1B,UTIL,L,3,3,4,2,,,,,YoloSwaggins#8690,false,MLN,2,,Conor,,2_1108
512,1109,GHG,true,Dominus Nominus,Nominus,,Active,LF,,R,3,1,5,3,,,,,steelermade28#8041,false,MLN,2,,Dominus,,2_1109
513,1110,MAL,false,Boaty McBoatface,McBoatface,,Active,P,,R,,,,,4,2,3,3,Pilsner Moyersux - RHP#4221,false,MLN,2,,Boaty,,2_1110
514,1111,BFB,false,Ronald Eagle V,Eagle,,Active,P,,R,,,,,4,4,2,2,Reagens_Eagle#8473,false,MLN,2,V,Ronald,,2_1111
515,1112,ACP,false,Miss Bats,Bats,,Active,P,,L,,,,,5,1,2,4,madelyncr#4615,false,MLN,2,,Miss,,2_1112
516,1113,KYM,false,Tony Stark,Stark,,Active,CF,,R,4,1,3,4,,,,,mongster_03#3405,false,MLN,2,,Tony,,2_1113
517,1115,POR,false,Bom Trady,Trady,,Active,LF,,R,4,2,4,2,,,,,Paddy O’Sullivan/Bom Trady#0381,false,MLN,2,,Bom,,2_1115
518,1119,SUN,false,Willie Mays Hayes,Hayes,,Active,2B,UTIL,R,4,2,1,5,,,,,WillieMaysHays#9546,false,MLN,2,,Willie Mays,,2_1119
519,1120,KYM,false,Johnny Hopkins,Hopkins,,Active,3B,UTIL,L,5,2,2,3,,,,,BubonicNarwhal#6234,false,MLN,2,,Johnny,,2_1120
520,1121,CIN,false,Vandalia Halen,Halen,,Active,3B,UTIL,R,1,5,5,1,,,,,Vandalia Halen#6191,false,MLN,2,,Vandalia,,2_1121
521,1122,GHG,false,Finkle Sparkles,Sparkles,,Active,P,,R,,,,,4,2,4,2,Einhornfarm#4830,false,MLN,2,,Finkle,,2_1122
522,1123,FA,false,Kurt Anger,Anger,,Free Agent,C,COF,R,2,4,1,5,,,,,Kissfromarose#7171,false,MLN,2,,Kurt,,2_1123
523,1126,SHH,false,Clipper Charge,Charge,,Active,2B,UTIL,R,3,5,2,2,,,,,ClipDodgeCharge#4098,false,MLN,2,,Clipper,,2_1126
524,1127,FA,false,Reggie Cooke,Cooke,,Retired,RF,,R,4,2,1,5,,,,,deghlanj#6615,false,MLN,2,,Reggie,,2_1127
525,1128,FA,false,S.A.R Dinka,Dinka,,Free Agent,P,,R,,,,,2,3,2,5,sardinka#6812,false,MLN,2,,S.A.R.,,2_1128
526,1130,FA,false,Dick Woolridge Jr.,Woolridge,,Free Agent,3B,UTIL,R,3,2,5,2,,,,,boymouse#8448,false,MLN,2,Jr.,Dick,,2_1130
527,1131,BFB,false,KC Bats,Bats,,Active,LF,,R,3,3,3,3,,,,,kc3551#3802,false,MLN,2,,KC,,2_1131
528,1132,BFB,true,Steel Pipe Simpson,Simpson,,Active,CF,,L,3,3,4,2,,,,,alch233#8995,false,MLN,2,,Steel Pipe,,2_1132
529,1133,REK,false,Hank Murphy,Murphy,,Active,C,COF,L,1,5,5,1,,,,,Hank Murphy#4997,false,MLN,2,,Hank,,2_1133
530,1134,GHG,false,Ornn Mistborn,Mistborn,,Active,2B,UTIL,R,3,2,5,2,,,,,biigdog#3209,false,MLN,2,,Ornn,,2_1134
531,1135,FA,false,Ryan Gastings,Gastings,,Hiatus,3B,UTIL,L,3,3,5,1,,,,,Aspence#3564,false,MLN,2,,Ryan,,2_1135
532,1136,GHG,false,Mason Spurs,Spurs,,Active,SS,UTIL,L,3,4,1,4,,,,,SpursyGopher#5047,false,MLN,2,,Mason,,2_1136
533,1137,LPJ,false,Jimmy Johns,Johns,,Active,CF,,L,5,1,2,4,,,,,EazyKill#8033,false,MLN,2,,Jimmy,,2_1137
534,1140,GHG,false,Bartholomew Crumblepuff,Crumblepuff,,Active,P,,L,,,,,1,3,5,3,Zod#3168,false,MLN,2,,Bartholomew,,2_1140
535,1141,GHG,false,Geno Scaramucci,Scaramucci,,Active,P,,L,,,,,2,4,3,3,SilkyMango#9987,false,MLN,2,,Geno,,2_1141
536,1142,KYM,false,Bo-Horse Jackman,Jackman,,Active,C,CINF,R,4,3,2,3,,,,,Phillyproud21#3174,false,MLN,2,,Bo-Horse,,2_1142
537,1143,BFB,false,Viking Fishbird,Fishbird,,Active,2B,UTIL,R,3,3,1,5,,,,,VikingFishBird#8715,false,MLN,2,,Viking,,2_1143
538,1144,KYM,false,Jake Wilson,Wilson,,Active,SS,UTIL,R,3,2,3,4,,,,,YellowSkarmory#7549,false,MLN,2,,Jake,,2_1144
539,1145,KYM,false,Artie Ziff,Ziff,,Active,P,,R,,,,,5,2,3,2,mennonite_barbie#3089,false,MLN,2,,Artie,,2_1145
540,1147,FA,false,Patrick Doyle,Doyle,,Retired,1B,UTIL,R,4,4,1,3,,,,,BaseScoutXI#9824,false,MLN,2,,Patrick,,2_1147
541,1149,HMH,false,Garrett Evans,Evans,,Active,RF,,R,3,2,5,2,,,,,legacy3233#2024,false,MLN,2,,Garrett,,2_1149
542,1150,SUN,false,Ricky Vaughn,Vaughn,,Active,P,,R,,,,,3,4,4,1,See_You_Laterr#6448,false,MLN,2,,Ricky,,2_1150
543,1151,SMD,false,Lance Lummoxx,Lummoxx,,Active,SS,UTIL,R,3,2,4,3,,,,,Lummoxx#2267,false,MLN,2,,Lance,,2_1151
544,1152,SMD,false,Hans Ali,Ali,,Active,P,,R,,,,,3,3,2,4,hanstheman33#3083,false,MLN,2,,Hans,,2_1152
545,1153,SUN,false,Larry Longshot,Longshot,,Active,C,COF,R,5,1,5,1,,,,,TrickyTroy2#3950,false,MLN,2,,Larry,,2_1153
546,1155,REK,false,Pretzels Poffenberger II,Poffenberger,,Active,2B,UTIL,R,3,2,5,2,,,,,akick31#6615,false,MLN,2,II,Pretzels,,2_1155
547,1156,SMD,false,Thomas Thompson III,Thompson,,Active,3B,UTIL,R,2,1,5,4,,,,,Barnsley#4078,false,MLN,2,III,Thomas,,2_1156
548,1157,ACP,false,JP Panik,Panik,,Active,SS,UTIL,L,4,2,4,2,,,,,JP1704#3386,false,MLN,2,,JP,,2_1157
549,1158,SUN,false,Master Cashier,Cashier,,Active,LF,,L,5,1,5,1,,,,,MasterCashier#1114,false,MLN,2,,Master,,2_1158
550,1159,KYM,false,Clifton Outlaw,Outlaw,,Active,RF,,L,3,2,4,3,,,,,Hanburger#3538,false,MLN,2,,Clifton,,2_1159
551,1160,FA,false,Hans Jerkins,Jerkins,,Retired,RF,,L,4,2,1,5,,,,,Xenlos#1147,false,MLN,2,,Hans,,2_1160
552,1161,FA,false,Phil Coulson,Coulson,,Free Agent,3B,UTIL,L,5,1,5,1,,,,,Phicou#8518,false,MLN,2,,Phil,,2_1161
553,1162,MAL,false,Nate Lewis,Lewis,,Active,P,,R,,,,,2,4,5,1,Miro#3458,false,MLN,2,,Nate,,2_1162
554,1163,FA,false,Gianni,Gianni,,Retired,SS,UTIL,L,4,3,2,3,,,,,Gianni#2114,false,MLN,2,,,,2_1163
555,1164,BFB,false,Zin Martinez,Martinez,,Active,C,CINF,R,5,5,1,1,,,,,Wilbur Forrester Wood#1106,false,MLN,2,,Zin,,2_1164
556,1165,GHG,false,Dropov Andpicov,Andpicov,,Active,2B,UTIL,R,4,3,2,3,,,,,Shambox#6584,false,MLN,2,,Dropov,,2_1165
557,1166,SUN,false,Ecliptic Astrum,Astrum,,Active,3B,UTIL,L,5,1,1,5,,,,,Ecliptic#3662,false,MLN,2,,Ecliptic,,2_1166
558,1167,FA,false,Aych Imtayaz,Imtayaz,,Retired,LF,,R,4,5,1,2,,,,,Aych#2738,false,MLN,2,,Aych,,2_1167
559,1168,FA,false,Release T. Kraken,Kraken,,Retired,CF,,R,5,1,3,3,,,,,Schuby#1780,false,MLN,2,,Release T.,,2_1168
560,1169,HMH,false,Jerome Garcia,Garcia,,Active,2B,C,R,4,2,4,2,,,,,UnironicU2Defender#7767,false,MLN,2,,Jerome,,2_1169
561,1171,FA,false,"Blurt ""Blerns"" Brief",Brief,,Free Agent,3B,UTIL,R,5,4,2,1,,,,,navi#2088,false,MLN,2,,Blerns,,2_1171
562,1172,FA,false,Lefty Schweez,Schweez,,Retired,C,COF,L,4,4,2,2,,,,,Lefty Schweez#2244,false,MLN,2,,Lefty,,2_1172
563,1173,SHH,false,Icna Comit,Comit,,Active,2B,UTIL,L,5,1,4,2,,,,,Almirola FTW#0569,false,MLN,2,,Icna,,2_1173
564,1174,FA,false,Mad Monty,Monty,,Free Agent,RF,,R,5,3,1,3,,,,,Mad_Monty#0578,false,MLN,2,,Mad,,2_1174
565,1178,SMD,false,William Hatchet,Hatchet,,Active,P,,R,,,,,5,5,1,1,deepfriedsmokeycat69#8190,false,MLN,2,,William,,2_1178
566,1180,LPJ,false,War Hamster,Hamster,,Active,2B,UTIL,R,5,2,1,4,,,,,Warhamster#9295,false,MLN,2,,War,,2_1180
567,1181,FA,false,Blue Llama,Llama,,Retired,2B,UTIL,R,4,3,1,4,,,,,Bluellama44#1359,false,MLN,2,,Blue,,2_1181
568,1184,GHG,false,Buzz Schwinghammer,Schwinghammer,,Active,SS,C,R,2,2,3,5,,,,,chillkiller#4014,false,MLN,2,,Buzz,,2_1184
569,1186,FA,false,Francis Herman Swagger,Swagger,,Free Agent,C,CINF,R,3,4,3,2,,,,,bellysk8er2005#9850,false,MLN,2,,Francis,,2_1186
570,1187,CIN,false,Brandon Blade,Blade,,Active,LF,,L,2,3,5,2,,,,,Lattimore_Island#9939,false,MLN,2,,Brandon,,2_1187
571,1188,KYM,false,Teddy Ballinger,Ballinger,,Active,P,,L,,,,,4,1,5,2,Teddy#5031,false,MLN,2,,Teddy,,2_1188
572,1189,CIN,false,Magic Simmons,Simmons,,Active,1B,UTIL,L,4,2,3,3,,,,,ethan#4765,false,MLN,2,,Magic,,2_1189
573,1191,FA,false,Morris Deratt,Deratt,,Retired,P,,L,,,,,3,4,1,4,debater3301#5782,false,MLN,2,,Morris,,2_1191
574,1192,HMH,false,Larry Slack,Slack,,Active,C,COF,R,2,5,3,2,,,,,shakeandblake#2915,false,MLN,2,,Larry,,2_1192
575,1193,FA,false,Solomon Caine,Caine,,Hiatus,CF,,R,3,3,2,4,,,,,President_Dewey#9743,false,MLN,2,,Solomon,,2_1193
576,1194,REK,false,Tony Bigdik,Bigdik,,Active,1B,UTIL,R,3,3,4,2,,,,,amesker#3310,false,MLN,2,,Tony,,2_1194
577,1196,REK,false,Devin Arianna,Arianna,,Active,1B,UTIL,L,5,5,1,1,,,,,kev#3224,false,MLN,2,,Devin,,2_1196
578,1199,MAL,false,Boof Boog,Boog,,Active,CF,,R,1,5,5,1,,,,,JohnnyTrout#4375,false,MLN,2,,Boof,,2_1199
579,1201,HMH,false,Mylo Grams,Grams,,Active,CF,,L,1,1,5,5,,,,,Mylo Grams- Toronto C#9559,false,MLN,2,,Mylo,,2_1201
580,1204,POR,false,Syd Kidd,Kidd,,Active,P,,L,,,,,3,4,3,2,Syd#6611,false,MLN,2,,Syd,,2_1204
581,1205,HMH,false,Stephen Sondheim,Sondheim,,Active,SS,UTIL,R,2,4,1,5,,,,,David.#9999,false,MLN,2,,Stephen,,2_1205
582,1206,FA,false,VeeDeeJohnson,Johnson,,Free Agent,2B,UTIL,L,4,1,4,3,,,,,ConstantQuarreling#0175,false,MLN,2,,VeeDee,,2_1206
583,1207,FA,false,Johnny Johnson,Johnson,,Retired,CF,,R,2,2,3,5,,,,,Sky Master#0303,false,MLN,2,,Johnny,,2_1207
584,1208,KYM,false,Base Ventura,Ventura,,Active,CF,,L,5,1,3,3,,,,,GKG1214#5442,false,MLN,2,,Base,,2_1208
585,1209,BFB,false,Pennis Brinner,Brinner,,Active,LF,,L,2,4,5,1,,,,,sael#7290,false,MLN,2,,Pennis,,2_1209
586,1210,CIN,true,Berna Pozo,Pozo,,Active,C,COF,R,2,5,4,1,,,,,Socc#0001,false,MLN,2,,Berna,,2_1210
587,1211,MAL,false,Pete Jones,Jones,,Active,P,,L,,,,,5,2,1,4,Holi 🦕#1337,false,MLN,2,,Pete,,2_1211
588,1212,SUN,false,Barney Turbo,Turbo,,Active,C,CINF,R,3,4,1,4,,,,,Alien Abortion Machine#7864,false,MLN,2,,Barney,,2_1212
589,1215,SHH,false,Niklas Sheely,Sheely,,Active,1B,UTIL,R,3,3,2,4,,,,,Niklas#3706,false,MLN,2,,Niklas,,2_1215
590,1216,FA,false,Billtopher Gatestopher,Gatestopher,,Retired,CF,,R,4,2,2,4,,,,,PriestOfGabe#9241,false,MLN,2,,Billtopher,,2_1216
591,1217,HFX,false,Yolanda Martinez,Martinez,,Active,SS,UTIL,R,5,1,2,4,,,,,Number1Dork#7344,false,MLN,2,,Yolanda,,2_1217
592,1218,SHH,false,Bofadeez Newtz,Newtz,,Active,1B,UTIL,L,3,3,5,1,,,,,ethyn4028#1021,false,MLN,2,,Bofadeez,,2_1218
593,1219,LPJ,false,Gottlieb Giannopoulos,Giannopoulos,,Active,2B,UTIL,R,4,2,3,3,,,,,Lemon Battery#4879,false,MLN,2,,Gottlieb,,2_1219
594,1220,SMD,false,Al Ternate,Ternate,,Active,LF,,R,3,4,1,4,,,,,Official Blu Jays Media Manger#8962,false,MLN,2,,Al,,2_1220
595,1221,ACP,false,Mako Bierman,Bierman,,Active,P,,L,,,,,4,3,4,1,Mako_22#4116,false,MLN,2,,Mako,,2_1221
596,1222,CIN,false,Justin Martin,Martin,,Active,C,CINF,R,3,4,4,1,,,,,JustinQuan#3795,false,MLN,2,,Justin,,2_1222
597,2000,MAL,false,Jerry Jingles,Jingles,,Active,RF,,R,3,3,4,2,,,,,ColorMaster#3072,true,MLN,2,,Jerry,,2_2000
598,2001,ACP,false,Jimjon Jonjim,Jonjim,,Active,1B,UTIL,L,4,3,2,3,,,,,Tigersfan895#1214,true,MLN,2,,Jimjon,,2_2001
599,2002,MAL,false,Assassin Xekutioner,Xekutioner,,Active,3B,UTIL,R,4,3,2,3,,,,,The Xekutioner#6921,true,MLN,2,,Assassin,,2_2002
600,2003,SHH,false,Mr. Jim Business,Business,,Active,3B,UTIL,L,4,3,1,4,,,,,Mr. Jim Business#9901,true,MLN,2,,Mr. Jim,,2_2003
601,2004,FA,false,Jay Doggy,Doggy,,Retired,P,,R,,,,,2,4,4,2,doggy14#7828,true,MLN,2,,Jay,,2_2004
602,2005,MAL,false,Kiger Wulf,Wulf,,Active,C,CINF,R,4,3,4,1,,,,,KigerWulf#4308,true,MLN,2,,Kiger,,2_2005
603,2006,REK,false,Caleb Miller,Miller,,Active,P,,L,,,,,4,2,4,2,jabroni#4635,true,MLN,2,,Caleb,,2_2006
604,2007,HFX,false,Karolina Miaukatwicz,Miaukatwicz,,Active,2B,UTIL,R,4,4,2,2,,,,,J. Lawerence Hohmann#5197,true,MLN,2,,Karolina,,2_2007
605,2008,GHG,false,Brian Zucchini,Zucchini,,Active,C,CINF,L,2,4,5,1,,,,,Ricochet1039#5860,true,MLN,2,,Brian,,2_2008
606,2009,FA,false,"Futzbag ""The Fist"" McMillan",McMillan,,Free Agent,3B,UTIL,R,3,3,4,2,,,,,,true,MLN,2,,Futzbag,,2_2009
607,2010,HMH,false,Skillz Simanek,Simanek,,Active,SS,UTIL,L,3,2,4,3,,,,,tsimaskillz#3401,true,MLN,2,,Skillz,,2_2010
608,2011,FA,false,Muchul Uckenburry,Uckenburry,,Retired,RF,,L,5,1,5,1,,,,,,true,MLN,2,,Muchul,,2_2011
609,2012,LPJ,false,Burgess Whitehead,Whitehead,,Active,SS,UTIL,R,3,2,3,4,,,,,stout#5458,true,MLN,2,,Burgess,,2_2012
610,2013,HMH,false,Carney Lerouix,Lerouix,,Active,P,,R,,,,,2,4,4,2,Carney Lerouix#7581,true,MLN,2,,Carney,,2_2013
611,2014,KYM,false,Shovel Bryant,Bryant,,Active,2B,UTIL,R,4,3,1,4,,,,,Ramzavail#6648,true,MLN,2,,Shovel,,2_2014
612,2015,FA,false,Chris Gorzo,Gorzo,,Hiatus,3B,C,R,4,3,2,3,,,,,Chris Gorzo#1744,true,MLN,2,,Chris,,2_2015
613,2016,POR,false,Super Talent,Talent,,Active,1B,C,R,3,3,4,2,,,,,FerociousKyle#6767,true,MLN,2,,Super,,2_2016
614,2017,FA,false,Saad Ahmed,Ahmed,,Retired,SS,UTIL,R,3,3,4,2,,,,,Saad Ahmed#6260,true,MLN,2,,Saad,,2_2017
615,2018,FA,false,Curtis Maxim,Maxim,,Retired,3B,UTIL,R,4,3,4,1,,,,,Curtisactus#9484,true,MLN,2,,Curtis,,2_2018
616,2019,MAL,false,Ricky Calzone,Calzone,,Active,1B,UTIL,L,2,4,4,2,,,,,Freshgeek#6024,true,MLN,2,,Ricky,,2_2019
617,2020,REK,false,Demetrios Ooga,Ooga,,Active,LF,,R,1,5,2,4,,,,,oogadebob#9787,true,MLN,2,,Demetrios,,2_2020
618,2021,FA,false,Sir Digby Chicken Ceaser,Ceaser,,Retired,CF,,L,3,2,5,2,,,,,Sir Digby Chicken Caesar#4935,true,MLN,2,,Sir Digby Chicken,,2_2021
619,2022,FA,false,Henry Chadwick,Chadwick,,Retired,3B,UTIL,R,5,2,4,1,,,,,Henry Chadwick | 3B#7728,true,MLN,2,,Henry,,2_2022
620,2023,FA,false,Cuzn Bee,Bee,,Retired,LF,,R,2,2,4,4,,,,,cuznbee#1447,true,MLN,2,,Cuzn,,2_2023
621,2024,FA,false,Forkpork Chuggins,Chuggins,,Retired,2B,UTIL,R,4,3,4,1,,,,,,true,MLN,2,,Forkpork,,2_2024
622,2025,REK,false,Britt O'War,O'War,,Active,P,,R,,,,,4,2,4,2,Britt O'War#9333,true,MLN,2,,Britt,,2_2025
623,2026,FA,false,Randomos Defenceos,Defenceos,,Retired,LF,,R,4,4,2,2,,,,,Random Defence#4075,true,MLN,2,,Randomos,,2_2026
624,2027,FA,false,Rolland Valentine,Valentine,,Retired,LF,,R,4,4,1,3,,,,,_Rylo#0501,true,MLN,2,,Rolland,,2_2027
625,2028,REK,false,Rivka Morales,Morales,,Active,SS,UTIL,R,3,2,3,4,,,,,librarylass#6929,true,MLN,2,,Rivka,,2_2028
626,2029,FA,false,Louis Whip,Whip,,Free Agent,P,,R,,,,,4,4,1,3,manticorum67#3673,true,MLN,2,,Lois,,2_2029
627,2030,FA,false,Tommy Reenwood,Reenwood,,Retired,CF,,R,5,1,1,5,,,,,Tommy Reenwood#0895,true,MLN,2,,Tommy,,2_2030
628,2031,ACP,false,Joseph Jonah Wright,Wright,,Active,C,COF,L,2,4,4,2,,,,,BoingoRider#6167,true,MLN,2,,Joseph Jonah,,2_2031
629,2032,MAL,false,Kali McSuntas,McSuntas,,Active,3B,UTIL,R,2,4,1,5,,,,,LaDfBC#1246,true,MLN,2,,Kali,,2_2032
630,2033,FA,false,Guillermo Caruthers,Caruthers,,Retired,P,,L,,,,,4,2,4,2,corgionfire#6968,true,MLN,2,,Guillermo,,2_2033
631,2034,POR,false,Fortuk Monmouth,Monmouth,,Active,RF,,R,3,4,3,2,,,,,DamienV#3846,true,MLN,2,,Fortuk,,2_2034
632,2035,ACP,false,Jhahn Tahmus,Tahmus,,Active,LF,,L,4,3,4,1,,,,,jhahn_ttahmus#7940,true,MLN,2,,Jhahn,,2_2035
633,2036,HFX,false,Sandy Collazo,Collazo,,Active,1B,UTIL,L,4,2,1,5,,,,,Kaluunit#2406,true,MLN,2,,Sandy,,2_2036
634,2037,POR,false,Remi Renaldo,Renaldo,,Active,C,CINF,R,2,5,3,2,,,,,Megatomic#1337,true,MLN,2,,Remi,,2_2037
635,2038,FA,false,Thomas Middleton,Middleton,,Retired,RF,,R,2,3,3,4,,,,,,true,MLN,2,,Thomas,,2_2038
636,2039,FA,false,Niamh Neo,Neo,,Free Agent,3B,UTIL,L,5,1,3,3,,,,,doga#9350,true,MLN,2,,Niamh,,2_2039
637,2040,BFB,false,Karrik Hammer,Hammer,,Active,RF,,L,4,2,5,1,,,,,Magozar#2163,true,MLN,2,,Karrik,,2_2040
638,2041,POR,false,Soy Guapo,Guapo,,Active,RF,,L,4,2,1,5,,,,,Tequila#4692,true,MLN,2,,Soy,,2_2041
639,2042,GHG,false,Skrunk Meinhoffer,Meinhoffer,,Active,LF,,L,4,2,4,2,,,,,Truly#6240,true,MLN,2,,Skrunk,,2_2042
640,2043,FA,false,Maximo Lerouix,Lerouix,,Retired,C,COF,L,2,4,4,2,,,,,,true,MLN,2,,Maximo,,2_2043
641,2044,REK,false,Maud Nelson,Nelson,,Active,LF,,R,3,4,2,3,,,,,dianaswrld#4135,true,MLN,2,,Maud,,2_2044
642,2045,CIN,false,Tanner Hendrix,Hendrix,,Active,P,,L,,,,,5,1,5,1,TH#0080,true,MLN,2,,Tanner,,2_2045
643,2046,SHH,false,Sam Anger,Anger,,Active,P,,R,,,,,4,4,2,2,dublinwithabrokenheart#8185,true,MLN,2,,Sam,,2_2046
644,2047,GHG,false,Calvin Huff,Huff,,Active,P,,R,,,,,4,3,3,2,"Calvin ""mak0shark"" Huff- FA P#5639",true,MLN,2,,Calvin,,2_2047
645,2048,REK,false,Xavier Phoenix,Phoenix,,Active,CF,,R,3,1,3,5,,,,,Touchdownmike55#5831,true,MLN,2,,Xavier,,2_2048
646,2049,REK,false,Brian MacDonald,MacDonald,,Active,P,,R,,,,,5,2,3,2,Ashen_1#2320,true,MLN,2,,Brian,,2_2049
647,2051,REK,false,Famous Anus,Anus,,Active,C,CINF,L,5,5,1,1,,,,,funkman#6228,true,MLN,2,,Famous,,2_2051
648,2052,MAL,false,Sluddy Gonzalez,Gonzalez,,Active,CF,,L,4,2,2,4,,,,,Angelus000#2428,true,MLN,2,,Sluddy,,2_2052
649,2053,FA,false,Wade Wilson,Wilson,,Retired,P,,R,,,,,4,3,3,2,DiegoG#7481,true,MLN,2,,Wade,,2_2053
650,2054,CIN,false,Woofie K9,K9,,Active,SS,UTIL,R,2,2,4,4,,,,,woofie#9505,true,MLN,2,,Woofie,,2_2054
651,2055,CIN,false,Harry Peritestes,Peritestes,,Active,CF,,R,4,3,2,3,,,,,Jpuloto#1431,true,MLN,2,,Harry,,2_2055
652,2056,HFX,false,Art Vandelay,Vandelay,,Active,CF,,L,4,4,3,1,,,,,mile114#1245,true,MLN,2,,Art,,2_2056
653,2057,REK,false,Jack Alpha,Alpha,,Active,3B,UTIL,R,1,5,2,4,,,,,androidsen#8466,true,MLN,2,,Jack,,2_2057
654,2058,POR,false,Timmy Bendiš,Bendiš,,Active,1B,UTIL,R,5,1,5,1,,,,,Timmy#0627,true,MLN,2,,Timmy,,2_2058
655,2059,CIN,false,Daraya Jonjet,Jonjet,,Active,P,,L,,,,,1,1,5,5,Roxy#4965,true,MLN,2,,Daraya,,2_2059
656,2060,CIN,false,LaPrince Frye,Frye,,Active,P,,L,,,,,4,3,2,3,LaPrince Frye#5785,true,MLN,2,,LaPrince,,2_2060
657,2061,SMD,false,Dez Perado,Perado,,Active,1B,UTIL,L,4,2,1,5,,,,,♠ Buffaloef#1805,true,MLN,2,,Dez,,2_2061
658,2062,CIN,false,Robert Abenduct,Abenduct,,Active,3B,UTIL,R,1,5,1,5,,,,,Eenhcs#2967,true,MLN,2,,Robert,,2_2062
659,2063,FA,false,Song Yuqi,Yuqi,,Retired,2B,UTIL,L,1,4,3,4,,,,,,true,MLN,2,,Song,,2_2063
660,2064,FA,false,Butters Stotch,Stotch,,Retired,CF,,R,2,2,4,4,,,,,CodyHunter#3353,true,MLN,2,,Butters,,2_2064
661,2065,POR,false,Gus Buster,Buster,,Active,P,,L,,,,,4,4,3,1,lemonsqueegee#4322,true,MLN,2,,Gus,,2_2065
662,2066,FA,false,Cleveland Gibson,Gibson,,Free Agent,RF,,R,1,1,5,5,,,,,q77e#9300,true,MLN,2,,Cleveland,,2_2066
663,2067,SUN,false,Riles McGiles,McGiles,,Active,RF,,R,5,4,1,2,,,,,RilesMcGiles#3103,true,MLN,2,,Riles,,2_2067
664,2068,HFX,false,Raphael Akias,Akias,,Active,C,COF,R,3,5,3,1,,,,,Geo#4579,true,MLN,2,,Raphael,,2_2068
665,2069,POR,false,Tygen Shinybeard,Shinybeard,,Active,SS,C,R,5,4,2,1,,,,,dyslexda#0531,true,MLN,2,,Tygen,,2_2069
666,2070,LPJ,false,Billy Winters,Winters,,Active,P,,R,,,,,4,2,2,4,Kartov#2854,true,MLN,2,,Billy,,2_2070
667,2071,FA,false,Steve Thomas,Thomas,,Retired,1B,UTIL,L,5,1,4,2,,,,,Imposter3169#9262,true,MLN,2,,Steve,,2_2071
668,2072,GHG,false,River Ride,Ride,,Active,C,COF,L,3,5,2,2,,,,,pull#0053,true,MLN,2,,River,,2_2072
669,2073,HFX,false,Dom Emnic,Emnic,,Active,3B,UTIL,R,4,2,3,3,,,,,Dom#6031,true,MLN,2,,Dom,,2_2073
670,2074,MAL,false,JoJo English,English,,Active,CF,,L,1,5,5,1,,,,,Jojo#5871,true,MLN,2,,JoJo,,2_2074
671,2075,MAL,false,Copenhagen Black,Black,,Active,P,,R,,,,,4,3,3,2,,true,MLN,2,,Copenhagen,,2_2075
672,2076,FA,false,Cranges Carter,Carter,,Free Agent,SS,UTIL,R,3,3,4,2,,,,,Dillards#4174,true,MLN,2,,Cranges,,2_2076
673,2077,HMH,false,Jared Fromsubway,Fromsubway,,Active,LF,,R,3,4,3,2,,,,,oo#9424,true,MLN,2,,Jared,,2_2077
674,2078,HMH,false,Rascal Alex,Alex,,Active,P,,L,,,,,2,4,3,3,Avdo#9090,true,MLN,2,,Rascal,,2_2078
675,2079,LPJ,false,Jack Goff,Goff,,Active,C,COF,L,5,2,1,4,,,,,Jeffrey#2062,true,MLN,2,,Jack,,2_2079
676,2080,FA,false,"Junebug ""June-June"" Junior",Junior,,Free Agent,LF,,R,3,2,4,3,,,,,Joester09#1816,true,MLN,2,,Junebug,,2_2080
677,2081,HFX,false,Cal Lidous,Lidous,,Active,P,,R,,,,,3,5,3,1,Cal Lidous#4232,true,MLN,2,,Cal,,2_2081
678,2082,GHG,false,Dixon Uraz,Uraz,,Active,CF,,L,5,1,1,5,,,,,clúb de tostado#4313,true,MLN,2,,Dixon,,2_2082
679,2083,LPJ,false,Dylan Green,Green,,Active,CF,,R,5,5,1,1,,,,,DylanG5#4899,true,MLN,2,,Dylan,,2_2083
680,2085,MAL,false,Lloyd Gross,Gross,,Active,C,COF,R,2,4,3,3,,,,,CringE#0294,true,MLN,2,,Lloyd,,2_2085
681,2086,HMH,false,Drew Ekstrum,Ekstrum,,Active,C,CINF,R,1,5,5,1,,,,,Drew Ekstrum#1125,true,MLN,2,,Drew,,2_2086
682,2087,HFX,false,Patrick Mahomes,Mahomes,,Active,P,,R,,,,,3,2,5,2,TheZAndMan#7228,true,MLN,2,,Patrick,,2_2087
683,2088,GHG,false,Dmitri Petrovich,Petrovich,,Active,LF,,R,4,2,3,3,,,,,GSchlim,true,MLN,2,,Dmitri,,2_2088
684,2089,SUN,false,Acey McCman,McCman,,Active,P,,R,,,,,5,3,3,1,SkilledAce,true,MLN,2,,Acey,,2_2089
685,2090,SUN,false,Goro Shinoda,Shinoda,,Active,P,,L,,,,,2,2,5,3,XemyrLeBeau,true,MLN,2,,Goro,,2_2090
686,2091,SHH,false,Cannibal Johnson,Johnson,,Active,P,,R,,,,,2,4,4,2,Cannibaljohnson,true,MLN,2,,Cannibal,,2_2091
687,2092,FA,false,Daddy,Daddy,,Free Agent,P,,R,,,,,4,4,3,1,juwulie#5001,true,MLN,2,,,,2_2092
688,2093,ACP,false,True Pierce,Pierce,,Active,P,,R,,,,,4,4,3,1,True #9380,true,MLN,2,,True,,2_2093
689,2094,FA,false,JZ but not the rapper,JZ,,Free Agent,3B,UTIL,R,2,3,4,3,,,,,JZKITTY#3143,true,MLN,2,,,,2_2094
690,2095,MAL,false,Juniper Nyula,Nyula,,Active,2B,C,L,4,3,2,3,,,,,Valpix#6854,true,MLN,2,,Juniper,,2_2095
691,2096,SUN,false,Adam Croft,Croft,,Active,P,,L,,,,,5,3,2,2,Naki#2555,true,MLN,2,,Adam,,2_2096
692,2097,HFX,false,Bobby Vance,Vance,,Active,LF,,L,5,2,3,2,,,,,Wildcard09,true,MLN,2,,Bobby,,2_2097
693,2098,REK,false,Chief Cory,Cory,,Active,P,,R,,,,,3,1,5,3,,true,MLN,2,,Chief,,2_2098
694,2099,FA,false,Bob D. Builder,Builder,,Retired,LF,,L,3,2,3,4,,,,,Duke/Appalachian#9768,true,MLN,2,,Bob D.,,2_2099
695,2100,FA,false,Ryan Posty,Posty,,Free Agent,SS,UTIL,R,3,2,4,3,,,,,postulates#8624,true,MLN,2,,Ryan,,2_2100
696,2101,FA,false,Duwan Anonly,Anonly,,Free Agent,RF,,R,4,3,1,4,,,,,Wazzup44#3094,true,MLN,2,,Duwan,,2_2101
697,2102,GHG,false,Oliver Yu,Yu,,Active,3B,UTIL,L,4,2,2,4,,,,,Alf#0413,true,MLN,2,,Oliver,,2_2102
698,2103,FA,false,Justin Chaboya,Chaboya,,Free Agent,LF,,L,4,5,2,1,,,,,Pizzotes#6041,true,MLN,2,,Justin,,2_2103
699,2104,FA,false,Bobby “Freakin” Portis,Portis,,Free Agent,P,,R,,,,,4,4,3,1,jackvd,true,MLN,2,,Bobby,,2_2104
700,2105,FA,false,Herb Ferguson,Ferguson,,Free Agent,P,,L,,,,,5,2,4,1,Kingben214#6428,true,MLN,2,,Herb,,2_2105
701,2106,ACP,false,Declan Archer,Archer,,Active,CF,,L,4,2,2,4,,,,,#0340,true,MLN,2,,Declan,,2_2106
702,2107,POR,false,Kalin Young,Young,,Active,2B,UTIL,R,4,4,1,3,,,,,Kyounggun#9129,true,MLN,2,,Kalin,,2_2107
703,2108,CIN,false,Arm N. Hammer,Hammer,,Active,RF,,L,3,3,2,4,,,,,P o e t#0643,true,MLN,2,,Arm N.,,2_2108
704,2109,POR,false,Nate Duke,Duke,,Active,RF,,L,3,3,1,5,,,,,natetheduke#5754,true,MLN,2,,Nate,,2_2109
705,1001,MAL,false,Crash Davis,Davis,293940505614483456,Active,C,COF,L,4,4,3,1,,,,,Flying Spaghetti Hitchens#6329,false,MLN,3,,Crash,,3_1001
706,1002,BBG,false,Garitek,Garitek,201437703328235520,Active,C,CINF,R,4,4,3,1,,,,,GareDr333#5369,false,MLN,3,,,,3_1002
707,1003,FA,false,Buckeye Logan II,Logan,395594184544878594,Retired,2B,UTIL,L,4,4,2,2,,,,,Buckeye Logan#4588,false,MLN,3,II,Buckeye,,3_1003
1594,1006,SMD,false,Smitty Hoppenscotch,Hoppenscotch,377826278004490240,Active,CF,,L,4,2,1,5,,,,,Natsochist#8041,false,MLN,3,,Smitty,,3_1006
1595,1007,SMD,false,Chris Robin,Robin,224398746325090314,Active,RF,,L,4,2,2,4,,,,,Lesath#2140,false,MLN,3,,Chris,,3_1007
1596,1008,SMD,false,Atlas Quin,Quin,148920755189579776,Active,P,,L,,,,,5,2,4,1,Pieanator#7542,false,MLN,3,,Atlas,,3_1008
1597,1010,SMD,false,Madis Mickelson,Mickelson,310887264374882304,Active,P,,L,,,,,4,2,4,2,madis99 - Jays Gm#4415,false,MLN,3,,Madis,,3_1010
1598,1011,NO,true,El Duké Nukem,Nukem,449554615478910989,Retired,1B,UTIL,R,5,1,1,5,,,,,DukeNukem#4009,false,MLN,3,,El Duke,,3_1011
1599,1012,SMD,false,SirNose d'Voidoffunk,d'Voidoffunk,288768900169072641,Active,SS,C,R,4,2,1,5,,,,,ghostelephant#6650,false,MLN,3,,SirNose,,3_1012
1600,1013,SMD,false,Kaylee Stewart,Stewart,312769434458652672,Active,CF,,L,3,2,4,3,,,,,peytonmarie#2303,false,MLN,3,,Kaylee,,3_1013
1601,1014,FA,false,Bud Tuggli,Tuggli,N/A (retired),Retired,C,CINF,L,3,4,4,1,,,,,c0ldspark#4686,false,MLN,3,,Bud,,3_1014
1602,1015,FA,false,Leche Galletitas Cigarillas de Culo,de Culo,381241601927806987,Free Agent,1B,UTIL,L,4,3,3,2,,,,,pianoboner44#8464,false,MLN,3,,Leche,,3_1015
1603,1017,HFX,false,Joe Runzer,Runzer,414316350324998144,Active,2B,UTIL,R,4,2,1,5,,,,,scumbagjoe11#2267,false,MLN,3,,Joe,,3_1017
1604,1019,FA,false,AJ Preller,Preller,N/A (retired),Retired,SS,C,L,3,5,1,3,,,,,AJPRELLERAceGM#6672,false,MLN,3,,AJ,,3_1019
1605,1021,POR,false,Q Kimbrel,Kimbrel,134478480862740480,Active,CF,,R,1,3,5,3,,,,,Cerb#8365,false,MLN,3,,Q,,3_1021
1606,1022,GHG,false,Chuck McCluster,McCluster,391473385768747008,Active,RF,,R,3,4,4,1,,,,,snipenberg#7197,false,MLN,3,,Chuck,,3_1022
1607,1023,SMD,false,Dan Gerzone,Gerzone,358438389160345600,Active,1B,UTIL,R,4,2,4,2,,,,,Dan_Gerzone,false,MLN,3,,Dan,,3_1023
1608,1024,HFX,false,Jordan Peppers,Peppers,298191208776204288,Active,P,,R,,,,,4,2,2,4,raptor152#0431,false,MLN,3,,Jordan,,3_1024
1609,1025,FA,false,Charlie Yeager,Yeager,195964938462691330,Retired,P,,L,,,,,4,3,3,2,EdgarLOLZ#5132,false,MLN,3,,Charlie,,3_1025
1610,1026,POR,false,Angel Leon,Leon,240939239968210944,Active,P,,R,,,,,3,3,5,1,GK12303#1313,false,MLN,3,,Angel,,3_1026
1611,1027,SUN,false,Thomas Nova,Nova,341669113430540301,Active,CF,,L,5,1,4,2,,,,,Daitryu#7669,false,MLN,3,,Thomas,,3_1027
1612,1028,POR,true,Haraldo McKenzie,McKenzie,281586814471634945,Retired,C,CINF,L,3,4,4,1,,,,,the_cashew#4555,false,MLN,3,,Haraldo,,3_1028
1613,1029,SUN,false,Lefty Louis,Louis,326553566909300737,Active,1B,UTIL,L,1,5,5,1,,,,,lewislewes#3447,false,MLN,3,,Lefty,,3_1029
1614,1033,BBG,true,Daz Reference,Reference,180498124823855104,Active,SS,UTIL,R,5,4,1,2,,,,,Obscure_Reference#9129,false,MLN,3,,Daz,,3_1033
1615,1034,SUN,false,Jack Marnette,Marnette,345701896377597953,Active,LF,,R,5,2,2,3,,,,,jmarnette#1828,false,MLN,3,,Jack,,3_1034
1616,1035,SUN,false,Chip Otle,Otle,213403960072077312,Active,SS,UTIL,L,2,4,1,5,,,,,mcastagnaro30#2558,false,MLN,3,,Chip,,3_1035
1617,1036,HFX,false,Spike Suzuki,Suzuki,398235187634503702,Active,RF,,R,1,1,5,5,,,,,xbijin#3776,false,MLN,3,,Spike,,3_1036
1618,1038,FA,false,JimBob Cooter,Cooter,377827595598823435,Retired,C,COF,L,4,2,4,2,,,,,WowzersMcBrowzers#0688,false,MLN,3,,JimBob,,3_1038
1619,1039,FA,false,Clive Babineaux,Babineaux,312078049401110530,Free Agent,RF,,L,4,2,4,2,,,,,tanay002#5272,false,MLN,3,,Clive,,3_1039
1620,1040,FA,false,Joe Random,Random,412338368807043072,Retired,3B,UTIL,R,3,3,4,2,,,,,theboss9999,false,MLN,3,,Joe,,3_1040
1621,1041,GRZ,false,Barney Summers,Summers,378073752400953344,Active,C,CINF,L,5,5,1,1,,,,,CougMaster#8822,false,MLN,3,,Barney,,3_1041
1622,1042,MAL,false,Dallas Houston,Houston,359717979732312064,Active,1B,C,R,3,3,5,1,,,,,mbless1415#6210,false,MLN,3,,Dallas,,3_1042
1623,1043,KYM,false,Tyler Palmatier,Palmatier,195415573721645056,Active,1B,UTIL,R,3,3,4,2,,,,,Jags#3155,false,MLN,3,,Tyler,,3_1043
1624,1046,FA,false,Rabbi Chase,Chase,"370823935282905090> - if you're seeing this, it means that you re-joined or the GM needs to ping you himself",Free Agent,SS,UTIL,L,3,4,4,1,,,,,RabbiChase - The PumpJacker#6828,false,MLN,3,,Rabbi,,3_1046
1625,1051,BBG,false,Superbone Threefinger,Threefinger,224327937720188928,Active,P,,R,,,,,4,4,1,3,23baseball3#3100,false,MLN,3,,Superbone,,3_1051
1626,1052,HMH,false,Zed Leona,Leona,177281342818484224,Active,C,CINF,R,5,4,1,2,,,,,Sleeper#2045,false,MLN,3,,Zed,,3_1052
1627,1054,FA,false,Steve Hofbardozzi Jr. Jr. Jr.,Hofbardozzi,207143171128426496,Free Agent,3B,UTIL,L,5,4,1,2,,,,,GeneticlyPerfct#0232,false,MLN,3,Jr.,Steve,,3_1054
1628,1055,HMH,true,Osmosis Jones,Jones,131978039763402752,Active,2B,UTIL,L,4,3,1,4,,,,,AdmiralJones42#6648,false,MLN,3,,Osmosis,,3_1055
1629,1056,FA,false,Henrik Omega,Omega,178987211239325696,Retired,RF,,L,1,1,5,5,,,,,Big Bossuru#1370,false,MLN,3,,Henrik,,3_1056
1630,1057,SHH,false,Rusty LaRue,LaRue,349746226327060480,Active,LF,,L,4,3,3,2,,,,,BaldRustySports#1435,false,MLN,3,,Rusty,,3_1057
1631,1058,HMH,false,Catfish Champ,Champ,259940190947246081,Active,CF,,L,5,3,1,3,,,,,amazingcowmilk#9713,false,MLN,3,,Catfish,,3_1058
1632,1060,FA,false,Jay Bedia,Bedia,342098754771353600,Retired,P,,L,,,,,4,3,3,2,jaybedia - P#8429,false,MLN,3,,Jay,,3_1060
1633,1061,HMH,false,Hudson Hildebrandt,Hildebrandt,285878316987056130,Active,P,,R,,,,,5,1,5,1,Hudson#0002,false,MLN,3,,Hudson,,3_1061
1634,1063,KYM,false,Alex Yaxley,Yaxley,345329173616787458,Active,C,COF,R,3,4,4,1,,,,,BIGxM1KE#4625,false,MLN,3,,Alex,,3_1063
1635,1064,KYM,false,Dick Pole,Pole,392155574231629825,Active,1B,UTIL,R,3,3,5,1,,,,,Wblewis45#7778,false,MLN,3,,Dick,,3_1064
1636,1067,KYM,true,Austin Schwartz,Schwartz,221036282267041805> - GM ping for Artie Ziff,Active,CF,,L,5,5,1,1,,,,,Cubzlover84#7820,false,MLN,3,,Austin,,3_1067
1637,1068,KYM,false,Jim Boeheim,Boeheim,378312650473472011,Active,RF,,R,3,2,5,2,,,,,Jim Boeheim#2353,false,MLN,3,,Jim,,3_1068
1638,1070,FA,false,Tommy Foxconn,Foxconn,N/A (is he still playing?),Retired,P,,R,,,,,5,5,1,1,tbird4427#2032,false,MLN,3,,Tommy,,3_1070
1639,1071,BFB,false,Isaac Saffron,Saffron,151083162116554752,Active,C,CINF,L,5,5,1,1,,,,,izsaf#9638,false,MLN,3,,Isaac,,3_1071
1640,1072,BFB,false,Red Trapper,Trapper,381269531752005663,Active,1B,UTIL,L,2,4,4,2,,,,,Red Trapper#5937,false,MLN,3,,Red,,3_1072
1641,1073,BFB,false,Juan Diego De Las Rosas Jr.,De Las Rosas,189963987129991179,Active,2B,UTIL,R,4,3,1,4,,,,,Dancingtree444#4987,false,MLN,3,Jr.,Juan Diego,,3_1073
1642,1074,BFB,false,Donked McToad,McToad,191205122548695050,Active,CF,,R,4,2,3,3,,,,,donked#9307,false,MLN,3,,Donked,,3_1074
1643,1075,GRZ,false,Robin Reynolds,Reynolds,246049892970004481,Active,RF,,R,3,3,4,2,,,,,Kekar (/u/Kekar29)#3461,false,MLN,3,,Robin,,3_1075
1644,1076,BFB,false,Fuzzy Dunlop,Dunlop,396470748526411776,Active,3B,UTIL,L,4,3,1,4,,,,,Fuzzy Dunlop#5733,false,MLN,3,,Fuzzy,,3_1076
1645,1077,FA,false,Storm Johnson,Johnson,407020382797955080,Retired,SS,UTIL,R,4,3,2,3,,,,,Storm Johnson (TB - SS)#8932,false,MLN,3,,Storm,,3_1077
1646,1078,CIN,false,Lawrence Wiseman,Wiseman,181051427924213760,Active,SS,UTIL,R,3,5,2,2,,,,,Inexite#5043,false,MLN,3,,Lawrence,,3_1078
1647,1079,POR,false,Babatunde Oladotun,Oladotun,401796234001514501,Active,P,,R,,,,,4,2,3,3,Babatunde Oladotun#6470,false,MLN,3,,Babatunde,,3_1079
1648,1080,FA,true,Whitt Bass,Bass,211904717981220865,Retired,CF,,R,3,3,2,4,,,,,Kickthepony,false,MLN,3,,Whitt,,3_1080
1649,1082,ACP,false,Basebally McBaseballface Jr.,McBaseballface,212687113634840580,Active,RF,,R,4,2,1,5,,,,,packattack#9827,false,MLN,3,Jr.,Basebally,,3_1082
1650,1083,SMD,false,Tony Smehrik,Smehrik,185167161734594560,Active,P,,L,,,,,3,5,3,1,liebz#0795,false,MLN,3,,Tony,,3_1083
1651,1084,REK,false,Willoughby Hoose,Hoose,347109692184723456,Active,P,,L,,,,,4,3,4,1,Woozy_Woozle#3860,false,MLN,3,,Willoughby,,3_1084
1652,1085,SHH,false,Ed Turner,Turner,377855947252695052,Active,P,,R,,,,,3,4,3,2,Ed Turner [RHP]#5017,false,MLN,3,,Ed,,3_1085
1653,1086,ACP,true,George Ewell,Ewell,211243192358535171,GM Only,LF,,R,4,4,3,1,,,,,emmae#0131,false,MLN,3,,George,,3_1086
1654,1087,SUN,false,Foxx Dashington,Dashington,301455044656758784,Active,C,COF,R,1,1,5,5,,,,,FoxxDashington#1492,false,MLN,3,,Foxx,,3_1087
1655,1088,ACP,false,Stan Mann,Mann,298312382927732748,Active,1B,UTIL,R,5,5,1,1,,,,,CelciusII#6336,false,MLN,3,,Stan,,3_1088
1656,1090,ACP,false,James Pablano,Pablano,377904113842913280,Active,P,,R,,,,,2,5,2,3,loco_pabs#0259,false,MLN,3,,James,,3_1090
1657,1091,ACP,false,Dougal McGoogol,McGoogol,377896897870036992,Active,3B,UTIL,R,4,2,1,5,,,,,mcgoogol#0111,false,MLN,3,,Dougal,,3_1091
1658,1092,FA,false,Cody Omega,Omega,418214812879683584,Retired,CF,,R,3,3,4,2,,,,,2SweetCharlieB#9979,false,MLN,3,,Cody,,3_1092
1659,1094,FA,false,Sleve McDichael,McDichael,N/A (retired),Retired,LF,,R,5,1,5,1,,,,,SudsyGiraffe#4578,false,MLN,3,,Sleve,,3_1094
1660,1096,ACP,false,Justin Paglia,Paglia,378312033675771907,Active,RF,,L,4,2,3,3,,,,,pagsman96#1046,false,MLN,3,,Justin,,3_1096
1661,1097,GRZ,true,Jameson Poe,Poe,136843419321368576,Retired,C,COF,R,3,3,5,1,,,,,Toli820#2984,false,MLN,3,,Jameson,,3_1097
1662,1098,BFB,false,Kegs Mabry,Mabry,144267007175426048,Active,2B,UTIL,L,3,1,5,3,,,,,kegs#5639,false,MLN,3,,Kegs,,3_1098
1663,1099,ACP,false,Baron Samedi,Samedi,109574591738851328,Active,C,CINF,R,3,3,2,4,,,,,haunted#0371,false,MLN,3,,Baron,,3_1099
1664,1100,SHH,false,Antwan Zella,Zella,135821931550081024,Active,C,CINF,R,4,4,3,1,,,,,ando#0150,false,MLN,3,,Antwan,,3_1100
1665,1102,SHH,false,Graham Otherie,Otherie,345618052743692288,Active,SS,UTIL,R,3,1,4,4,,,,,grahm03#0716,false,MLN,3,,Graham,,3_1102
1666,1103,SHH,true,Blue Moon Barthelemy,Barthelemy,262767098378321920,Active,LF,,R,4,2,3,3,,,,,thebubs1024#1024,false,MLN,3,,Blue Moon,,3_1103
1667,1105,SHH,true,Grey Goose McGillicuddy,McGillicuddy,173958296800198657,Active,CF,,R,4,3,1,4,,,,,Judah#1924,false,MLN,3,,Grey Goose,,3_1105
1668,1107,MAL,true,"Apex ""Apex"" Sabor Jr",Sabor,158306211568025600,GM Only,SS,UTIL,L,4,1,3,4,,,,,SaborTheWaverunner#0016,false,MLN,3,Jr,Apex,,3_1107
1669,1108,GHG,false,Conor Sexton,Sexton,205443196401090561,Active,1B,UTIL,L,3,3,4,2,,,,,YoloSwaggins#8690,false,MLN,3,,Conor,,3_1108
1670,1109,GHG,true,Dominus Nominus,Nominus,198821468317024256,Active,LF,,R,3,1,5,3,,,,,steelermade28#8041,false,MLN,3,,Dominus,,3_1109
1671,1111,BFB,false,Ronald Eagle V,Eagle,346510192797548544,Active,P,,R,,,,,4,4,2,2,Reagens_Eagle#8473,false,MLN,3,V,Ronald,,3_1111
1672,1112,ACP,false,Miss Bats,Bats,379676316385017858,Active,P,,L,,,,,5,1,2,4,madelyncr#4615,false,MLN,3,,Miss,,3_1112
1673,1113,KYM,false,Tony Stark,Stark,302242686281318400,Active,CF,,R,4,1,3,4,,,,,mongster_03#3405,false,MLN,3,,Tony,,3_1113
1674,1115,FA,false,Bom Trady,Trady,N/A (retired),Retired,LF,,R,4,2,4,2,,,,,Paddy O’Sullivan/Bom Trady#0381,false,MLN,3,,Bom,,3_1115
1675,1119,NO,false,Willie Mays Hayes,Hayes,433103168445087756,Active,2B,UTIL,R,4,2,1,5,,,,,WillieMaysHays#9546,false,MLN,3,,Willie Mays,,3_1119
1676,1120,KYM,false,Johnny Hopkins,Hopkins,121083821637500928,Active,3B,UTIL,L,5,2,2,3,,,,,BubonicNarwhal#6234,false,MLN,3,,Johnny,,3_1120
1677,1121,FA,false,Vandalia Halen,Halen,448156356634214400,Retired,3B,UTIL,R,1,5,5,1,,,,,Vandalia Halen#6191,false,MLN,3,,Vandalia,,3_1121
1678,1122,GHG,false,Finkle Sparkles,Sparkles,243128381275766784,Active,P,,R,,,,,4,2,4,2,Einhornfarm#4830,false,MLN,3,,Finkle,,3_1122
1679,1123,KYM,false,Kurt Anger,Anger,172340171868602368,Active,P,,R,,,,,4,5,2,1,Kurt Anger#7171,false,MLN,3,,Kurt,,3_1123
1680,1126,FA,false,Clipper Charge,Charge,N/A (retired?),Retired,2B,UTIL,R,3,5,2,2,,,,,ClipDodgeCharge#4098,false,MLN,3,,Clipper,,3_1126
1681,1128,FA,false,S.A.R Dinka,Dinka,344901189512593420,Free Agent,P,,R,,,,,2,3,2,5,sardinka#6812,false,MLN,3,,S.A.R.,,3_1128
1682,1130,FA,false,Dick Woolridge Jr.,Woolridge,201410321586454528,Retired,3B,UTIL,R,3,2,5,2,,,,,boymouse#8448,false,MLN,3,Jr.,Dick,,3_1130
1683,1131,BFB,false,KC Bats,Bats,322186326130556940,Active,LF,,R,3,3,3,3,,,,,kc3551#3802,false,MLN,3,,KC,,3_1131
1684,1132,BFB,true,Steel Pipe Simpson,Simpson,358438289344299008,Retired,CF,,L,3,3,4,2,,,,,alch233#8995,false,MLN,3,,Steel Pipe,,3_1132
1685,1133,REK,false,Hank Murphy,Murphy,382275235082403842,Active,C,COF,L,1,5,5,1,,,,,Hank Murphy#4997,false,MLN,3,,Hank,,3_1133
1686,1134,GHG,false,Ornn Mistborn,Mistborn,277638011124973571,Active,2B,UTIL,R,3,2,5,2,,,,,biigdog#3209,false,MLN,3,,Ornn,,3_1134
1687,1135,FA,false,Ryan Gastings,Gastings,N/A (retired),Retired,3B,UTIL,L,3,3,5,1,,,,,Aspence#3564,false,MLN,3,,Ryan,,3_1135
1688,1136,GHG,false,Mason Spurs,Spurs,198821468317024256> - GM ping for Mason Spurs,Active,SS,UTIL,L,3,4,1,4,,,,,SpursyGopher#5047,false,MLN,3,,Mason,,3_1136
1689,1137,ACP,false,Jimmy Johns,Johns,235507430656704514,Active,CF,,L,5,1,2,4,,,,,EazyKill#8033,false,MLN,3,,Jimmy,,3_1137
1690,1140,GHG,false,Bartholomew Crumblepuff,Crumblepuff,223279982091304960,Active,P,,L,,,,,1,3,5,3,Zod#3168,false,MLN,3,,Bartholomew,,3_1140
1691,1141,GHG,false,Geno Scaramucci,Scaramucci,378622205883580417,Active,P,,L,,,,,2,4,3,3,SilkyMango#9987,false,MLN,3,,Geno,,3_1141
1692,1142,KYM,false,Bo-Horse Jackman,Jackman,282423890540625920,Active,C,CINF,R,4,3,2,3,,,,,Phillyproud21#3174,false,MLN,3,,Bo-Horse,,3_1142
1693,1143,NO,false,Viking Fishbird,Fishbird,276493774648246272,Active,2B,UTIL,R,3,3,1,5,,,,,VikingFishBird#8715,false,MLN,3,,Viking,,3_1143
1694,1144,FA,false,Jake Wilson,Wilson,313464399111127044,Free Agent,SS,UTIL,R,3,2,3,4,,,,,YellowSkarmory#7549,false,MLN,3,,Jake,,3_1144
1695,1145,FA,true,Artie Ziff,Ziff,221036282267041805,Retired,LF,,L,3,3,2,4,,,,,mennonite_barbie#3089,false,MLN,3,,Artie,,3_1145
1696,1149,HMH,false,Garrett Evans,Evans,233003286943367169,Active,RF,,R,3,2,5,2,,,,,legacy3233#2024,false,MLN,3,,Garrett,,3_1149
1697,1150,SUN,false,Ricky Vaughn,Vaughn,369553888723992578,Active,P,,R,,,,,3,4,4,1,See_You_Laterr#6448,false,MLN,3,,Ricky,,3_1150
1698,1151,SMD,false,Lance Lummoxx,Lummoxx,215570868657455104,Active,SS,UTIL,R,3,2,4,3,,,,,Lummoxx#2267,false,MLN,3,,Lance,,3_1151
1699,1152,KYM,false,Hans Ali,Ali,416272664756355075,Active,P,,R,,,,,3,3,2,4,hanstheman33#3083,false,MLN,3,,Hans,,3_1152
1700,1153,SUN,false,Larry Longshot,Longshot,406898210804858884,Active,C,COF,R,3,5,3,1,,,,,TrickyTroy2#3950,false,MLN,3,,Larry,,3_1153
1701,1154,GRZ,false,Kyle Corbett,Corbett,202872015458271232,Active,1B,UTIL,R,4,2,5,1,,,,,kylecorbett42#7256,false,MLN,3,,Kyle,,3_1154
1702,1156,SMD,false,Thomas Thompson III,Thompson,86858721061269504,Active,3B,UTIL,R,2,1,5,4,,,,,Barno#4078,false,MLN,3,III,Thomas,,3_1156
1703,1157,ACP,false,JP Panik,Panik,345339723323146240,Active,SS,UTIL,L,4,2,4,2,,,,,JP1704#3386,false,MLN,3,,JP,,3_1157
1704,1158,SUN,false,Master Cashier,Cashier,143034072787058688,Active,P,,L,,,,,4,4,3,1,MasterCashier#1114,false,MLN,3,,Master,,3_1158
1705,1159,KYM,false,Clifton Outlaw,Outlaw,234287682082045952,Active,RF,,L,3,2,4,3,,,,,AWildHannahAppeared#3538,false,MLN,3,,Clifton,,3_1159
1706,1160,MAL,false,Hans Jerkins,Jerkins,204452267724767242,Active,3B,UTIL,L,4,2,1,5,,,,,Xenlos#1147,false,MLN,3,,Hans,,3_1160
1707,1162,NO,false,Nate Lewis,Lewis,183513716166230017,Active,P,,R,,,,,2,4,5,1,Miro#3458,false,MLN,3,,Nate,,3_1162
1708,1164,BFB,false,Zin Martinez,Martinez,"211904717981220865> - a GM ping for Zin Martinez, cc <@358438289344299008>. If he is here, <@345191609098567680",Active,C,CINF,R,5,5,1,1,,,,,Wilbur Forrester Wood#1106,false,MLN,3,,Zin,,3_1164
1709,1165,GHG,false,Dropov Andpicov,Andpicov,166308180668710912,Active,2B,UTIL,R,4,3,2,3,,,,,Shambox#6584,false,MLN,3,,Dropov,,3_1165
1710,1166,BBG,false,Ecliptic Astrum,Astrum,212087762172510210,Active,3B,UTIL,L,5,1,1,5,,,,,Ecliptic#3662,false,MLN,3,,Ecliptic,,3_1166
1711,1169,HMH,false,Jerome Garcia,Garcia,131978039763402752> - GM ping for Jerome Garcia,Active,2B,C,R,4,2,4,2,,,,,UnironicU2Defender#7767,false,MLN,3,,Jerome,,3_1169
1712,1173,SHH,false,Icna Comit,Comit,176033947308916736,Active,2B,UTIL,L,5,1,4,2,,,,,Almy#0569,false,MLN,3,,Icna,,3_1173
1713,1174,BBG,false,Mad Monty,Monty,454284112165863434,Active,RF,,R,5,3,1,3,,,,,Mad_Monty#0578,false,MLN,3,,Mad,,3_1174
1714,1178,SMD,false,William Hatchet,Hatchet,413492686385971201,Active,P,,R,,,,,5,5,1,1,deepfriedsmokeycat69#8190,false,MLN,3,,William,,3_1178
1715,1180,BBG,false,War Hamster,Hamster,238569734185025536,Active,2B,UTIL,R,5,2,1,4,,,,,Warhamster#9295,false,MLN,3,,War,,3_1180
1716,1184,GHG,false,Buzz Schwinghammer,Schwinghammer,270051916803866625,Active,3B,C,R,2,2,3,5,,,,,chillkiller#4014,false,MLN,3,,Buzz,,3_1184
1717,1186,FA,false,Francis Herman Swagger,Swagger,402556009736044544,Free Agent,1B,UTIL,R,2,4,4,2,,,,,bellysk8er2005#9850,false,MLN,3,,Francis,,3_1186
1718,1187,CIN,false,Brandon Blade,Blade,403328412610985984,Active,LF,,L,2,3,5,2,,,,,Lattimore_Island#9939,false,MLN,3,,Brandon,,3_1187
1719,1188,KYM,false,Teddy Ballinger,Ballinger,290128546142224384,Active,P,,L,,,,,4,1,5,2,Teddy#5031,false,MLN,3,,Teddy,,3_1188
1720,1189,BBG,false,Magic Simmons,Simmons,344697495517003787,Active,1B,UTIL,L,4,2,3,3,,,,,ethan#4765,false,MLN,3,,Magic,,3_1189
1721,1192,HMH,false,Larry Slack,Slack,120006483906658307,Active,C,COF,R,2,5,3,2,,,,,shakeandblake#2915,false,MLN,3,,Larry,,3_1192
1722,1193,FA,false,Solomon Caine,Caine,N/A (out of league),Retired,CF,,R,3,3,2,4,,,,,President_Dewey#9743,false,MLN,3,,Solomon,,3_1193
1723,1194,GHG,false,Tony Bigdik,Bigdik,334203993607766017,Active,1B,UTIL,R,3,3,4,2,,,,,amesker#3310,false,MLN,3,,Tony,,3_1194
1724,1196,FA,false,Devin Arianna,Arianna,N/A (out of league),Free Agent,1B,UTIL,L,5,5,1,1,,,,,kev#3224,false,MLN,3,,Devin,,3_1196
1725,1199,MAL,false,Boof Boog,Boog,104608263005294592,Active,CF,,R,1,5,5,1,,,,,JohnnyTrout#4375,false,MLN,3,,Boof,,3_1199
1726,1201,HMH,false,Mylo Grams,Grams,342097160122269698,Active,CF,,L,1,5,5,1,,,,,Mylo Grams- Toronto C#9559,false,MLN,3,,Mylo,,3_1201
1727,1204,BBG,false,Syd Kidd,Kidd,177840395168776192,Active,CF,,L,2,2,4,4,,,,,Syd#6611,false,MLN,3,,Syd,,3_1204
1728,1205,HMH,false,Stephen Sondheim,Sondheim,121672903396687872,Active,P,,R,,,,,4,5,2,1,David.#9999,false,MLN,3,,Stephen,,3_1205
1729,1206,SMD,false,VeeDeeJohnson,Johnson,383477937699029003,Active,2B,UTIL,L,4,1,4,3,,,,,ConstantQuarreling#0175,false,MLN,3,,VeeDee,,3_1206
1730,1208,BBG,false,Base Ventura,Ventura,488754199245357073,Active,P,,L,,,,,5,3,3,1,GKG1214#5442,false,MLN,3,,Base,,3_1208
1731,1209,BFB,false,Pennis Brinner,Brinner,86530663963983872,Active,LF,,L,2,4,5,1,,,,,sael#7290,false,MLN,3,,Pennis,,3_1209
1732,1210,CIN,true,Berna Pozo,Pozo,97154612594741248,Active,C,COF,R,2,5,4,1,,,,,Socc#0001,false,MLN,3,,Berna,,3_1210
1733,1211,MAL,false,Pete Jones,Jones,158306211568025600> - GM ping for Pete Jones,Active,SS,UTIL,L,3,3,5,1,,,,,Birb Snacc🦕#1337,false,MLN,3,,Pete,,3_1211
1734,1212,GRZ,false,Barney Turbo,Turbo,375039413203501057,Active,C,CINF,R,3,4,1,4,,,,,Alien Abortion Machine#7864,false,MLN,3,,Barney,,3_1212
1735,1215,SHH,false,Niklas Sheely,Sheely,238099819942379531,Active,1B,UTIL,R,3,3,2,4,,,,,Niklas#3706,false,MLN,3,,Niklas,,3_1215
1736,1216,FA,false,Billtopher Gatestopher,Gatestopher,250805698814803980,Retired,CF,,R,4,2,2,4,,,,,PriestOfGabe#9241,false,MLN,3,,Billtopher,,3_1216
1737,1217,NO,false,Yolanda Martinez,Martinez,346750558901764117,Active,SS,UTIL,R,5,1,2,4,,,,,Number1Dork#7344,false,MLN,3,,Yolanda,,3_1217
1738,1218,BFB,false,Bofadeez Newtz,Newtz,257245687794761731,Active,1B,UTIL,L,3,3,5,1,,,,,ethyn4028#1021,false,MLN,3,,Bofadeez,,3_1218
1739,1219,FA,false,Gottlieb Giannopoulos,Giannopoulos,387741149055418379,Free Agent,2B,UTIL,R,4,2,3,3,,,,,Lemon Battery#4879,false,MLN,3,,Gottlieb,,3_1219
1740,1220,SMD,false,Al Ternate,Ternate,346778676471267328,Active,LF,,R,3,4,1,4,,,,,Official Blu Jays Media Manger#8962,false,MLN,3,,Al,,3_1220
1741,1221,FA,false,Mako Bierman,Bierman,463046627859496964,Hiatus,P,,L,,,,,4,3,4,1,Mako_22#4116,false,MLN,3,,Mako,,3_1221
1742,1222,CIN,false,Justin Martin,Martin,311241666067431424,Active,C,CINF,R,3,4,4,1,,,,,JustinQuan#3795,false,MLN,3,,Justin,,3_1222
1743,2000,BBG,false,Jerry Jingles,Jingles,340315725556088843,Active,P,,R,,,,,4,4,3,1,ColorMaster#3072,false,MLN,3,,Jerry,,3_2000
1744,2001,ACP,false,Jimjon Jonjim,Jonjim,301769120783925258,Active,1B,UTIL,L,4,3,2,3,,,,,Tigerfan895#1214,false,MLN,3,,Jimjon,,3_2001
1745,2002,SUN,false,Assassin Xekutioner,Xekutioner,385236196659560448,Active,3B,UTIL,R,2,2,3,5,,,,,The Xekutioner#6921,false,MLN,3,,Assassin,,3_2002
1746,2003,SHH,false,Mr. Jim Business,Business,511573462108864523,Active,3B,UTIL,L,4,3,1,4,,,,,Mr. Jim Business#9901,false,MLN,3,,Mr. Jim,,3_2003
1747,2005,NO,false,Kiger Wulf,Wulf,308005533028319232,Active,C,CINF,R,4,3,4,1,,,,,KigerWulf#4308,false,MLN,3,,Kiger,,3_2005
1748,2006,FA,false,Caleb Miller,Miller,N/A (out of league),Retired,P,,L,,,,,4,2,4,2,jabroni#4635,false,MLN,3,,Caleb,,3_2006
1749,2007,HFX,true,Karolina Miaukatwicz,Miaukatwicz,268216874880204802,Retired,2B,UTIL,R,4,4,2,2,,,,,J. Lawerence Hohmann#5197,false,MLN,3,,Karolina,,3_2007
1750,2008,GHG,false,Brian Zucchini,Zucchini,374653627232419840,Active,CF,,L,2,4,5,1,,,,,Ricochet1039#5860,false,MLN,3,,Brian,,3_2008
1751,2010,HMH,false,Skillz Simanek,Simanek,511617020408889354,Active,SS,UTIL,L,3,2,4,3,,,,,tsimaskillz#3401,false,MLN,3,,Skillz,,3_2010
1752,2012,GRZ,false,Burgess Whitehead,Whitehead,396066486168584212,Active,1B,UTIL,R,3,2,5,2,,,,,stout#5458,false,MLN,3,,Burgess,,3_2012
1753,2013,FA,false,Carney Lerouix,Lerouix,N/A (out of league),Retired,P,,R,,,,,2,4,4,2,Carney Lerouix#7581,false,MLN,3,,Carney,,3_2013
1754,2014,KYM,false,Shovel Bryant,Bryant,398562977814413322,Active,2B,UTIL,R,4,3,1,4,,,,,Ramzavail#6648,false,MLN,3,,Shovel,,3_2014
1755,2015,FA,false,Chris Gorzo,Gorzo,389959909464080394,Retired,3B,C,R,4,3,2,3,,,,,Chris Gorzo#1744,false,MLN,3,,Chris,,3_2015
1756,2016,FA,false,Super Talent,Talent,206302361960841216,Retired,1B,C,R,3,3,4,2,,,,,FerociousKyle#6767,false,MLN,3,,Super,,3_2016
1757,2019,SHH,false,Ricky Calzone,Calzone,404535373885210635,Active,1B,UTIL,L,2,4,4,2,,,,,Freshgeek#6024,false,MLN,3,,Ricky,,3_2019
1758,2020,HMH,false,Demetrios Ooga,Ooga,319330358636314634,Active,LF,,L,3,2,3,4,,,,,oogadebob#9787,false,MLN,3,,Demetrios,,3_2020
1759,2025,SHH,false,Britt O'War,O'War,512103892033470506,Active,P,,R,,,,,4,2,4,2,Britt O'War#9333,false,MLN,3,,Britt,,3_2025
1760,2028,REK,false,Rivka Morales,Morales,386356613617025024,Active,SS,UTIL,R,3,2,3,4,,,,,librarylass#6929,false,MLN,3,,Rivka,,3_2028
1761,2029,FA,false,Louis Whip,Whip,258104532423147520,Free Agent,P,,R,,,,,4,4,1,3,manticorum67#3673,false,MLN,3,,Lois,,3_2029
1762,2031,FA,false,Joseph Jonah Wright,Wright,230511554053931008,Free Agent,C,COF,L,2,4,4,2,,,,,BoingoRider#6167,false,MLN,3,,Joseph Jonah,,3_2031
1763,2032,FA,false,Kali McSuntas,McSuntas,181238139539423232,Hiatus,3B,UTIL,R,2,4,1,5,,,,,LaDfBC#1246,false,MLN,3,,Kali,,3_2032
1764,2034,POR,false,Fortuk Monmouth,Monmouth,85180522820534272,Active,LF,,R,3,4,3,2,,,,,DamienV#3846,false,MLN,3,,Fortuk,,3_2034
1765,2035,ACP,false,Jhahn Tahmus,Tahmus,512767921815027713,Active,LF,,L,4,4,3,1,,,,,jhahn_ttahmus#7940,false,MLN,3,,Jhahn,,3_2035
1766,2036,HFX,false,Sandy Collazo,Collazo,230804103079526400,Active,P,,L,,,,,3,2,5,2,Kaluunit#2406,false,MLN,3,,Sandy,,3_2036
1767,2037,POR,true,Remi Renaldo,Renaldo,201806047478939649,GM Only,C,CINF,R,2,5,3,2,,,,,Megatomic#1337,false,MLN,3,,Remi,,3_2037
1768,2041,FA,false,Soy Guapo,Guapo,N/A (not sure),Retired,RF,,L,4,2,1,5,,,,,Tequila#4692,false,MLN,3,,Soy,,3_2041
1769,2042,GHG,false,Skrunk Meinhoffer,Meinhoffer,215497862904020992,Active,LF,,L,4,2,4,2,,,,,Truly#6240,false,MLN,3,,Skrunk,,3_2042
1770,2044,BBG,false,Maud Nelson,Nelson,514543440709812245,Active,LF,,R,3,4,2,3,,,,,dianaswrld#4135,false,MLN,3,,Maud,,3_2044
1771,2045,MAL,false,Tanner Hendrix,Hendrix,341211226199687168,Active,P,,L,,,,,5,1,5,1,TH#0080,false,MLN,3,,Tanner,,3_2045
1772,2046,FA,false,Sam Anger,Anger,N/A (not sure),Retired,P,,R,,,,,4,4,2,2,dublinwithabrokenheart#8185,false,MLN,3,,Sam,,3_2046
1773,2047,BBG,false,Calvin Huff,Huff,507717034893901824,Active,P,,R,,,,,4,3,3,2,"Calvin ""mak0shark"" Huff- FA P#5639",false,MLN,3,,Calvin,,3_2047
1774,2048,SHH,false,Xavier Phoenix,Phoenix,176130232233754624,Active,CF,,R,3,1,3,5,,,,,Touchdownmike55#5831,false,MLN,3,,Xavier,,3_2048
1775,2049,REK,false,Brian MacDonald,MacDonald,298870267499773952,Active,P,,R,,,,,5,2,3,2,Ashen_1#2320,false,MLN,3,,Brian,,3_2049
1776,2051,FA,false,Famous Anus,Anus,257531874434482187,Retired,C,CINF,L,5,5,1,1,,,,,funkman#6228,false,MLN,3,,Famous,,3_2051
1777,2052,FA,false,Sluddy Gonzalez,Gonzalez,N/A (not in main),Retired,CF,,L,4,2,2,4,,,,,Angelus000#2428,false,MLN,3,,Sluddy,,3_2052
1778,2054,CIN,false,Woofie K9,K9,282313912727240715,Active,SS,UTIL,R,2,2,4,4,,,,,king_kitty#9505,false,MLN,3,,Woofie,,3_2054
1779,2055,REK,false,Harry Peritestes,Peritestes,268566559746686986,Active,CF,,R,4,3,2,3,,,,,Jpulto#1431,false,MLN,3,,Harry,,3_2055
1780,2056,REK,true,Art Vulfmon,Vulfmon,466035881682141185,Retired,CF,,R,4,3,1,4,,,,,mile114#1245,false,MLN,3,,Art,,3_2056
1781,2057,REK,false,Jack Alpha,Alpha,378210771005341698,Active,3B,UTIL,R,1,5,2,4,,,,,androidsen#8466,false,MLN,3,,Jack,,3_2057
1782,2058,POR,false,Timmy Bendiš,Bendiš,372508424627552266,Active,1B,UTIL,R,5,1,5,1,,,,,Timmy#0627,false,MLN,3,,Timmy,,3_2058
1783,2059,CIN,false,Daraya Jonjet,Jonjet,214905647584641024,Active,P,,L,,,,,3,2,4,3,Roxy#4965,false,MLN,3,,Daraya,,3_2059
1784,2060,CIN,false,LaPrince Frye,Frye,416715978391420928,Active,P,,L,,,,,4,3,2,3,LaPrince Frye#5785,false,MLN,3,,LaPrince,,3_2060
1785,2061,FA,false,Dez Perado,Perado,468909781504229386,Retired,1B,UTIL,L,4,2,1,5,,,,,♠ Buffaloef#1805,false,MLN,3,,Dez,,3_2061
1786,2062,FA,false,Robert Abenduct,Abenduct,160894666219192321,Free Agent,3B,UTIL,R,1,5,1,5,,,,,Eenhcs#2967,false,MLN,3,,Robert,,3_2062
1787,2064,NO,false,Mat Gamel,Gamel,393492525706641418,Active,P,,R,,,,,4,4,3,1,CodyHunter#3353,false,MLN,3,,Mat,,3_2064
1788,2065,POR,false,Gus Buster,Buster,201802131106168843,Active,P,,L,,,,,4,4,3,1,lemonsqueegee#4322,false,MLN,3,,Gus,,3_2065
1789,2066,FA,false,Cleveland Gibson,Gibson,"N/A (not in main, FA)",Free Agent,3B,UTIL,R,4,3,1,4,,,,,q77e#9300,false,MLN,3,,Cleveland,,3_2066
1790,2067,SUN,false,Riles McGiles,McGiles,372578681006063617,Active,RF,,R,5,4,1,2,,,,,RilesMcGiles#3103,false,MLN,3,,Riles,,3_2067
1791,2068,HFX,false,Raphael Akias,Akias,372553093331812352,Active,C,CINF,R,3,5,3,1,,,,,Geo#4579,false,MLN,3,,Raphael,,3_2068
1792,2069,POR,false,Tygen Shinybeard,Shinybeard,202278109708419072,Active,P,,R,,,,,2,2,4,4,dyslexda#0531,false,MLN,3,,Tygen,,3_2069
1793,2070,GHG,false,Billy Winters,Winters,90629680868134912,Active,P,,R,,,,,4,2,2,4,Kartov#2854,false,MLN,3,,Billy,,3_2070
1794,2072,GHG,false,River Ride,Ride,172194603754192896,Active,C,COF,L,3,5,2,2,,,,,pull#0053,false,MLN,3,,River,,3_2072
1795,2074,MAL,false,Jobert Maclin,Maclin,342427013442830336,Active,CF,,L,1,5,5,1,,,,,Jojo#5871,false,MLN,3,,Jobert,,3_2074
1796,2075,MAL,false,Copenhagen Black,Black,470202656992919553,Active,P,,R,,,,,5,3,3,1,NolaGumbeaux41#8934,false,MLN,3,,Copenhagen,,3_2075
1797,2077,FA,false,Jared Fromsubway,Fromsubway,N/A - good luck finding him,Retired,LF,,R,3,4,3,2,,,,,oo#9424,false,MLN,3,,Jared,,3_2077
1798,2078,HMH,false,Rascal Alex,Alex,131978039763402752> - GM ping for Rascal Alex,Active,P,,L,,,,,2,4,3,3,Avdo#9090,false,MLN,3,,Rascal,,3_2078
1799,2079,HFX,false,Pengu Papi,Papi,633566832321626132,Active,3B,UTIL,L,5,2,1,4,,,,,Jeffrey#2575,false,MLN,3,,Pengu,,3_2079
1800,2080,FA,false,"Junebug ""June-June"" Wray",Wray,144969605977341953,Free Agent,LF,,R,3,2,4,3,,,,,Joester09#1816,false,MLN,3,,Junebug,,3_2080
1801,2081,SUN,false,Cal Lidous,Lidous,485723834075316224,Active,P,,R,,,,,5,1,5,1,Cal Lidous#4232,false,MLN,3,,Cal,,3_2081
1802,2082,HMH,false,Dixon Uraz,Uraz,148580118179217410,Active,CF,,L,5,1,1,5,,,,,Club_toast#4313,false,MLN,3,,Dixon,,3_2082
1803,2083,BFB,false,Dylan Green,Green,172167687143817217,Active,P,,R,,,,,5,3,2,2,DylanG5#4899,false,MLN,3,,Dylan,,3_2083
1804,2085,MAL,false,Lloyd Gross,Gross,206526330861387776,Active,C,CINF,R,2,4,3,3,,,,,CringE#0294,false,MLN,3,,Lloyd,,3_2085
1805,2086,CIN,false,Drew Ekstrum,Ekstrum,294335981442564096,Active,CF,,R,5,1,1,5,,,,,Drew Ekstrum#1125,false,MLN,3,,Drew,,3_2086
1806,2087,FA,false,Patrick Mahomes,Mahomes,N/A (retired),Retired,P,,R,,,,,3,2,5,2,TheZAndMan#7228,false,MLN,3,,Patrick,,3_2087
1807,2088,GRZ,false,Dmitri Petrovich,Petrovich,355934424061181972,Active,LF,,R,4,2,3,3,,,,,GSchlim,false,MLN,3,,Dmitri,,3_2088
1808,2089,FA,false,Acey McCman,McCman,N/A (retired),Retired,P,,R,,,,,5,3,3,1,SkilledAce,false,MLN,3,,Acey,,3_2089
1809,2090,FA,false,Goro Shinoda,Shinoda,153721741129023488,Hiatus,P,,L,,,,,2,2,5,3,XemyrLeBeau,false,MLN,3,,Goro,,3_2090
1810,2091,MAL,false,Cannibal Johnson,Johnson,459192270537621504,Active,P,,R,,,,,2,4,4,2,Cannibaljohnson,false,MLN,3,,Cannibal,,3_2091
1811,2092,FA,false,Daddy,Daddy,N/A (gone),Retired,P,,R,,,,,4,4,3,1,juwulie#5001,false,MLN,3,,,,3_2092
1812,2093,ACP,false,True Pierce,Pierce,399299351802937344,Active,P,,R,,,,,4,4,3,1,True #9380,false,MLN,3,,True,,3_2093
1813,2094,FA,false,JZ (but not the rapper),JZ,254774534274547713,Free Agent,3B,UTIL,R,2,4,1,5,,,,,JZKITTY#3143,false,MLN,3,,,,3_2094
1814,2095,MAL,false,Juniper Nyula,Nyula,231100460482691074,Active,2B,UTIL,L,4,3,2,3,,,,,Valpix#6666,false,MLN,3,,Juniper,,3_2095
1815,2096,GRZ,false,Adam Croft,Croft,208429483059970050,Active,P,,L,,,,,4,3,4,1,Naki#2555,false,MLN,3,,Adam,,3_2096
1816,2097,HFX,false,Bobby Vance,Vance,438226264608735232,Active,LF,,L,5,2,3,2,,,,,Wildcard09,false,MLN,3,,Bobby,,3_2097
1817,2098,BFB,false,Chief Cory,Cory,138318226181324800,Active,P,,R,,,,,3,1,5,3,,false,MLN,3,,Chief,,3_2098
1818,2100,FA,false,Ryan Posty,Posty,181944510626922498,Retired,SS,UTIL,R,3,2,4,3,,,,,postulates#8624,false,MLN,3,,Ryan,,3_2100
1819,2101,SHH,false,Duwan Anonly,Anonly,140944286282678273,Active,RF,,R,4,3,1,4,,,,,Wazzup44#3094,false,MLN,3,,Duwan,,3_2101
1820,2102,CIN,false,Oliver Yu,Yu,119468291579183104,Active,3B,UTIL,L,4,2,2,4,,,,,Alf#0413,false,MLN,3,,Oliver,,3_2102
1821,2103,HFX,false,Justin Chaboya,Chaboya,220209212003713034,Active,LF,,L,4,5,2,1,,,,,Pizzotes#6041,false,MLN,3,,Justin,,3_2103
1822,2104,FA,false,Bobby “Freakin” Portis,Portis,383444903344078848,Free Agent,P,,R,,,,,4,4,3,1,jackvd,false,MLN,3,,Bobby,,3_2104
1823,2105,FA,false,Herb Ferguson,Ferguson,N/A (gone),Retired,P,,L,,,,,5,2,4,1,Kingben214#6428,false,MLN,3,,Herb,,3_2105
1824,2106,GRZ,false,Declan Archer,Archer,501849193338503168,Active,CF,,L,4,2,2,4,,,,,#0340,false,MLN,3,,Declan,,3_2106
1825,2107,POR,false,Kalin Young,Young,273639536804757514,Active,SS,UTIL,R,4,4,1,3,,,,,Kyounggun#9129,false,MLN,3,,Kalin,,3_2107
1826,2108,CIN,false,Arm N. Hammer,Hammer,203362581363032064,Active,RF,,L,3,3,2,4,,,,,Poet#0643,false,MLN,3,,Arm N.,,3_2108
1827,2109,POR,false,Nate Duke,Duke,235564193112260608,Active,CF,,L,3,3,1,5,,,,,natetheduke#5754,false,MLN,3,,Nate,,3_2109
1828,3000,BBG,false,Eli Sasak,Sasak,293856447194988554,Active,1B,UTIL,R,4,2,4,2,,,,,Draid#0610,true,MLN,3,,Eli,,3_3000
1829,3001,FA,false,Michael Hunt,Hunt,133298452665860096,Retired,3B,UTIL,R,4,2,3,3,,,,,dv2890#8981,true,MLN,3,,Michael,,3_3001
1830,3002,FA,false,Guster Burton,Burton,304026143940542465,Retired,CF,,R,5,5,1,1,,,,,Chevalier Mal Fet,true,MLN,3,,Guster,,3_3002
1831,3003,FA,false,Chip Bunner,Bunner,N/A (none provided),Retired,C,COF,R,3,4,3,2,,,,,,true,MLN,3,,Chip,,3_3003
1832,3005,SUN,false,Pablo Sanchez,Sanchez,484386566249119760,Active,2B,UTIL,L,5,1,1,5,,,,,matt2930#7229,true,MLN,3,,Pablo,,3_3005
1833,3006,FA,false,Dom Nicastro,Nicastro,N/A (gone),Retired,2B,UTIL,R,2,3,4,3,,,,,Dom#4436,true,MLN,3,,Dom,,3_3006
1834,3007,FA,false,Salvatore 'Sal' De Luca,De Luca,92127213410865152,Free Agent,C,COF,R,3,4,3,2,,,,,HolyHamGrenade#5701,true,MLN,3,,Salvatore,,3_3007
1835,3008,FA,false,Tyrone Lannister,Lannister,511712714196910081,Hiatus,3B,UTIL,R,4,3,4,1,,,,,JEFFERS140,true,MLN,3,,Tyrone,,3_3008
1836,3009,MAL,false,Bull Dozer,Dozer,178316162185166855,Active,P,,R,,,,,3,3,4,2,Matt55,true,MLN,3,,Bull,,3_3009
1837,3010,NO,false,Jarey Butts,Butts,246828880848093185,Active,1B,UTIL,R,3,2,4,3,,,,,Jurd#9852,true,MLN,3,,Jarey,,3_3010
1838,3011,NO,false,Josef Samuelsson,Samuelsson,443829816752340994,Active,P,,L,,,,,4,4,1,3,Jaysword#3811,true,MLN,3,,Josef,,3_3011
1839,3012,HFX,false,Rusty Nails,Nails,368414494772428801,Active,CF,,L,4,1,4,3,,,,,howiejriii,true,MLN,3,,Rusty,,3_3012
1840,3013,GRZ,false,John Cock,Cock,405586553017073675,Active,SS,UTIL,L,4,5,1,2,,,,,TheHourlyJuice#6996,true,MLN,3,,John,,3_3013
1841,3014,FA,false,Ding Whitley,Whitley,N/A (gone),Retired,RF,,R,4,3,2,3,,,,,barnes,true,MLN,3,,Ding,,3_3014
1842,3015,FA,false,"Jason ""Dead"" Redd",Redd,485217045408120833,Free Agent,P,,L,,,,,4,1,3,4,ReedGibson,true,MLN,3,,Jason,,3_3015
1843,3016,FA,false,Bryzzo El Mago,El Mago,437950710122938369,Free Agent,SS,UTIL,L,5,1,5,1,,,,,denvermanning,true,MLN,3,,Bryzzo,,3_3016
1844,3017,NO,false,Bob Dunagee,Dunagee,88061817925935104,Active,3B,UTIL,L,5,2,2,3,,,,,Redwagon#1602,true,MLN,3,,Bob,,3_3017
1845,3018,FA,false,Jon Adams,Adams,259829930332782602,Hiatus,2B,UTIL,L,4,3,1,4,,,,,Rider_49,true,MLN,3,,Jon,,3_3018
1846,,FA,false,"Will ""THE THRILL"" Charles",Charles,593042150447382529,Free Agent,P,,R,,,,,2,3,3,4,Willand714,,MLN,3,,Will,,3_
1847,3020,FA,false,Bill “Pegleg” Bailey,Bailey,227953127452704782,Free Agent,SS,UTIL,R,3,3,2,4,,,,,Peglegbonesbailey,true,MLN,3,,Bill,,3_3020
1848,3021,GRZ,false,Timmy Smith,Smith,316772224780599296,Active,SS,C,L,4,2,3,3,,,,,Tom #5836,true,MLN,3,,Timmy,,3_3021
1849,3022,FA,false,JoJo Black,Black,N/A (gone),Retired,RF,,R,3,3,5,1,,,,,Cornykid#6738,true,MLN,3,,JoJo,,3_3022
1850,3023,NO,false,Dinger Sampson,Sampson,387226344393670656,Active,CF,,L,5,1,1,5,,,,,Dinger Sampson,true,MLN,3,,Dinger,,3_3023
1851,3024,SUN,false,Charles Bullion,Bullion,198668238572355584,Active,C,CINF,R,3,5,3,1,,,,,EpicMowse#8504,true,MLN,3,,Charles,,3_3024
1852,3025,FA,false,Chapps McHyde,McHyde,N/A (gone),Free Agent,2B,UTIL,L,3,4,2,3,,,,,#9180,true,MLN,3,,Chapps,,3_3025
1853,3026,FA,false,"Abraham ""Avi"" Villalobos-Jones",Villalobos-Jones,N/A (gone),Free Agent,C,CINF,R,4,5,1,2,,,,,AllEvil669#6411,true,MLN,3,,Abraham,,3_3026
1854,3027,NO,false,Diego Medina,Medina,159766338833874944,Active,P,,R,,,,,3,3,3,3,Diego#5535,true,MLN,3,,Diego,,3_3027
1855,3028,SUN,false,Loghan O'Brien,O'Brien,148425866588848128,Active,LF,,L,4,4,1,3,,,,,Moosey#7461,true,MLN,3,,Loghan,,3_3028
1856,3029,FA,false,Halo Bender,Bender,N/A (gone),Retired,2B,C,R,5,2,2,3,,,,,Halobender,true,MLN,3,,Halo,,3_3029
1857,3030,FA,false,Cal Otter,Otter,N/A (gone),Retired,RF,,L,4,4,1,3,,,,,CalOtter#5713,true,MLN,3,,Cal,,3_3030
1858,3031,FA,false,ESPN Jackson,Jackson,505950049826504733,Retired,CF,,L,4,2,2,4,,,,,downtothecellar,true,MLN,3,,ESPN,,3_3031
1859,3032,FA,false,Francis Wu,Wu,N/A (gone),Retired,RF,,R,3,3,1,5,,,,,NurseNg,true,MLN,3,,Francis,,3_3032
1860,3033,FA,false,Shea Luca,Luca,453585253185880066,Hiatus,SS,UTIL,R,3,4,2,3,,,,,7894,true,MLN,3,,Shea,,3_3033
1861,3034,FA,false,Gino Valentinni,Valentinni,N/A (gone),Retired,2B,UTIL,R,4,3,1,4,,,,,MrChin,true,MLN,3,,Gino,,3_3034
1862,3035,NO,false,Max Power,Power,323992643929374721,Active,RF,,L,4,3,2,3,,,,,aidanfergie#7553,true,MLN,3,,Max,,3_3035
1863,3036,FA,false,Ben Bearington,Bearington,557125155483025409,Retired,RF,,R,4,1,5,2,,,,,Bearington,true,MLN,3,,Ben,,3_3036
1864,3037,BBG,false,Doc Holliday,Holliday,558335911818035203,Active,CF,,R,3,3,3,3,,,,,Dochobbes,true,MLN,3,,Doc,,3_3037
1865,3038,POR,false,Lincoln Crawford,Crawford,443892188775055370,Active,1B,UTIL,L,3,3,5,1,,,,,Pantheon - Chris#8426,true,MLN,3,,Lincoln,,3_3038
1866,3039,POR,false,Bob Wehadababyitzaboy,Wehadababyitzaboy,206833217678868480,Active,SS,C,R,4,4,1,3,,,,,TBKLarry#1903,true,MLN,3,,Bob,,3_3039
1867,3040,FA,false,Kiki Summers,Summers,591383220063567873,Retired,3B,UTIL,L,2,4,3,3,,,,,kikid,true,MLN,3,,Kiki,,3_3040
1868,3041,FA,false,Buck Naked,Naked,544211890830704650,Free Agent,RF,,R,5,1,1,5,,,,,squashedjosh#1429,true,MLN,3,,Buck,,3_3041
1869,3042,NO,false,Joanna McMartinez,McMartinez,189893705786720256,Active,C,COF,L,4,4,1,3,,,,,Calluna#0305,true,MLN,3,,Joanna,,3_3042
1870,3043,CIN,false,Rekt Kiddo,Kiddo,114529305219956739,Active,P,,R,,,,,3,2,4,3,Keyo,true,MLN,3,,Rekt,,3_3043
1871,3044,FA,false,Griffin Adell,Adell,N/A (he banned),Retired,CF,,L,1,1,5,5,,,,,Jordon Adell#9477,true,MLN,3,,Griffin,,3_3044
1872,3046,CIN,false,Johnny Hendrix,Hendrix,592166200750899200,Active,3B,C,L,3,3,4,2,,,,,givemdaeephus#5189,true,MLN,3,,Johnny,,3_3046
1873,3047,FA,false,BANNED PLAYER,PLAYER,N/A (he banned),Retired,C,CINF,R,3,2,4,3,,,,,Rapideagle#1590,true,MLN,3,,BANNED,,3_3047
1874,3048,GRZ,false,Maximillian Minninun,Minninun,223980930975399937,Active,LF,,R,1,3,5,3,,,,,SoneRandomPerson#2533,true,MLN,3,,Maximillian,,3_3048
1875,3049,HFX,false,Mason Miller,Miller,404782639824764951,Active,3B,UTIL,R,2,3,5,2,,,,,msnmllr,true,MLN,3,,Mason,,3_3049
1876,3050,HFX,false,Dookie Stane,Stane,443280943579660288,Active,SS,UTIL,L,1,2,5,4,,,,,rongboy#8588,true,MLN,3,,Dookie,,3_3050
1877,3051,MAL,false,Jayson Bae Jr.,Bae,217141905807376385,Active,C,COF,R,3,4,3,2,,,,,Axel323#7236,true,MLN,3,Jr.,Jayson,,3_3051
1878,3052,CIN,false,Bico Nico,Nico,552839183413018624,Active,SS,UTIL,L,3,3,4,2,,,,,OniR1#2332,true,MLN,3,,Bico,,3_3052
1879,3053,POR,false,Juniped Cory,Cory,121871011091185664,Active,3B,UTIL,R,4,3,1,4,,,,,Juniped,true,MLN,3,,Juniped,,3_3053
1880,3054,REK,false,Roland Kholin,Kholin,139926308644847616,Active,RF,,L,4,4,1,3,,,,,pelochyta #9978,true,MLN,3,,Roland,,3_3054
1881,3055,FA,false,Bob Bhäizhebaol,Bhäizhebaol,230761354150019082,Retired,3B,UTIL,R,3,2,4,3,,,,,MrDeckard,true,MLN,3,,Bob,,3_3055
1882,3056,REK,false,Jordan Lamas,Lamas,197068139073110016,Active,P,,R,,,,,4,5,1,2,Jslamas,true,MLN,3,,Jordan,,3_3056
1883,3057,HFX,false,Frozen Inertia,Inertia,213354112434044931,Active,P,,R,,,,,5,4,2,1,EricS53 #2544,true,MLN,3,,Frozen,,3_3057
1884,3058,HFX,false,Rotticus Scott Jr.,Scott,247260486339395585,Active,C,COF,R,4,2,4,2,,,,,Mottyice#9677,true,MLN,3,Jr.,Rotticus,,3_3058
1885,3059,CIN,false,Skel Etor,Etor,96948103130656768,Active,1B,C,L,2,4,4,2,,,,,frowntownclown#6523,true,MLN,3,,Skel,,3_3059
1886,3060,MAL,false,Skye McDowell,McDowell,159719742658183168,Active,LF,,R,3,1,5,3,,,,,nayseloid#7343,true,MLN,3,,Skye,,3_3060
1887,3061,BBG,false,Trog Smash,Smash,264255447786192896,Active,3B,UTIL,L,2,3,5,2,,,,,Xianthres,true,MLN,3,,Trog,,3_3061
1888,3062,REK,false,Jules Young,Young,391151653358665728,Active,SS,C,R,3,3,3,3,,,,,Chow Lemon,true,MLN,3,,Jules,,3_3062
1889,3063,SHH,false,Tyrone Jennings III,Jennings,326127044163403776,Active,P,,L,,,,,5,2,3,2,Vecinzz#9675,true,MLN,3,III,Tyrone,,3_3063
1890,3064,POR,false,Antonino Russo,Russo,186596764705488905,Active,3B,UTIL,R,5,4,1,2,,,,,@toadeightyfive#6749,true,MLN,3,,Antonino,,3_3064
1891,3065,NO,false,Robert Atech,Atech,116109126832095239,Active,CF,,L,3,3,5,1,,,,,Tica#3609,true,MLN,3,,Robert,,3_3065
1892,3066,REK,false,Thor Heyerdahl,Heyerdahl,349359777220001793,Active,1B,UTIL,R,5,1,5,1,,,,,Qomsday#7405,true,MLN,3,,Thor,,3_3066
1893,3067,HMH,false,Joseph R. Cooper,Cooper,364900710191464450,Active,LF,,R,3,3,4,2,,,,,dt1109,true,MLN,3,,Joseph R.,,3_3067
1894,3068,REK,false,Flick Maplethorpe,Maplethorpe,631554330356613120,Active,LF,,L,3,3,1,5,,,,,Dentonoff#3915,true,MLN,3,,Flick,,3_3068
1895,3069,GRZ,false,Wallace Grommet,Grommet,476558347634475028,Active,P,,L,,,,,5,1,4,2,kaylittle6,true,MLN,3,,Wallace,,3_3069
1896,3070,REK,false,Ded Tanson,Tanson,121733091034267648,Active,RF,,L,4,2,4,2,,,,,Sickboy2212#2182,true,MLN,3,,Ded,,3_3070
1897,3071,FA,false,Wheeler Walker Jr.,Walker,N/A (he retired),Retired,LF,,R,4,2,4,2,,,,,DigBickSwinging #4477,true,MLN,3,Jr.,Wheeler,,3_3071
1898,3072,MAL,false,Tucker Doubt,Doubt,347109742155399168,Active,3B,UTIL,L,4,2,4,2,,,,,MikeyTKO#0005,true,MLN,3,,Tucker,,3_3072
1899,3073,REK,false,Matt Hole,Hole,357712250041270273,Active,3B,UTIL,L,5,2,1,4,,,,,Hi_mynameis_Matt#3175,true,MLN,3,,Matt,,3_3073
1900,3074,CIN,false,Shoresy Twatterson,Twatterson,632293208499421187,Active,C,COF,R,4,5,1,2,,,,,twat#5734,true,MLN,3,,Shoresy,,3_3074
1901,3075,GHG,false,H.D. Dog,Dog,231952127931580416,Active,CF,,L,4,2,1,5,,,,,Hot Diggity Dog#2030,true,MLN,3,,H.D.,,3_3075
1902,3076,POR,false,Delvin Dukes,Dukes,423546761102098432,Active,2B,UTIL,L,5,2,1,4,,,,,AW13#6043,true,MLN,3,,Delvin,,3_3076
1903,3077,NO,false,Derek Bongiovanni,Bongiovanni,291738770313707521,Active,RF,,R,2,2,5,3,,,,,Dbon#2576,true,MLN,3,,Derek,,3_3077
1904,3078,BBG,false,Chakra Pilates,Pilates,644325646486732810,Active,C,COF,L,2,4,3,3,,,,,ChakraPilates,true,MLN,3,,Chakra,,3_3078
1905,3079,REK,false,Isaac Snowbender,Snowbender,140306370359459840,Active,LF,,L,1,1,5,5,,,,,mvh1015#6260,true,MLN,3,,Isaac,,3_3079
1906,3080,BFB,false,Jeff Dingerhitter,Dingerhitter,263888354179809280,Active,RF,,R,3,2,4,3,,,,,Woj#6097,true,MLN,3,,Jeff,,3_3080
1907,3081,ACP,false,Valerian Arzachel,Arzachel,227156207582838787,Active,C,CINF,R,4,3,2,3,,,,,PrelateZeratul#6010,true,MLN,3,,Valerian,,3_3081
1908,3082,SMD,false,Basethony Balltano,Balltano,393042892349898752,Active,C,COF,L,5,4,2,1,,,,,AltShapes#8688,true,MLN,3,,Basethony,,3_3082
1909,3083,POR,false,Poop McGee,McGee,402249979651031052,Active,RF,,L,3,4,1,4,,,,,Andrew3#2319,true,MLN,3,,Poop,,3_3083
1910,3084,GRZ,false,Ryan Tyburn,Tyburn,334144448873365504,Active,2B,UTIL,R,5,5,1,1,,,,,Tyburn#0651,true,MLN,3,,Ryan,,3_3084
1911,3085,ACP,false,Red Arrow,Arrow,272034904127045633,Active,2B,UTIL,R,3,1,4,4,,,,,RedArrow12c #7693,true,MLN,3,,Red,,3_3085
1912,3086,GHG,false,Nono Nones,Nones,251117327792209920,Active,LF,,R,2,2,4,4,,,,,VoxBarbarian#7332,true,MLN,3,,Nono,,3_3086
1913,3087,KYM,false,Xerxes Dalin,Dalin,188872774553567242,Active,SS,UTIL,L,4,3,4,1,,,,,Chill#1991,true,MLN,3,,Xerxes,,3_3087
1914,3088,SMD,false,Yoel Roshi,Roshi,293180794124632074,Active,C,CIF,R,3,5,3,1,,,,,pyrolola#2993,true,MLN,3,,Yoel,,3_3088
1915,3089,KYM,false,Joey Wheeler,Wheeler,389269825425375233,Active,LF,,L,1,5,5,1,,,,,Slingblade#8693,true,MLN,3,,Joey,,3_3089
1916,3090,REK,false,Henry Crowell,Crowell,367409193004564483,Active,P,,R,,,,,3,2,5,2,Biggie Eilish #1074,true,MLN,3,,Henry,,3_3090
1917,3091,FA,false,Zelk Jacen Antilles,Antilles,250094459721613315,Free Agent,3B,UTIL,L,2,1,5,4,,,,,CaptainSolo96#0006,true,MLN,3,,Zelk,,3_3091
1918,3092,SUN,false,Thelonius Junk,Junk,183195160358813697,Active,RF,,L,5,3,1,3,,,,,Ranitall#0646,true,MLN,3,,Thelonius,,3_3092
1919,1001,FA,false,Nuke Laloosh,Laloosh,293940505614483456,Free Agent,P,,R,,,,,4,2,4,2,Flying Spaghetti Hitchens#6329,false,MLN,4,,Nuke,,4_1001
1920,1002,GRZ,false,Garitek,Garitek,201437703328235520,Active,C,CINF,R,4,4,3,1,,,,,GareDr333#5369,false,MLN,4,,,,4_1002
1921,1006,SMD,false,Smitty Hoppenscotch,Hoppenscotch,377826278004490240,Active,CF,,L,4,2,1,5,,,,,Natsochist#8041,false,MLN,4,,Smitty,,4_1006
1922,1007,FA,false,Chris Robin,Robin,224398746325090314,Free Agent,RF,,L,4,2,3,3,,,,,Lesath#2140,false,MLN,4,,Chris,,4_1007
1923,1008,SMD,false,Atlas Quin,Quin,148920755189579776,Active,P,,L,,,,,5,2,4,1,Pieanator#7542,false,MLN,4,,Atlas,,4_1008
1924,1010,SMD,false,Madis Mickelson,Mickelson,310887264374882304,Active,P,,L,,,,,4,2,4,2,madis99#4415,false,MLN,4,,Madis,,4_1010
1925,1012,SMD,false,Reservoir Butler,Butler,288768900169072641,Active,SS,C,R,4,2,1,5,,,,,ghostelephant#6650,false,MLN,4,,Reservoir,,4_1012
1926,1013,FA,false,Kaylee Stewart,Stewart,312769434458652672,Free Agent,CF,,L,3,2,4,3,,,,,peytonmarie#2303,false,MLN,4,,Kaylee,,4_1013
1927,1017,FA,false,Joe Runzer,Runzer,414316350324998144,Free Agent,2B,UTIL,R,4,2,1,5,,,,,scumbagjoe11#2267,false,MLN,4,,Joe,,4_1017
1928,1021,POR,false,Q Kimbrel,Kimbrel,134478480862740480,Active,CF,,R,1,3,5,3,,,,,Cerb#8365,false,MLN,4,,Q,,4_1021
1929,1022,GHG,false,Chuck McCluster,McCluster,391473385768747008,Active,RF,,R,3,4,3,2,,,,,snipenberg#7197,false,MLN,4,,Chuck,,4_1022
1930,1023,SMD,false,Dan Gerzone,Gerzone,358438389160345600,Active,1B,UTIL,R,4,2,4,2,,,,,Dan_Gerzone,false,MLN,4,,Dan,,4_1023
1931,1024,HFX,false,Jordan Peppers,Peppers,298191208776204288,Active,P,,R,,,,,4,2,2,4,raptor152#0431,false,MLN,4,,Jordan,,4_1024
1932,1026,POR,false,Angel Leon,Leon,240939239968210944,Active,P,,R,,,,,3,3,5,1,GK12303#1313,false,MLN,4,,Angel,,4_1026
1933,1027,SUN,false,Thomas Nova,Nova,341669113430540301,Active,P,,L,,,,,4,4,2,2,Daitryu#7669,false,MLN,4,,Thomas,,4_1027
1934,1028,MAL,false,Haraldo McKenzie,McKenzie,281586814471634945,Active,C,COF,L,3,4,4,1,,,,,mack#0894,false,MLN,4,,Haraldo,,4_1028
1935,1029,SUN,false,Lefty Louis,Louis,326553566909300737,Active,1B,UTIL,L,1,5,5,1,,,,,lewislewes#3447,false,MLN,4,,Lefty,,4_1029
1936,1032,SUN,true,Charlie Scott,Scott,193883917055557642,GM Only,C,COF,L,5,5,1,1,,,,,SemiCharmedMike#9629,false,MLN,4,,Charlie,,4_1032
1937,1033,BBG,true,Daz Reference,Reference,180498124823855104,GM Only,SS,UTIL,R,5,4,1,2,,,,,Obscure_Reference#9129,false,MLN,4,,Daz,,4_1033
1938,1034,SUN,false,Jack Marnette,Marnette,345701896377597953,Active,LF,,R,5,2,2,3,,,,,jmarnette#1828,false,MLN,4,,Jack,,4_1034
1939,1035,SUN,false,Chip Otle,Otle,213403960072077312,Active,SS,UTIL,L,5,1,1,5,,,,,mcastagnaro30#2558,false,MLN,4,,Chip,,4_1035
1940,1036,HFX,false,Spike Swordfish II,Swordfish,398235187634503702,Active,C,COF,R,3,5,3,1,,,,,xbijin#3776,false,MLN,4,II,Spike,,4_1036
1941,1039,FA,false,Clive Babineaux,Babineaux,312078049401110530,Free Agent,RF,,L,4,2,4,2,,,,,tanay002#5272,false,MLN,4,,Clive,,4_1039
1942,1041,ACP,false,Barney Summers,Summers,378073752400953344,Active,C,CINF,L,5,5,1,1,,,,,CougMaster#8822,false,MLN,4,,Barney,,4_1041
1943,1042,MAL,false,Dallas Houston,Houston,359717979732312064,Active,RF,,R,3,3,5,1,,,,,mbless1415#6210,false,MLN,4,,Dallas,,4_1042
1944,1043,KYM,false,Tyler Palmatier,Palmatier,195415573721645056,Active,1B,UTIL,R,3,3,4,2,,,,,Jags#3155,false,MLN,4,,Tyler,,4_1043
1945,1051,BBG,false,Superbone Threefinger,Threefinger,224327937720188928,Active,2B,UTIL,L,4,1,3,4,,,,,23baseball3#3100,false,MLN,4,,Superbone,,4_1051
1946,1052,HMH,false,Zed Leona,Leona,177281342818484224,Active,C,CINF,R,5,4,1,2,,,,,Sleeper#2045,false,MLN,4,,Zed,,4_1052
1947,1054,FA,false,Steve Hofbardozzi Jr. Jr. Jr.,Hofbardozzi,207143171128426496,Free Agent,3B,UTIL,L,5,4,1,2,,,,,GeneticlyPerfct#0232,false,MLN,4,Jr.,Steve,,4_1054
1948,1055,HMH,true,Osmosis Jones,Jones,131978039763402752,GM Only,2B,UTIL,L,4,3,1,4,,,,,AdmiralJones42#6648,false,MLN,4,,Osmosis,,4_1055
1949,1056,SMD,false,Henrik Omega,Omega,178987211239325696,Active,C,CINF,L,3,3,2,4,,,,,Big Bossuru#1370,false,MLN,4,,Henrik,,4_1056
1950,1057,FA,false,Rusty LaRue,LaRue,644347193523830814,Free Agent,1B,UTIL,L,5,3,3,1,,,,,BaldRusty2.0#6959,false,MLN,4,,Rusty,,4_1057
1951,1058,HMH,false,Catfish Champ,Champ,259940190947246081,Active,CF,,L,5,3,1,3,,,,,amazingcowmilk#9713,false,MLN,4,,Catfish,,4_1058
1952,1061,HMH,false,Hudson Hildebrandt,Hildebrandt,285878316987056130,Active,P,,R,,,,,5,1,5,1,Hudson#0002,false,MLN,4,,Hudson,,4_1061
1953,1062,KYM,false,BB Bambino Jr.,Bambino,675859449508003875,Active,SS,UTIL,R,5,5,1,1,,,,,Bambino2.0#4658,false,MLN,4,Jr.,BB,,4_1062
1954,1063,KYM,true,Alex Yaxley,Yaxley,345329173616787458,Active,C,COF,R,3,4,4,1,,,,,BIGxM1KE#4625,false,MLN,4,,Alex,,4_1063
1955,1064,KYM,false,Dick Pole,Pole,392155574231629825,Active,1B,UTIL,R,3,3,5,1,,,,,Wblewis45#7778,false,MLN,4,,Dick,,4_1064
1956,1067,ACP,false,Austin Schwartz,Schwartz,319240013818757120,Active,CF,,L,5,5,1,1,,,,,Cubzlover84#7820,false,MLN,4,,Austin,,4_1067
1957,1068,KYM,false,Ben Grimm,Grimm,378312650473472011,Active,RF,,R,3,2,5,2,,,,,Jim Boeheim#2353,false,MLN,4,,Ben,,4_1068
1958,1069,POR,false,Rub A. Chikin,Chikin,373703526347440129,Active,C,CINF,R,3,5,1,3,,,,,rubachikin#8277,false,MLN,4,,Rub A.,,4_1069
1959,1071,BFB,false,Isaac Saffron,Saffron,151083162116554752,Active,C,CINF,L,5,5,1,1,,,,,izsaf#9638,false,MLN,4,,Isaac,,4_1071
1960,1072,BFB,false,Red Trapper,Trapper,381269531752005663,Active,1B,UTIL,L,2,4,4,2,,,,,Red Trapper#5937,false,MLN,4,,Red,,4_1072
1961,1073,BFB,false,Juan Diego De Las Rosas Jr.,De Las Rosas,189963987129991179,Active,2B,UTIL,R,4,3,1,4,,,,,Dancingtree444#4987,false,MLN,4,Jr.,Juan Diego,,4_1073
1962,1074,BFB,false,Donked McToad,McToad,191205122548695050,Active,CF,,R,4,2,3,3,,,,,donked#9307,false,MLN,4,,Donked,,4_1074
1963,1075,GRZ,false,Robin Reynolds,Reynolds,246049892970004481,Active,RF,,R,3,3,4,2,,,,,Kekar29#3461,false,MLN,4,,Robin,,4_1075
1964,1076,FA,false,Fuzzy Dunlop,Dunlop,396470748526411776,Free Agent,P,,L,,,,,3,3,5,1,Fuzzy Dunlop#5733,false,MLN,4,,Fuzzy,,4_1076
1965,1078,CIN,true,Lawrence Wiseman,Wiseman,181051427924213760,Active,SS,UTIL,R,3,5,2,2,,,,,Inexite#5043,false,MLN,4,,Lawrence,,4_1078
1966,1079,REK,false,Babatunde Oladotun,Oladotun,401796234001514501,Active,P,,R,,,,,4,2,3,3,Babatunde Oladotun#6470,false,MLN,4,,Babatunde,,4_1079
1967,1082,GRZ,false,Basebally McBaseballface Jr.,McBaseballface,212687113634840580,Active,RF,,R,4,2,1,5,,,,,packattack#9827,false,MLN,4,Jr.,Basebally,,4_1082
1968,1083,GRZ,false,Tony Smehrik,Smehrik,185167161734594560,Active,P,,L,,,,,3,5,3,1,liebz#0795,false,MLN,4,,Tony,,4_1083
1969,1085,FA,false,Ed Turner,Turner,377855947252695052,Free Agent,P,,R,,,,,3,4,3,2,Ed Turner [RHP]#5017,false,MLN,4,,Ed,,4_1085
1970,1086,ACP,true,George Ewell,Ewell,211243192358535171,Active,C,COF,R,2,5,4,1,,,,,Ewell,false,MLN,4,,George,,4_1086
1971,1087,SUN,false,Foxx Dashington,Dashington,301455044656758784,Active,C,CINF,R,1,1,5,5,,,,,FoxxDashington#1492,false,MLN,4,,Foxx,,4_1087
1972,1088,ACP,false,Stan Mann,Mann,298312382927732748,Active,1B,UTIL,R,5,5,1,1,,,,,CelciusII#6336,false,MLN,4,,Stan,,4_1088
1973,1089,BFB,false,Jefferson Steelflex,Steelflex,187009663487836162,Active,P,UTIL,L,,,,,4,4,3,1,Jeff Steelflex#0352,false,MLN,4,,Jefferson,,4_1089
1974,1090,ACP,false,James Pablano,Pablano,377904113842913280,Active,P,,R,,,,,2,5,2,3,loco_pabs#0259,false,MLN,4,,James,,4_1090
1975,1091,ACP,false,Dougal McGoogol,McGoogol,377896897870036992,Active,3B,UTIL,R,4,2,1,5,,,,,mcgoogol#0111,false,MLN,4,,Dougal,,4_1091
1976,1096,ACP,false,Justin Paglia,Paglia,378312033675771907,Active,RF,,L,4,2,3,3,,,,,pagsman96#1046,false,MLN,4,,Justin,,4_1096
1977,1097,GRZ,true,Jameson Poe,Poe,136843419321368576,Active,P,,R,,,,,4,4,1,3,Poe#8888,false,MLN,4,,Jameson,,4_1097
1978,1098,FA,false,Kegs Mabry,Mabry,144267007175426048,Free Agent,C,CINF,L,3,1,5,3,,,,,kegs#5639,false,MLN,4,,Kegs,,4_1098
1979,1099,ACP,false,Baron Samedi,Samedi,109574591738851328,Active,C,CINF,R,3,3,2,4,,,,,haunted#0371,false,MLN,4,,Baron,,4_1099
1980,1100,BUF,false,Antwan Zella,Zella,135821931550081024,Active,C,CINF,R,4,4,3,1,,,,,ando#0150,false,MLN,4,,Antwan,,4_1100
1981,1102,BUF,false,Graham Otherie,Otherie,345618052743692288,Active,SS,UTIL,R,3,1,4,4,,,,,grahm03#0716,false,MLN,4,,Graham,,4_1102
1982,1103,BUF,false,Blue Moon Barthelemy,Barthelemy,262767098378321920,Active,LF,,R,5,1,5,1,,,,,thebubs1024#1024,false,MLN,4,,Blue Moon,,4_1103
1983,1105,FA,false,Grey Goose McGillicuddy,McGillicuddy,173958296800198657,Free Agent,3B,UTIL,R,3,3,1,5,,,,,Judah#1924,false,MLN,4,,Grey Goose,,4_1105
1984,1107,MAL,true,Petra Sabor,Sabor,158306211568025600,Active,P,,R,,,,,5,4,2,1,Petralikesbaseball#0016,false,MLN,4,,Petra,,4_1107
1985,1108,GHG,false,Conor Sexton,Sexton,205443196401090561,Active,1B,UTIL,L,3,3,4,2,,,,,YoloSwaggins#8690,false,MLN,4,,Conor,,4_1108
1986,1109,GHG,true,Dominus Nominus,Nominus,198821468317024256,Active,LF,,R,2,2,4,4,,,,,steelermade28#8041,false,MLN,4,,Dominus,,4_1109
1987,1112,ACP,false,Miss Bats,Bats,379676316385017858,Active,P,,L,,,,,5,1,2,4,madelyncr#4615,false,MLN,4,,Miss,,4_1112
1988,1113,KYM,false,Tony Stark,Stark,302242686281318400,Active,CF,,R,4,1,3,4,,,,,mongster_03#3405,false,MLN,4,,Tony,,4_1113
1989,1119,NO,false,Willie Mays Hayes,Hayes,433103168445087756,Active,2B,UTIL,R,4,2,1,5,,,,,WillieMaysHays#9546,false,MLN,4,,Willie Mays,,4_1119
1990,1120,KYM,false,Johnny Hopkins,Hopkins,121083821637500928,Active,3B,UTIL,L,5,2,2,3,,,,,BubonicNarwhal#6234,false,MLN,4,,Johnny,,4_1120
1991,1122,GHG,false,Finkle Sparkles,Sparkles,243128381275766784,Active,P,,R,,,,,4,2,4,2,Einhornfarm#4830,false,MLN,4,,Finkle,,4_1122
1992,1123,FA,false,Kurt Anger,Anger,172340171868602368,Free Agent,P,,L,,,,,5,5,1,1,Kurt Anger#7171,false,MLN,4,,Kurt,,4_1123
1993,1128,FA,false,S.A.R Dinka,Dinka,344901189512593420,Free Agent,P,,R,,,,,4,2,3,3,sardinka#6812,false,MLN,4,,S.A.R.,,4_1128
1994,1131,BFB,false,KC Bats,Bats,322186326130556940,Active,LF,,R,3,3,3,3,,,,,kc3551#3802,false,MLN,4,,KC,,4_1131
1995,1133,REK,false,Hank Murphy,Murphy,382275235082403842,Active,C,COF,L,1,5,5,1,,,,,Hank Murphy#4997,false,MLN,4,,Hank,,4_1133
1996,1134,GHG,false,Ornn Mistborn,Mistborn,277638011124973571,Active,2B,UTIL,R,5,2,1,4,,,,,biigdog#3209,false,MLN,4,,Ornn,,4_1134
1997,1136,GHG,false,Mason Spurs,Spurs,198821468317024256> - GM ping for Mason Spurs,Active,SS,UTIL,L,5,2,2,3,,,,,SpursyGopher#5047,false,MLN,4,,Mason,,4_1136
1998,1137,ACP,false,Jimmy Johns,Johns,235507430656704514,Active,CF,,L,5,1,2,4,,,,,EazyKill#8033,false,MLN,4,,Jimmy,,4_1137
1999,1140,GHG,false,Bartholomew Crumblepuff,Crumblepuff,223279982091304960,Active,P,,L,,,,,3,2,4,3,Zod#3168,false,MLN,4,,Bartholomew,,4_1140
2000,1141,GHG,false,Geno Scaramucci,Scaramucci,378622205883580417,Active,P,,L,,,,,2,4,3,3,SilkyMango#9987,false,MLN,4,,Geno,,4_1141
2001,1143,NO,false,Viking Fishbird,Fishbird,276493774648246272,Active,2B,UTIL,R,3,3,1,5,,,,,VikingFishBird#8715,false,MLN,4,,Viking,,4_1143
2002,1149,HMH,false,Garrett Evans,Evans,233003286943367169,Active,RF,,R,3,2,5,2,,,,,legacy3233#2024,false,MLN,4,,Garrett,,4_1149
2003,1150,SUN,false,Ricky Vaughn,Vaughn,369553888723992578,Active,P,,R,,,,,3,4,4,1,See_You_Laterr#6448,false,MLN,4,,Ricky,,4_1150
2004,1151,SMD,false,Lance Lummoxx,Lummoxx,215570868657455104,Active,SS,UTIL,R,3,2,4,3,,,,,Lummoxx#2267,false,MLN,4,,Lance,,4_1151
2005,1152,FA,false,Hans Ali,Ali,416272664756355075,Free Agent,P,,L,,,,,4,4,2,2,hanstheman33#3083,false,MLN,4,,Hans,,4_1152
2006,1153,ACP,false,Larry Longshot,Longshot,406898210804858884,Active,C,COF,R,3,5,3,1,,,,,TrickyTroy2#3950,false,MLN,4,,Larry,,4_1153
2007,1154,GRZ,false,Kyle Corbett,Corbett,202872015458271232,Active,1B,UTIL,R,4,2,5,1,,,,,kylecorbett42#7256,false,MLN,4,,Kyle,,4_1154
2008,1156,SMD,false,Thomas Thompson III,Thompson,86858721061269504,Active,3B,UTIL,R,2,1,5,4,,,,,Barno#4078,false,MLN,4,III,Thomas,,4_1156
2009,1157,ACP,false,JP Panik,Panik,345339723323146240,Active,SS,UTIL,L,4,2,4,2,,,,,JP1704#3386,false,MLN,4,,JP,,4_1157
2010,1158,SUN,false,Master Cashier,Cashier,143034072787058688,Active,P,,R,,,,,4,4,3,1,MasterCashier#1114,false,MLN,4,,Master,,4_1158
2011,1159,KYM,false,Clifton Outlaw,Outlaw,234287682082045952,Active,RF,,L,3,2,4,3,,,,,AWildHannahAppeared#3538,false,MLN,4,,Clifton,,4_1159
2012,1160,FA,false,Hans Jerkins,Jerkins,204452267724767242,Free Agent,3B,UTIL,L,4,2,1,5,,,,,Xenlos#1147,false,MLN,4,,Hans,,4_1160
2013,1162,NO,false,Nate Lewis,Lewis,183513716166230017,Active,P,,L,,,,,4,2,4,2,Miro#3458,false,MLN,4,,Nate,,4_1162
2014,1164,BFB,false,Zin Martinez,Martinez,"211904717981220865> - a GM ping for Zin Martinez, cc <@358438289344299008>. If he is here, <@345191609098567680",Active,P,,R,,,,,4,3,2,3,Wilbur Forrester Wood#1106,false,MLN,4,,Zin,,4_1164
2015,1165,GHG,false,Dropov Andpicov,Andpicov,166308180668710912,Active,2B,UTIL,R,4,3,2,3,,,,,Shambox#6584,false,MLN,4,,Dropov,,4_1165
2016,1166,BBG,false,Ecliptic Astrum,Astrum,212087762172510210,Active,C,CINF,L,1,5,1,5,,,,,Ecliptic#3662,false,MLN,4,,Ecliptic,,4_1166
2017,1169,HMH,false,Jerome Garcia,Garcia,131978039763402752> - GM ping for Jerome Garcia,Active,2B,UTIL,R,5,3,3,1,,,,,UnironicU2Defender#7767,false,MLN,4,,Jerome,,4_1169
2018,1173,BUF,false,Icna Comit,Comit,176033947308916736,Active,2B,UTIL,L,5,1,4,2,,,,,Almy#0569,false,MLN,4,,Icna,,4_1173
2019,1174,BBG,false,Mad Monty,Monty,454284112165863434,Active,RF,,R,5,3,1,3,,,,,Mad_Monty#0578,false,MLN,4,,Mad,,4_1174
2020,1180,BBG,false,War Hamster,Hamster,238569734185025536,Active,2B,UTIL,R,5,2,1,4,,,,,Warhamster#9295,false,MLN,4,,War,,4_1180
2021,1184,GHG,false,Buzz Schwinghammer,Schwinghammer,270051916803866625,Active,3B,UTIL,R,3,3,1,5,,,,,chillkiller#4014,false,MLN,4,,Buzz,,4_1184
2022,1186,FA,false,Francis Herman Swagger,Swagger,402556009736044544,Free Agent,1B,UTIL,R,2,4,4,2,,,,,bellysk8er2005#9850,false,MLN,4,,Francis,,4_1186
2023,1187,CIN,false,Brandon Blade,Blade,403328412610985984,Active,LF,,L,2,3,5,2,,,,,Lattimore_Island#9939,false,MLN,4,,Brandon,,4_1187
2024,1189,ACP,false,Ethan Franklin,Franklin,344697495517003787,Active,1B,UTIL,L,5,1,3,3,,,,,ethan#4765,false,MLN,4,,Ethan,,4_1189
2025,1192,HMH,false,Larry Slack,Slack,120006483906658307,Active,1B,C,R,2,5,3,2,,,,,shakeandblake#2915,false,MLN,4,,Larry,,4_1192
2026,1194,ACP,false,Rickey Tucker,Tucker,334203993607766017,Active,RF,,R,3,3,4,2,,,,,amesker#3310,false,MLN,4,,Rickey,,4_1194
2027,1199,MAL,false,Boof Boog,Boog,104608263005294592,Active,CF,,R,5,1,5,1,,,,,JohnnyTrout#4375,false,MLN,4,,Boof,,4_1199
2028,1201,HMH,false,Mylo Grams,Grams,342097160122269698,Active,CF,,L,1,5,5,1,,,,,Mylo Grams- Toronto C#9559,false,MLN,4,,Mylo,,4_1201
2029,1205,HMH,false,Stephen Sondheim,Sondheim,121672903396687872,Active,P,,R,,,,,4,3,3,2,David.#9999,false,MLN,4,,Stephen,,4_1205
2030,1206,SMD,false,VeeDee Johnson,Johnson,383477937699029003,Active,2B,UTIL,L,4,1,4,3,,,,,ConstantQuarreling#0175,false,MLN,4,,VeeDee,,4_1206
2031,1208,BBG,false,Base Ventura,Ventura,488754199245357073,Active,P,,L,,,,,3,2,3,4,GKG1214#5442,false,MLN,4,,Base,,4_1208
2032,1209,BFB,false,Pennis Brinner,Brinner,657949188415422475,Active,LF,,L,2,4,5,1,,,,,sael#7290,false,MLN,4,,Pennis,,4_1209
2033,1210,CIN,false,Berna Pozo,Pozo,97154612594741248,Active,C,COF,R,4,5,2,1,,,,,Socc#0001,false,MLN,4,,Berna,,4_1210
2034,1211,MAL,false,Pete Jones,Jones,,Active,3B,UTIL,L,5,1,5,1,,,,,Holibean :sauropod:#1337,false,MLN,4,,Pete,,4_1211
2035,1212,BUF,false,Barney Turbo,Turbo,375039413203501057,Active,P,,R,,,,,4,2,4,2,Alien Abortion Machine#7864,false,MLN,4,,Barney,,4_1212
2036,1217,BFB,false,Amazon Alexa,Alexa,346750558901764117,Active,SS,UTIL,R,4,3,3,2,,,,,Number1Dork#7344,false,MLN,4,,Amazon,,4_1217
2037,1220,SMD,false,Al Ternate,Ternate,346778676471267328,Active,LF,,R,3,4,1,4,,,,,Official Blu Jays Media Manger#8962,false,MLN,4,,Al,,4_1220
2038,1222,CIN,false,Justin Martin,Martin,311241666067431424,Active,C,CINF,R,3,4,4,1,,,,,JustinQuan#3795,false,MLN,4,,Justin,,4_1222
2039,2000,KYM,false,Jerry Jingles,Jingles,340315725556088843,Active,P,,R,,,,,4,4,3,1,ColorMaster#3072,false,MLN,4,,Jerry,,4_2000
2040,2001,POR,false,Jimjon Jonjim,Jonjim,301769120783925258,Active,1B,UTIL,L,4,3,2,3,,,,,Tigerfan895#1214,false,MLN,4,,Jimjon,,4_2001
2041,2002,SUN,false,Assassin Xekutioner,Xekutioner,385236196659560448,Active,3B,UTIL,R,2,2,3,5,,,,,The Xekutioner#6921,false,MLN,4,,Assassin,,4_2002
2042,2005,NO,true,Kiger Wulf,Wulf,308005533028319232,GM Only,1B,C,R,1,3,4,4,,,,,KigerWulf#4308,false,MLN,4,,Kiger,,4_2005
2043,2007,HFX,true,Karolina Miaukatwicz,Miaukatwicz,268216874880204802,GM Only,3B,UTIL,L,5,2,1,4,,,,,jlh2b#5197,false,MLN,4,,Karolina,,4_2007
2044,2010,HMH,false,Skillz Simanek,Simanek,511617020408889354,Active,SS,UTIL,L,3,2,4,3,,,,,tsimaskillz#3401,false,MLN,4,,Skillz,,4_2010
2045,2012,GRZ,false,Burgess Whitehead,Whitehead,396066486168584212,Active,3B,UTIL,L,4,3,4,1,,,,,stout#5458,false,MLN,4,,Burgess,,4_2012
2046,2014,KYM,false,Shovel Bryant,Bryant,398562977814413322,Active,2B,UTIL,R,4,3,1,4,,,,,Ramzavail#6648,false,MLN,4,,Shovel,,4_2014
2047,2020,HMH,false,Demetrios Ooga,Ooga,319330358636314634,Active,LF,,L,5,1,2,4,,,,,oogadebob#9787,false,MLN,4,,Demetrios,,4_2020
2048,2025,HFX,false,Britt O'War,O'War,512103892033470506,Active,P,,R,,,,,4,2,4,2,Britt O'War#9333,false,MLN,4,,Britt,,4_2025
2049,2028,FA,false,Rivka Morales,Morales,386356613617025024,Free Agent,SS,UTIL,R,3,2,3,4,,,,,librarylass#6929,false,MLN,4,,Rivka,,4_2028
2050,2029,FA,false,Louis Whip,Whip,258104532423147520,Free Agent,P,,R,,,,,4,1,4,3,manticorum67#3673,false,MLN,4,,Lois,,4_2029
2051,2034,POR,false,Fortuk Monmouth,Monmouth,85180522820534272,Active,LF,,R,3,4,4,1,,,,,DamienV#3846,false,MLN,4,,Fortuk,,4_2034
2052,2035,ACP,false,Jhahn Tahmus,Tahmus,512767921815027713,Active,LF,,L,4,4,3,1,,,,,jhahn_ttahmus#7940,false,MLN,4,,Jhahn,,4_2035
2053,2036,BUF,true,Sandy Collazo,Collazo,230804103079526400,GM Only,P,,L,,,,,3,2,5,2,Kaluunit#2406,false,MLN,4,,Sandy,,4_2036
2054,2042,GHG,false,Skrunk Meinhoffer,Meinhoffer,215497862904020992,Active,LF,,L,1,3,5,3,,,,,Truly#6240,false,MLN,4,,Skrunk,,4_2042
2055,2044,BBG,false,Maud Nelson,Nelson,514543440709812245,Active,LF,,L,3,4,2,3,,,,,dianaswrld#4135,false,MLN,4,,Maud,,4_2044
2056,2045,FA,false,Tanner Hendrix,Hendrix,341211226199687168,Free Agent,P,,L,,,,,5,1,5,1,TH#0080,false,MLN,4,,Tanner,,4_2045
2057,2047,BBG,false,Calvin Huff,Huff,507717034893901824,Active,P,,R,,,,,3,3,2,4,"Calvin ""mak0shark"" Huff- FA P#5639",false,MLN,4,,Calvin,,4_2047
2058,2048,FA,false,Xavier Phoenix,Phoenix,176130232233754624,Free Agent,CF,,R,3,1,3,5,,,,,Touchdownmike55#5831,false,MLN,4,,Xavier,,4_2048
2059,2049,KYM,false,Brian MacDonald,MacDonald,298870267499773952,Active,P,,R,,,,,5,2,3,2,Ashen_1#2320,false,MLN,4,,Brian,,4_2049
2060,2055,REK,false,Harry Peritestes,Peritestes,268566559746686986,Active,CF,,R,4,3,2,3,,,,,Jpulto#1431,false,MLN,4,,Harry,,4_2055
2061,2056,REK,true,Art Puffmon,Puffmon,466035881682141185,GM Only,C,CINF,L,5,2,1,4,,,,,mile114#1245,false,MLN,4,,Art,,4_2056
2062,2057,REK,false,Jack Alpha,Alpha,378210771005341698,Active,3B,UTIL,R,1,5,2,4,,,,,androidsen#8466,false,MLN,4,,Jack,,4_2057
2063,2059,CIN,false,Daraya Jonjet,Jonjet,214905647584641024,Active,P,,L,,,,,3,2,4,3,Roxy#4965,false,MLN,4,,Daraya,,4_2059
2064,2060,CIN,false,LaPrince Frye,Frye,416715978391420928,Active,P,,L,,,,,4,3,2,3,LaPrince Frye#5785,false,MLN,4,,LaPrince,,4_2060
2065,2064,FA,false,Mat Gamel,Gamel,393492525706641418,Free Agent,SS,C,R,5,2,4,1,,,,,CodyHunter#3353,false,MLN,4,,Mat,,4_2064
2066,2065,POR,false,Gus Buster,Buster,201802131106168843,Active,P,,L,,,,,4,4,3,1,lemonsqueegee#4322,false,MLN,4,,Gus,,4_2065
2067,2067,SUN,false,Riles McGiles,McGiles,372578681006063617,Active,RF,,R,5,5,1,1,,,,,RilesMcGiles#3103,false,MLN,4,,Riles,,4_2067
2068,2068,POR,false,Raphael Akias,Akias,372553093331812352,Active,C,COF,R,3,5,3,1,,,,,Geo#4579,false,MLN,4,,Raphael,,4_2068
2069,2069,POR,false,Tygen Shinybeard,Shinybeard,202278109708419072,Active,RF,,R,1,1,5,5,,,,,dyslexda#0531,false,MLN,4,,Tygen,,4_2069
2070,2070,GHG,false,Billy Winters,Winters,90629680868134912,Active,P,,R,,,,,4,2,2,4,Kartov#2854,false,MLN,4,,Billy,,4_2070
2071,2072,GHG,false,River Ride,Ride,172194603754192896,Active,C,COF,L,3,5,3,1,,,,,pull#0053,false,MLN,4,,River,,4_2072
2072,2074,MAL,false,Jobert Maclin,Maclin,342427013442830336,Active,CF,,L,1,5,5,1,,,,,Jojo#5871,false,MLN,4,,Jobert,,4_2074
2073,2075,MAL,false,Ray Baker,Baker,470202656992919553,Active,P,,R,,,,,5,5,1,1,NolaGumbeaux41#8934,false,MLN,4,,Ray,,4_2075
2074,2078,HMH,false,Rascal Alex,Alex,131978039763402752> - GM ping for Rascal Alex,Active,P,,L,,,,,2,4,3,3,Avdo#9090,false,MLN,4,,Rascal,,4_2078
2075,2079,FA,false,Pengu Papi,Papi,633566832321626132,Free Agent,C,CINF,L,5,2,1,4,,,,,Jeffrey#2575,false,MLN,4,,Pengu,,4_2079
2076,2080,FA,false,Junebug Wray,Wray,144969605977341953,Free Agent,P,,R,,,,,3,2,5,2,Joester09#1816,false,MLN,4,,Junebug,,4_2080
2077,2081,FA,false,Cal Lidous,Lidous,485723834075316224,Free Agent,P,,R,,,,,5,1,5,1,Cal Lidous#4232,false,MLN,4,,Cal,,4_2081
2078,2082,REK,false,Dixon Uraz,Uraz,148580118179217410,Active,CF,,L,5,1,1,5,,,,,Club_toast#4313,false,MLN,4,,Dixon,,4_2082
2079,2083,HFX,false,Dylan Green,Green,172167687143817217,Active,P,,L,,,,,5,3,2,2,DylanG5#4899,false,MLN,4,,Dylan,,4_2083
2080,2085,MAL,false,Lloyd Gross,Gross,206526330861387776,Active,C,CINF,R,2,4,3,3,,,,,CringE#0294,false,MLN,4,,Lloyd,,4_2085
2081,2086,CIN,false,Drew Ekstrum,Ekstrum,294335981442564096,Active,CF,,R,5,1,1,5,,,,,Drew Ekstrum#1125,false,MLN,4,,Drew,,4_2086
2082,2088,HMH,false,Dmitri Petrovich,Petrovich,355934424061181972,Active,LF,,R,4,2,3,3,,,,,GSchlim,false,MLN,4,,Dmitri,,4_2088
2083,2090,MAL,false,Goro Shinoda,Shinoda,153721741129023488,Active,SS,UTIL,L,5,1,1,5,,,,,XemyrLeBeau,false,MLN,4,,Goro,,4_2090
2084,2093,ACP,false,True Pierce,Pierce,399299351802937344,Active,P,,R,,,,,4,4,3,1,True #9380,false,MLN,4,,True,,4_2093
2085,2094,FA,false,JZ (but not the rapper),JZ,254774534274547713,Free Agent,3B,UTIL,R,2,4,1,5,,,,,JZKITTY#3143,false,MLN,4,,,,4_2094
2086,2095,FA,false,Val Pix,Pix,231100460482691074,Free Agent,2B,UTIL,L,4,5,2,1,,,,,Valpix#6666,false,MLN,4,,Val,,4_2095
2087,2096,GRZ,false,Adam Croft,Croft,208429483059970050,Active,P,,L,,,,,4,3,4,1,Naki#2555,false,MLN,4,,Adam,,4_2096
2088,2097,HFX,false,Bobby Vance,Vance,438226264608735232,Active,RF,,L,5,2,3,2,,,,,Wildcard09,false,MLN,4,,Bobby,,4_2097
2089,2101,BUF,false,Duwan Anonly,Anonly,140944286282678273,Active,RF,,R,5,3,1,3,,,,,Wazzup44#3094,false,MLN,4,,Duwan,,4_2101
2090,2102,CIN,false,Oliver Yu,Yu,119468291579183104,Active,3B,UTIL,L,4,2,2,4,,,,,Alf#0413,false,MLN,4,,Oliver,,4_2102
2091,2103,HFX,false,Justin Chaboya,Chaboya,220209212003713034,Active,LF,,L,4,5,2,1,,,,,Pizzotes#6041,false,MLN,4,,Justin,,4_2103
2092,2104,FA,false,Bobby “Freakin” Portis,Portis,383444903344078848,Free Agent,CF,,R,4,1,5,2,,,,,jackvd,false,MLN,4,,Bobby,,4_2104
2093,2106,GRZ,false,Declan Archer,Archer,501849193338503168,Active,CF,,L,4,2,2,4,,,,,#0340,false,MLN,4,,Declan,,4_2106
2094,2107,POR,false,Kalin Young,Young,273639536804757514,Active,2B,UTIL,R,4,4,1,3,,,,,Kyounggun#9129,false,MLN,4,,Kalin,,4_2107
2095,2108,CIN,false,Arm N. Hammer,Hammer,203362581363032064,Active,RF,,L,3,3,2,4,,,,,Poet#0643,false,MLN,4,,Arm N.,,4_2108
2096,2109,POR,false,Nate Duke,Duke,235564193112260608,Active,CF,,L,5,1,1,5,,,,,natetheduke#5754,false,MLN,4,,Nate,,4_2109
2097,3000,FA,false,Eli Sasak,Sasak,293856447194988554,Free Agent,1B,UTIL,R,4,2,4,2,,,,,Draid#0610,false,MLN,4,,Eli,,4_3000
2098,3005,SUN,false,Pablo Sanchez,Sanchez,484386566249119760,Active,2B,UTIL,L,5,1,1,5,,,,,matt2930#7229,false,MLN,4,,Pablo,,4_3005
2099,3007,FA,false,Salvatore Sal De Luca,De Luca,92127213410865152,Free Agent,C,COF,L,2,5,4,1,,,,,HolyHamGrenade#5701,false,MLN,4,,Salvatore,,4_3007
2100,3009,MAL,false,Bull Dozer,Dozer,178316162185166855,Active,P,,R,,,,,3,3,4,2,Matt55,false,MLN,4,,Bull,,4_3009
2101,3010,NO,false,Jarey Butts,Butts,246828880848093185,Active,1B,UTIL,R,3,2,4,3,,,,,Jurd#9852,false,MLN,4,,Jarey,,4_3010
2102,3011,NO,false,Josef Samuelsson,Samuelsson,443829816752340994,Captain,P,,R,,,,,2,1,5,4,Jaysword#3811,false,MLN,4,,Josef,,4_3011
2103,3012,HFX,false,Rusty Nails,Nails,368414494772428801,Active,CF,,L,4,1,4,3,,,,,howiejriii,false,MLN,4,,Rusty,,4_3012
2104,3015,FA,false,"Jason ""Dead"" Redd",Redd,485217045408120833,Free Agent,P,,R,,,,,4,1,3,4,ReedGibson,false,MLN,4,,Jason,,4_3015
2105,3017,NO,false,Bob Dunagee,Dunagee,88061817925935104,Captain,3B,UTIL,L,5,2,2,3,,,,,Redwagon#1602,false,MLN,4,,Bob,,4_3017
2106,3019,MAL,false,Will The Thrill,Thrill,593042150447382529,Active,1B,UTIL,R,4,1,2,5,,,,,Willand714,false,MLN,4,,Will the,,4_3019
2107,3020,FA,false,Bill “Pegleg” Bailey,Bailey,227953127452704782,Free Agent,SS,UTIL,R,3,3,2,4,,,,,Peglegbonesbailey,false,MLN,4,,Bill,,4_3020
2108,3023,NO,false,Dinger Sampson,Sampson,387226344393670656,Active,CF,,L,5,1,1,5,,,,,Dinger Sampson,false,MLN,4,,Dinger,,4_3023
2109,3024,FA,false,"Bill ""Bull"" Bison",Bison,198668238572355584,Free Agent,C,COF,R,3,5,1,3,,,,,EpicMowse#8504,false,MLN,4,,Bill,,4_3024
2110,3027,NO,false,Diego Medina,Medina,159766338833874944,Captain,P,,R,,,,,3,3,3,3,Diego#5535,false,MLN,4,,Diego,,4_3027
2111,3028,POR,false,Loghan O'Brien,O'Brien,148425866588848128,Active,P,,L,,,,,3,2,4,3,Moosey#7461,false,MLN,4,,Loghan,,4_3028
2112,3035,NO,false,Max Power,Power,323992643929374721,Active,RF,,L,4,3,2,3,,,,,aidanfergie#7553,false,MLN,4,,Max,,4_3035
2113,3037,BBG,false,Doc Holliday,Holliday,558335911818035203,Active,CF,,L,2,2,5,3,,,,,Dochobbes,false,MLN,4,,Doc,,4_3037
2114,3038,NO,false,Lincoln Crawford,Crawford,443892188775055370,Active,1B,UTIL,L,3,3,5,1,,,,,Pantheon - Chris#8426,false,MLN,4,,Lincoln,,4_3038
2115,3039,SUN,false,Bob Wehadababyitzaboy,Wehadababyitzaboy,206833217678868480,Active,SS,UTIL,L,4,1,4,3,,,,,TBKLarry#1903,false,MLN,4,,Bob,,4_3039
2116,3042,NO,false,Joanna McMartinez,McMartinez,189893705786720256,Active,C,COF,L,4,4,1,3,,,,,Calluna#0305,false,MLN,4,,Joanna,,4_3042
2117,3043,GHG,false,Rekt Kiddo,Kiddo,114529305219956739,Active,3B,C,L,4,4,1,3,,,,,Keyo,false,MLN,4,,Rekt,,4_3043
2118,3046,CIN,false,Johnny Hendrix,Hendrix,592166200750899200,Active,3B,C,L,3,3,4,2,,,,,givemdaeephus#5189,false,MLN,4,,Johnny,,4_3046
2119,3048,GRZ,false,Maximillian Minninun,Minninun,223980930975399937,Active,LF,,R,1,3,5,3,,,,,SoneRandomPerson#2533,false,MLN,4,,Maximillian,,4_3048
2120,3049,SUN,false,Ferda Bois,Bois,404782639824764951,Active,P,,L,,,,,4,2,3,3,msnmllr,false,MLN,4,,Ferda,,4_3049
2121,3050,HFX,false,Dookie Stane,Stane,443280943579660288,Active,SS,UTIL,L,1,2,5,4,,,,,rongboy#8588,false,MLN,4,,Dookie,,4_3050
2122,3051,MAL,false,Carlo E. Formaggio,Formaggio,217141905807376385,Active,C,COF,R,3,4,1,4,,,,,Axel323#7236,false,MLN,4,,Carlo E.,,4_3051
2123,3052,FA,false,Bico Nico,Nico,552839183413018624,Free Agent,SS,UTIL,L,3,3,4,2,,,,,OniR1#2332,false,MLN,4,,Bico,,4_3052
2124,3053,POR,false,Juniped Catfish,Catfish,121871011091185664,Active,3B,UTIL,R,5,1,5,1,,,,,Juniped,false,MLN,4,,Juniped,,4_3053
2125,3054,REK,false,Paulie Wag,Wag,139926308644847616,Active,SS,UTIL,L,1,5,1,5,,,,,pelochyta #9978,false,MLN,4,,Paulie,,4_3054
2126,3056,REK,false,Donatello Chalupa,Chalupa,197068139073110016,Active,P,,R,,,,,3,3,3,3,Jslamas,false,MLN,4,,Donatello,,4_3056
2127,3057,HFX,false,Frozen Inertia,Inertia,213354112434044931,Active,P,,R,,,,,5,4,2,1,EricS53 #2544,false,MLN,4,,Frozen,,4_3057
2128,3058,HMH,false,Rotticus Scott Jr.,Scott,247260486339395585,Active,C,COF,R,5,4,2,1,,,,,Mottyice#9677,false,MLN,4,Jr.,Rotticus,,4_3058
2129,3059,CIN,false,Skel Etor,Etor,96948103130656768,Active,1B,C,L,2,4,4,2,,,,,frowntownclown#6523,false,MLN,4,,Skel,,4_3059
2130,3060,MAL,false,Skye McDowell,McDowell,159719742658183168,Active,LF,,R,1,1,5,5,,,,,nayseloid#7343,false,MLN,4,,Skye,,4_3060
2131,3061,BBG,false,Trog Smash,Smash,264255447786192896,Active,3B,UTIL,L,2,3,5,2,,,,,Xianthres,false,MLN,4,,Trog,,4_3061
2132,3063,REK,false,Tyrone Jennings III,Jennings,326127044163403776,Active,P,,R,,,,,5,2,3,2,Vecinzz#9675,false,MLN,4,III,Tyrone,,4_3063
2133,3065,NO,false,Robert Atech,Atech,116109126832095239,Active,CF,,L,3,3,5,1,,,,,Tica#3609,false,MLN,4,,Robert,,4_3065
2134,3066,REK,false,Thor Heyerdahl,Heyerdahl,349359777220001793,Active,1B,UTIL,R,5,1,5,1,,,,,Qomsday#7405,false,MLN,4,,Thor,,4_3066
2135,3068,REK,false,Flick Maplethorpe,Maplethorpe,631554330356613120,Active,LF,,L,3,3,1,5,,,,,Dentonoff#3915,false,MLN,4,,Flick,,4_3068
2136,3069,GRZ,false,Wallace Grommet,Grommet,476558347634475028,Active,SS,C,L,4,3,4,1,,,,,kaylittle6,false,MLN,4,,Wallace,,4_3069
2137,3070,REK,false,Ded Tanson,Tanson,121733091034267648,Active,P,,L,,,,,1,2,5,4,Sickboy2212#2182,false,MLN,4,,Ded,,4_3070
2138,3071,x,false,Kyle Mullins,Mullins,255311391186092032,Active,2B,UTIL,R,4,3,3,2,,,,,DefinitelyWheeler#4417,false,MLN,4,,Kyle,,4_3071
2139,3072,FA,false,Tucker Doubt,Doubt,347109742155399168,Free Agent,3B,UTIL,L,5,1,5,1,,,,,MikeyTKO#0005,false,MLN,4,,Tucker,,4_3072
2140,3075,HFX,false,H.D. Dog,Dog,231952127931580416,Active,CF,,L,4,2,1,5,,,,,Hot Diggity Dog#2030,false,MLN,4,,H.D.,,4_3075
2141,3077,NO,false,Derek Bongiovanni,Bongiovanni,291738770313707521,Active,C,COF,R,1,5,1,5,,,,,Dbon#2576,false,MLN,4,,Derek,,4_3077
2142,3078,BBG,false,Chakra Pilates,Pilates,644325646486732810,Active,C,COF,L,2,4,3,3,,,,,ChakraPilates,false,MLN,4,,Chakra,,4_3078
2143,3079,REK,false,Isaac Snowbender,Snowbender,140306370359459840,Active,LF,,R,5,1,5,1,,,,,mvh1015#6260,true,MLN,4,,Isaac,,4_3079
2144,3080,BFB,false,Jeff Dingerhitter,Dingerhitter,263888354179809280,Active,RF,,R,3,2,4,3,,,,,Woj#6097,true,MLN,4,,Jeff,,4_3080
2145,3082,SMD,false,Basethony Balltano,Balltano,671474346606198820,Active,C,COF,L,5,4,2,1,,,,,Declan#0676,true,MLN,4,,Basethony,,4_3082
2146,3083,POR,false,Poop McGee,McGee,402249979651031052,Active,P,,L,,,,,4,1,4,3,Andrew3#2319,true,MLN,4,,Poop,,4_3083
2147,3084,GRZ,false,Ryan Tyburn,Tyburn,334144448873365504,Active,2B,UTIL,R,5,5,1,1,,,,,Tyburn#0651,true,MLN,4,,Ryan,,4_3084
2148,3085,CIN,false,Red Arrow,Arrow,272034904127045633,Active,P,,R,,,,,2,2,4,4,RedArrow12c #7693,true,MLN,4,,Red,,4_3085
2149,3086,GHG,false,Nono Nones,Nones,251117327792209920,Active,LF,,R,5,1,2,4,,,,,VoxBarbarian#7332,true,MLN,4,,Nono,,4_3086
2150,3087,BFB,false,Xerxes Dalin,Dalin,188872774553567242,Active,3B,UTIL,L,3,3,5,1,,,,,Chill#1991,true,MLN,4,,Xerxes,,4_3087
2151,3088,BUF,false,Yoel Roshi,Roshi,293180794124632074,Active,P,,L,,,,,4,2,2,4,pyrolola#2993,true,MLN,4,,Yoel,,4_3088
2152,3089,KYM,false,Joey Wheeler,Wheeler,389269825425375233,Active,P,,L,,,,,1,1,5,5,Slingblade#8693,true,MLN,4,,Joey,,4_3089
2153,3090,FA,false,Henry Crowell,Crowell,367409193004564483,Free Agent,P,,R,,,,,3,2,5,2,Biggie Eilish #1074,true,MLN,4,,Henry,,4_3090
2154,3091,FA,false,Zelk Jacen Antilles,Antilles,250094459721613315,Free Agent,3B,UTIL,L,3,3,5,1,,,,,CaptainSolo96#0006,true,MLN,4,,Zelk,,4_3091
2155,3092,CIN,false,Thelonius Junk,Junk,183195160358813697,Active,RF,,L,5,3,1,3,,,,,Ranitall#0646,true,MLN,4,,Thelonius,,4_3092
2156,4000,GHG,false,King Kruul,Kruul,246762932703068162,Active,RF,,R,1,5,5,1,,,,,LefLop#4771,true,MLN,4,,King,,4_4000
2157,4001,KYM,false,Fat Wad,Wad,493941633138556939,Active,3B,C,L,3,2,5,2,,,,,kiddingsoda#0677,true,MLN,4,,Fat,,4_4001
2158,4002,BFB,false,Jeff Downey,Downey,285097851631960064,Active,3B,UTIL,L,3,3,5,1,,,,,BigCat#0237,true,MLN,4,,Jeff,,4_4002
2159,4003,KYM,false,Callie Braden,Braden,680949666824978432,Active,P,,R,,,,,5,1,4,2,CloudNein#6571,true,MLN,4,,Callie,,4_4003
2160,4004,BUF,false,Alex Lahey,Lahey,240572831333613569,Active,2B,UTIL,L,1,5,5,1,,,,,Reno#1997,true,MLN,4,,Alex,,4_4004
2161,4005,FA,false,Barry McKockiner,McKockiner,681539051009867797,Free Agent,P,,L,,,,,5,5,1,1,ShenaniganMuffin#4600,true,MLN,4,,Barry,,4_4005
2162,4006,FA,false,Ike Martillo,Martillo,172880114567086080,Free Agent,3B,UTIL,R,2,4,5,1,,,,,Ice_Hammer#0191,true,MLN,4,,Ike,,4_4006
2163,4007,HFX,false,Reese Worthington,Worthington,554004612797956106,Active,2B,C,L,2,3,3,4,,,,,RockM888#6275,true,MLN,4,,Reese,,4_4007
2164,4008,SMD,false,LaCarpetron Dukemarriot,Dukemarriot,681243530588717120,Active,P,,R,,,,,4,2,3,3,Dukemarriot#0179,true,MLN,4,,LaCarpetron,,4_4008
2165,4009,FA,false,Johnny Dawkins,Dawkins,612494299120140295,Free Agent,1B,UTIL,R,2,3,4,3,,,,,Fakecfbillinoisstae#5952,true,MLN,4,,Johnny,,4_4009
2166,4010,MAL,false,North McLean,McLean,237633230084374528,Active,CF,,L,1,5,1,5,,,,,"North, The Greatest Showman",true,MLN,4,,North,,4_4010
2167,4011,BUF,false,Mitch Meanmug,Meanmug,294497117467181056,Active,LF,,R,3,3,4,2,,,,,fermatajack,true,MLN,4,,Mitch,,4_4011
2168,4012,HFX,false,Deku Matsui,Matsui,255477872880254976,Active,2B,UTIL,R,3,4,2,3,,,,,KrazyPolishBoy,true,MLN,4,,Deku,,4_4012
2169,4013,FA,false,Jonah Levin,Levin,,Free Agent,2B,UTIL,L,4,3,2,3,,,,,CozyKaiju#5745,true,MLN,4,,Jonah,,4_4013
2170,4014,FA,false,David Shaw,Shaw,354399654131138561,Free Agent,2B,UTIL,R,4,5,1,2,,,,,davidshaw,true,MLN,4,,David,,4_4014
2171,4015,FA,false,Plack “Clack” Attack,Attack,473845222514884610,Free Agent,1B,UTIL,R,3,3,4,2,,,,,MU | Teztify#9523,true,MLN,4,,Plack,,4_4015
2172,4016,HFX,false,Shortpoleon Napsleeve,Napsleeve,240919142507479040,Active,SS,UTIL,R,3,2,4,3,,,,,elated potato#1373,true,MLN,4,,Shortpoleon,,4_4016
2173,4017,FA,false,Andrew Nova,Nova,261036761109495808,Free Agent,P,,L,,,,,5,3,1,3,andrews#4302,true,MLN,4,,Andrew,,4_4017
2174,4018,CIN,false,Slow low,Low,341365184021004290,Active,2B,C,R,3,4,3,2,,,,,Slowlow24,true,MLN,4,,Slow,,4_4018
2175,4019,REK,false,Russel Ellis,Ellis,282220049090215946,Active,2B,UTIL,R,3,4,1,4,,,,,Russel #6507,true,MLN,4,,Russel,,4_4019
2176,4020,BUF,false,BANNED PLAYER,PLAYER,613531591062323200,Active,C,COF,L,1,5,1,5,,,,,aapoquidam#4497,true,MLN,4,,BANNED,,4_4020
2177,4021,FA,false,Jeff “Saggy Baggs” Shagwell,Shagwell,209183193436258304,Free Agent,LF,,L,3,1,5,3,,,,,MattDaddio,true,MLN,4,,Jeff,,4_4021
2178,4022,GRZ,false,Adonis Sinoda,Sinoda,608356413269606505,Active,1B,UTIL,L,2,4,5,1,,,,,Hallmonitor_20#2799,true,MLN,4,,Adonis,,4_4022
2179,4023,BUF,false,Vinny Vega,Vega,332741384446410755,Active,P,,L,,,,,2,4,4,2,Vinny #3614 I believe,true,MLN,4,,Vinny,,4_4023
2180,4024,BBG,false,Didja Naylor,Naylor,675178744864047104,Active,1B,UTIL,R,4,2,4,2,,,,,ChickenSteaksHeavyWeights,true,MLN,4,,Didja,,4_4024
2181,4025,BBG,false,Bast Fidgewidget,Fidgewidget,412709586257313813,Active,RF,,R,4,4,1,3,,,,,I am the black sheep,true,MLN,4,,Bast,,4_4025
2182,4033,BBG,false,Leonidas States,States,344569430132391938,Active,SS,UTIL,L,4,2,5,1,,,,,BillyShake#4067,true,MLN,4,,Leonidas,,4_4033
2183,4034,SUN,false,Gargle Nutz,Nutz,544267009395916813,Active,2B,UTIL,R,3,3,4,2,,,,,GargleNutz#7309,true,MLN,4,,Gargle,,4_4034
2184,4035,KYM,false,Dirk Dangerous,Dangerous,149311407907799041,Active,CF,,L,1,1,5,5,,,,,as334#2217,true,MLN,4,,Dirk,,4_4035
2185,4036,CIN,false,Turk Schmidt,Schmidt,203412994720399360,Active,3B,UTIL,L,4,2,4,2,,,,,Turk#0172,true,MLN,4,,Turk,,4_4036
2186,4037,FA,false,Thor Odinsson,Odinsson,238836526409187338,Free Agent,P,,L,,,,,5,3,3,1,tbewulf#3297,true,MLN,4,,Thor,,4_4037
2187,4038,FA,false,Center Fielder,Fielder,315706495473942529,Free Agent,3B,UTIL,R,4,3,3,2,,,,,Zand#1674,true,MLN,4,,Center,,4_4038
2188,4039,MAL,false,Wild Legs Wilkerson,Wilkerson,241371232983973888,Active,P,,L,,,,,3,3,3,3,michael#9947,true,MLN,4,,Wild Legs,,4_4039
2189,4040,REK,false,Trogdor Fhqwhgads,Fhqwhgads,545406706038079520,Active,2B,UTIL,L,5,2,1,4,,,,,Haniger's Grenade#9160,true,MLN,4,,Trogdor,,4_4040
2190,4041,BUF,false,John Rhys Ealy,Ealy,267524720470130690,Active,3B,UTIL,R,4,3,3,2,,,,,DutifullyPurple,true,MLN,4,,John Rhys,,4_4041
2191,4042,POR,false,Sarah Buntingsworth,Buntingsworth,167796704739983360,Active,1B,UTIL,L,4,2,2,4,,,,,sarah_#4781,true,MLN,4,,Sarah,,4_4042
2192,4043,NO,false,Cap Keeler,Keeler,555157292408897567,Active,P,,L,,,,,3,3,4,2,bob124#1895,true,MLN,4,,Cap,,4_4043
2193,4044,BUF,false,Ura Irons,Irons,326427060438433792,Active,1B,UTIL,R,1,1,5,5,,,,,Arujento#7149,true,MLN,4,,Ura,,4_4044
2194,4045,SMD,false,Dakota Carolina Montana,Montana,276829932439470081,Active,RF,,L,3,1,5,3,,,,,Dakota Carolina Montana,true,MLN,4,,Dakota Carolina,,4_4045
2195,4046,FA,false,Jack Meoff,Meoff,676613531637907498,Free Agent,SS,C,R,4,2,2,4,,,,,FearGoldEagle45,true,MLN,4,,Jack,,4_4046
2196,4047,FA,false,Caleb Aiken,Aiken,257956618015211522,Free Agent,C,CINF,R,2,5,4,1,,,,,Nathan625#7391,true,MLN,4,,Caleb,,4_4047
2197,4048,FA,false,Mike Fruitstand,Fruitstand,202273074261917697,Free Agent,RF,,R,4,2,2,4,,,,,ItsJustFruity#8827,true,MLN,4,,Mike,,4_4048
2198,4049,BBG,false,Cromulent Embiggens,Embiggens,490600203921915904,Active,P,,L,,,,,4,3,3,2,iunnolol,true,MLN,4,,Cromulent,,4_4049
2199,4050,BFB,false,Cali Guerensk,Guerensk,322858095590244353,Active,P,,R,,,,,2,5,2,3,Drag0nG0ld008#5755,true,MLN,4,,Cali,,4_4050
2200,4067,BUF,false,Dogwood Maple,Maple,552159012288856084,Active,2B,UTIL,R,4,2,4,2,,,,,dogwoodmaple#1747,true,MLN,4,,Dogwood,,4_4067
2201,4068,BFB,false,Cam’ron West,West,366942633916104705,Active,2B,UTIL,R,4,4,1,3,,,,,DPZ1156#7914,true,MLN,4,,Cam’ron,,4_4068
2202,4069,SUN,false,Hot Dog Jeopardy,Jeopardy,121792167361511424,Active,C,COF,R,1,4,4,3,,,,,Big Botto m#1067,true,MLN,4,,Hot Dog,,4_4069
2203,4072,x,false,Nicholas Fouss,Fouss,182233101349421067,Active,2B,UTIL,L,3,2,3,4,,,,,superfish1205#8463,false,MLN,4,,Nicholas,,4_4072
2204,4073,x,false,Sconnie McSwings,McSwings,362064637509763085,Active,2B,UTIL,R,3,2,3,4,,,,,G2019 #0639,false,MLN,4,,Sconnie,,4_4073
2205,4074,x,false,Ryan Reynolds IV,Reynolds,612494299120140295,Active,P,,L,,,,,4,3,2,3,Alrightythen#5952,false,MLN,4,IV,Ryan,,4_4074
2206,4075,x,false,Truck Month,Month,197831638846013447,Active,CF,,R,3,4,3,2,,,,,Truck Month#7046,false,MLN,4,,Truck,,4_4075
2207,4076,BUF,false,Grimothy Johnson,Johnson,179396505189351425,Active,P,,R,,,,,2,5,4,1,base_coin#0111,false,MLN,4,,Grimothy,,4_4076
2208,4077,x,false,Hunter Scott,Scott,623164301267435541,Active,LF,,R,5,4,1,2,,,,,I'll change this later#3627,false,MLN,4,,Hunter,,4_4077
2209,4078,x,false,Sleve McDichael,McDichael,350765214288838666,Active,P,,R,,,,,4,2,2,4,megalo#7735,false,MLN,4,,Sleve,,4_4078
2210,4079,x,false,Pedro Cerrano-Spaz,Cerrano-Spaz,480094051761389573,Active,RF,,R,3,1,4,4,,,,,BtSpaz#5064,false,MLN,4,,Pedro,,4_4079
2211,4080,x,false,Patrick McDonough,McDonough,465113775209709568,Active,LF,,R,5,5,1,1,,,,,코르도바 시드니 #8968,false,MLN,4,,Patrick,,4_4080
2212,4081,x,false,Toppo Thamornin,Thamornin,142120199242514432,Active,P,,R,,,,,5,1,4,2,Zpheldin#4429,false,MLN,4,,Toppo,,4_4081
2213,5015,x,false,Holland Oats,Oats,174249690919862272,Active,CF,,L,3,1,3,5,,,,,jimmiboi#9276,false,MLN,4,,Holland,,4_5015
2214,5016,x,false,LeBarn James,James,,Active,C,CINF,L,3,1,5,3,,,,,door_nav,false,MLN,4,,LeBarn,,4_5016
2215,1001,SMD,false,Crash Davis,Davis,293940505614483456,Active,CF,,L,4,2,1,5,,,,,Flying Spaghetti Hitchens#6329,false,MLN,5,,Crash,,5_1001
2216,1002,GRZ,false,Garitek,Garitek,201437703328235520,Captain,C,CINF,R,4,4,3,1,,,,,GareDr333#5369,false,MLN,5,,,,5_1002
2217,1004,SMD,true,Pops Dongoria,Dongoria,225468192443727873,GM Only,P,,R,,,,,5,3,2,2,timland33#8053,false,MLN,5,,Pops,,5_1004
2218,1006,SMD,false,Smitty Hoppenscotch,Hoppenscotch,377826278004490240,Active,CF,,L,4,2,1,5,,,,,Natsochist#8041,false,MLN,5,,Smitty,,5_1006
2219,1008,SMD,false,Atlas Quin,Quin,148920755189579776,Active,P,,L,,,,,5,2,4,1,Pieanator#7542,false,MLN,5,,Atlas,,5_1008
2220,1010,SMD,false,Madis Mickelson,Mickelson,310887264374882304,Active,RF,,L,4,4,1,3,,,,,madis99#4415,false,MLN,5,,Madis,,5_1010
2221,1012,SMD,false,Reservoir Butler,Butler,288768900169072641,Active,SS,C,R,4,2,1,5,,,,,ghostelephant#6650,false,MLN,5,,Reservoir,,5_1012
2222,1017,BFB,false,Joe Runzer,Runzer,414316350324998144,Active,LF,,R,4,2,1,5,,,,,scumbagjoe11#2267,false,MLN,5,,Joe,,5_1017
2223,1021,POR,false,Q Kimbrel,Kimbrel,134478480862740480,Captain,CF,,R,1,3,5,3,,,,,Cerb#8365,false,MLN,5,,Q,,5_1021
2224,1022,GHG,false,Chuck McCluster,McCluster,391473385768747008,Active,RF,,R,3,4,3,2,,,,,snipenberg#7197,false,MLN,5,,Chuck,,5_1022
2225,1023,SMD,false,Dan Gerzone,Gerzone,358438389160345600,Active,2B,UTIL,R,4,1,3,4,,,,,Dan_Gerzone,false,MLN,5,,Dan,,5_1023
2226,1024,HFX,false,Jordan Peppers,Peppers,298191208776204288,Active,P,,R,,,,,4,2,2,4,raptor152#0431,false,MLN,5,,Jordan,,5_1024
2227,1026,POR,false,Angel Leon,Leon,240939239968210944,Active,P,,L,,,,,4,3,4,1,GK12303#1313,false,MLN,5,,Angel,,5_1026
2228,1027,SMD,false,Thomas Nova,Nova,341669113430540301,Active,P,,L,,,,,4,4,2,2,Daitryu#7669,false,MLN,5,,Thomas,,5_1027
2229,1028,HMH,false,Haraldo MacKenzie,MacKenzie,281586814471634945,Active,SS,UTIL,R,5,1,4,2,,,,,mack#0894,false,MLN,5,,Haraldo,,5_1028
2230,1029,SUN,false,Lefty Louis,Louis,326553566909300737,Active,1B,UTIL,L,1,5,5,1,,,,,lewislewes#3447,false,MLN,5,,Lefty,,5_1029
2231,1032,SUN,true,Charlie Scott,Scott,193883917055557642,GM Only,C,COF,L,5,5,1,1,,,,,SemiCharmedMike#9629,false,MLN,5,,Charlie,,5_1032
2232,1033,BBG,true,Daz Reference,Reference,180498124823855104,Active,SS,UTIL,R,5,1,1,5,,,,,Obscure_Reference#9129,false,MLN,5,,Daz,,5_1033
2233,1034,SUN,false,Jack Marnette,Marnette,345701896377597953,Active,LF,,R,5,2,2,3,,,,,jmarnette#1828,false,MLN,5,,Jack,,5_1034
2234,1035,SUN,false,Pete Wheeler,Wheeler,213403960072077312,Captain,CF,,L,3,3,1,5,,,,,mcastagnaro30#2558,false,MLN,5,,Pete,,5_1035
2235,1036,HFX,false,Spike Suzuki,Suzuki,398235187634503702,Captain,C,COF,L,4,4,3,1,,,,,xbijin#3776,false,MLN,5,,Spike,,5_1036
2236,1039,FA,false,Clive Babineaux,Babineaux,312078049401110530,Free Agent,RF,,L,4,2,4,2,,,,,tanay002#5272,false,MLN,5,,Clive,,5_1039
2237,1041,ACP,false,Barney Summers,Summers,378073752400953344,Active,C,CINF,L,5,5,1,1,,,,,CougMaster#8822,false,MLN,5,,Barney,,5_1041
2238,1042,NO,false,Dallas Houston,Houston,359717979732312064,Active,RF,,R,3,3,5,1,,,,,mbless1415#6210,false,MLN,5,,Dallas,,5_1042
2239,1043,KYM,false,Tyler Palmatier,Palmatier,195415573721645056,Active,1B,UTIL,R,3,3,4,2,,,,,Jags#3155,false,MLN,5,,Tyler,,5_1043
2240,1051,SUN,false,Superbone Threefinger,Threefinger,224327937720188928,Active,CF,,L,4,1,3,4,,,,,23baseball3#3100,false,MLN,5,,Superbone,,5_1051
2241,1052,HMH,false,Zed Leona,Leona,177281342818484224,Active,C,CINF,R,5,4,1,2,,,,,Sleeper#2045,false,MLN,5,,Zed,,5_1052
2242,1054,HMH,false,Steve Hofbardozzi Jr. Jr. Jr.,Hofbardozzi,207143171128426496,Active,3B,UTIL,L,5,4,1,2,,,,,GeneticlyPerfct#0232,false,MLN,5,Jr.,Steve,,5_1054
2243,1055,HMH,true,Osmosis Jones,Jones,131978039763402752,Active,2B,UTIL,L,4,3,1,4,,,,,AdmiralJones42#6648,false,MLN,5,,Osmosis,,5_1055
2244,1056,BFB,false,Henrik Omega,Omega,178987211239325696,Active,RF,,L,3,3,2,4,,,,,Big Bossuru#1370,false,MLN,5,,Henrik,,5_1056
2245,1057,FA,false,Rusty LaRue,LaRue,644347193523830814,Free Agent,1B,UTIL,L,5,3,3,1,,,,,BaldRusty2.0#6959,false,MLN,5,,Rusty,,5_1057
2246,1058,HMH,false,Catfish Champ,Champ,259940190947246081,Active,CF,,L,5,3,1,3,,,,,amazingcowmilk#9713,false,MLN,5,,Catfish,,5_1058
2247,1061,HMH,false,Hudson Hildebrandt,Hildebrandt,285878316987056130,Active,P,,R,,,,,5,1,5,1,Hudson#0002,false,MLN,5,,Hudson,,5_1061
2248,1062,KYM,false,BB Bambino Jr.,Bambino,675859449508003875,Active,SS,UTIL,R,5,5,1,1,,,,,Bambino2.0#4658,false,MLN,5,Jr.,BB,,5_1062
2249,1063,KYM,false,Alex Yaxley,Yaxley,345329173616787458,Captain,C,COF,R,3,4,4,1,,,,,BIGxM1KE#4625,false,MLN,5,,Alex,,5_1063
2250,1064,KYM,false,Dick Pole,Pole,392155574231629825,Active,1B,UTIL,R,3,3,5,1,,,,,Wblewis45#7778,false,MLN,5,,Dick,,5_1064
2251,1067,ACP,false,Austin Schwartz,Schwartz,319240013818757120,Active,CF,,L,5,5,1,1,,,,,Cubzlover84#7820,false,MLN,5,,Austin,,5_1067
2252,1068,FA,false,Ben Grimm,Grimm,378312650473472011,Free Agent,RF,,R,3,2,5,2,,,,,Jim Boeheim#2353,false,MLN,5,,Ben,,5_1068
2253,1069,POR,false,Rub A. Chikin,Chikin,373703526347440129,Active,2B,UTIL,R,3,5,1,3,,,,,rubachikin,false,MLN,5,,Rub A.,,5_1069
2254,1071,MAL,false,Isaac Saffron,Saffron,151083162116554752,Active,C,CINF,L,5,5,1,1,,,,,izsaf#9638,false,MLN,5,,Isaac,,5_1071
2255,1072,BFB,false,Red Trapper,Trapper,381269531752005663,Captain,1B,UTIL,L,2,4,4,2,,,,,Red Trapper#5937,false,MLN,5,,Red,,5_1072
2256,1073,BFB,false,Juan Diego De Las Rosas Jr.,De Las Rosas,189963987129991179,Captain,2B,UTIL,R,4,2,1,5,,,,,Dancingtree444#4987,false,MLN,5,Jr.,Juan Diego,,5_1073
2257,1074,BFB,false,Donked McToad,McToad,191205122548695050,Active,P,,L,,,,,3,4,3,2,donked#9307,false,MLN,5,,Donked,,5_1074
2258,1076,OO,false,Fuzzy Dunlop,Dunlop,396470748526411776,Active,P,,L,,,,,3,3,5,1,Fuzzy Dunlop#5733,false,MLN,5,,Fuzzy,,5_1076
2259,1079,OO,false,Babatunde Oladotun,Oladotun,401796234001514501,Active,P,,R,,,,,4,2,3,3,Babatunde Oladotun#6470,false,MLN,5,,Babatunde,,5_1079
2260,1080,BFB,true,Whitt Bass,Bass,211904717981220865,GM Only,,,,,,,,,,,,kickthepony#5274,false,MLN,5,,Whitt,,5_1080
2261,1082,GRZ,false,Basebally McBaseballface Jr.,McBaseballface,212687113634840580,Active,RF,,R,5,1,1,5,,,,,packattack#9827,false,MLN,5,Jr.,Basebally,,5_1082
2262,1083,GRZ,false,Tony Smehrik,Smehrik,185167161734594560,Active,P,,L,,,,,3,5,2,2,liebz#0795,false,MLN,5,,Tony,,5_1083
2263,1086,ACP,true,George Ewell,Ewell,211243192358535171,GM Only,C,COF,R,2,5,4,1,,,,,Ewell,false,MLN,5,,George,,5_1086
2264,1087,SUN,false,Foxx Dashington,Dashington,301455044656758784,Captain,P,,L,,,,,1,5,1,5,FoxxDashington#1492,false,MLN,5,,Foxx,,5_1087
2265,1088,ACP,false,Stan Mann,Mann,298312382927732748,Active,1B,UTIL,R,5,5,1,1,,,,,CelciusII#6336,false,MLN,5,,Stan,,5_1088
2266,1089,BFB,false,Jefferson Steelflex,Steelflex,187009663487836162,Captain,SS,UTIL,L,4,3,4,1,,,,,Jeff Steelflex#0352,false,MLN,5,,Jefferson,,5_1089
2267,1090,ACP,false,James Pablano,Pablano,377904113842913280,Captain,P,,R,,,,,2,5,2,3,loco_pabs#0259,false,MLN,5,,James,,5_1090
2268,1091,ACP,false,Dougal McGoogol,McGoogol,377896897870036992,Active,3B,UTIL,R,4,2,1,5,,,,,mcgoogol#0111,false,MLN,5,,Dougal,,5_1091
2269,1097,GRZ,true,Jameson Poe,Poe,136843419321368576,Active,C,COF,R,3,4,1,4,,,,,Poe#8888,false,MLN,5,,Jameson,,5_1097
2270,1098,SMD,false,Kegs Mabry,Mabry,144267007175426048,Hiatus,CF,,L,3,1,5,3,,,,,kegs#5639,false,MLN,5,,Kegs,,5_1098
2271,1099,BFB,false,Baron Samedi,Samedi,109574591738851328,Active,3B,UTIL,R,3,3,2,4,,,,,haunted#0371,false,MLN,5,,Baron,,5_1099
2272,1100,BUF,false,Antwan Zella,Zella,135821931550081024,Active,C,CINF,R,5,3,3,1,,,,,ando#0150,false,MLN,5,,Antwan,,5_1100
2273,1102,BUF,false,Graham Otherie,Otherie,345618052743692288,Active,SS,UTIL,R,5,2,4,1,,,,,grahm03#0716,false,MLN,5,,Graham,,5_1102
2274,1105,FA,false,Grey Goose McGillicuddy,McGillicuddy,173958296800198657,Free Agent,3B,UTIL,R,3,3,1,5,,,,,Judah#1924,false,MLN,5,,Grey Goose,,5_1105
2275,1107,MAL,true,Petra Sabor,sabor,158306211568025600,Retired,LF,,R,5,5,1,1,,,,,Petralikesbaseball#0016,false,MLN,5,,petra,,5_1107
2276,1108,GHG,false,Conor Sexton,Sexton,205443196401090561,Active,1B,UTIL,L,3,3,4,2,,,,,YoloSwaggins#8690,false,MLN,5,,Conor,,5_1108
2277,1109,GHG,true,Dominus Nominus,Nominus,198821468317024256,GM Only,LF,,R,2,2,4,4,,,,,steelermade28#8041,false,MLN,5,,Dominus,,5_1109
2278,1113,BBG,false,Cookie Mongster,Mongster,302242686281318400,Active,P,,L,5,5,1,1,5,5,1,1,mongster_03#3405,false,MLN,5,,Cookie,,5_1113
2279,1119,POR,false,Willie Mays Hayes,Hayes,433103168445087756,Active,2B,UTIL,R,4,2,1,5,,,,,WillieMaysHays#9546,false,MLN,5,,Willie Mays,,5_1119
2280,1120,KYM,false,Johnny Hopkins,Hopkins,121083821637500928,Captain,3B,UTIL,L,5,2,2,3,,,,,BubonicNarwhal#6234,false,MLN,5,,Johnny,,5_1120
2281,1122,GHG,false,Finkle Sparkles,Sparkles,243128381275766784,Active,P,,R,,,,,4,2,4,2,Einhornfarm#4830,false,MLN,5,,Finkle,,5_1122
2282,1123,FA,false,Kurt Anger,Anger,172340171868602368,Free Agent,LF,,L,1,5,1,5,,,,,Wham Bam Shang-A-Lang#7171,false,MLN,5,,Kurt,,5_1123
2283,1131,MAL,false,KC Bats,Bats,322186326130556940,Active,LF,,R,4,2,2,4,,,,,kc3551#3802,false,MLN,5,,KC,,5_1131
2284,1132,BFB,true,Steel Pipe Simpson,Simpson,358438289344299008,GM Only,CF,,R,3,3,3,3,,,,,Alch233,false,MLN,5,,Steel Pipe,,5_1132
2285,1133,OO,false,Hank Murphy,Murphy,382275235082403842,Active,C,COF,L,1,5,5,1,,,,,Hank Murphy#4997,false,MLN,5,,Hank,,5_1133
2286,1134,GHG,false,Ornn Mistborn,Mistborn,277638011124973571,Active,2B,UTIL,R,5,2,1,4,,,,,biigdog#3209,false,MLN,5,,Ornn,,5_1134
2287,1135,ACP,false,Ryan Gastings,Gastings,194225767952023552,Active,P,,L,,,,,2,4,2,4,Aspence#3564,false,MLN,5,,Ryan,,5_1135
2288,1136,GHG,false,Mason Spurs,Spurs,198821468317024256,Active,SS,UTIL,L,5,2,2,3,,,,,SpursyGopher#5047,false,MLN,5,,Mason,,5_1136
2289,1137,ACP,false,Jimmy Johns,Johns,235507430656704514,Active,CF,,L,5,1,2,4,,,,,EazyKill#8033,false,MLN,5,,Jimmy,,5_1137
2290,1140,GHG,false,Bartholomew Crumblepuff,Crumblepuff,223279982091304960,Active,P,,L,,,,,3,2,4,3,Zod#3168,false,MLN,5,,Bartholomew,,5_1140
2291,1141,GRZ,false,Geno Scaramucci,Scaramucci,378622205883580417,Active,CF,,L,4,4,2,2,,,,,SilkyMango#9987,false,MLN,5,,Geno,,5_1141
2292,1145,MAL,false,Artie Ziff,Ziff,221036282267041805,Active,P,,R,,,,,2,4,4,2,mennonite_barbie#3089,false,MLN,5,,Artie,,5_1145
2293,1149,HMH,false,Garrett Evans,Evans,233003286943367169,Active,RF,,R,3,2,5,2,,,,,legacy3233#2024,false,MLN,5,,Garrett,,5_1149
2294,1150,SUN,false,Ricky Vaughn,Vaughn,369553888723992578,Active,P,,R,,,,,3,4,4,1,See_You_Laterr#6448,false,MLN,5,,Ricky,,5_1150
2295,1151,SMD,false,Lance Lummoxx,Lummoxx,215570868657455104,Active,SS,UTIL,R,3,2,4,3,,,,,Lummoxx#2267,false,MLN,5,,Lance,,5_1151
2296,1152,FA,false,Hans Ali,Ali,416272664756355075,Retired,P,,L,,,,,4,4,2,2,hanstheman33#3083,false,MLN,5,,Hans,,5_1152
2297,1153,POR,false,Larold,Larold,406898210804858884,Active,P,,R,,,,,4,3,4,1,TrickyTroy2#3950,false,MLN,5,,,,5_1153
2298,1156,SMD,false,Thomas Thompson III,Thompson,86858721061269504,Active,3B,UTIL,R,3,1,4,4,,,,,Barno#4078,false,MLN,5,III,Thomas,,5_1156
2299,1157,ACP,false,JP Panik,Panik,345339723323146240,Active,SS,UTIL,L,4,2,4,2,,,,,JP1704#3386,false,MLN,5,,JP,,5_1157
2300,1158,SUN,false,Master Cashier,Cashier,143034072787058688,Active,SS,UTIL,R,4,1,2,5,,,,,MasterCashier#1114,false,MLN,5,,Master,,5_1158
2301,1159,KYM,false,Clifton Outlaw,Outlaw,234287682082045952,Active,RF,,L,3,2,4,3,,,,,AWildHannahAppeared#3538,false,MLN,5,,Clifton,,5_1159
2302,1160,MAL,true,Caleb Athen,Athen,204452267724767242,Retired,1B,UTIL,L,5,1,1,5,,,,,Xenlos#1147,false,MLN,5,,Caleb,,5_1160
2303,1162,NO,false,Nate Lewis,Lewis,183513716166230017,Active,3B,UTIL,L,3,3,1,5,,,,,Miro#4444,false,MLN,5,,Nate,,5_1162
2304,1164,BFB,false,Zin Martinez,Martinez,345191609098567680,Active,C,CINF,L,5,3,2,2,,,,,Wilbur Forrester Wood#1106,false,MLN,5,,Zin,,5_1164
2305,1165,SMD,false,Dropov Andpicov,Andpicov,166308180668710912,Active,2B,UTIL,R,4,3,2,3,,,,,Shambox#6584,false,MLN,5,,Dropov,,5_1165
2306,1166,BBG,false,Ecliptic Astrum,Astrum,212087762172510210,Captain,C,CINF,L,1,5,1,5,,,,,Ecliptic#3662,false,MLN,5,,Ecliptic,,5_1166
2307,1168,BBG,false,Release T. Kraken,Kraken,132736488675737600,Active,CF,,R,5,1,3,3,,,,,Schuby#0001,false,MLN,5,,Release T.,,5_1168
2308,1169,HMH,false,Jerome Garcia,Garcia,131971501153845248,Active,2B,UTIL,R,5,3,3,1,,,,,UnironicU2Defender#7767,false,MLN,5,,Jerome,,5_1169
2309,1173,KYM,false,Icna Comit,Comit,176033947308916736,Active,2B,UTIL,L,5,1,4,2,,,,,Almy#0569,false,MLN,5,,Icna,,5_1173
2310,1174,BBG,false,Mad Monty,Monty,454284112165863434,Active,2B,UTIL,R,4,3,2,3,,,,,Mad_Monty#0578,false,MLN,5,,Mad,,5_1174
2311,1180,BBG,false,War Hamster,Hamster,238569734185025536,Active,2B,UTIL,R,5,2,1,4,,,,,Warhamster#9295,false,MLN,5,,War,,5_1180
2312,1184,GHG,false,Buzz Schwinghammer,Schwinghammer,270051916803866625,Active,3B,UTIL,R,3,3,1,5,,,,,chillkiller#4014,false,MLN,5,,Buzz,,5_1184
2313,1186,HFX,false,Francis Herman Swagger,Swagger,402556009736044544,Active,1B,UTIL,R,2,4,4,2,,,,,bellysk8er2005#9850,false,MLN,5,,Francis,,5_1186
2314,1187,FA,false,Brandon Blade,Blade,403328412610985984,Free Agent,LF,,L,2,3,5,2,,,,,Lattimore_Island#9939,false,MLN,5,,Brandon,,5_1187
2315,1189,FA,false,Ethan Franklin,Franklin,344697495517003787,Free Agent,1B,UTIL,L,5,1,3,3,,,,,ethan#4765,false,MLN,5,,Ethan,,5_1189
2316,1191,MAL,false,Morris Deratt,Deratt,262709484810534914,Active,1B,C,R,5,5,1,1,,,,,debater3301#5782,false,MLN,5,,Morris,,5_1191
2317,1194,GHG,false,Rickey Tucker,Tucker,334203993607766017,Active,P,,R,,,,,4,2,2,4,amesker#3310,false,MLN,5,,Rickey,,5_1194
2318,1199,MAL,false,Boof Boog,Boog,104608263005294592,Retired,CF,,R,5,1,5,1,,,,,JohnnyTrout#4375,false,MLN,5,,Boof,,5_1199
2319,1201,HMH,false,Mylo Grams,Grams,342097160122269698,Active,C,CINF,L,1,5,5,1,,,,,Mylo Grams- Toronto C#9559,false,MLN,5,,Mylo,,5_1201
2320,1205,HMH,false,Stephen Sondheim,Sondheim,121672903396687872,Active,P,,R,,,,,4,3,3,2,David.#9999,false,MLN,5,,Stephen,,5_1205
2321,1206,SMD,false,VeeDee Johnson,Johnson,383477937699029003,Active,C,CINF,R,4,5,2,1,,,,,ConstantQuarreling#0175,false,MLN,5,,VeeDee,,5_1206
2322,1208,BBG,false,Base Ventura,Ventura,488754199245357073,Active,P,,L,,,,,3,2,3,4,GKG1214#5442,false,MLN,5,,Base,,5_1208
2323,1209,BFB,false,Franz Joseph Hymen,Hymen,657949188415422475,Active,LF,,L,1,3,4,4,,,,,sael#7290,false,MLN,5,,Franz Joseph,,5_1209
2324,1210,HFX,false,Berna Pozo,Pozo,97154612594741248,Captain,C,COF,R,4,5,2,1,,,,,Socc#0001,false,MLN,5,,Berna,,5_1210
2325,1211,FA,false,Pete Jones,Jones,80385346734395392,Retired,LF,,L,5,1,5,1,,,,,Holibean :sauropod:#1337,false,MLN,5,,Pete,,5_1211
2326,1212,BUF,true,Barney Turbo,Turbo,375039413203501057,Retired,2B,UTIL,L,2,4,1,5,,,,,Alien Abortion Machine#7864,false,MLN,5,,Barney,,5_1212
2327,1217,BFB,false,Johnny Dickshot,Dickshot,346750558901764117,Active,SS,UTIL,R,5,4,1,2,,,,,Number1Dork#7344,false,MLN,5,,Johnny,,5_1217
2328,1220,SMD,false,Al Ternate,Ternate,346778676471267328,Active,LF,,R,3,4,1,4,,,,,Official Blu Jays Media Manger#8962,false,MLN,5,,Al,,5_1220
2329,1222,ASS,false,Justin Martin,Martin,311241666067431424,Active,C,CINF,R,3,4,4,1,,,,,JustinQuan#3795,false,MLN,5,,Justin,,5_1222
2330,2000,KYM,false,Jerry Jingles,Jingles,340315725556088843,Active,P,,R,,,,,4,4,3,1,ColorMaster#3072,false,MLN,5,,Jerry,,5_2000
2331,2001,ACP,false,Jimjon Jonjim,Jonjim,301769120783925258,Active,1B,UTIL,L,4,3,2,3,,,,,Tigerfan895#1214,false,MLN,5,,Jimjon,,5_2001
2332,2002,SUN,false,Assassin Xekutioner,Xekutioner,385236196659560448,Active,3B,UTIL,R,2,2,3,5,,,,,The Xekutioner#6921,false,MLN,5,,Assassin,,5_2002
2333,2005,NO,true,Kiger Wulf,Wulf,308005533028319232,Active,1B,C,R,3,3,3,3,,,,,KigerWulf#4308,false,MLN,5,,Kiger,,5_2005
2334,2007,HFX,true,Karolina Miaukatwicz,Miaukatwicz,268216874880204802,GM Only,3B,UTIL,L,5,2,1,4,,,,,jlh2b#5197,false,MLN,5,,Karolina,,5_2007
2335,2010,HMH,false,Skillz Simanek,Simanek,511617020408889354,Active,SS,UTIL,L,3,2,4,3,,,,,tsimaskillz#3401,false,MLN,5,,Skillz,,5_2010
2336,2012,GRZ,false,Burgess Whitehead,Whitehead,396066486168584212,Active,3B,UTIL,L,4,3,4,1,,,,,stout#5458,false,MLN,5,,Burgess,,5_2012
2337,2014,KYM,false,Shovel Bryant,Bryant,398562977814413322,Active,2B,UTIL,R,4,3,1,4,,,,,Ramzavail#6648,false,MLN,5,,Shovel,,5_2014
2338,2020,ASS,true,Demetrios Ooga,Ooga,319330358636314634,Retired,2B,UTIL,L,5,1,2,4,,,,,oogadebob#9787,false,MLN,5,,Demetrios,,5_2020
2339,2025,HFX,false,Britt O'War,O'War,512103892033470506,Active,P,,L,,,,,3,4,3,2,Britt O'War#9333,false,MLN,5,,Britt,,5_2025
2340,2029,GRZ,false,Lois Whip,Whip,258104532423147520,Captain,P,,R,,,,,4,1,4,3,manticorum67#3673,false,MLN,5,,Lois,,5_2029
2341,2032,BFB,false,Kali McSuntas,McSuntas,181238139539423232,Active,P,,L,,,,,5,2,1,4,LaDfBC#1246,false,MLN,5,,Kali,,5_2032
2342,2035,ACP,false,Jhahn Tahmus,Tahmus,512767921815027713,Active,C,COF,L,4,4,3,1,,,,,jhahn_ttahmus#7940,false,MLN,5,,Jhahn,,5_2035
2343,2036,BUF,true,Sandy Collazo,Collazo,230804103079526400,GM Only,RF,,L,1,1,5,5,,,,,Kaluunit#2406,false,MLN,5,,Sandy,,5_2036
2344,2037,POR,true,Remi Renaldo,Renaldo,201806047478939649,Active,C,CINF,R,5,5,1,1,,,,,Megatomic#1337,false,MLN,5,,Remi,,5_2037
2345,2042,GHG,false,Skrunk Meinhoffer,Meinhoffer,215497862904020992,Retired,LF,,L,1,3,5,3,,,,,Truly#6240,false,MLN,5,,Skrunk,,5_2042
2346,2044,BBG,false,Maud Nelson,Nelson,514543440709812245,Active,LF,,L,4,3,4,1,,,,,dianaswrld#4135,false,MLN,5,,Maud,,5_2044
2347,2047,BBG,false,Calvin Huff,Huff,507717034893901824,Captain,P,,R,,,,,3,3,2,4,"Calvin ""mak0shark"" Huff- FA P#5639",false,MLN,5,,Calvin,,5_2047
2348,2049,KYM,false,Brian MacDonald,MacDonald,298870267499773952,Active,P,,R,,,,,5,2,3,2,Ashen_1#2320,false,MLN,5,,Brian,,5_2049
2349,2055,ASS,false,Harry Peritestes,Peritestes,268566559746686986,Active,3B,UTIL,R,4,3,2,3,,,,,Jpulto#1431,false,MLN,5,,Harry,,5_2055
2350,2056,OO,true,Art Vulfmon,Vulfmon,466035881682141185,Retired,2B,UTIL,L,4,2,1,5,,,,,mile114#1245,false,MLN,5,,Art,,5_2056
2351,2057,OO,false,Jack Alpha,Alpha,378210771005341698,Active,3B,UTIL,R,1,5,2,4,,,,,androidsen#8466,false,MLN,5,,Jack,,5_2057
2352,2060,FA,false,LaPrince Frye,Frye,416715978391420928,Free Agent,P,,L,,,,,4,3,2,3,LaPrince Frye#5785,false,MLN,5,,LaPrince,,5_2060
2353,2065,POR,false,Gus Buster,Buster,201802131106168843,Hiatus,P,,L,,,,,5,3,1,3,lemonsqueegee#4322,false,MLN,5,,Gus,,5_2065
2354,2067,SUN,false,Riles McGiles,McGiles,372578681006063617,Active,RF,,R,5,5,1,1,,,,,RilesMcGiles#3103,false,MLN,5,,Riles,,5_2067
2355,2068,POR,false,Raphael Akias,Akias,372553093331812352,Hiatus,C,COF,R,3,5,3,1,,,,,Geo#4579,false,MLN,5,,Raphael,,5_2068
2356,2069,POR,false,Tygen Shinybeard,Shinybeard,202278109708419072,Captain,LF,,L,3,1,4,4,,,,,dyslexda#0531,false,MLN,5,,Tygen,,5_2069
2357,2070,GHG,false,Billy Winters,Winters,90629680868134912,Retired,P,,R,,,,,4,2,2,4,Kartov#2854,false,MLN,5,,Billy,,5_2070
2358,2073,MAL,false,Dom Emnic,Emnic,671538823662010394,Active,SS,UTIL,R,4,2,3,3,,,,,Dart#5537,false,MLN,5,,Dom,,5_2073
2359,2075,MAL,false,Tactical Panda,Panda,470202656992919553,Hiatus,P,,R,,,,,5,5,1,1,NolaGumbeaux41#8934,false,MLN,5,,Tactical,,5_2075
2360,2078,HMH,false,Rascal Alex,Alex,131978039763402752,Active,P,,L,,,,,2,4,3,3,Avdo#9090,false,MLN,5,,Rascal,,5_2078
2361,2080,FA,false,Junebug Wray,Wray,144969605977341953,Free Agent,P,,R,,,,,3,2,5,2,Joester09#1816,false,MLN,5,,Junebug,,5_2080
2362,2081,SUN,false,Cal Lidous,Lidous,485723834075316224,Active,P,,R,,,,,5,1,5,1,Cal#3838,false,MLN,5,,Cal,,5_2081
2363,2082,GHG,false,Dixon Uraz,Uraz,148580118179217410,Active,2B,UTIL,L,5,1,1,5,,,,,Club_toast#4313,false,MLN,5,,Dixon,,5_2082
2364,2083,HFX,false,Dylan Green,Green,172167687143817217,Active,P,,L,,,,,5,3,2,2,DylanG5#4899,false,MLN,5,,Dylan,,5_2083
2365,2085,MAL,false,Lloyd Gross,Gross,206526330861387776,Captain,RF,,R,2,4,5,1,,,,,CringE#0294,false,MLN,5,,Lloyd,,5_2085
2366,2086,FA,false,Drew Ekstrum,Ekstrum,294335981442564096,Free Agent,CF,,R,5,1,1,5,,,,,Drew Ekstrum#1125,false,MLN,5,,Drew,,5_2086
2367,2088,HMH,false,Dmitri Petrovich,Petrovich,355934424061181972,Active,LF,,R,4,2,3,3,,,,,GSchlim,false,MLN,5,,Dmitri,,5_2088
2368,2090,MAL,false,Goro Shinoda,Shinoda,153721741129023488,Active,P,,L,,,,,5,5,1,1,XemyrLeBeau,false,MLN,5,,Goro,,5_2090
2369,2093,ACP,false,True Pierce,Pierce,399299351802937344,Active,P,,R,,,,,4,4,3,1,True #9380,false,MLN,5,,True,,5_2093
2370,2094,POR,false,JZ (but not the rapper),JZ,254774534274547713,Active,SS,UTIL,R,5,1,1,5,,,,,JZKITTY#3143,false,MLN,5,,,,5_2094
2371,2095,MAL,false,Val Pix,Pix,231100460482691074,Retired,2B,UTIL,L,4,5,2,1,,,,,Valpix#6666,false,MLN,5,,Val,,5_2095
2372,2096,GRZ,false,Adam Croft,Croft,208429483059970050,Active,P,,L,,,,,5,4,1,2,Naki#2555,false,MLN,5,,Adam,,5_2096
2373,2097,ASS,false,Bobby Vance,Vance,438226264608735232,Active,SS,UTIL,L,5,2,3,2,,,,,Wildcard09,false,MLN,5,,Bobby,,5_2097
2374,2101,KYM,false,Duwan Anonly,Anonly,140944286282678273,Active,RF,,R,5,3,1,3,,,,,Wazzup44#3094,false,MLN,5,,Duwan,,5_2101
2375,2104,NO,false,Bobby Portis,Portis,383444903344078848,Active,P,,R,,,,,3,4,4,1,jackvd#1878,false,MLN,5,,Bobby,,5_2104
2376,2106,GRZ,false,Declan Archer,Archer,501849193338503168,Active,CF,,L,4,2,2,4,,,,,#0340,false,MLN,5,,Declan,,5_2106
2377,2107,KYM,true,Kalin Young,Young,273639536804757514,Active,C,CINF,R,1,5,5,1,,,,,Kyounggun#9129,false,MLN,5,,Kalin,,5_2107
2378,2108,ASS,false,Arm N. Hammer,Hammer,203362581363032064,Active,LF,,L,3,3,2,4,,,,,Poet#0643,false,MLN,5,,Arm N.,,5_2108
2379,2109,POR,false,Nate Duke,Duke,235564193112260608,Captain,2B,UTIL,L,5,1,1,5,,,,,natetheduke#5754,false,MLN,5,,Nate,,5_2109
2380,3005,SUN,false,Pablo Sanchez,Sanchez,484386566249119760,Active,2B,UTIL,L,5,3,1,3,,,,,matt2930#7229,false,MLN,5,,Pablo,,5_3005
2381,3007,GRZ,false,Salvatore Sal De Luca,De Luca,92127213410865152,Active,C,COF,L,2,5,4,1,,,,,HolyHamGrenade#5701,false,MLN,5,,Salvatore,,5_3007
2382,3009,MAL,false,Bull Dozer,Dozer,178316162185166855,Active,P,,R,,,,,3,3,4,2,Matt55,false,MLN,5,,Bull,,5_3009
2383,3010,FA,false,Jarey Butts,Butts,246828880848093185,Retired,1B,UTIL,R,3,2,4,3,,,,,Jurd#9852,false,MLN,5,,Jarey,,5_3010
2384,3011,NO,false,Josef Samuelsson,Samuelsson,443829816752340994,Captain,C,COF,L,5,5,1,1,,,,,Jaysword#3811,false,MLN,5,,Josef,,5_3011
2385,3012,GHG,false,Rusty Nails,Nails,368414494772428801,Active,SS,UTIL,L,4,1,4,3,,,,,howiejriii,false,MLN,5,,Rusty,,5_3012
2386,3015,GRZ,false,"Jason ""Dead"" Redd",Redd,485217045408120833,Captain,P,,R,,,,,5,3,3,1,ReedGibson,false,MLN,5,,Jason,,5_3015
2387,3017,NO,false,Bob Dunagee,Dunagee,88061817925935104,Active,3B,UTIL,L,5,2,2,3,,,,,Redwagon#1602,false,MLN,5,,Bob,,5_3017
2388,3019,ACP,false,Will The Thrill,Thrill,593042150447382529,Active,1B,UTIL,R,4,1,2,5,,,,,Willand714,false,MLN,5,,Will the,,5_3019
2389,3020,HFX,false,Bill “Pegleg” Bailey,Bailey,227953127452704782,Active,SS,UTIL,R,3,3,2,4,,,,,Peglegbonesbailey,false,MLN,5,,Bill,,5_3020
2390,3023,NO,false,Dinger Sampson,Sampson,387226344393670656,Active,CF,,L,5,1,1,5,,,,,Dinger Sampson#6496,false,MLN,5,,Dinger,,5_3023
2391,3027,NO,false,Diego Medina,Medina,159766338833874944,Active,P,,R,,,,,3,3,3,3,Diego#5535,false,MLN,5,,Diego,,5_3027
2392,3028,BUF,false,Loghan O'Brien,O'Brien,148425866588848128,Active,P,,L,,,,,3,4,3,2,Moosey#7461,false,MLN,5,,Loghan,,5_3028
2393,3035,FA,false,Max Power,Power,323992643929374721,Free Agent,RF,,L,4,3,2,3,,,,,aidanfergie#7553,false,MLN,5,,Max,,5_3035
2394,3037,BBG,false,Doc Holliday,Holliday,558335911818035203,Active,CF,,L,2,2,5,3,,,,,Dochobbes,false,MLN,5,,Doc,,5_3037
2395,3038,NO,false,Lincoln Crawford,Crawford,443892188775055370,Active,1B,UTIL,L,3,3,5,1,,,,,Chris88#8426,false,MLN,5,,Lincoln,,5_3038
2396,3039,SUN,false,Bob Wehadababyitzaboy,Wehadababyitzaboy,206833217678868480,Captain,C,CINF,L,1,5,1,5,,,,,TBKLarry#1903,false,MLN,5,,Bob,,5_3039
2397,3042,NO,false,Joanna McMartinez,McMartinez,189893705786720256,Captain,P,,L,,,,,5,3,2,2,Calluna#0305,false,MLN,5,,Joanna,,5_3042
2398,3043,GHG,false,Rekt Kiddo,Kiddo,114529305219956739,Active,3B,C,L,4,4,3,1,,,,,Keyo,false,MLN,5,,Rekt,,5_3043
2399,3046,FA,false,Johnny Hendrix,Hendrix,592166200750899200,Free Agent,SS,UTIL,L,4,4,1,3,,,,,givemdaeephus#5189,false,MLN,5,,Johnny,,5_3046
2400,3048,GRZ,false,Maximillian Minninun,Minninun,223980930975399937,Active,LF,,R,3,3,3,3,,,,,SoneRandomPerson#2533,false,MLN,5,,Maximillian,,5_3048
2401,3049,BFB,false,Ferda Bois,Bois,404782639824764951,Active,P,,L,,,,,2,4,4,2,msnmllr,false,MLN,5,,Ferda,,5_3049
2402,3050,HFX,false,Annie Campbell,Campbell,443280943579660288,Active,SS,UTIL,L,1,2,5,4,,,,,rongboy#8588,false,MLN,5,,Annie,,5_3050
2403,3051,MAL,false,Carlo E. Formaggio,Formaggio,217141905807376385,Active,2B,UTIL,R,5,2,1,4,,,,,Axel323#7236,false,MLN,5,,Carlo E.,,5_3051
2404,3052,FA,false,Oni R1,R1,552839183413018624,Retired,SS,UTIL,L,3,3,4,2,,,,,OniR1#2332,false,MLN,5,,Oni,,5_3052
2405,3053,SUN,false,Juniped Panda,Panda,121871011091185664,Active,3B,UTIL,R,5,1,5,1,,,,,Juniped,false,MLN,5,,Juniped,,5_3053
2406,3054,OO,false,Paulie Wag,Wag,139926308644847616,Active,SS,UTIL,L,1,5,1,5,,,,,pelochyta #9978,false,MLN,5,,Paulie,,5_3054
2407,3056,ASS,false,Donatello Chalupa,Chalupa,197068139073110016,Active,P,,R,,,,,3,3,3,3,Jslamas,false,MLN,5,,Donatello,,5_3056
2408,3057,HFX,false,Frozen Inertia,Inertia,213354112434044931,Captain,P,,R,,,,,5,1,3,3,EricS53 #2544,false,MLN,5,,Frozen,,5_3057
2409,3058,HMH,false,Rotticus Scott Jr.,Scott,247260486339395585,Active,1B,C,R,5,4,2,1,,,,,Mottyice#9677,false,MLN,5,Jr.,Rotticus,,5_3058
2410,3059,FA,false,Skel Etor,Etor,96948103130656768,Retired,1B,C,L,2,4,4,2,,,,,frowntownclown#6523,false,MLN,5,,Skel,,5_3059
2411,3060,MAL,false,Skye McDowell,McDowell,159719742658183168,Active,1B,UTIL,L,5,5,1,1,,,,,nayseloid#7343,false,MLN,5,,Skye,,5_3060
2412,3061,BBG,false,Trog Smash,Smash,264255447786192896,Active,3B,UTIL,L,2,3,5,2,,,,,Xianthres,false,MLN,5,,Trog,,5_3061
2413,3063,OO,false,Tyrone Jennings III,Jennings,326127044163403776,Active,P,,R,,,,,5,2,3,2,Vecinzz#9675,false,MLN,5,III,Tyrone,,5_3063
2414,3065,NO,false,Robert Atech,Atech,116109126832095239,Active,CF,,L,3,3,5,1,,,,,Tica#3609,false,MLN,5,,Robert,,5_3065
2415,3066,OO,false,Thor Heyerdahl,Heyerdahl,349359777220001793,Active,1B,UTIL,R,5,1,4,2,,,,,Qomsday#7405,false,MLN,5,,Thor,,5_3066
2416,3068,OO,false,Flick Maplethorpe,Maplethorpe,631554330356613120,Active,LF,,L,3,3,1,5,,,,,Dentonoff#3915,false,MLN,5,,Flick,,5_3068
2417,3069,GRZ,false,Wallace Grommet,Grommet,476558347634475028,Captain,SS,C,L,4,3,4,1,,,,,kaylittle6,false,MLN,5,,Wallace,,5_3069
2418,3071,SUN,false,Kyle Mullins,Mullins,255311391186092032,Active,RF,,L,3,2,3,4,,,,,DefinitelyWheeler#4417,false,MLN,5,,Kyle,,5_3071
2419,3073,POR,false,Matt Himynamis,Himynamis,357712250041270273,Active,P,,R,,,,,5,1,3,3,Hi_mynameis_Matt#3175,true,MLN,5,,Matt,,5_3073
2420,3075,HFX,false,H.D. Dog,Dog,231952127931580416,Active,CF,,L,4,2,1,5,,,,,Hot Diggity Dog#2030,false,MLN,5,,H.D.,,5_3075
2421,3077,NO,false,Derek Bongiovanni,Bongiovanni,291738770313707521,Captain,C,COF,R,1,5,1,5,,,,,Dbon#2576,false,MLN,5,,Derek,,5_3077
2422,3078,BBG,false,Chakra Pilates,Pilates,644325646486732810,Active,C,COF,L,4,3,2,3,,,,,ChakraPilates,false,MLN,5,,Chakra,,5_3078
2423,3079,OO,false,Isaac Snowbender,Snowbender,140306370359459840,Active,LF,,R,5,1,5,1,,,,,mvh1015#6260,false,MLN,5,,Isaac,,5_3079
2424,3080,ASS,false,Jeff Dingerhitter,Dingerhitter,263888354179809280,Captain,1B,UTIL,R,3,2,4,3,,,,,Woj#6097,false,MLN,5,,Jeff,,5_3080
2425,3082,SMD,false,Basethony Balltano,Balltano,671474346606198820,Active,C,COF,L,5,4,2,1,,,,,Declan#0676,false,MLN,5,,Basethony,,5_3082
2426,3083,POR,false,Poop McGee,McGee,402249979651031052,Active,P,,L,,,,,4,1,4,3,Andrew3#2319,false,MLN,5,,Poop,,5_3083
2427,3084,GRZ,false,Ryan Tyburn,Tyburn,334144448873365504,Active,2B,UTIL,R,5,5,1,1,,,,,Tyburn#0651,false,MLN,5,,Ryan,,5_3084
2428,3085,ASS,false,Red Arrow,Arrow,272034904127045633,Active,P,,R,,,,,2,2,4,4,RedArrow12c #7693,false,MLN,5,,Red,,5_3085
2429,3086,GHG,false,Nono Nones,Nones,251117327792209920,Active,LF,,R,5,1,2,4,,,,,VoxBarbarian#7332,false,MLN,5,,Nono,,5_3086
2430,3087,FA,false,Zoey Dalin,Dalin,188872774553567242,Retired,3B,UTIL,L,4,3,2,3,,,,,Chill#1991,false,MLN,5,,Zoey,,5_3087
2431,3088,BUF,false,Yoel Roshi,Roshi,293180794124632074,Active,P,,L,,,,,4,2,2,4,pyrolola#2993,false,MLN,5,,Yoel,,5_3088
2432,3089,OO,false,Joey Wheeler,Wheeler,389269825425375233,Active,P,,L,,,,,1,1,5,5,Slingblade#8693,false,MLN,5,,Joey,,5_3089
2433,3091,OO,false,Zelk Jacen Antilles,Antilles,250094459721613315,Active,3B,UTIL,L,3,3,5,1,,,,,CaptainSolo96#0006,false,MLN,5,,Zelk,,5_3091
2434,3092,ASS,false,Thelonius Junk,Junk,183195160358813697,Captain,2B,UTIL,L,5,3,1,3,,,,,Ranitall#0646,false,MLN,5,,Thelonius,,5_3092
2435,4000,GHG,false,King Kruul,Kruul,246762932703068162,Active,RF,,R,1,5,5,1,,,,,LefLop#4771,false,MLN,5,,King,,5_4000
2436,4001,FA,false,Fat Wad,Wad,493941633138556939,Retired,3B,C,L,3,2,5,2,,,,,kiddingsoda#0677,false,MLN,5,,Fat,,5_4001
2437,4002,FA,false,Jeff Downey,Downey,285097851631960064,Retired,3B,UTIL,L,3,3,5,1,,,,,BigCat#0237,false,MLN,5,,Jeff,,5_4002
2438,4004,BUF,false,Animals Garritsen,Garritsen,240572831333613569,Active,CF,,R,1,5,5,1,,,,,Reno#1997,false,MLN,5,,Animals,,5_4004
2439,4007,HFX,false,Reese Worthington,Worthington,554004612797956106,Active,LF,,L,3,3,3,3,,,,,RockM888#6275,false,MLN,5,,Reese,,5_4007
2440,4008,SMD,false,LaCarpetron Dukemarriot,Dukemarriot,352849361920851968,Active,P,,R,,,,,4,2,3,3,Dukemarriot#0179,false,MLN,5,,LaCarpetron,,5_4008
2441,4009,FA,false,Johnny Dawkins,Dawkins,612494299120140295,Retired,1B,UTIL,R,2,3,4,3,,,,,Fakecfbillinoisstae#5952,false,MLN,5,,Johnny,,5_4009
2442,4010,BUF,false,North McLean,McLean,237633230084374528,Active,CF,,L,1,5,1,5,,,,,"North, The Greatest Showman",false,MLN,5,,North,,5_4010
2443,4011,BUF,false,Mitch Meanmug,Meanmug,294497117467181056,Captain,LF,,R,2,4,5,1,,,,,fermatajack,false,MLN,5,,Mitch,,5_4011
2444,4012,HFX,false,Deku Matsui,Matsui,255477872880254976,Active,2B,UTIL,R,3,4,2,3,,,,,KrazyPolishBoy,false,MLN,5,,Deku,,5_4012
2445,4015,SMD,false,Plack Attack,Attack,473845222514884610,Active,1B,UTIL,R,3,3,4,2,,,,,MU | Teztify#9523,false,MLN,5,,Plack,,5_4015
2446,4016,HFX,false,Shortpoleon Napsleeve,Napsleeve,240919142507479040,Active,RF,,R,3,2,4,3,,,,,elated potato#1373,false,MLN,5,,Shortpoleon,,5_4016
2447,4017,KYM,false,Andrew Nova,Nova,261036761109495808,Active,P,,L,,,,,5,3,1,3,andrews#4302,false,MLN,5,,Andrew,,5_4017
2448,4018,BUF,false,Slow Low,Low,341365184021004290,Active,2B,C,R,3,4,3,2,,,,,Slowlow24,false,MLN,5,,Slow,,5_4018
2449,4019,OO,false,Russel Ellis,Ellis,282220049090215946,Active,2B,UTIL,R,3,4,1,4,,,,,Russel #6507,false,MLN,5,,Russel,,5_4019
2450,4020,FA,false,BANNED PLAYER,PLAYER,613531591062323200,Retired,C,COF,L,1,5,1,5,,,,,aapoquidam#4497,false,MLN,5,,BANNED,,5_4020
2451,4021,SMD,false,Jeff Shagwell,Shagwell,209183193436258304,Active,RF,,L,3,1,5,3,,,,,MattDaddio,false,MLN,5,,Jeff,,5_4021
2452,4022,GRZ,false,Adonis Sinoda,Sinoda,608356413269606505,Active,1B,UTIL,R,2,4,5,1,,,,,Hallmonitor_20#2799,false,MLN,5,,Adonis,,5_4022
2453,4023,BUF,false,Vinny Vega,Vega,332741384446410755,Active,P,,R,,,,,2,4,4,2,Vinny #3614 I believe,false,MLN,5,,Vinny,,5_4023
2454,4024,OO,false,Didja Naylor,Naylor,675178744864047104,Active,1B,UTIL,R,4,2,4,2,,,,,ChickenSteaksHeavyWeights,false,MLN,5,,Didja,,5_4024
2455,4025,BBG,false,Bast Fidgewidget,Fidgewidget,412709586257313813,Active,RF,,R,4,4,1,3,,,,,I am the black sheep,false,MLN,5,,Bast,,5_4025
2456,4033,BBG,false,Leonidas States,States,344569430132391938,Captain,SS,UTIL,L,4,2,5,1,,,,,BillyShake#4067,false,MLN,5,,Leonidas,,5_4033
2457,4034,BBG,false,Gargle Nutz,Nutz,544267009395916813,Active,2B,UTIL,R,3,3,4,2,,,,,GargleNutz#7309,false,MLN,5,,Gargle,,5_4034
2458,4035,KYM,false,Dirk Dangerous,Dangerous,149311407907799041,Active,CF,,L,1,1,5,5,,,,,as334#2217,false,MLN,5,,Dirk,,5_4035
2459,4036,FA,false,Turk Schmidt,Schmidt,203412994720399360,Retired,3B,UTIL,L,4,2,4,2,,,,,Turk#0172,false,MLN,5,,Turk,,5_4036
2460,4037,KYM,false,Thor Odinsson,Odinsson,238836526409187338,Active,P,,R,,,,,5,3,3,1,tbewulf#3297,true,MLN,5,,Thor,,5_4037
2461,4039,FA,false,Wild Legs Wilkerson,Wilkerson,241371232983973888,Free Agent,CF,,L,2,4,4,2,,,,,michael#9947,true,MLN,5,,Wild Legs,,5_4039
2462,4040,OO,false,Trogdor Fhqwhgads,Fhqwhgads,545406706038079520,Active,RF,,L,5,2,1,4,,,,,Haniger's Grenade#9160,true,MLN,5,,Trogdor,,5_4040
2463,4041,BUF,false,John Rhys Ealy,Ealy,267524720470130690,Captain,3B,UTIL,L,4,3,3,2,,,,,DutifullyPurple,false,MLN,5,,John Rhys,,5_4041
2464,4042,POR,false,Sarah Buntingsworth,Buntingsworth,167796704739983360,Captain,1B,UTIL,L,5,1,1,5,,,,,sarah_#4781,false,MLN,5,,Sarah,,5_4042
2465,4043,GHG,false,Cap Keeler,Keeler,555157292408897567,Active,C,CINF,L,4,4,2,2,,,,,bob124#6969,false,MLN,5,,Cap,,5_4043
2466,4044,BUF,false,Ura Irons,Irons,326427060438433792,Active,1B,UTIL,R,3,3,3,3,,,,,Arujento#7149,false,MLN,5,,Ura,,5_4044
2467,4045,NO,false,Dakota Carolina Montana,Montana,276829932439470081,Active,RF,,R,5,2,3,2,,,,,Dakota Carolina Montana#4635,false,MLN,5,,Dakota Carolina,,5_4045
2468,4046,FA,false,Jack Meoff,Meoff,676613531637907498,Retired,SS,C,R,4,2,2,4,,,,,FearGoldEagle45,false,MLN,5,,Jack,,5_4046
2469,4048,POR,false,Mike Fruitstand,Fruitstand,202273074261917697,Active,RF,,R,4,2,2,4,,,,,ItsJustFruity#8827,true,MLN,5,,Mike,,5_4048
2470,4049,FA,false,Cromulent Embiggens,Embiggens,490600203921915904,Free Agent,P,,L,,,,,4,3,3,2,iunnolol,true,MLN,5,,Cromulent,,5_4049
2471,4050,ASS,false,Cali Guerensk,Guerensk,322858095590244353,Active,P,,R,,,,,2,5,2,3,Drag0nG0ld008#5755,false,MLN,5,,Cali,,5_4050
2472,4065,OO,false,Tristan Scoops,Scoops,190996042051878913,Active,C,CINF,L,3,3,5,1,,,,,tristan#7232,false,MLN,5,,Tristan,,5_4065
2473,4066,BUF,false,Brusdar Powerade,Powerade,243912771027206155,Captain,C,COF,L,1,5,5,1,,,,,beegbeegyosh#1100,true,MLN,5,,Brusdar,,5_4066
2474,4067,BUF,false,Dogwood Maple,Maple,552159012288856084,Active,RF,,L,4,5,1,2,,,,,dogwoodmaple#1747,false,MLN,5,,Dogwood,,5_4067
2475,4068,BFB,false,Cam’ron West,West,366942633916104705,Active,2B,UTIL,R,1,5,1,5,,,,,DPZ1156#7914,false,MLN,5,,Cam’ron,,5_4068
2476,4069,SUN,false,Hot Dog Jeopardy,Jeopardy,121792167361511424,Active,C,COF,R,1,4,4,3,,,,,Big Botto m#1067,false,MLN,5,,Hot Dog,,5_4069
2477,4070,HFX,false,Ioe Torrent,Torrent,130834533460344832,Active,1B,C,L,4,2,5,1,,,,,Ioe#4493,true,MLN,5,,Ioe,,5_4070
2478,4071,FA,false,Skinny Bear Brown Hill,Hill,616843277592952854,Free Agent,RF,,R,4,4,1,2,,,,,Skinny Bear Brown Hill #1764,true,MLN,5,,Skinny Bear Brown,,5_4071
2479,4072,HFX,false,Nicholas Fouss,Fouss,182233101349421067,Active,RF,,L,3,2,3,4,,,,,superfish1205#8463,true,MLN,5,,Nicholas,,5_4072
2480,4073,ACP,false,Sconnie McSwings,McSwings,362064637509763085,Active,LF,,R,3,2,3,4,,,,,G2019 #0639,true,MLN,5,,Sconnie,,5_4073
2481,4074,FA,false,Ryan Reynolds IV,Reynolds,612494299120140295,Free Agent,P,,L,,,,,4,3,2,3,Alrightythen#5952,true,MLN,5,IV,Ryan,,5_4074
2482,4075,FA,false,Truck Month,Month,197831638846013447,Free Agent,CF,,R,3,4,3,2,,,,,Truck Month#7046,true,MLN,5,,Truck,,5_4075
2483,4076,BUF,false,Grimothy Johnson,Johnson,179396505189351425,Active,SS,UTIL,R,5,1,1,5,,,,,base_coin#0111,true,MLN,5,,Grimothy,,5_4076
2484,4078,MAL,false,Sleve McDichael,McDichael,350765214288838666,Captain,P,,R,,,,,4,2,2,4,megalo#7735,true,MLN,5,,Sleve,,5_4078
2485,4079,ASS,false,Pedro Cerrano-Spaz,Cerrano-Spaz,480094051761389573,Active,RF,,R,3,1,4,4,,,,,BtSpaz#5064,true,MLN,5,,Pedro,,5_4079
2486,4080,BFB,false,Patrick McDonough,McDonough,465113775209709568,Active,CF,,R,5,5,1,1,,,,,코르도바 시드니 #8968,true,MLN,5,,Patrick,,5_4080
2487,4081,BBG,false,Toppo Thamornin,Thamornin,142120199242514432,Captain,P,,R,,,,,5,1,4,2,Zpheldin#4429,true,MLN,5,,Toppo,,5_4081
2488,4082,FA,false,Scoob Wheatly,Wheatly,169411506348228608,Retired,LF,,R,3,2,4,3,,,,,wheaties#5063,true,MLN,5,,Scoob,,5_4082
2489,5001,FA,false,Hugh Stunn,Stunn,217762251887607809,Retired,SS,UTIL,R,4,3,3,2,,,,,gasbreads#8008,true,MLN,5,,Hugh,,5_5001
2490,5002,HMH,false,Luigi DaBetterBruduh,DaBetterBruduh,105512327293448192,Active,RF,,L,5,1,1,5,,,,,ImmaStealYoHome#6723,true,MLN,5,,Luigi,,5_5002
2491,5003,FA,false,Pieter Sanchez,Sanchez,188734473658040320,Retired,C,CINF,R,2,3,5,2,,,,,Pieterjan#7324,true,MLN,5,,Pieter,,5_5003
2492,5004,BUF,false,Leon Sandcastle,Sandcastle,235358873672744960,Active,LF,,L,5,2,2,3,,,,,Jamar Lackson#1263,true,MLN,5,,Leon,,5_5004
2493,5005,POR,false,Narancia Ghirga,Ghirga,151152419584081920,Active,CF,,R,3,4,1,4,,,,,GoonerBear#0071,true,MLN,5,,Narancia,,5_5005
2494,5006,HFX,false,Sticky Mickey Mantle,Mantle,539593078273605645,Active,3B,UTIL,R,1,2,5,4,,,,,Sticky Mickey #7946,true,MLN,5,,Sticky Mickey,,5_5006
2495,5007,GHG,false,Dick Richards,Richards,585560973658685440,Active,LF,,R,4,1,3,4,,,,,richard#6782,true,MLN,5,,Dick,,5_5007
2496,5008,FA,false,Ross Ewage,Ewage,73229226156765184,Retired,3B,UTIL,L,5,2,1,4,,,,,HaV0C#3504,false,MLN,5,,Ross,,5_5008
2497,5009,FA,false,Zaphand Beeblebronx,Beeblebronx,167537430562471936,Retired,3B,UTIL,L,1,2,4,5,,,,,SgtSquishy5998,true,MLN,5,,Zaphand,,5_5009
2498,5010,ACP,false,Viktor Patterson,Patterson,317830538079764482,Active,P,,R,,,,,2,2,5,3,soyrman#7767,true,MLN,5,,Viktor,,5_5010
2499,5011,ASS,false,Mo Mo,Mo,193154424242307072,Captain,C,COF,R,4,5,1,2,,,,,MoJungo#6335,true,MLN,5,,Mo,,5_5011
2500,5012,BFB,false,Ben Bramly,Bramly,101512997112913920,Active,C,COF,R,4,5,1,2,,,,,bennyS#0344,true,MLN,5,,Ben,,5_5012
2501,5013,POR,false,Kirby Birch,Birch,623890584259526657,Active,3B,C,R,2,5,3,2,,,,,allomanticpush#7399,true,MLN,5,,Kirby,,5_5013
2502,5014,NO,false,Sheridan Blackstone,Blackstone,372069117005660161,Active,SS,UTIL,R,4,4,1,3,,,,,xFireRavenx#1221,true,MLN,5,,Sheridan,,5_5014
2503,5015,FA,false,Holland Oats,Oats,174249690919862272,Free Agent,CF,,L,3,1,3,5,,,,,jimmiboi#9276,true,MLN,5,,Holland,,5_5015
2504,5016,ACP,false,LeBarn James,James,340541260672532482,Active,RF,,R,4,3,3,2,,,,,door_nav,true,MLN,5,,LeBarn,,5_5016
2505,5017,ASS,false,Makesiondon Kelkboom,Kelkboom,477216596667006996,Active,SS,UTIL,L,3,1,4,4,,,,,Tenny1917,true,MLN,5,,Makesiondon,,5_5017
2506,5018,GRZ,false,Brian Taylor,Taylor,263736081000824832,Active,2B,UTIL,L,4,4,1,3,,,,,brian_taylor#4987,true,MLN,5,,Brian,,5_5018
2507,5019,MAL,false,Connor Morgan,Morgan,165574358390145034,Active,3B,UTIL,R,3,2,4,3,,,,,BigVolDaddy#7470,true,MLN,5,,Connor,,5_5019
2508,5021,ASS,false,Kenny Kawaguchi,Kawaguchi,531710311523418132,Active,RF,,L,4,1,4,3,,,,,CaptainCC,true,MLN,5,,Kenny,,5_5021
2509,5022,GHG,false,John Smith,Smith,94622501870510080,Active,P,,L,,,,,4,2,2,4,Randy#9263,true,MLN,5,,John,,5_5022
2510,5023,MAL,false,Matthew Paul,Paul,177139174107774976,Active,RF,,R,3,3,5,1,,,,,Matty#7478,true,MLN,5,,Matthew,,5_5023
2511,5024,POR,false,Simba Martinez II,Martinez,389091297618558990,Active,C,COF,L,3,5,3,1,,,,,Fartzillla#7514,true,MLN,5,II,Simba,,5_5024
2512,5025,SUN,false,Doc Wingduck,Wingduck,393612916374634507,Active,P,,R,,,,,3,3,2,4,Doc Dockgoose,true,MLN,5,,Doc,,5_5025
2513,5026,FA,false,Freddie Huff,Huff,211512352342933515,Free Agent,P,,L,,,,,2,5,1,4,Deebubya#4392,true,MLN,5,,Freddie,,5_5026
2514,5027,FA,false,Dillon Cheer,Cheer,620024108406669322,Free Agent,P,,R,,,,,4,2,4,2,da_dman172#1801,true,MLN,5,,Dillon,,5_5027
2515,5028,BFB,false,J.J. Guemes,Guemes,294910233296502785,Active,RF,,R,4,4,3,1,,,,,joseph#3849,true,MLN,5,,J.J.,,5_5028
2516,5029,OO,false,Finn Hudson,Hudson,150833402453557249,Active,2B,UTIL,R,5,1,1,5,,,,,kowboy#5334,true,MLN,5,,Finn,,5_5029
2517,5030,ASS,false,Dirk Digglet,Digglet,636749752683200523,Active,P,,R,,,,,1,5,1,5,Lancer52,true,MLN,5,,Dirk,,5_5030
2518,5031,BUF,false,Doc Crudelly,Crudelly,195948950073638922,Active,2B,UTIL,L,4,2,3,3,,,,,Dunkat523,true,MLN,5,,Doc,,5_5031
2519,5032,KYM,false,Sander Entman,Entman,148506025773760512,Active,2B,UTIL,L,4,4,1,3,,,,,Holo_Icy_Holo#9537,true,MLN,5,,Sander,,5_5032
2520,5033,MAL,false,Kev Biffington,Biffington,650570013769596939,Active,CF,,L,1,5,5,1,,,,,Biffsauce#9192,true,MLN,5,,Kev,,5_5033
2521,5034,ASS,false,Haloick Oasis,Oasis,121814608313843713,Active,LF,,R,3,3,1,5,,,,,Haloick#2063,true,MLN,5,,Haloick,,5_5034
2522,5035,MAL,false,Judge Reinhold,Reinhold,597898996530413583,Active,LF,,R,3,2,5,2,,,,,Judge1314#2067,true,MLN,5,,Judge,,5_5035
2523,5036,NO,false,Thackery Pounce,Pounce,206916627650838528,Active,P,,R,,,,,5,2,3,2,Xaq#7345,true,MLN,5,,Thackery,,5_5036
2524,5037,FA,false,Victor Hugo,Hugo,218523105478443020,Free Agent,3B,UTIL,L,2,2,3,5,,,,,Iamdumberdore#7092,true,MLN,5,,Victor,,5_5037
2525,5038,MAL,false,"Buster ""Striker"" Walker",Walker,238513881943769088,Active,3B,UTIL,R,4,2,5,1,,,,,Waffle Supreme#0645,true,MLN,5,,"Buster ""Striker""",,5_5038
2526,5039,ASS,false,Roidy Magoo,Magoo,259428292170481674,Active,CF,,L,5,1,1,5,,,,,NA Bonobo #0420,true,MLN,5,,Roidy,,5_5039
2527,5040,FA,false,Jason Rowe,Rowe,234174459756412928,Free Agent,1B,UTIL,R,2,4,5,1,,,,,DatYoshiDude#5950,true,MLN,5,,Jason,,5_5040
2528,5041,HMH,false,Papa Longstroke,Longstroke,366673575442382850,Active,CF,,L,4,1,3,4,,,,,Hardcastle McCormick#7643,true,MLN,5,,Papa,,5_5041
2529,5042,FA,false,Jay Emess,Emess,71382713801637888,Free Agent,CF,,L,5,1,2,4,,,,,jms#1306,true,MLN,5,,Jay,,5_5042
2530,5043,FA,false,Videl Satan,Satan,306875285679112193,Free Agent,P,,R,,,,,3,3,3,3,ValorX77#5210,true,MLN,5,,Videl,,5_5043
2531,1001,SMD,false,Crash Davis,Davis,293940505614483456,Hiatus,CF,,L,4,2,1,5,,,,,Flying Spaghetti Hitchens#6329,false,MLN,6,,Crash,,6_1001
2532,1002,GRZ,false,Garitek,Garitek,201437703328235520,Captain,C,CINF,R,4,4,3,1,,,,,GareDr333#5369,false,MLN,6,,,,6_1002
2533,1004,SMD,true,Pops Dongoria,Dongoria,225468192443727873,GM Only,P,,R,,,,,5,3,2,2,timland33#8053,false,MLN,6,,Pops,,6_1004
2534,1006,SMD,false,Smitty Hoppenscotch,Hoppenscotch,377826278004490240,Captain,CF,,L,4,2,1,5,,,,,Natsochist#8041,false,MLN,6,,Smitty,,6_1006
2535,1008,SMD,false,Atlas Quin,Quin,148920755189579776,Captain,P,,L,,,,,3,2,4,3,Pieanator#7542,false,MLN,6,,Atlas,,6_1008
2536,1010,FA,false,Madis Mickelson,Mickelson,310887264374882304,Retired,RF,,L,4,4,1,3,,,,,madis99#4415,false,MLN,6,,Madis,,6_1010
2537,1012,SMD,false,Reservoir Butler,Butler,288768900169072641,Active,SS,C,R,4,2,1,5,,,,,ghostelephant#6650,false,MLN,6,,Reservoir,,6_1012
2538,1017,BFB,false,Joe Runzer,Runzer,414316350324998144,Hiatus,P,,R,,,,,4,3,3,2,scumbagjoe11#2267,false,MLN,6,,Joe,,6_1017
2539,1018,HFX,false,Lane Drew,Drew,215354400720420866,Active,P,,L,,,,,3,4,4,2,Stride,true,MLN,6,,Lane,,6_1018
2540,1021,KYM,false,Q Kimbrel,Kimbrel,134478480862740480,Active,CF,,R,1,3,5,3,,,,,Cerb#8365,false,MLN,6,,Q,,6_1021
2541,1022,GHG,false,Chuck McCluster,McCluster,391473385768747008,Active,RF,,L,3,4,3,2,,,,,snipenberg#7197,false,MLN,6,,Chuck,,6_1022
2542,1023,SMD,false,Dan Gerzone,Gerzone,358438389160345600,Captain,2B,UTIL,R,4,1,3,4,,,,,Dan_Gerzone,false,MLN,6,,Dan,,6_1023
2543,1024,HFX,false,Jordan Peppers,Peppers,298191208776204288,Active,P,,R,,,,,4,2,2,4,raptor152#0431,false,MLN,6,,Jordan,,6_1024
2544,1026,POR,false,Angel Leon,Leon,240939239968210944,Active,P,,L,,,,,4,3,4,1,GK12303#1313,false,MLN,6,,Angel,,6_1026
2545,1027,SMD,false,Thomas Nova,Nova,341669113430540301,Retired,P,,L,,,,,4,4,2,2,Daitryu#7669,false,MLN,6,,Thomas,,6_1027
2546,1028,HMH,false,Haraldo MacKenzie,MacKenzie,281586814471634945,Active,SS,UTIL,R,5,1,4,2,,,,,mack#0894,false,MLN,6,,Haraldo,,6_1028
2547,1029,SUN,false,Lefty Louis,Louis,326553566909300737,Active,1B,C,L,1,5,5,1,,,,,lewislewes#3447,false,MLN,6,,Lefty,,6_1029
2548,1032,SUN,true,Charlie Scott,Scott,193883917055557642,GM Only,C,COF,L,5,5,1,1,,,,,SemiCharmedMike#9629,false,MLN,6,,Charlie,,6_1032
2549,1033,BBG,true,Daz Reference,Reference,180498124823855104,Active,1B,UTIL,R,5,1,1,5,,,,,Obscure_Reference#9129,false,MLN,6,,Daz,,6_1033
2550,1034,SUN,false,Jack Marnette,Marnette,345701896377597953,Active,LF,,R,5,2,2,3,,,,,jmarnette#1828,false,MLN,6,,Jack,,6_1034
2551,1035,SUN,true,Pete Wheeler,Wheeler,213403960072077312,Active,CF,,L,3,3,1,5,,,,,mcastagnaro30#2558,false,MLN,6,,Pete,,6_1035
2552,1036,SMD,false,Spike Suzuki,Suzuki,398235187634503702,Captain,3B,UTIL,L,4,4,3,1,,,,,xbijin#3776,false,MLN,6,,Spike,,6_1036
2553,1039,FA,false,Clive Babineaux,Babineaux,312078049401110530,Retired,RF,,L,4,2,4,2,,,,,tanay002#5272,false,MLN,6,,Clive,,6_1039
2554,1041,ACP,false,Barney Summers,Summers,378073752400953344,Active,C,CINF,L,5,5,1,1,,,,,CougMaster#8822,false,MLN,6,,Barney,,6_1041
2555,1042,NO,false,Dallas Houston,Houston,359717979732312064,Active,RF,,R,3,3,5,1,,,,,mbless1415#6210,false,MLN,6,,Dallas,,6_1042
2556,1043,KYM,false,Tyler Palmatier,Palmatier,195415573721645056,Active,1B,UTIL,R,3,3,4,2,,,,,Jags#3155,false,MLN,6,,Tyler,,6_1043
2557,1051,OO,false,Superbone Threefinger,Threefinger,224327937720188928,Active,CF,,L,4,1,3,4,,,,,23baseball3#3100,false,MLN,6,,Superbone,,6_1051
2558,1052,HMH,false,Zed Leona,Leona,177281342818484224,Active,C,CINF,R,5,4,1,2,,,,,Sleeper#2045,false,MLN,6,,Zed,,6_1052
2559,1054,HMH,false,Steve Hofbardozzi Jr. Jr. Jr.,Hofbardozzi,207143171128426496,Active,3B,UTIL,L,5,4,1,2,,,,,GeneticlyPerfct#0232,false,MLN,6,Jr.,Steve,,6_1054
2560,1055,HMH,true,Osmosis Jones,Jones,131978039763402752,GM Only,2B,UTIL,L,4,3,1,4,,,,,AdmiralJones42#6648,false,MLN,6,,Osmosis,,6_1055
2561,1056,SMD,false,Henrik Omega,Omega,178987211239325696,Active,RF,,L,3,3,2,4,,,,,Big Bossuru#1370,false,MLN,6,,Henrik,,6_1056
2562,1057,JAM,false,Rusty LaRue,LaRue,644347193523830814,Retired,P,,L,,,,,3,3,3,3,BaldRusty2.0#6959,false,MLN,6,,Rusty,,6_1057
2563,1058,HMH,false,Catfish Champ,Champ,259940190947246081,Active,CF,,L,5,3,1,3,,,,,amazingcowmilk#9713,false,MLN,6,,Catfish,,6_1058
2564,1061,HMH,false,Hudson Hildebrandt,Hildebrandt,285878316987056130,Active,P,,R,,,,,5,1,5,1,Hudson#0002,false,MLN,6,,Hudson,,6_1061
2565,1062,KYM,false,BB Bambino Jr.,Bambino,675859449508003875,Active,SS,UTIL,R,5,5,1,1,,,,,Bambino2.0#4658,false,MLN,6,Jr.,BB,,6_1062
2566,1063,KYM,false,Alex Yaxley,Yaxley,345329173616787458,Captain,C,COF,R,3,4,4,1,,,,,BIGxM1KE#4625,false,MLN,6,,Alex,,6_1063
2567,1064,FA,false,Dick Pole,Pole,392155574231629825,Free Agent,1B,UTIL,R,3,3,5,1,,,,,Wblewis45#7778,false,MLN,6,,Dick,,6_1064
2568,1067,ACP,false,Austin Schwartz,Schwartz,319240013818757120,Active,CF,,L,5,5,1,1,,,,,Cubzlover84#7820,false,MLN,6,,Austin,,6_1067
2569,1068,FA,false,Ben Grimm,Grimm,378312650473472011,Retired,RF,,R,3,2,5,2,,,,,Jim Boeheim#2353,false,MLN,6,,Ben,,6_1068
2570,1069,HMH,false,Rub A. Chikin,Chikin,373703526347440129,Active,1B,UTIL,L,5,1,1,5,,,,,rubachikin,false,MLN,6,,Rub A.,,6_1069
2571,1071,POR,false,Isaac Saffron,Saffron,151083162116554752,Captain,C,CINF,L,5,5,1,1,,,,,izsaf#9638,false,MLN,6,,Isaac,,6_1071
2572,1072,BFB,false,Red Trapper,Trapper,381269531752005663,Captain,1B,UTIL,L,2,4,4,2,,,,,Red Trapper#5937,false,MLN,6,,Red,,6_1072
2573,1073,BFB,false,Juan Diego De Las Rosas Jr.,De Las Rosas,189963987129991179,Captain,2B,UTIL,R,4,2,1,5,,,,,Dancingtree444#4987,false,MLN,6,Jr.,Juan Diego,,6_1073
2574,1074,BFB,false,Donked McToad,McToad,191205122548695050,Active,P,,L,,,,,3,4,3,2,donked#9307,false,MLN,6,,Donked,,6_1074
2575,1076,OO,false,Fuzzy Dunlop,Dunlop,396470748526411776,Retired,P,,L,,,,,3,3,5,1,Fuzzy Dunlop#5733,false,MLN,6,,Fuzzy,,6_1076
2576,1079,OO,false,Babatunde Oladotun,Oladotun,401796234001514501,Active,P,,R,,,,,4,2,3,3,Babatunde Oladotun#6470,false,MLN,6,,Babatunde,,6_1079
2577,1080,BFB,true,Whitt Bass,Bass,211904717981220865,GM Only,,,,,,,,,,,,kickthepony#5274,false,MLN,6,,Whitt,,6_1080
2578,1082,GRZ,false,Basebally McBaseballface Jr.,McBaseballface,212687113634840580,Active,RF,,R,5,1,1,5,,,,,packattack#9827,false,MLN,6,Jr.,Basebally,,6_1082
2579,1083,GRZ,false,Tony Smehrik,Smehrik,185167161734594560,Active,P,,L,,,,,3,5,2,2,liebz#0795,false,MLN,6,,Tony,,6_1083
2580,1086,ACP,true,George Ewell,Ewell,211243192358535171,GM Only,C,COF,R,2,5,4,1,,,,,Ewell,false,MLN,6,,George,,6_1086
2581,1087,SUN,false,Foxx Dashington,Dashington,301455044656758784,Captain,LF,,L,1,1,5,5,,,,,FoxxDashington#1492,false,MLN,6,,Foxx,,6_1087
2582,1088,ACP,false,Stan Mann,Mann,298312382927732748,Active,1B,UTIL,R,5,5,1,1,,,,,CelciusII#6336,false,MLN,6,,Stan,,6_1088
2583,1089,BFB,false,Jefferson Steelflex,Steelflex,187009663487836162,Captain,SS,UTIL,L,4,3,4,1,,,,,Jeff Steelflex#0352,false,MLN,6,,Jefferson,,6_1089
2584,1090,ACP,false,James Pablano,Pablano,377904113842913280,Retired,P,,R,,,,,2,5,2,3,loco_pabs#0259,false,MLN,6,,James,,6_1090
2585,1091,ACP,false,Dougal McGoogol,McGoogol,377896897870036992,Active,3B,UTIL,R,4,2,1,5,,,,,mcgoogol#0111,false,MLN,6,,Dougal,,6_1091
2586,1097,GRZ,true,Jameson Poe,Poe,136843419321368576,Active,C,COF,R,3,4,2,3,,,,,Poe#8888,false,MLN,6,,Jameson,,6_1097
2587,1098,ACP,false,Kegs Mabry,Mabry,144267007175426048,Active,CF,,L,3,1,5,3,,,,,kegs#5639,false,MLN,6,,Kegs,,6_1098
2588,1099,BFB,false,Baron Samedi,Samedi,109574591738851328,Active,3B,UTIL,R,3,3,2,4,,,,,haunted#0371,false,MLN,6,,Baron,,6_1099
2589,1100,BUF,false,Antwan Zella,Zella,135821931550081024,Active,LF,,R,5,3,3,1,,,,,ando#0150,false,MLN,6,,Antwan,,6_1100
2590,1102,BUF,false,Graham Otherie,Otherie,345618052743692288,Retired,SS,UTIL,R,5,2,4,1,,,,,grahm03#0716,false,MLN,6,,Graham,,6_1102
2591,1105,FA,false,Grey Goose McGillicuddy,McGillicuddy,173958296800198657,Retired,3B,UTIL,R,3,3,1,5,,,,,Judah#1924,false,MLN,6,,Grey Goose,,6_1105
2592,1107,MAL,false,Petra Sabor,sabor,158306211568025600,Active,P,,L,,,,,3,1,5,3,Petralikesbaseball#0016,false,MLN,6,,petra,,6_1107
2593,1108,GHG,false,Conor Sexton,Sexton,205443196401090561,Active,1B,UTIL,L,3,3,4,2,,,,,YoloSwaggins#8690,false,MLN,6,,Conor,,6_1108
2594,1109,GHG,true,Dominus Nominus,Nominus,198821468317024256,GM Only,LF,,R,2,2,4,4,,,,,steelermade28#8041,false,MLN,6,,Dominus,,6_1109
2595,1113,SUN,false,Cookie Mongster,Mongster,302242686281318400,Active,P,,L,5,5,1,1,5,5,1,1,mongster_03#3405,false,MLN,6,,Cookie,,6_1113
2596,1116,ASS,false,Lee Allen Ripley,Ripley,199236419464462346,Active,P,,L,,,,,5,2,4,1,SubcheckForum#0035,false,MLN,6,,Lee Allen,,6_1116
2597,1119,ACP,false,Willie Mays Hayes,Hayes,433103168445087756,Active,CF,,R,4,2,1,5,,,,,WillieMaysHays#9546,false,MLN,6,,Willie Mays,,6_1119
2598,1120,KYM,false,Johnny Hopkins,Hopkins,121083821637500928,Captain,3B,UTIL,L,5,2,2,3,,,,,BubonicNarwhal#6234,false,MLN,6,,Johnny,,6_1120
2599,1122,GHG,false,Finkle Sparkles,Sparkles,243128381275766784,Active,P,,R,,,,,4,2,4,2,Einhornfarm#4830,false,MLN,6,,Finkle,,6_1122
2600,1123,SUN,false,Kurt Anger,Anger,172340171868602368,Active,P,,R,,,,,4,4,3,1,Wham Bam Shang-A-Lang#7171,false,MLN,6,,Kurt,,6_1123
2601,1131,BUF,false,KC Bats,Bats,322186326130556940,Active,LF,,R,4,2,2,4,,,,,kc3551#3802,false,MLN,6,,KC,,6_1131
2602,1132,BFB,true,Steel Pipe Simpson,Simpson,358438289344299008,GM Only,CF,,R,3,3,3,3,,,,,Alch233,false,MLN,6,,Steel Pipe,,6_1132
2603,1133,OO,false,Hank Murphy,Murphy,382275235082403842,Active,C,COF,L,1,5,5,1,,,,,Hank Murphy#4997,false,MLN,6,,Hank,,6_1133
2604,1134,GHG,false,Ornn Mistborn,Mistborn,277638011124973571,Active,2B,UTIL,R,5,2,1,4,,,,,biigdog#3209,false,MLN,6,,Ornn,,6_1134
2605,1135,ACP,false,Ryan Gastings,Gastings,194225767952023552,Active,P,,L,,,,,2,4,2,4,Aspence#3564,false,MLN,6,,Ryan,,6_1135
2606,1136,GHG,false,Mason Spurs,Spurs,198821468317024256,Active,SS,UTIL,L,5,2,2,3,,,,,SpursyGopher#5047,false,MLN,6,,Mason,,6_1136
2607,1137,ACP,false,Jimmy Johns,Johns,235507430656704514,Retired,CF,,L,5,1,2,4,,,,,EazyKill#8033,false,MLN,6,,Jimmy,,6_1137
2608,1140,SMD,false,Bartholomew Crumblepuff,Crumblepuff,223279982091304960,Active,P,,L,,,,,3,2,4,3,Zod#3168,false,MLN,6,,Bartholomew,,6_1140
2609,1141,GRZ,false,Geno Scaramucci,Scaramucci,378622205883580417,Active,CF,,L,4,4,2,2,,,,,SilkyMango#9987,false,MLN,6,,Geno,,6_1141
2610,1145,MAL,false,Artie Ziff,Ziff,221036282267041805,Active,P,,R,,,,,2,4,4,2,mennonite_barbie#3089,false,MLN,6,,Artie,,6_1145
2611,1149,HMH,false,Garrett Evans,Evans,233003286943367169,Active,RF,,R,3,2,5,2,,,,,legacy3233#2024,false,MLN,6,,Garrett,,6_1149
2612,1150,FA,false,Ricky Vaughn,Vaughn,369553888723992578,Free Agent,P,,R,,,,,3,4,4,1,See_You_Laterr#6448,false,MLN,6,,Ricky,,6_1150
2613,1151,SMD,false,Lance Lummoxx,Lummoxx,215570868657455104,Active,SS,UTIL,R,3,2,4,3,,,,,Lummoxx#2267,false,MLN,6,,Lance,,6_1151
2614,1152,FA,false,Hans Ali,Ali,416272664756355075,Free Agent,P,,L,,,,,4,4,2,2,hanstheman33#3083,false,MLN,6,,Hans,,6_1152
2615,1153,OO,false,Larold,Larold,406898210804858884,Active,P,,R,,,,,4,3,4,1,TrickyTroy2#3950,false,MLN,6,,,,6_1153
2616,1156,SMD,false,Thomas Thompson III,Thompson,86858721061269504,Active,P,,R,,,,,4,2,2,4,Barno#4078,false,MLN,6,III,Thomas,,6_1156
2617,1157,ACP,false,JP Panik,Panik,345339723323146240,Active,SS,UTIL,L,4,2,4,2,,,,,JP1704#3386,false,MLN,6,,JP,,6_1157
2618,1158,SUN,false,Master Cashier,Cashier,143034072787058688,Active,P,,L,,,,,3,3,4,2,MasterCashier#1114,false,MLN,6,,Master,,6_1158
2619,1159,KYM,false,Clifton Outlaw,Outlaw,234287682082045952,Active,RF,,L,3,2,4,3,,,,,AWildHannahAppeared#3538,false,MLN,6,,Clifton,,6_1159
2620,1160,MAL,false,Caleb Athen,Athen,204452267724767242,Retired,CF,,L,5,1,1,5,,,,,Xenlos#1147,false,MLN,6,,Caleb,,6_1160
2621,1162,NO,false,Nate Lewis,Lewis,183513716166230017,Active,3B,UTIL,L,3,3,1,5,,,,,Miro#4444,false,MLN,6,,Nate,,6_1162
2622,1164,BFB,false,Zin Martinez,Martinez,345191609098567680,Active,C,CINF,L,5,3,2,2,,,,,Wilbur Forrester Wood#1106,false,MLN,6,,Zin,,6_1164
2623,1165,GRZ,false,Dropov Andpicov,Andpicov,166308180668710912,Active,2B,UTIL,L,4,3,2,3,,,,,Shambox#6584,false,MLN,6,,Dropov,,6_1165
2624,1166,BBG,false,Ecliptic Astrum,Astrum,212087762172510210,Captain,C,CINF,L,1,5,1,5,,,,,Ecliptic#3662,false,MLN,6,,Ecliptic,,6_1166
2625,1168,BBG,false,Release T. Kraken,Kraken,132736488675737600,Active,1B,,R,5,1,3,3,,,,,Schuby#0001,false,MLN,6,,Release T.,,6_1168
2626,1169,HMH,false,Jerome Garcia,Garcia,131971501153845248,Active,2B,UTIL,R,5,3,3,1,,,,,UnironicU2Defender#7767,false,MLN,6,,Jerome,,6_1169
2627,1173,FA,false,Icna Comit,Comit,176033947308916736,Free Agent,2B,UTIL,L,5,1,4,2,,,,,Almy#0569,false,MLN,6,,Icna,,6_1173
2628,1174,BBG,false,Mad Monty,Monty,454284112165863434,Captain,P,,L,,,,,1,4,4,3,Mad_Monty#0578,false,MLN,6,,Mad,,6_1174
2629,1180,BBG,false,War Hamster,Hamster,238569734185025536,Active,2B,UTIL,R,5,2,1,4,,,,,Warhamster#9295,false,MLN,6,,War,,6_1180
2630,1184,FA,false,Buzz Schwinghammer,Schwinghammer,270051916803866625,Free Agent,3B,UTIL,R,3,3,1,5,,,,,chillkiller#4014,false,MLN,6,,Buzz,,6_1184
2631,1186,HFX,false,Francis Herman Swagger,Swagger,402556009736044544,Active,1B,UTIL,R,2,4,4,2,,,,,bellysk8er2005#9850,false,MLN,6,,Francis,,6_1186
2632,1187,FA,false,Brandon Blade,Blade,403328412610985984,Retired,LF,,L,2,3,5,2,,,,,Lattimore_Island#9939,false,MLN,6,,Brandon,,6_1187
2633,1189,FA,false,Ethan Franklin,Franklin,344697495517003787,Retired,1B,UTIL,L,5,1,3,3,,,,,ethan#4765,false,MLN,6,,Ethan,,6_1189
2634,1191,MAL,false,Morris Deratt,Deratt,262709484810534914,Active,1B,C,R,5,5,1,1,,,,,kylemoto10#6969,false,MLN,6,,Morris,,6_1191
2635,1194,GHG,false,Rickey Tucker,Tucker,334203993607766017,Active,P,,R,,,,,4,2,2,4,amesker#3310,false,MLN,6,,Rickey,,6_1194
2636,1199,MAL,false,Boof Boog,Boog,104608263005294592,Retired,CF,,R,5,1,5,1,,,,,JohnnyTrout#4375,false,MLN,6,,Boof,,6_1199
2637,1201,HMH,false,Mylo Grams,Grams,342097160122269698,Active,C,COF,L,1,5,5,1,,,,,Mylo Grams- Toronto C#9559,false,MLN,6,,Mylo,,6_1201
2638,1205,HMH,false,Stephen Sondheim,Sondheim,121672903396687872,Active,P,,R,,,,,4,3,3,2,David.#9999,false,MLN,6,,Stephen,,6_1205
2639,1206,SMD,false,VeeDee Johnson,Johnson,383477937699029003,Active,C,COF,R,4,5,2,1,,,,,ConstantQuarreling#0175,false,MLN,6,,VeeDee,,6_1206
2640,1208,BBG,false,Base Ventura,Ventura,488754199245357073,Active,P,,L,,,,,3,2,3,4,GKG1214#5442,false,MLN,6,,Base,,6_1208
2641,1209,BFB,false,Franz Joseph Hymen,Hymen,657949188415422475,Active,LF,,L,1,3,4,4,,,,,sael#7290,false,MLN,6,,Franz Joseph,,6_1209
2642,1210,MAL,false,Berna Pozo,Pozo,97154612594741248,Active,C,COF,R,4,5,2,1,,,,,Socc#0001,false,MLN,6,,Berna,,6_1210
2643,1211,FA,false,Pete Jones,Jones,80385346734395392,Retired,LF,,L,5,1,5,1,,,,,Holibean :sauropod:#1337,false,MLN,6,,Pete,,6_1211
2644,1212,BUF,true,Barney Turbo,Turbo,375039413203501057,Retired,CF,,R,3,1,5,3,,,,,"Barney ""AAM"" Turbo#0329",false,MLN,6,,Barney,,6_1212
2645,1217,HFX,true,Johnny Dickshot,Dickshot,346750558901764117,Retired,C,COF,R,4,5,2,1,,,,,Number1Dork#7344,false,MLN,6,,Johnny,,6_1217
2646,1220,SMD,false,Al Ternate,Ternate,346778676471267328,Active,LF,,R,3,4,1,4,,,,,Official Blu Jays Media Manger#8962,false,MLN,6,,Al,,6_1220
2647,1222,ASS,false,Justin Martin,Martin,311241666067431424,Active,C,CINF,R,3,5,3,1,,,,,JustinQuan#3795,false,MLN,6,,Justin,,6_1222
2648,2000,KYM,false,Jerry Jingles,Jingles,340315725556088843,Active,P,,R,,,,,4,4,3,1,ColorMaster#3072,false,MLN,6,,Jerry,,6_2000
2649,2001,ACP,false,Jimjon Jonjim,Jonjim,301769120783925258,Active,1B,UTIL,L,4,3,2,3,,,,,Tigerfan895#1214,false,MLN,6,,Jimjon,,6_2001
2650,2002,SUN,false,Assassin Xekutioner,Xekutioner,385236196659560448,Active,3B,UTIL,R,2,2,3,5,,,,,The Xekutioner#6921,false,MLN,6,,Assassin,,6_2002
2651,2005,NO,false,Kiger Wulf,Wulf,308005533028319232,Active,C,CINF,R,1,5,5,1,,,,,KigerWulf#4308,false,MLN,6,,Kiger,,6_2005
2652,2007,BUF,false,Karolina Miaukatwicz,Miaukatwicz,268216874880204802,Active,3B,UTIL,L,5,2,1,4,,,,,jlh2b#5197,false,MLN,6,,Karolina,,6_2007
2653,2010,HMH,false,Skillz Simanek,Simanek,511617020408889354,Active,SS,UTIL,L,3,2,4,3,,,,,tsimaskillz#3401,false,MLN,6,,Skillz,,6_2010
2654,2012,GRZ,false,Burgess Whitehead,Whitehead,396066486168584212,Active,3B,UTIL,L,4,3,4,1,,,,,stout#5458,false,MLN,6,,Burgess,,6_2012
2655,2014,NO,false,Shovel Bryant,Bryant,398562977814413322,Active,2B,UTIL,R,4,3,1,4,,,,,Ramzavail#6648,false,MLN,6,,Shovel,,6_2014
2656,2020,ASS,true,Demetrios Ooga,Ooga,319330358636314634,Active,2B,C,L,1,5,1,5,,,,,oogadebob#9787,false,MLN,6,,Demetrios,,6_2020
2657,2025,FA,false,Britt O'War,O'War,512103892033470506,Free Agent,P,,L,,,,,3,4,3,2,Britt O'War#9333,false,MLN,6,,Britt,,6_2025
2658,2029,GRZ,false,Lois Whip,Whip,258104532423147520,Captain,P,,R,,,,,4,1,4,3,manticorum67#3673,false,MLN,6,,Lois,,6_2029
2659,2032,BFB,false,Kali McSuntas,McSuntas,181238139539423232,Active,P,,L,,,,,5,2,1,4,LaDfBC#1246,false,MLN,6,,Kali,,6_2032
2660,2035,ACP,false,Jhahn Tahmus,Tahmus,512767921815027713,Captain,C,COF,L,4,4,3,1,,,,,jhahn_ttahmus#7940,false,MLN,6,,Jhahn,,6_2035
2661,2036,BUF,false,Sandy Collazo,Collazo,230804103079526400,Retired,P,,L,,,,,4,4,1,3,Kaluunit#2406,false,MLN,6,,Sandy,,6_2036
2662,2037,POR,false,Remi Renaldo,Renaldo,201806047478939649,Retired,C,CINF,R,5,5,1,1,,,,,Megatomic#1337,false,MLN,6,,Remi,,6_2037
2663,2042,GHG,false,Skrunk Meinhoffer,Meinhoffer,215497862904020992,Retired,LF,,L,1,3,5,3,,,,,Truly#6240,false,MLN,6,,Skrunk,,6_2042
2664,2044,BBG,false,Maud Nelson,Nelson,514543440709812245,Active,LF,,L,4,3,4,1,,,,,dianaswrld#4135,false,MLN,6,,Maud,,6_2044
2665,2047,BBG,false,Calvin Huff,Huff,507717034893901824,Captain,CF,,R,4,2,4,2,,,,,"Calvin ""mak0shark"" Huff- FA P#5639",false,MLN,6,,Calvin,,6_2047
2666,2049,FA,false,Brian MacDonald,MacDonald,298870267499773952,Free Agent,P,,R,,,,,5,2,3,2,Ashen_1#2320,false,MLN,6,,Brian,,6_2049
2667,2055,BFB,false,Harry Peritestes,Peritestes,268566559746686986,Active,CF,,R,4,3,2,3,,,,,Jpulto#1431,false,MLN,6,,Harry,,6_2055
2668,2056,OO,false,Mecha Vulfzilla,Vulfzilla,466035881682141185,Captain,SS,UTIL,L,4,1,3,4,,,,,mile114#1245,false,MLN,6,,Mecha,,6_2056
2669,2057,OO,false,Jack Alpha,Alpha,378210771005341698,Active,3B,UTIL,R,5,1,2,4,,,,,androidsen#8466,false,MLN,6,,Jack,,6_2057
2670,2060,FA,false,LaPrince Frye,Frye,416715978391420928,Retired,P,,L,,,,,4,3,2,3,LaPrince Frye#5785,false,MLN,6,,LaPrince,,6_2060
2671,2065,POR,false,Gus Buster,Buster,201802131106168843,Retired,P,,L,,,,,5,3,1,3,lemonsqueegee#4322,false,MLN,6,,Gus,,6_2065
2672,2067,SUN,false,Riles McGiles,McGiles,372578681006063617,Active,RF,,R,1,5,1,5,,,,,RilesMcGiles#3103,false,MLN,6,,Riles,,6_2067
2673,2068,POR,false,Raphael Akias,Akias,372553093331812352,Retired,C,COF,R,3,5,3,1,,,,,Geo#4579,false,MLN,6,,Raphael,,6_2068
2674,2069,POR,false,Tygen Shinybeard,Shinybeard,202278109708419072,Captain,LF,,L,3,3,1,5,,,,,dyslexda#0531,false,MLN,6,,Tygen,,6_2069
2675,2070,GHG,false,Billy Winters,Winters,90629680868134912,Retired,P,,R,,,,,4,2,2,4,Kartov#2854,false,MLN,6,,Billy,,6_2070
2676,2072,GHG,false,Pull Ganger,Ganger,877964545015042148,Active,CF,,L,3,2,2,5,,,,,ganger#7504,false,MLN,6,,Pull,,6_2072
2677,2073,MAL,false,Dom Emnic,Emnic,671538823662010394,Retired,SS,UTIL,R,4,2,3,3,,,,,Dart#5537,false,MLN,6,,Dom,,6_2073
2678,2075,MAL,false,Copenhagen Black,Black,470202656992919553,Captain,C,CINF,L,3,4,4,1,,,,,NolaGumbeaux41#8934,false,MLN,6,,Copenhagen,,6_2075
2679,2077,HMH,false,Jared Fromsubway,Fromsubway,131977963624333313,Active,LF,,R,4,3,3,2,,,,,oo#0001,false,MLN,6,,Jared,,6_2077
2680,2078,HMH,false,Rascal Alex,Alex,131978039763402752,Active,P,,L,,,,,2,4,3,3,Avdo#9090,false,MLN,6,,Rascal,,6_2078
2681,2080,FA,false,Junebug Wray,Wray,144969605977341953,Free Agent,P,,R,,,,,3,2,5,2,Joester09#1816,false,MLN,6,,Junebug,,6_2080
2682,2081,POR,false,Cal Lidous,Lidous,485723834075316224,Active,P,,R,,,,,1,1,5,5,Cal#3838,false,MLN,6,,Cal,,6_2081
2683,2082,ASS,false,Dixon Uraz,Uraz,148580118179217410,Active,2B,UTIL,R,5,1,1,5,,,,,Club_toast#4313,false,MLN,6,,Dixon,,6_2082
2684,2083,BFB,false,Dylan Green,Green,172167687143817217,Active,P,,L,,,,,5,3,2,2,DylanG5#4899,false,MLN,6,,Dylan,,6_2083
2685,2085,MAL,false,Lloyd Gross,Gross,206526330861387776,Captain,RF,,R,2,4,5,1,,,,,CringE#0294,false,MLN,6,,Lloyd,,6_2085
2686,2086,FA,false,Drew Ekstrum,Ekstrum,294335981442564096,Free Agent,CF,,R,5,1,1,5,,,,,Drew Ekstrum#1125,false,MLN,6,,Drew,,6_2086
2687,2088,HMH,false,Dmitri Petrovich,Petrovich,355934424061181972,Retired,LF,,R,4,2,3,3,,,,,GSchlim,false,MLN,6,,Dmitri,,6_2088
2688,2090,MAL,false,Goro Shinoda,Shinoda,153721741129023488,Active,P,,L,,,,,5,5,1,1,XemyrLeBeau,false,MLN,6,,Goro,,6_2090
2689,2093,ACP,false,True Pierce,Pierce,399299351802937344,Active,P,,R,,,,,4,4,3,1,True #9380,false,MLN,6,,True,,6_2093
2690,2094,MAL,false,JZ (but not the rapper),JZ,254774534274547713,Active,SS,UTIL,R,5,1,1,5,,,,,JZKITTY#3143,false,MLN,6,,,,6_2094
2691,2095,MAL,false,Val Pix,Pix,231100460482691074,Retired,2B,UTIL,L,4,5,2,1,,,,,Valpix#6666,false,MLN,6,,Val,,6_2095
2692,2096,GRZ,false,Adam Croft,Croft,208429483059970050,Active,P,,L,,,,,5,4,1,2,Naki#2555,false,MLN,6,,Adam,,6_2096
2693,2097,ASS,false,Bobby Vance,Vance,438226264608735232,Captain,SS,UTIL,L,5,2,3,2,,,,,Wildcard09,false,MLN,6,,Bobby,,6_2097
2694,2101,KYM,false,Duwan Anonly,Anonly,140944286282678273,Active,RF,,R,5,3,1,3,,,,,Wazzup44#3094,false,MLN,6,,Duwan,,6_2101
2695,2104,NO,false,Bobby Portis,Portis,383444903344078848,Active,P,,R,,,,,3,4,4,1,jackvd#1878,false,MLN,6,,Bobby,,6_2104
2696,2106,GRZ,false,Declan Archer,Archer,501849193338503168,Active,CF,,L,4,2,2,4,,,,,Natro#0340,false,MLN,6,,Declan,,6_2106
2697,2107,KYM,true,Kalin Young,Young,273639536804757514,Active,3B,UTIL,R,1,5,5,1,,,,,Kyounggun#9129,false,MLN,6,,Kalin,,6_2107
2698,2108,ASS,false,Arm N. Hammer,Hammer,203362581363032064,Active,3B,UTIL,L,3,3,2,4,,,,,Poet#0643,false,MLN,6,,Arm N.,,6_2108
2699,2109,POR,false,Nate Duke,Duke,235564193112260608,Captain,2B,UTIL,L,5,1,1,5,,,,,natetheduke#5754,false,MLN,6,,Nate,,6_2109
2700,3005,KYM,false,Pablo Sanchez,Sanchez,484386566249119760,Active,P,,R,,,,,5,4,2,1,matt2930#7229,false,MLN,6,,Pablo,,6_3005
2701,3007,GRZ,false,Salvatore Sal De Luca,De Luca,92127213410865152,Active,C,COF,L,2,5,4,1,,,,,HolyHamGrenade#5701,false,MLN,6,,Salvatore,,6_3007
2702,3009,FA,false,Bull Dozer,Dozer,178316162185166855,Free Agent,P,,R,,,,,3,3,4,2,Matt55,false,MLN,6,,Bull,,6_3009
2703,3010,FA,false,Jarey Butts,Butts,246828880848093185,Retired,1B,UTIL,R,3,2,4,3,,,,,Jurd#9852,false,MLN,6,,Jarey,,6_3010
2704,3011,NO,false,Josef Samuelsson,Samuelsson,443829816752340994,Captain,C,COF,L,5,1,1,5,,,,,Jaysword#3811,false,MLN,6,,Josef,,6_3011
2705,3012,BFB,false,Rusty Nails,Nails,368414494772428801,Active,RF,,L,4,1,4,3,,,,,howiejriii,false,MLN,6,,Rusty,,6_3012
2706,3015,GRZ,false,"Jason ""Dead"" Redd",Redd,485217045408120833,Captain,P,,R,,,,,5,3,3,1,ReedGibson,false,MLN,6,,Jason,,6_3015
2707,3017,NO,false,Bob Dunagee,Dunagee,88061817925935104,Active,3B,UTIL,L,5,2,2,3,,,,,Redwagon#1602,false,MLN,6,,Bob,,6_3017
2708,3019,ACP,false,Will The Thrill,Thrill,593042150447382529,Active,2B,UTIL,R,4,1,3,4,,,,,Willand714,false,MLN,6,,Will the,,6_3019
2709,3020,HFX,false,Bill “Pegleg” Bailey,Bailey,227953127452704782,Active,CF,,R,3,3,2,4,,,,,Peglegbonesbailey,false,MLN,6,,Bill,,6_3020
2710,3023,NO,false,Andy,Andy,387226344393670656,Active,CF,,L,5,1,1,5,,,,,Dinger Sampson#6496,false,MLN,6,,,,6_3023
2711,3027,NO,false,Diego Medina,Medina,159766338833874944,Active,P,,R,,,,,3,3,3,3,Diego#5535,false,MLN,6,,Diego,,6_3027
2712,3028,BUF,false,Loghan O'Brien,O'Brien,148425866588848128,Captain,P,,L,,,,,3,4,3,2,Moosey#7461,false,MLN,6,,Loghan,,6_3028
2713,3035,FA,false,Max Power,Power,323992643929374721,Retired,RF,,L,4,3,2,3,,,,,aidanfergie#7553,false,MLN,6,,Max,,6_3035
2714,3037,BBG,false,Doc Holliday,Holliday,558335911818035203,Retired,CF,,L,2,2,5,3,,,,,Dochobbes,false,MLN,6,,Doc,,6_3037
2715,3038,NO,false,Lincoln Crawford,Crawford,443892188775055370,Active,1B,UTIL,L,3,3,5,1,,,,,Chris88#8426,false,MLN,6,,Lincoln,,6_3038
2716,3039,SUN,false,Bob Wehadababyitzaboy,Wehadababyitzaboy,206833217678868480,Captain,C,CINF,L,1,5,1,5,,,,,TBKLarry#1903,false,MLN,6,,Bob,,6_3039
2717,3042,NO,false,Joanna McMartinez,McMartinez,189893705786720256,Captain,P,,L,,,,,5,3,2,2,Calluna#0305,false,MLN,6,,Joanna,,6_3042
2718,3043,GHG,false,Keyo,Keyo,114529305219956739,Active,3B,C,L,4,4,3,1,,,,,Keyo#2641,false,MLN,6,,,,6_3043
2719,3046,FA,false,Johnny Hendrix,Hendrix,592166200750899200,Retired,SS,UTIL,L,4,4,1,3,,,,,givemdaeephus#5189,false,MLN,6,,Johnny,,6_3046
2720,3048,GRZ,false,Maximillian Minninun,Minninun,223980930975399937,Active,LF,,R,3,3,3,3,,,,,SoneRandomPerson#2533,false,MLN,6,,Maximillian,,6_3048
2721,3049,ASS,false,Ferda Bois,Bois,404782639824764951,Captain,C,COF,R,2,5,2,3,,,,,msnmllr,false,MLN,6,,Ferda,,6_3049
2722,3050,HFX,false,Annie Campbell,Campbell,443280943579660288,Active,SS,UTIL,L,1,2,5,4,,,,,rongboy#8588,false,MLN,6,,Annie,,6_3050
2723,3051,MAL,false,Jackie Daytona,Daytona,217141905807376385,Active,2B,UTIL,L,4,1,5,2,,,,,Axel323#7236,false,MLN,6,,Jackie,,6_3051
2724,3052,FA,false,Oni R1,R1,552839183413018624,Retired,SS,UTIL,L,3,3,4,2,,,,,OniR1#2332,false,MLN,6,,Oni,,6_3052
2725,3053,OO,false,Juniped Panda,Panda,121871011091185664,Active,2B,UTIL,R,5,1,5,1,,,,,Juniped,false,MLN,6,,Juniped,,6_3053
2726,3054,OO,true,Paulie Wag,Wag,139926308644847616,GM Only,SS,UTIL,L,1,5,1,5,,,,,pelochyta #9978,false,MLN,6,,Paulie,,6_3054
2727,3056,ASS,false,Donatello Chalupa,Chalupa,197068139073110016,Active,P,,R,,,,,3,3,3,3,Jslamas,false,MLN,6,,Donatello,,6_3056
2728,3057,HFX,false,Frozen Inertia,Inertia,213354112434044931,Captain,P,,R,,,,,5,1,3,3,EricS53 #2544,false,MLN,6,,Frozen,,6_3057
2729,3058,HMH,false,Rotticus Scott Jr.,Scott,247260486339395585,Active,1B,C,R,5,4,2,1,,,,,Mottyice#9677,false,MLN,6,Jr.,Rotticus,,6_3058
2730,3059,FA,false,Skel Etor,Etor,96948103130656768,Retired,1B,C,L,2,4,4,2,,,,,frowntownclown#6523,false,MLN,6,,Skel,,6_3059
2731,3060,MAL,false,Skye McDowell,McDowell,159719742658183168,Active,P,,L,,,,,5,5,1,1,nayseloid#7343,false,MLN,6,,Skye,,6_3060
2732,3061,BBG,false,Trog Smash,Smash,264255447786192896,Active,3B,UTIL,L,2,3,5,2,,,,,Xianthres,false,MLN,6,,Trog,,6_3061
2733,3063,OO,false,Tyrone Jennings III,Jennings,326127044163403776,Active,P,,R,,,,,5,2,3,2,Vecinzz#9675,false,MLN,6,III,Tyrone,,6_3063
2734,3065,NO,false,Robert Atech,Atech,116109126832095239,Active,CF,,L,3,3,5,1,,,,,Tica#3609,false,MLN,6,,Robert,,6_3065
2735,3066,OO,false,Thor Heyerdahl,Heyerdahl,349359777220001793,Active,1B,UTIL,R,5,1,4,2,,,,,Qomsday#7405,false,MLN,6,,Thor,,6_3066
2736,3068,OO,false,Flick Maplethorpe,Maplethorpe,631554330356613120,Retired,LF,,L,3,3,1,5,,,,,Dentonoff#3915,false,MLN,6,,Flick,,6_3068
2737,3069,GRZ,false,Wallace Grommet,Grommet,476558347634475028,Captain,SS,C,L,4,3,4,1,,,,,kaylittle6,false,MLN,6,,Wallace,,6_3069
2738,3070,OO,false,Ded Tanson,Tanson,121733091034267648,Active,2B,C,L,1,5,1,5,,,,,Carlos2212#2182,false,MLN,6,,Ded,,6_3070
2739,3071,SUN,false,Holden Beers,Beers,255311391186092032,Active,2B,UTIL,L,4,3,3,2,,,,,DefinitelyWheeler#4417,false,MLN,6,,Holden,,6_3071
2740,3072,FA,false,Cass Doubt,Doubt,347109742155399168,Free Agent,C,CINF,L,3,4,4,1,,,,,MikeyTKO#0005,true,MLN,6,,Cass,,6_3072
2741,3073,POR,false,Matt Himynamis,Himynamis,357712250041270273,Active,P,,R,,,,,5,1,3,3,Hi_mynameis_Matt#3175,false,MLN,6,,Matt,,6_3073
2742,3075,FA,false,H.D. Dog,Dog,231952127931580416,Free Agent,CF,,L,4,2,1,5,,,,,Hot Diggity Dog#2030,false,MLN,6,,H.D.,,6_3075
2743,3077,NO,true,Derek Bongiovanni,Bongiovanni,291738770313707521,Active,C,COF,R,1,5,1,5,,,,,Dbon#2576,false,MLN,6,,Derek,,6_3077
2744,3078,BBG,false,Chakra Pilates,Pilates,644325646486732810,Active,C,COF,L,4,3,2,3,,,,,ChakraPilates,false,MLN,6,,Chakra,,6_3078
2745,3079,OO,false,Isaac Snowbender,Snowbender,140306370359459840,Active,LF,,L,3,2,2,5,,,,,mvh1015#6260,false,MLN,6,,Isaac,,6_3079
2746,3080,ASS,false,Jeff Dingerhitter,Dingerhitter,263888354179809280,Active,1B,UTIL,R,3,2,4,3,,,,,Woj#6097,false,MLN,6,,Jeff,,6_3080
2747,3082,POR,false,Basethony Balltano,Balltano,671474346606198820,Active,C,COF,L,5,4,2,1,,,,,Declan#0676,false,MLN,6,,Basethony,,6_3082
2748,3083,POR,false,Poop McGee,McGee,402249979651031052,Retired,P,,L,,,,,4,1,4,3,Andrew3#2319,false,MLN,6,,Poop,,6_3083
2749,3084,GRZ,false,Ryan Tyburn,Tyburn,334144448873365504,Active,2B,UTIL,R,5,5,1,1,,,,,Tyburn#0651,false,MLN,6,,Ryan,,6_3084
2750,3085,FA,false,Red Arrow,Arrow,272034904127045633,Free Agent,P,,R,,,,,2,2,4,4,RedArrow12c #7693,false,MLN,6,,Red,,6_3085
2751,3086,GHG,false,Nono Nones,Nones,251117327792209920,Active,LF,,R,5,1,2,4,,,,,VoxBarbarian#7332,false,MLN,6,,Nono,,6_3086
2752,3087,FA,false,Zoey Dalin,Dalin,188872774553567242,Retired,3B,UTIL,L,4,3,2,3,,,,,Chill#1991,false,MLN,6,,Zoey,,6_3087
2753,3088,BUF,false,Yoel Roshi,Roshi,293180794124632074,Active,1B,UTIL,L,5,3,1,3,,,,,pyrolola#2993,false,MLN,6,,Yoel,,6_3088
2754,3089,OO,false,Joey Wheeler,Wheeler,389269825425375233,Active,P,,L,,,,,1,1,5,5,Slingblade#8693,false,MLN,6,,Joey,,6_3089
2755,3091,OO,false,Zelk Jacen Antilles,Antilles,250094459721613315,Captain,RF,,L,3,3,5,1,,,,,CaptainSolo96#0006,false,MLN,6,,Zelk,,6_3091
2756,3092,SUN,false,Thelonius Junk,Junk,183195160358813697,Active,SS,UTIL,L,5,3,1,3,,,,,Ranitall#0646,false,MLN,6,,Thelonius,,6_3092
2757,4000,GHG,false,King Kruul,Kruul,246762932703068162,Active,RF,,L,1,5,5,1,,,,,LefLop#4771,false,MLN,6,,King,,6_4000
2758,4001,FA,false,Fat Wad,Wad,493941633138556939,Retired,3B,C,L,3,2,5,2,,,,,kiddingsoda#0677,false,MLN,6,,Fat,,6_4001
2759,4002,FA,false,Jeff Downey,Downey,285097851631960064,Retired,3B,UTIL,L,3,3,5,1,,,,,BigCat#0237,false,MLN,6,,Jeff,,6_4002
2760,4004,BUF,false,Animals Garritsen,Garritsen,240572831333613569,Retired,CF,,R,1,5,5,1,,,,,Reno#1997,false,MLN,6,,Animals,,6_4004
2761,4007,HFX,false,Reese Worthington,Worthington,554004612797956106,Active,LF,,L,3,3,3,3,,,,,RockM888#6275,false,MLN,6,,Reese,,6_4007
2762,4008,SMD,false,LaCarpetron Dukemarriot,Dukemarriot,352849361920851968,Active,P,,R,,,,,4,2,3,3,Dukemarriot#0179,false,MLN,6,,LaCarpetron,,6_4008
2763,4009,FA,false,Johnny Dawkins,Dawkins,612494299120140295,Retired,1B,UTIL,R,2,3,4,3,,,,,Fakecfbillinoisstae#5952,false,MLN,6,,Johnny,,6_4009
2764,4010,MAL,false,North McLean,McLean,237633230084374528,Active,CF,,L,1,5,1,5,,,,,"North, The Greatest Showman",false,MLN,6,,North,,6_4010
2765,4011,BUF,false,Mitch Meanmug,Meanmug,294497117467181056,Captain,P,,R,,,,,4,3,3,2,fermatajack#5230,false,MLN,6,,Mitch,,6_4011
2766,4012,FA,false,Deku Matsui,Matsui,255477872880254976,Free Agent,2B,UTIL,R,3,4,2,3,,,,,KrazyPolishBoy,false,MLN,6,,Deku,,6_4012
2767,4015,SMD,false,Plack Attack,Attack,473845222514884610,Active,CF,,R,5,1,5,1,,,,,MU | Teztify#9523,false,MLN,6,,Plack,,6_4015
2768,4016,HFX,false,Shortpoleon Napsleeve,Napsleeve,240919142507479040,Hiatus,RF,,R,3,2,4,3,,,,,elated potato#1373,false,MLN,6,,Shortpoleon,,6_4016
2769,4017,POR,false,Andrew Nova,Nova,261036761109495808,Active,LF,,L,4,2,1,5,,,,,andrews#4302,false,MLN,6,,Andrew,,6_4017
2770,4018,FA,false,Slow Low,Low,341365184021004290,Free Agent,2B,UTIL,R,3,4,3,2,,,,,Slowlow24,false,MLN,6,,Slow,,6_4018
2771,4019,OO,false,Russel Ellis,Ellis,282220049090215946,Retired,2B,UTIL,R,3,4,1,4,,,,,Russel #6507,false,MLN,6,,Russel,,6_4019
2772,4021,SMD,false,Jeff Shagwell,Shagwell,209183193436258304,Active,1B,UTIL,L,3,1,5,3,,,,,MattDaddio,false,MLN,6,,Jeff,,6_4021
2773,4022,GRZ,false,Adonis Sinoda,Sinoda,608356413269606505,Active,1B,UTIL,R,2,4,5,1,,,,,Hallmonitor_20#2799,false,MLN,6,,Adonis,,6_4022
2774,4023,BUF,false,Vinny Vega,Vega,332741384446410755,Active,P,,R,,,,,2,4,4,2,Vinny #3614 I believe,false,MLN,6,,Vinny,,6_4023
2775,4024,FA,false,Didja Naylor,Naylor,675178744864047104,Free Agent,1B,UTIL,R,4,2,4,2,,,,,ChickenSteaksHeavyWeights,false,MLN,6,,Didja,,6_4024
2776,4025,BBG,false,Bast Fidgewidget,Fidgewidget,412709586257313813,Active,RF,,R,4,4,1,3,,,,,I am the black sheep,false,MLN,6,,Bast,,6_4025
2777,4033,BBG,false,Leonidas States,States,344569430132391938,Captain,SS,UTIL,L,4,2,5,1,,,,,BillyShake#4067,false,MLN,6,,Leonidas,,6_4033
2778,4034,BBG,false,Gargle Nutz,Nutz,544267009395916813,Active,2B,UTIL,R,3,3,4,2,,,,,GargleNutz#7309,false,MLN,6,,Gargle,,6_4034
2779,4035,KYM,false,Dirk Dangerous,Dangerous,149311407907799041,Active,CF,,L,1,1,5,5,,,,,as334#2217,false,MLN,6,,Dirk,,6_4035
2780,4036,FA,false,Turk Schmidt,Schmidt,203412994720399360,Retired,3B,UTIL,L,4,2,4,2,,,,,Turk#0172,false,MLN,6,,Turk,,6_4036
2781,4037,KYM,false,Thor Odinsson,Odinsson,238836526409187338,Retired,P,,R,,,,,5,3,3,1,tbewulf#3297,false,MLN,6,,Thor,,6_4037
2782,4039,FA,false,Wild Legs Wilkerson,Wilkerson,241371232983973888,Retired,CF,,L,2,4,4,2,,,,,michael#9947,false,MLN,6,,Wild Legs,,6_4039
2783,4040,OO,false,Trogdor Fhqwhgads,Fhqwhgads,545406706038079520,Active,SS,UTIL,L,5,1,1,5,,,,,Haniger's Grenade#9160,false,MLN,6,,Trogdor,,6_4040
2784,4041,POR,false,John Rhys Ealy,Ealy,267524720470130690,Active,3B,UTIL,L,4,3,3,2,,,,,DutifullyPurple,false,MLN,6,,John Rhys,,6_4041
2785,4042,BUF,false,Sarah Buntingsworth,Buntingsworth,167796704739983360,Active,P,,L,,,,,5,3,1,3,sarah_#4781,false,MLN,6,,Sarah,,6_4042
2786,4043,GHG,false,Cap Keeler,Keeler,858754490538000395,Active,SS,UTIL,R,4,1,4,3,,,,,bob124#6969,false,MLN,6,,Cap,,6_4043
2787,4044,OO,false,Ura Irons,Irons,326427060438433792,Active,1B,UTIL,R,3,3,3,3,,,,,Arujento#7149,false,MLN,6,,Ura,,6_4044
2788,4045,MAL,false,Dakota Carolina Montana,Montana,276829932439470081,Active,CF,,L,4,3,3,2,,,,,Dakota Carolina Montana#4635,false,MLN,6,,Dakota Carolina,,6_4045
2789,4046,FA,false,Jack Meoff,Meoff,676613531637907498,Retired,SS,C,R,4,2,2,4,,,,,FearGoldEagle45,false,MLN,6,,Jack,,6_4046
2790,4048,FA,false,Mike Fruitstand,Fruitstand,202273074261917697,Free Agent,RF,,R,4,2,2,4,,,,,ItsJustFruity#8827,false,MLN,6,,Mike,,6_4048
2791,4049,FA,false,Cromulent Embiggens,Embiggens,490600203921915904,Retired,P,,L,,,,,4,3,3,2,iunnolol,false,MLN,6,,Cromulent,,6_4049
2792,4050,ASS,false,Calvin Guerensk,Guerensk,322858095590244353,Active,P,,L,,,,,2,5,2,3,Drag0nG0ld008#5755,false,MLN,6,,Calvin,,6_4050
2793,4065,OO,false,Tristan Scoops,Scoops,190996042051878913,Retired,C,CINF,L,3,5,3,1,,,,,tristan#7232,false,MLN,6,,Tristan,,6_4065
2794,4066,BUF,false,Brusdar Powerade,Powerade,243912771027206155,Retired,C,COF,L,1,5,5,1,,,,,beegbeegyosh#1100,false,MLN,6,,Brusdar,,6_4066
2795,4067,BUF,false,Dogwood Maple,Maple,552159012288856084,Active,RF,,L,4,5,1,2,,,,,dogwoodmaple#1747,false,MLN,6,,Dogwood,,6_4067
2796,4068,BFB,false,Cam’ron West,West,366942633916104705,Active,2B,UTIL,R,1,5,1,5,,,,,DPZ1156#7914,false,MLN,6,,Cam’ron,,6_4068
2797,4069,FA,false,Hot Dog Jeopardy,Jeopardy,121792167361511424,Free Agent,C,COF,R,1,4,4,3,,,,,Big Botto m#1067,false,MLN,6,,Hot Dog,,6_4069
2798,4070,BUF,false,Ioe Torrent,Torrent,130834533460344832,Captain,1B,C,L,2,4,5,1,,,,,Ioe#4493,false,MLN,6,,Ioe,,6_4070
2799,4071,FA,false,Skinny Bear Brown Hill,Hill,616843277592952854,Retired,RF,,R,4,4,1,2,,,,,Skinny Bear Brown Hill #1764,false,MLN,6,,Skinny Bear Brown,,6_4071
2800,4072,BUF,false,Nicholas Fouss,Fouss,182233101349421067,Active,RF,,L,3,2,3,4,,,,,superfish1205#8463,false,MLN,6,,Nicholas,,6_4072
2801,4073,ACP,false,Sconnie McSwings,McSwings,362064637509763085,Active,P,,R,,,,,2,2,4,4,G2019 #0639,false,MLN,6,,Sconnie,,6_4073
2802,4074,FA,false,Ryan Reynolds IV,Reynolds,612494299120140295,Retired,P,,L,,,,,4,3,2,3,Alrightythen#5952,false,MLN,6,IV,Ryan,,6_4074
2803,4075,FA,false,Truck Month,Month,197831638846013447,Retired,CF,,R,3,4,3,2,,,,,Truck Month#7046,false,MLN,6,,Truck,,6_4075
2804,4076,BUF,false,Grimothy Johnson,Johnson,179396505189351425,Retired,SS,UTIL,R,5,1,1,5,,,,,base_coin#0111,false,MLN,6,,Grimothy,,6_4076
2805,4078,MAL,false,Sleve McDichael,McDichael,350765214288838666,Captain,SS,UTIL,R,4,1,2,5,,,,,megalo#7735,false,MLN,6,,Sleve,,6_4078
2806,4079,FA,false,Pedro Cerrano-Spaz,Cerrano-Spaz,480094051761389573,Free Agent,RF,,R,3,1,4,4,,,,,BtSpaz#5064,false,MLN,6,,Pedro,,6_4079
2807,4080,BFB,false,Patrick McDonough,McDonough,465113775209709568,Active,CF,,R,5,5,1,1,,,,,코르도바 시드니 #8968,false,MLN,6,,Patrick,,6_4080
2808,4081,BFB,false,Toppo Thamornin,Thamornin,142120199242514432,Active,2B,UTIL,R,2,4,1,5,,,,,Zpheldin#4429,false,MLN,6,,Toppo,,6_4081
2809,4082,FA,false,Scoob Wheatly,Wheatly,169411506348228608,Retired,LF,,R,3,2,4,3,,,,,wheaties#5063,false,MLN,6,,Scoob,,6_4082
2810,5001,FA,false,Hugh Stunn,Stunn,217762251887607809,Retired,SS,UTIL,R,4,3,3,2,,,,,gasbreads#8008,false,MLN,6,,Hugh,,6_5001
2811,5002,HMH,false,Luigi DaBetterBruduh,DaBetterBruduh,105512327293448192,Retired,RF,,L,5,1,1,5,,,,,ImmaStealYoHome#6723,false,MLN,6,,Luigi,,6_5002
2812,5003,FA,false,Pieter Sanchez,Sanchez,188734473658040320,Retired,C,CINF,R,2,3,5,2,,,,,Pieterjan#7324,false,MLN,6,,Pieter,,6_5003
2813,5004,FA,false,Leon Sandcastle,Sandcastle,235358873672744960,Free Agent,LF,,L,5,2,2,3,,,,,Jamar Lackson#1263,false,MLN,6,,Leon,,6_5004
2814,5005,POR,false,Narancia Ghirga,Ghirga,151152419584081920,Active,CF,,R,3,4,1,4,,,,,GoonerBear#0071,false,MLN,6,,Narancia,,6_5005
2815,5006,HFX,false,Sticky Mickey Mantle,Mantle,539593078273605645,Active,3B,UTIL,R,1,2,5,4,,,,,stick#7946,false,MLN,6,,Sticky Mickey,,6_5006
2816,5007,GHG,false,Dick Richards,Richards,585560973658685440,Active,LF,,R,4,1,3,4,,,,,richard#6782,false,MLN,6,,Dick,,6_5007
2817,5008,FA,false,Ross Ewage,Ewage,73229226156765184,Retired,3B,UTIL,L,5,2,1,4,,,,,HaV0C#3504,false,MLN,6,,Ross,,6_5008
2818,5009,FA,false,Zaphand Beeblebronx,Beeblebronx,167537430562471936,Retired,3B,UTIL,L,1,2,4,5,,,,,SgtSquishy5998,false,MLN,6,,Zaphand,,6_5009
2819,5010,ACP,false,Viktor Patterson,Patterson,317830538079764482,Retired,P,,R,,,,,2,2,5,3,soyrman#7767,false,MLN,6,,Viktor,,6_5010
2820,5011,ASS,false,Mo Mo,Mo,193154424242307072,Retired,C,COF,R,4,5,1,2,,,,,MoJungo#6335,false,MLN,6,,Mo,,6_5011
2821,5012,BFB,false,Ben Bramly,Bramly,101512997112913920,Active,C,COF,R,4,5,1,2,,,,,bennyS#0001,false,MLN,6,,Ben,,6_5012
2822,5013,POR,false,Kirby Birch,Birch,623890584259526657,Retired,3B,C,R,2,5,3,2,,,,,allomanticpush#7399,false,MLN,6,,Kirby,,6_5013
2823,5014,NO,false,Sheridan Blackstone,Blackstone,372069117005660161,Active,P,,R,,,,,4,4,2,2,xFireRavenx#1221,false,MLN,6,,Sheridan,,6_5014
2824,5015,FA,false,Holland Oats,Oats,174249690919862272,Free Agent,CF,,L,3,1,3,5,,,,,jimmiboi#9276,false,MLN,6,,Holland,,6_5015
2825,5016,ACP,false,LeBarn James,James,340541260672532482,Active,RF,,R,4,3,3,2,,,,,door_nav,false,MLN,6,,LeBarn,,6_5016
2826,5017,ASS,false,Makesiondon Kelkboom,Kelkboom,477216596667006996,Active,SS,UTIL,L,3,1,4,4,,,,,Tenny1917,false,MLN,6,,Makesiondon,,6_5017
2827,5018,POR,true,Brian Taylor,Taylor,263736081000824832,GM Only,2B,UTIL,L,4,4,1,3,,,,,brian_taylor#4987,false,MLN,6,,Brian,,6_5018
2828,5019,POR,false,Connor Morgan,Morgan,165574358390145034,Active,3B,UTIL,R,3,2,4,3,,,,,BigVolDaddy#7470,false,MLN,6,,Connor,,6_5019
2829,5021,ASS,false,Kenny Kawaguchi,Kawaguchi,531710311523418132,Active,RF,,R,4,1,4,3,,,,,CaptainCC,false,MLN,6,,Kenny,,6_5021
2830,5022,GHG,false,Franz Lisztpitcher,Lisztpitcher,94622501870510080,Active,P,,L,,,,,4,2,2,4,Randy#9263,false,MLN,6,,Franz,,6_5022
2831,5023,FA,false,Matthew Paul,Paul,177139174107774976,Retired,RF,,R,3,3,5,1,,,,,Matty#7478,true,MLN,6,,Matthew,,6_5023
2832,5024,TT,false,Simba Martinez II,Martinez,389091297618558990,Retired,C,COF,L,3,5,3,1,,,,,Fartzillla#7514,true,MLN,6,II,Simba,,6_5024
2833,5025,SUN,false,Doc Wingduck,Wingduck,393612916374634507,Active,P,,R,,,,,3,3,2,4,Doc Dockgoose,false,MLN,6,,Doc,,6_5025
2834,5026,KYM,false,Freddie Huff,Huff,211512352342933515,Hiatus,1B,UTIL,L,4,3,4,1,,,,,Deebubya#4392,true,MLN,6,,Freddie,,6_5026
2835,5027,FA,false,Dillon Cheer,Cheer,620024108406669322,Free Agent,P,,R,,,,,4,2,4,2,da_dman172#1801,true,MLN,6,,Dillon,,6_5027
2836,5028,BFB,false,J.J. Guemes,Guemes,294910233296502785,Retired,RF,,R,4,4,3,1,,,,,joseph#3849,false,MLN,6,,J.J.,,6_5028
2837,5029,GHG,false,Finn Hudson,Hudson,150833402453557249,Hiatus,C,COF,L,4,4,3,1,,,,,kowboy#5334,false,MLN,6,,Finn,,6_5029
2838,5030,ASS,false,Dirk Digglet,Digglet,636749752683200523,Captain,P,,R,,,,,5,4,2,1,Lancer52,false,MLN,6,,Dirk,,6_5030
2839,5031,BUF,false,Doc Crudelly,Crudelly,195948950073638922,Active,SS,UTIL,L,4,2,2,4,,,,,Dunkat523,false,MLN,6,,Doc,,6_5031
2840,5032,KYM,false,Sander Entman,Entman,148506025773760512,Active,2B,UTIL,L,4,4,1,3,,,,,Holo_Icy_Holo#9537,false,MLN,6,,Sander,,6_5032
2841,5033,FA,false,Kev Biffington,Biffington,650570013769596939,Free Agent,CF,,L,1,5,5,1,,,,,Biffsauce#9192,false,MLN,6,,Kev,,6_5033
2842,5034,ASS,false,Haloick Oasis,Oasis,121814608313843713,Active,LF,,R,3,3,1,5,,,,,Haloick#2063,false,MLN,6,,Haloick,,6_5034
2843,5035,MAL,false,Judge Reinhold,Reinhold,597898996530413583,Active,LF,,R,3,2,5,2,,,,,Judge1314#2067,true,MLN,6,,Judge,,6_5035
2844,5036,FA,false,Thackery Pounce,Pounce,206916627650838528,Free Agent,P,,R,,,,,5,2,3,2,Xaq#7345,true,MLN,6,,Thackery,,6_5036
2845,5037,JAM,false,Hugo Award,Award,218523105478443020,Active,3B,UTIL,R,2,2,3,5,,,,,Iamdumberdore#7092,true,MLN,6,,Hugo,,6_5037
2846,5038,FA,false,"Buster ""Striker"" Walker",Walker,238513881943769088,Free Agent,3B,UTIL,R,4,2,5,1,,,,,Waffle Supreme#0645,true,MLN,6,,"Buster ""Striker""",,6_5038
2847,5039,ASS,false,Roidy Magoo,Magoo,259428292170481674,Active,CF,,L,5,1,1,5,,,,,NA Bonobo #0420,true,MLN,6,,Roidy,,6_5039
2848,5040,NO,false,Good Juju,Juju,234174459756412928,Active,1B,UTIL,R,3,3,5,1,,,,,DatYoshiDude#5950,true,MLN,6,,Good,,6_5040
2849,5041,HMH,false,Papa Longstroke,Longstroke,366673575442382850,Active,CF,,L,4,1,3,4,,,,,Hardcastle McCormick#7643,true,MLN,6,,Papa,,6_5041
2850,5042,KYM,false,Jay Emess,Emess,71382713801637888,Active,P,,L,,,,,4,1,4,3,jms#1306,true,MLN,6,,Jay,,6_5042
2851,5043,FA,false,Videl Satan,Satan,306875285679112193,Retired,P,,R,,,,,3,3,3,3,ValorX77#5210,true,MLN,6,,Videl,,6_5043
2852,6001,GHG,false,Alternate Site,Site,432543407613804545,Active,1B,C,L,2,3,4,3,,,,,cj02#5173,true,MLN,6,,Alternate,,6_6001
2853,6002,POR,false,Billy Dixon,Dixon,640255915936710658,Retired,SS,UTIL,R,4,2,1,5,,,,,A2Hail,true,MLN,6,,Billy,,6_6002
2854,6003,JAM,false,Bobbymir Guerrero Jr.,Guerrero,342693629833379840,Active,P,,L,,,,,4,2,4,2,BrotherBear002 #3803,true,MLN,6,Jr.,Bobbymir,,6_6003
2855,6004,ASS,false,Bony Skellinger,Skellinger,613893115455209494,Active,CF,,L,4,2,4,2,,,,,Bonesy McSkellington#3120,true,MLN,6,,Bony,,6_6004
2856,6005,HFX,false,Borg Torbjorgsson,Torbjorgsson,246488195682795521,Active,SS,UTIL,R,4,4,2,2,,,,,^matt#5616,true,MLN,6,,Borg,,6_6005
2857,6007,MAL,false,Damien Anderson,Anderson,287662129673142273,Active,SS,UTIL,R,3,2,3,4,,,,,DukeTheDuke#5320,true,MLN,6,,Damien,,6_6007
2858,6008,BUF,false,Dottie Hooligan,Hooligan,330153321262219284,Active,2B,UTIL,R,5,1,2,4,,,,,otter#0069,true,MLN,6,,Dottie,,6_6008
2859,6009,HFX,false,Hannibal Bligh,Bligh,368954518907387904,Active,1B,UTIL,L,3,3,5,1,,,,,ArmadilloPenguin,true,MLN,6,,Hannibal,,6_6009
2860,6010,OO,false,Homer Knocker,Knocker,153354503662469131,Active,CF,,R,5,2,1,4,,,,,Cable^3#3200,true,MLN,6,,Homer,,6_6010
2861,6011,HFX,false,Joe Pidgeon,Pidgeon,430014697174073364,Active,RF,,R,3,3,4,2,,,,,AnAngryPidgeon#7526,true,MLN,6,,Joe,,6_6011
2862,6012,HMH,false,Kanye East,East,419640789925363712,Active,RF,,L,4,2,1,5,,,,,Zman#1212,true,MLN,6,,Kanye,,6_6012
2863,6014,SUN,false,Mattress,Mattress,382295393200898048,Active,2B,UTIL,R,4,2,1,5,,,,,FearTheBeardBruh#2566,true,MLN,6,,,,6_6014
2864,6015,FA,false,Michael Scarn,Scarn,401754031556657153,Free Agent,CF,,L,3,3,1,5,,,,,HorribelSpelling#6151,true,MLN,6,,Michael,,6_6015
2865,6016,HFX,false,Mike Litoris,Litoris,111957889580552192,Captain,3B,C,R,4,4,2,2,,,,,Mike Litoris#0912,true,MLN,6,,Mike,,6_6016
2866,6017,GHG,false,Ohtani But Wide,But Wide,198673427844956161,Active,C,CINF,R,5,5,1,1,,,,,Vertigo#7786,true,MLN,6,,Ohtani,,6_6017
2867,6018,SUN,false,Perry Platypus,Platypus,71149451254706176,Active,RF,,L,3,3,5,1,,,,,perryplatypus#4392,true,MLN,6,,Perry,,6_6018
2868,6019,BUF,false,Philip Dunphy,Dunphy,701259122540019742,Active,1B,UTIL,R,2,4,3,3,,,,,Phillip Mahooters#7957,true,MLN,6,,Phillip,,6_6019
2869,6020,MAL,true,Pope Coswi,Coswi,454711089582833685,Retired,2B,UTIL,R,4,4,3,1,,,,,Coswi#3855,true,MLN,6,,Pope,,6_6020
2870,6021,POR,false,Clem N. Tine,Tine,766693330444091452,Active,P,,R,,,,,4,3,3,2,noahclem#5755,true,MLN,6,,Clem N.,,6_6021
2871,6022,ACP,false,Six Finger McMillan,McMillan,434926278832029696,Captain,P,,R,,,,,3,2,5,2,Armagev17#4634,true,MLN,6,,Six Finger,,6_6022
2872,6023,GHG,false,Y.Y. Lord,Lord,325356320473612290,Active,P,,R,,,,,5,2,2,3,NotAName#0591,true,MLN,6,,Y.Y.,,6_6023
2873,6025,BBG,false,Hornot Hivez,Hivez,500805562376650758,Active,P,,L,,,,,3,3,5,1,Hornet7#8204,true,MLN,6,,Hornot,,6_6025
2874,6026,SUN,false,B.A. Dickey,Dickey,202243718063980544,Active,SS,UTIL,L,2,2,4,4,,,,,fetchwell#5521,true,MLN,6,,B.A.,,6_6026
2875,6027,HFX,false,Big Psyduck,Psyduck,487748192105005066,Active,CF,,R,5,1,1,5,,,,,PsuJosh#1835,true,MLN,6,,Big,,6_6027
2876,6028,FA,false,Caleb Bolden,Bolden,497892815754362931,Free Agent,P,,R,,,,,4,2,4,2,Hobbes .T. Hero#1999,true,MLN,6,,Caleb,,6_6028
2877,6029,BBG,false,Scherbie Fully-Loaded,Fully-Loaded,245291720730738688,Active,CF,,R,5,1,1,5,,,,,TwinsFan94#3148,true,MLN,6,,Scherbie,,6_6029
2878,6030,KYM,false,Steven Silston,Silston,278706442196877312,Active,P,,L,,,,,3,2,4,3,🍋Sour_Panda🍋#4523,true,MLN,6,,Steven,,6_6030
2879,6031,POR,false,Captain Rex,Rex,424366248780890121,Active,1B,UTIL,L,3,5,2,2,,,,,Canner234#3934,true,MLN,6,,Captain,,6_6031
2880,6032,KYM,false,Johnny McFarland,McFarland,416023481357172736,Active,C,CINF,R,2,4,4,2,,,,,Johnny boi#0032,true,MLN,6,,Johnny,,6_6032
2881,6033,HFX,false,Johnny Omar,Omar,437956094023696385,Active,2B,UTIL,R,4,4,1,3,,,,,NateInDisney 1/26/2020#3842,true,MLN,6,,Johnny,,6_6033
2882,6034,FA,false,Ringo Starr,Starr,321747018168926209,Free Agent,CF,,L,3,3,4,2,,,,,Rigno#1547,true,MLN,6,,Ringo,,6_6034
2883,6035,BFB,false,Tommy Tightpants,Tightpants,134502207637815297,Active,P,,R,,,,,5,3,3,1,wack#1387,true,MLN,6,,Tommy,,6_6035
2884,6036,HFX,false,Mad Jack,Jack,251908085843623936,Active,C,COF,L,2,5,1,4,,,,,madjack272#1191,true,MLN,6,,Mad,,6_6036
2885,6037,JAM,false,Luxxy Raidaros,Raidaros,191936882236588032,Active,CF,,R,3,3,1,5,,,,,CybeastID#4603,true,MLN,6,,Luxxy,,6_6037
2886,6038,FA,false,Captain Legs,Legs,171016492639322113,Free Agent,C,CINF,L,3,5,3,1,,,,,R3dfive#1079,true,MLN,6,,Captain,,6_6038
2887,6040,POR,false,Big Smoke Anderson,Anderson,284831116207194122,Active,C,CINF,R,3,4,4,1,,,,,SpicyMeatloaf#1212,true,MLN,6,,Big Smoke,,6_6040
2888,6041,FA,false,Richard Noggin,Noggin,753106725032165396,Free Agent,1B,UTIL,R,3,2,4,3,,,,,nicckk#1809,true,MLN,6,,Richard,,6_6041
2889,6042,KYM,false,Daniel Martinez,Martinez,697403487838928897,Active,LF,,R,4,1,4,3,,,,,ShoTime17#0017,true,MLN,6,,Daniel,,6_6042
2890,6043,FA,false,Owmy Back,Back,841095606172778527,Free Agent,C,CINF,R,2,4,5,1,,,,,Turts#4173,true,MLN,6,,Owmy,,6_6043
2891,6044,HFX,false,Matthew Longballo,Longballo,267844339365838848,Active,P,,R,,,,,4,4,3,1,bestheadcoach#1394,true,MLN,6,,Matthew,,6_6044
2892,6045,BUF,false,Finn Pinguson,Pinguson,632293208499421187,Active,C,COF,L,1,5,5,1,,,,,Pingu#6861,false,MLN,6,,Finn,,6_6045
2893,6046,POR,false,Bradle Beamen,Beamen,521532303508242432,Active,3B,UTIL,L,3,1,5,3,,,,,Beadlejuice44,true,MLN,6,,Bradle,,6_6046
2894,6047,SMD,false,Crimson Chin,Chin,832485068797771849,Active,LF,,L,4,3,2,3,,,,,D-Habes,true,MLN,6,,Crimson,,6_6047
2895,6048,BUF,false,Phil McKrackup,McKrackup,198274387831422976,Active,CF,,R,4,2,4,2,,,,,AP#5280,true,MLN,6,,Phil,,6_6048
2896,6049,POR,false,Noodle Arm ODoyle,ODoyle,566239287713202187,Active,RF,,R,5,1,5,1,,,,,nathanremaly#6773,true,MLN,6,,Noodle Arm,,6_6049
2897,6050,MAL,false,Emerson Austin Jr.,Austin,461562661184995328,Active,3B,UTIL,L,3,2,5,2,,,,,EA#3545,true,MLN,6,Jr.,Emerson,,6_6050
2898,6051,JAM,false,Alexandra Shepard,Shepard,514936838918504448,Active,3B,UTIL,L,3,3,3,3,,,,,blackholes#4211,true,MLN,6,,Alexandra,,6_6051
2899,1002,GRZ,false,Garitek,Garitek,201437703328235520,Captain,C,CINF,R,3,5,3,1,,,,,GareDr333#5369,false,MLN,7,,,,7_1002
2900,1004,SMD,true,Pops Dongoria,Dongoria,225468192443727873,GM Only,P,,R,,,,,5,3,2,2,timland33#8053,false,MLN,7,,Pops,,7_1004
2901,1006,SMD,false,Smitty Hoppenscotch,Hoppenscotch,377826278004490240,Captain,CF,,L,4,2,1,5,,,,,Natsochist#8041,false,MLN,7,,Smitty,,7_1006
2902,1008,SMD,false,Atlas Quin,Quin,148920755189579776,Captain,P,,L,,,,,3,2,4,3,Pieanator#7542,false,MLN,7,,Atlas,,7_1008
2903,1012,SMD,false,Reservoir Butler,Butler,288768900169072641,Active,SS,C,R,4,2,1,5,,,,,ghostelephant#6650,false,MLN,7,,Reservoir,,7_1012
2904,1018,HFX,false,Lane Drew,Drew,215354400720420866,Active,P,,L,,,,,3,3,4,2,Stride,false,MLN,7,,Lane,,7_1018
2905,1021,KYM,false,Q Kimbrel,Kimbrel,134478480862740480,Active,CF,,R,1,3,5,3,,,,,Cerb#8365,false,MLN,7,,Q,,7_1021
2906,1022,GHG,false,Chuck McCluster,McCluster,391473385768747008,Active,RF,,L,3,4,3,2,,,,,snipenberg#7197,false,MLN,7,,Chuck,,7_1022
2907,1023,SMD,false,Dan Gerzone,Gerzone,358438389160345600,Captain,2B,UTIL,R,3,1,4,4,,,,,Dan_Gerzone,false,MLN,7,,Dan,,7_1023
2908,1024,HFX,false,Jordan Peppers,Peppers,298191208776204288,Active,P,,R,,,,,4,2,2,4,raptor152#0431,false,MLN,7,,Jordan,,7_1024
2909,1026,FA,false,Angel Leon,Leon,240939239968210944,Free Agent,P,,L,,,,,4,3,4,1,GK12303#1313,false,MLN,7,,Angel,,7_1026
2910,1027,SUN,false,Thomas Nova,Nova,341669113430540301,Active,P,,L,,,,,4,4,2,2,Daitryu#7669,false,MLN,7,,Thomas,,7_1027
2911,1029,SUN,false,Lefty Louis,Louis,326553566909300737,Active,SS,UTIL,L,1,5,5,1,,,,,lewislewes#3447,false,MLN,7,,Lefty,,7_1029
2912,1032,SUN,true,Charlie Scott,Scott,193883917055557642,GM Only,C,COF,L,5,5,1,1,,,,,SemiCharmedMike#9629,false,MLN,7,,Charlie,,7_1032
2913,1033,BBG,true,Daz Reference,Reference,180498124823855104,Active,1B,UTIL,R,5,1,1,5,,,,,Obscure_Reference#9129,false,MLN,7,,Daz,,7_1033
2914,1034,SUN,false,Jack Marnette,Marnette,345701896377597953,Active,LF,,R,5,2,2,3,,,,,jmarnette#1828,false,MLN,7,,Jack,,7_1034
2915,1035,SUN,false,Chip Otle,Otle,213403960072077312,Active,SS,UTIL,L,5,1,1,5,,,,,mcastagnaro30#2558,false,MLN,7,,Chip,,7_1035
2916,1036,SMD,false,Spike Suzuki,Suzuki,398235187634503702,Captain,1B,UTIL,R,4,4,2,2,,,,,xbijin#3776,false,MLN,7,,Spike,,7_1036
2917,1041,ACP,false,Barney Summers,Summers,378073752400953344,Active,C,CINF,L,5,5,1,1,,,,,CougMaster#8822,false,MLN,7,,Barney,,7_1041
2918,1042,KYM,false,Dallas Houston,Houston,359717979732312064,Active,RF,,R,3,3,5,1,,,,,mbless1415#6210,false,MLN,7,,Dallas,,7_1042
2919,1043,BFB,false,Tyler Palmatier,Palmatier,195415573721645056,Active,1B,UTIL,R,3,3,4,2,,,,,Jags#3155,false,MLN,7,,Tyler,,7_1043
2920,1051,REK,false,Superbone Threefinger,Threefinger,224327937720188928,Active,CF,,L,5,4,2,1,,,,,23baseball3#3100,false,MLN,7,,Superbone,,7_1051
2921,1052,HMH,false,Zed Leona,Leona,177281342818484224,Active,C,CINF,R,5,4,1,2,,,,,Sleeper#2045,false,MLN,7,,Zed,,7_1052
2922,1054,HMH,false,Steve Hofbardozzi Jr. Jr. Jr.,Hofbardozzi,207143171128426496,Active,3B,UTIL,L,5,4,1,2,,,,,GeneticlyPerfct#0232,false,MLN,7,Jr.,Steve,,7_1054
2923,1055,HMH,true,Osmosis Jones,Jones,131978039763402752,Active,2B,UTIL,L,4,3,1,4,,,,,AdmiralJones42#6648,false,MLN,7,,Osmosis,,7_1055
2924,1056,SMD,false,Henrik Omega,Omega,178987211239325696,Active,RF,,L,3,3,2,4,,,,,Big Bossuru#1370,false,MLN,7,,Henrik,,7_1056
2925,1057,HFX,false,Rusty LaRue,LaRue,644347193523830814,Active,P,,L,,,,,3,3,3,3,RustyLaRue95#6959,false,MLN,7,,Rusty,,7_1057
2926,1058,HMH,false,Catfish Champ,Champ,259940190947246081,Active,CF,,L,5,3,1,3,,,,,amazingcowmilk#9713,false,MLN,7,,Catfish,,7_1058
2927,1061,HMH,false,Hudson Hildebrandt,Hildebrandt,285878316987056130,Active,P,,R,,,,,5,1,5,1,Hudson#6969,false,MLN,7,,Hudson,,7_1061
2928,1063,KYM,false,Alex Yaxley,Yaxley,345329173616787458,Captain,C,COF,R,3,4,4,1,,,,,BIGxM1KE#4625,false,MLN,7,,Alex,,7_1063
2929,1067,FA,false,Austin Schwartz,Schwartz,319240013818757120,Free Agent,CF,,L,5,5,1,1,,,,,Cubzlover84#7820,false,MLN,7,,Austin,,7_1067
2930,1069,HMH,false,Rub A. Chikin,Chikin,373703526347440129,Active,1B,UTIL,L,5,1,1,5,,,,,rubachikin,false,MLN,7,,Rub A.,,7_1069
2931,1071,SMD,false,Isaac Saffron,Saffron,151083162116554752,Active,C,CINF,L,5,5,1,1,,,,,izsaf#9638,false,MLN,7,,Isaac,,7_1071
2932,1072,BFB,false,Red Trapper,Trapper,381269531752005663,Captain,1B,UTIL,L,2,4,4,2,,,,,Red Trapper#5937,false,MLN,7,,Red,,7_1072
2933,1073,BFB,false,Juan Diego De Las Rosas Jr.,De Las Rosas,189963987129991179,,2B,UTIL,R,4,2,1,5,,,,,Dancingtree444#4987,false,MLN,7,Jr.,Juan Diego,,7_1073
2934,1074,BFB,false,Donked McToad,McToad,191205122548695050,Active,LF,,R,4,2,3,3,,,,,donked#9307,false,MLN,7,,Donked,,7_1074
2935,1079,ACP,false,Babatunde Oladotun,Oladotun,401796234001514501,Active,P,,R,,,,,4,2,3,3,Babatunde Oladotun#6470,false,MLN,7,,Babatunde,,7_1079
2936,1080,BFB,true,Whitt Bass,Bass,211904717981220865,GM Only,,,,,,,,,,,,kickthepony#5274,false,MLN,7,,Whitt,,7_1080
2937,1082,GRZ,false,Basebally McBaseballface Jr.,McBaseballface,212687113634840580,Active,RF,,R,5,1,1,5,,,,,packattack#9827,false,MLN,7,Jr.,Basebally,,7_1082
2938,1083,GRZ,false,Tony Smehrik,Smehrik,185167161734594560,Active,P,,L,,,,,3,5,2,2,liebz#0795,false,MLN,7,,Tony,,7_1083
2939,1086,ACP,false,George Ewell,Ewell,211243192358535171,Active,P,,R,,,,,3,4,4,1,Ewell,false,MLN,7,,George,,7_1086
2940,1087,BUF,false,Foxx Dashington,Dashington,301455044656758784,Active,LF,,L,1,1,5,5,,,,,FoxxDashington#1492,false,MLN,7,,Foxx,,7_1087
2941,1088,ACP,false,Stan Mann,Mann,298312382927732748,Active,1B,UTIL,R,5,5,1,1,,,,,CelciusII#6336,false,MLN,7,,Stan,,7_1088
2942,1089,BFB,false,Jefferson Steelflex,Steelflex,187009663487836162,Captain,SS,UTIL,L,5,1,1,5,,,,,Jeff Steelflex#0352,false,MLN,7,,Jefferson,,7_1089
2943,1090,ACP,false,James Pablano,Pablano,377904113842913280,Active,RF,,R,3,3,1,5,,,,,loco_pabs#0259,false,MLN,7,,James,,7_1090
2944,1091,ACP,true,Dougal McGoogol,McGoogol,377896897870036992,Active,3B,UTIL,R,4,2,1,5,,,,,mcgoogol#0111,false,MLN,7,,Dougal,,7_1091
2945,1097,GRZ,true,Jameson Poe,Poe,136843419321368576,GM Only,C,COF,R,3,4,2,3,,,,,Poe#8888,false,MLN,7,,Jameson,,7_1097
2946,1098,HFX,false,Kegs Mabry,Mabry,144267007175426048,Active,LF,,L,3,1,5,3,,,,,kegs#5639,false,MLN,7,,Kegs,,7_1098
2947,1099,BFB,false,Baron Samedi,Samedi,109574591738851328,Active,3B,UTIL,R,3,3,2,4,,,,,haunted#0371,false,MLN,7,,Baron,,7_1099
2948,1100,BUF,false,Antwan Zella,Zella,135821931550081024,Active,RF,,R,5,3,3,1,,,,,ando#0150,false,MLN,7,,Antwan,,7_1100
2949,1107,BUF,false,Petra Sabor,sabor,158306211568025600,Captain,SS,UTIL,R,5,2,2,3,,,,,Petralikesbaseball#0016,false,MLN,7,,petra,,7_1107
2950,1108,GHG,false,Conor Sexton,Sexton,205443196401090561,Captain,1B,UTIL,L,3,3,4,2,,,,,YoloSwaggins#8690,false,MLN,7,,Conor,,7_1108
2951,1109,GHG,true,Dominus Nominus,Nominus,198821468317024256,GM Only,LF,,R,2,2,4,4,,,,,steelermade28#8041,false,MLN,7,,Dominus,,7_1109
2952,1113,KYM,false,Cookie Mongster,Mongster,302242686281318400,Active,1B,UTIL,L,4,4,3,1,,,,,mongster_03#3405,false,MLN,7,,Cookie,,7_1113
2953,1116,FA,false,Lee Allen Ripley,Ripley,199236419464462346,Active,P,,L,,,,,5,2,4,1,SubcheckForum#0035,false,MLN,7,,Lee Allen,,7_1116
2954,1119,ACP,false,Willie Mays Hayes,Hayes,433103168445087756,Active,CF,,R,4,2,1,5,,,,,WillieMaysHays#9546,false,MLN,7,,Willie Mays,,7_1119
2955,1120,KYM,false,Johnny Hopkins,Hopkins,121083821637500928,Captain,3B,UTIL,L,5,2,2,3,,,,,BubonicNarwhal#6234,false,MLN,7,,Johnny,,7_1120
2956,1122,GHG,false,Finkle Sparkles,Sparkles,243128381275766784,Active,P,,R,,,,,4,2,4,2,Einhornfarm#4830,false,MLN,7,,Finkle,,7_1122
2957,1123,KYM,false,Kurt Anger,Anger,172340171868602368,Active,SS,UTIL,L,5,1,1,5,,,,,Wham Bam Shang-A-Lang#7171,false,MLN,7,,Kurt,,7_1123
2958,1131,BUF,false,KC Bats,Bats,322186326130556940,Active,LF,,R,4,2,2,4,,,,,kc3551#3802,false,MLN,7,,KC,,7_1131
2959,1132,BFB,true,Steel Pipe Simpson,Simpson,358438289344299008,GM Only,CF,,R,3,3,3,3,,,,,Alch233,false,MLN,7,,Steel Pipe,,7_1132
2960,1133,REK,false,Hank Murphy,Murphy,382275235082403842,Active,C,COF,L,1,5,5,1,,,,,Hank Murphy#4997,false,MLN,7,,Hank,,7_1133
2961,1134,GHG,false,Ornn Mistborn,Mistborn,277638011124973571,Active,2B,UTIL,R,3,3,4,2,,,,,biigdog#3209,false,MLN,7,,Ornn,,7_1134
2962,1135,ACP,false,Ryan Gastings,Gastings,194225767952023552,Active,P,,L,,,,,2,4,2,4,Aspence#3564,false,MLN,7,,Ryan,,7_1135
2963,1136,GHG,false,Mason Spurs,Spurs,198821468317024256,Active,SS,UTIL,L,5,2,2,3,,,,,SpursyGopher#5047,false,MLN,7,,Mason,,7_1136
2964,1140,SMD,false,Bartholomew Crumblepuff,Crumblepuff,223279982091304960,Active,P,,L,,,,,3,2,4,3,Zod#3168,false,MLN,7,,Bartholomew,,7_1140
2965,1141,GHG,false,Geno Scaramucci,Scaramucci,378622205883580417,Active,P,,L,,,,,5,4,1,2,SilkyMango#9987,false,MLN,7,,Geno,,7_1141
2966,1149,HMH,false,Garrett Evans,Evans,233003286943367169,Active,RF,,R,3,2,5,2,,,,,legacy3233#2024,false,MLN,7,,Garrett,,7_1149
2967,1150,FA,false,Ricky Vaughn,Vaughn,369553888723992578,Active,P,,R,,,,,3,4,4,1,See_You_Laterr#6448,false,MLN,7,,Ricky,,7_1150
2968,1151,SMD,false,Lance Lummoxx,Lummoxx,215570868657455104,Active,SS,UTIL,R,3,2,4,3,,,,,Lummoxx#2267,false,MLN,7,,Lance,,7_1151
2969,1153,REK,false,Larold,Larold,406898210804858884,Active,2B,UTIL,R,2,2,4,4,,,,,TrickyTroy2#3950,false,MLN,7,,,,7_1153
2970,1156,SMD,false,Thomas Thompson III,Thompson,86858721061269504,Active,3B,UTIL,R,3,3,5,1,,,,,Barno#4078,false,MLN,7,III,Thomas,,7_1156
2971,1157,ACP,false,JP Panik,Panik,345339723323146240,Active,SS,UTIL,L,4,2,4,2,,,,,JP1704#3386,false,MLN,7,,JP,,7_1157
2972,1158,SUN,false,Master Cashier,Cashier,143034072787058688,Captain,C,COF,L,1,5,1,5,,,,,MasterCashier#1114,false,MLN,7,,Master,,7_1158
2973,1159,FA,false,Clifton Outlaw,Outlaw,234287682082045952,Active,RF,,L,3,2,4,3,,,,,AWildHannahAppeared#3538,false,MLN,7,,Clifton,,7_1159
2974,1162,NO,false,Nate Lewis,Lewis,183513716166230017,Active,SS,UTIL,L,3,3,1,5,,,,,Miro#4444,false,MLN,7,,Nate,,7_1162
2975,1164,BFB,false,Zin Martinez,Martinez,345191609098567680,Active,C,CINF,L,5,3,2,2,,,,,Wilbur Forrester Wood#1106,false,MLN,7,,Zin,,7_1164
2976,1165,GRZ,false,Dropov Andpicov,Andpicov,166308180668710912,Active,2B,UTIL,L,4,3,2,3,,,,,Shambox#6584,false,MLN,7,,Dropov,,7_1165
2977,1166,BBG,false,Ecliptic Astrum,Astrum,212087762172510210,Captain,C,CINF,L,1,5,1,5,,,,,Ecliptic#3662,false,MLN,7,,Ecliptic,,7_1166
2978,1168,BBG,false,Release T. Kraken,Kraken,132736488675737600,Active,1B,UTIL,R,5,1,3,3,,,,,Schuby#0001,false,MLN,7,,Release T.,,7_1168
2979,1169,HMH,false,Jerome Garcia,Garcia,131971501153845248,Active,2B,UTIL,R,5,3,3,1,,,,,UnironicU2Defender#7767,false,MLN,7,,Jerome,,7_1169
2980,1174,BBG,false,Mad Monty,Monty,454284112165863434,Captain,P,,L,,,,,4,4,1,3,Mad_Monty#0578,false,MLN,7,,Mad,,7_1174
2981,1180,BBG,false,War Hamster,Hamster,238569734185025536,Active,2B,UTIL,R,5,2,1,4,,,,,Warhamster#9295,false,MLN,7,,War,,7_1180
2982,1186,HFX,false,Francis Herman Swagger,Swagger,402556009736044544,Active,1B,UTIL,R,2,4,4,2,,,,,bellysk8er2005#9850,false,MLN,7,,Francis,,7_1186
2983,1191,MAL,false,Morris Deratt,Deratt,262709484810534914,Active,1B,C,R,5,5,1,1,,,,,kylemoto10#6969,false,MLN,7,,Morris,,7_1191
2984,1194,GHG,false,Rickey Tucker,Tucker,334203993607766017,Active,C,CINF,R,5,5,1,1,,,,,amesker#3310,false,MLN,7,,Rickey,,7_1194
2985,1201,HMH,false,Mylo Grams,Grams,342097160122269698,Active,C,COF,L,1,5,5,1,,,,,Mylo Grams- Toronto C#9559,false,MLN,7,,Mylo,,7_1201
2986,1202,KYM,false,Pablo Pabloson,Pabloson,401754031556657153,Hiatus,P,,L,,,,,2,2,5,3,HorribelSpelling#6151,true,MLN,7,,Pablo,,7_1202
2987,1205,HMH,false,Stephen Sondheim,Sondheim,121672903396687872,Hiatus,P,,R,,,,,4,3,3,2,David.#9999,false,MLN,7,,Stephen,,7_1205
2988,1208,BBG,false,Bace Ventura,Ventura,488754199245357073,Active,P,,L,,,,,4,4,2,2,GKG1214#5442,false,MLN,7,,Bace,,7_1208
2989,1209,BFB,false,Franz Joseph Hymen,Hymen,657949188415422475,Active,LF,,L,1,3,4,4,,,,,sael#7290,false,MLN,7,,Franz Joseph,,7_1209
2990,1212,REK,false,Barney Turbo,Turbo,375039413203501057,Active,RF,,R,3,1,3,5,,,,,"Barney ""AAM"" Turbo#0329",false,MLN,7,,Barney,,7_1212
2991,1217,HFX,true,Johnny Dickshot,Dickshot,346750558901764117,GM Only,CF,,R,5,5,1,1,,,,,Number1Dork#7344,false,MLN,7,,Johnny,,7_1217
2992,1220,SMD,false,Al Ternate,Ternate,346778676471267328,Active,LF,,R,3,4,1,4,,,,,Official Blu Jays Media Manger#8962,false,MLN,7,,Al,,7_1220
2993,2000,KYM,false,Jerry Jingles,Jingles,340315725556088843,Active,P,,R,,,,,4,4,3,1,ColorMaster#3072,false,MLN,7,,Jerry,,7_2000
2994,2002,SUN,false,Assassin Xekutioner,Xekutioner,385236196659560448,Active,3B,UTIL,R,2,2,3,5,,,,,The Xekutioner#6921,false,MLN,7,,Assassin,,7_2002
2995,2005,SUN,false,Kiger Wulf,Wulf,308005533028319232,Active,LF,,R,5,1,1,5,,,,,KigerWulf#4308,false,MLN,7,,Kiger,,7_2005
2996,2010,HMH,false,Skillz Simanek,Simanek,511617020408889354,Active,SS,UTIL,L,3,2,4,3,,,,,tsimaskillz#3401,false,MLN,7,,Skillz,,7_2010
2997,2012,GRZ,false,Burgess Whitehead,Whitehead,396066486168584212,Active,3B,UTIL,L,4,3,4,1,,,,,stout#5458,false,MLN,7,,Burgess,,7_2012
2998,2014,NO,false,Shovel Bryant,Bryant,398562977814413322,Active,2B,UTIL,R,4,3,1,4,,,,,Ramzavail#6648,false,MLN,7,,Shovel,,7_2014
2999,2020,ASS,true,Demetrios Ooga,Ooga,319330358636314634,Active,3B,C,L,1,5,1,5,,,,,oogadebob#9787,false,MLN,7,,Demetrios,,7_2020
3000,2029,GRZ,false,Lois Whip,Whip,258104532423147520,Captain,P,,R,,,,,4,1,4,3,manticorum67#3673,false,MLN,7,,Lois,,7_2029
3001,2032,BFB,false,Kali McSuntas,McSuntas,181238139539423232,Active,P,,L,,,,,5,2,1,4,LaDfBC#1246,false,MLN,7,,Kali,,7_2032
3002,2035,ACP,false,Jhahn Tahmus,Tahmus,512767921815027713,Captain,C,COF,L,4,4,3,1,,,,,jhahn_ttahmus#7940,false,MLN,7,,Jhahn,,7_2035
3003,2036,REK,false,Sandy Collazo,Collazo,230804103079526400,Active,P,,R,,,,,5,3,3,1,Kaluunit#2406,false,MLN,7,,Sandy,,7_2036
3004,2044,BBG,false,Maud Nelson,Nelson,514543440709812245,Active,LF,,L,4,3,4,1,,,,,dianaswrld#4135,false,MLN,7,,Maud,,7_2044
3005,2047,BBG,false,Calvin Huff,Huff,507717034893901824,Captain,P,,L,,,,,2,3,4,3,"Calvin ""mak0shark"" Huff- FA P#5639",false,MLN,7,,Calvin,,7_2047
3006,2055,BFB,false,Harry Peritestes,Peritestes,268566559746686986,Active,CF,,R,4,3,2,3,,,,,Jpulto#1431,false,MLN,7,,Harry,,7_2055
3007,2057,REK,false,Jack Alpha,Alpha,378210771005341698,Captain,3B,UTIL,R,5,1,2,4,,,,,androidsen#8466,false,MLN,7,,Jack,,7_2057
3008,2062,FA,false,Robert Abenduct,Abenduct,160894666219192321,Active,P,,R,,,,,5,5,1,1,Schnee#2967,false,MLN,7,,Robert,,7_2062
3009,2066,POR,false,Talon Wingdiver,Wingdiver,133823669712453632,Active,P,,R,,,,,2,2,5,3,q77e#9300,false,MLN,7,,Talon,,7_2066
3010,2067,SUN,false,Riles McGiles,McGiles,372578681006063617,Active,RF,,R,1,5,1,5,,,,,RilesMcGiles#3103,false,MLN,7,,Riles,,7_2067
3011,2072,GHG,false,Pull Ganger,Ganger,877964545015042148,Active,CF,,L,3,2,2,5,,,,,ganger#7504,false,MLN,7,,Pull,,7_2072
3012,2075,BUF,false,Copenhagen Black,Black,470202656992919553,Active,P,,L,,,,,4,2,5,1,NolaGumbeaux41#8934,false,MLN,7,,Copenhagen,,7_2075
3013,2077,HMH,false,Jared Fromsubway,Fromsubway,131977963624333313,Active,LF,,R,4,3,3,2,,,,,oo#0001,false,MLN,7,,Jared,,7_2077
3014,2078,HMH,false,Rascal Alex,Alex,131978039763402752,Active,P,,L,,,,,2,4,3,3,Avdo#9090,false,MLN,7,,Rascal,,7_2078
3015,2080,FA,false,Junebug Wray,Wray,144969605977341953,Active,P,,R,,,,,3,2,5,2,Joester09#1816,false,MLN,7,,Junebug,,7_2080
3016,2081,MAL,false,Cal Lidous,Lidous,485723834075316224,Active,P,,R,,,,,1,1,5,5,Cal#3838,false,MLN,7,,Cal,,7_2081
3017,2082,ASS,false,Dixon Uraz,Uraz,148580118179217410,Active,2B,UTIL,R,5,1,1,5,,,,,Club_toast#4313,false,MLN,7,,Dixon,,7_2082
3018,2083,BFB,false,Dylan Green,Green,172167687143817217,Active,P,,L,,,,,5,3,2,2,DylanG5#4899,false,MLN,7,,Dylan,,7_2083
3019,2085,MAL,false,Lloyd Gross,Gross,206526330861387776,Captain,RF,,R,2,4,5,1,,,,,CringE#0294,false,MLN,7,,Lloyd,,7_2085
3020,2086,ACP,false,Drew Ekstrum,Ekstrum,294335981442564096,Active,CF,,R,5,1,1,5,,,,,Drew Ekstrum#1125,true,MLN,7,,Drew,,7_2086
3021,2090,MAL,false,Goro Shinoda,Shinoda,153721741129023488,Active,C,COF,L,5,5,1,1,,,,,XemyrLeBeau,false,MLN,7,,Goro,,7_2090
3022,2093,ACP,true,True Pierce,Pierce,399299351802937344,GM Only,,,,,,,,,,,,True #9380,false,MLN,7,,True,,7_2093
3023,2094,GRZ,false,JZ (but not the rapper),JZ,254774534274547713,Active,SS,UTIL,R,5,1,3,3,,,,,JZKITTY#3143,false,MLN,7,,,,7_2094
3024,2096,GRZ,false,Adam Croft,Croft,208429483059970050,Active,P,,L,,,,,5,4,1,2,Naki#2555,false,MLN,7,,Adam,,7_2096
3025,2097,ASS,false,Bobby Vance,Vance,438226264608735232,Captain,SS,UTIL,L,5,2,2,3,,,,,Wildcard09,false,MLN,7,,Bobby,,7_2097
3026,2104,NO,false,Bobby Portis,Portis,383444903344078848,Active,C,COF,R,4,4,3,1,,,,,jackvd#1878,false,MLN,7,,Bobby,,7_2104
3027,2106,FA,false,Declan Archer,Archer,501849193338503168,Active,CF,,L,4,2,2,4,,,,,Natro#0340,false,MLN,7,,Declan,,7_2106
3028,2107,KYM,false,Kalin Young,Young,273639536804757514,,3B,UTIL,R,1,5,5,1,,,,,Kyounggun#9129,false,MLN,7,,Kalin,,7_2107
3029,2108,ASS,false,Arm N. Hammer,Hammer,203362581363032064,Active,C,CINF,L,2,5,1,4,,,,,Poet#0643,false,MLN,7,,Arm N.,,7_2108
3030,2109,BUF,false,Nate Duke,Duke,235564193112260608,Active,P,,L,,,,,3,4,2,3,Bigbosstone#5754,false,MLN,7,,Nate,,7_2109
3031,3005,KYM,false,Pablo Sanchez,Sanchez,484386566249119760,Active,P,,R,,,,,5,4,2,1,matt2930#7229,false,MLN,7,,Pablo,,7_3005
3032,3007,GRZ,false,Salvatore Sal De Luca,De Luca,92127213410865152,Active,C,COF,L,2,5,4,1,,,,,HolyHamGrenade#5701,false,MLN,7,,Salvatore,,7_3007
3033,3010,KYM,false,Jarey Butts,Butts,246828880848093185,Active,LF,,R,3,2,4,3,,,,,Jurd#9852,false,MLN,7,,Jarey,,7_3010
3034,3011,SUN,false,December Beckett,Beckett,443829816752340994,Active,P,,L,,,,,3,5,2,2,Jaysword#3811,false,MLN,7,,December,,7_3011
3035,3012,HFX,false,Rusty Nails,Nails,368414494772428801,Active,RF,,L,4,1,4,3,,,,,chicken joe of sheboygan#3500,false,MLN,7,,Rusty,,7_3012
3036,3015,GRZ,false,"Jason ""Dead"" Redd",Redd,485217045408120833,Captain,P,,R,,,,,5,3,3,1,ReedGibson,false,MLN,7,,Jason,,7_3015
3037,3017,NO,false,Bob Dunagee,Dunagee,88061817925935104,Captain,3B,UTIL,L,5,2,2,3,,,,,Redwagon#1602,false,MLN,7,,Bob,,7_3017
3038,3019,ACP,false,Will The Thrill,Thrill,593042150447382529,Active,2B,UTIL,R,4,1,3,4,,,,,Willand714,false,MLN,7,,Will the,,7_3019
3039,3020,ACP,false,Bill “Pegleg” Bailey,Bailey,227953127452704782,Active,CF,,R,3,3,2,4,,,,,Peglegbonesbailey,false,MLN,7,,Bill,,7_3020
3040,3023,NO,false,Andy,Andy,387226344393670656,Retired,CF,,L,5,1,1,5,,,,,Dinger Sampson#6496,false,MLN,7,,,,7_3023
3041,3027,NO,false,Diego Medina,Medina,159766338833874944,Captain,P,,R,,,,,3,3,3,3,Diego#5535,false,MLN,7,,Diego,,7_3027
3042,3038,NO,false,Lincoln Crawford,Crawford,443892188775055370,Active,1B,UTIL,L,3,3,5,1,,,,,Chris88#8426,false,MLN,7,,Lincoln,,7_3038
3043,3039,SUN,false,Bob Winn,Winn,206833217678868480,Captain,C,CINF,R,2,4,1,5,,,,,TBKLarry#1903,false,MLN,7,,Bob,,7_3039
3044,3042,NO,false,Joanna McMartinez,McMartinez,189893705786720256,Captain,P,,L,,,,,5,3,2,2,Calluna#0305,false,MLN,7,,Joanna,,7_3042
3045,3043,GHG,false,Keyo,Keyo,114529305219956739,Captain,P,,L,,,,,3,4,2,3,Keyo#2641,false,MLN,7,,,,7_3043
3046,3048,KYM,true,Joaquin Flair,Flair,223980930975399937,GM Only,LF,,R,3,3,3,3,,,,,SoneRandomPerson#2533,false,MLN,7,,Joaquin,,7_3048
3047,3049,BUF,true,Ferda Bois,Bois,404782639824764951,GM Only,C,COF,R,2,5,2,3,,,,,msnmllr,false,MLN,7,,Ferda,,7_3049
3048,3050,FA,false,Annie Campbell,Campbell,443280943579660288,Active,SS,UTIL,L,1,2,5,4,,,,,rongboy#8588,false,MLN,7,,Annie,,7_3050
3049,3051,BUF,false,Jackie Daytona,Daytona,217141905807376385,Active,2B,UTIL,L,4,1,5,2,,,,,Axel323#7236,false,MLN,7,,Jackie,,7_3051
3050,3053,REK,false,Juniped Panda,Panda,121871011091185664,Active,P,,L,,,,,2,5,4,1,Juniped,false,MLN,7,,Juniped,,7_3053
3051,3054,REK,true,Paulie Wag,Wag,139926308644847616,GM Only,SS,UTIL,L,1,5,1,5,,,,,pelochyta #9978,false,MLN,7,,Paulie,,7_3054
3052,3056,ASS,false,Donatello Chalupa,Chalupa,197068139073110016,Active,P,,R,,,,,3,3,3,3,Jslamas,false,MLN,7,,Donatello,,7_3056
3053,3057,FA,false,Frozen Inertia,Inertia,213354112434044931,Active,SS,UTIL,R,3,3,4,2,,,,,EricS53 #2544,false,MLN,7,,Frozen,,7_3057
3054,3058,HMH,false,Rotticus Scott Jr.,Scott,247260486339395585,Active,1B,C,R,5,4,2,1,,,,,Mottyice#9677,false,MLN,7,Jr.,Rotticus,,7_3058
3055,3061,BBG,false,Trog Smash,Smash,264255447786192896,Active,3B,UTIL,L,2,3,5,2,,,,,Xianthres,false,MLN,7,,Trog,,7_3061
3056,3063,BUF,false,Threefinger Jansen III,Jansen,326127044163403776,Active,P,,R,,,,,5,2,3,2,Vecinzz#9675,false,MLN,7,III,Threefinger,,7_3063
3057,3065,NO,false,Robert Atech,Atech,116109126832095239,Active,CF,,L,3,3,5,1,,,,,Tica#3609,false,MLN,7,,Robert,,7_3065
3058,3066,REK,false,Thor Heyerdahl,Heyerdahl,349359777220001793,Captain,SS,UTIL,R,5,1,4,2,,,,,Qomsday#7405,false,MLN,7,,Thor,,7_3066
3059,3069,GRZ,false,Wallace Grommet,Grommet,476558347634475028,Captain,1B,C,L,3,4,2,3,,,,,kaylittle6,false,MLN,7,,Wallace,,7_3069
3060,3070,REK,false,Ded Tanson,Tanson,121733091034267648,Active,C,CINF,L,1,5,1,5,,,,,Carlos2212#2182,false,MLN,7,,Ded,,7_3070
3061,3071,SUN,false,Holden Beers,Beers,255311391186092032,Retired,2B,UTIL,L,4,3,3,2,,,,,HesEveryFuckinWhere#4895,false,MLN,7,,Holden,,7_3071
3062,3072,SMD,false,Cass Doubt,Doubt,347109742155399168,Active,C,COF,L,3,4,4,1,,,,,MikeyTKO#0005,false,MLN,7,,Cass,,7_3072
3063,3073,POR,false,Matt Himynamis,Himynamis,357712250041270273,Active,P,,R,,,,,5,1,3,3,Hi_mynameis_Matt#3175,false,MLN,7,,Matt,,7_3073
3064,3077,NO,true,Derek Bongiovanni,Bongiovanni,291738770313707521,Active,C,CINF,R,1,5,1,5,,,,,Dbon#2576,false,MLN,7,,Derek,,7_3077
3065,3078,BBG,false,Chakra Pilates,Pilates,644325646486732810,Active,C,COF,L,4,3,2,3,,,,,ChakraPilates,false,MLN,7,,Chakra,,7_3078
3066,3079,REK,false,Isaac Snowbender,Snowbender,140306370359459840,Active,LF,,L,3,2,2,5,,,,,mvh1015#6260,false,MLN,7,,Isaac,,7_3079
3067,3080,ASS,false,Jeff Dingerhitter,Dingerhitter,263888354179809280,Active,1B,UTIL,R,3,2,4,3,,,,,Woj#6097,false,MLN,7,,Jeff,,7_3080
3068,3082,ASS,false,Basethony Balltano,Balltano,671474346606198820,Retired,C,COF,L,4,5,2,1,,,,,Declan#0676,false,MLN,7,,Basethony,,7_3082
3069,3084,GRZ,false,Ryan Tyburn,Tyburn,334144448873365504,Active,LF,,R,5,5,1,1,,,,,Tyburn#0651,false,MLN,7,,Ryan,,7_3084
3070,3086,GHG,false,Nono Nones,Nones,251117327792209920,Active,LF,,R,5,1,2,4,,,,,VoxBarbarian#7332,false,MLN,7,,Nono,,7_3086
3071,3088,BUF,false,Yoel Roshi,Roshi,293180794124632074,Active,1B,UTIL,L,5,3,1,3,,,,,pyrolola#2993,false,MLN,7,,Yoel,,7_3088
3072,3089,REK,false,Joey Wheeler,Wheeler,389269825425375233,Active,P,,L,,,,,5,3,2,2,Slingblade#8693,false,MLN,7,,Joey,,7_3089
3073,3091,REK,false,Zelk Jacen Antilles,Antilles,250094459721613315,Captain,RF,,L,3,2,2,5,,,,,CaptainSolo96#0006,false,MLN,7,,Zelk,,7_3091
3074,4000,GHG,false,King Kruul,Kruul,246762932703068162,Active,RF,,L,1,5,5,1,,,,,LefLop#4771,false,MLN,7,,King,,7_4000
3075,4004,REK,false,Jhangus Roundstone,Roundstone,240572831333613569,Active,P,,L,,,,,1,5,3,3,Reno ◢ ◤#1997,false,MLN,7,,Jhangus,,7_4004
3076,4007,ASS,false,Reese Worthington,Worthington,554004612797956106,Active,LF,,L,3,3,3,3,,,,,RockM888#6275,false,MLN,7,,Reese,,7_4007
3077,4008,SMD,false,LaCarpetron Dukemarriot,Dukemarriot,352849361920851968,Active,P,,R,,,,,4,2,3,3,Dukemarriot#0179,false,MLN,7,,LaCarpetron,,7_4008
3078,4011,BUF,false,Mitch Meanmug,Meanmug,294497117467181056,Captain,P,,R,,,,,4,3,3,2,fermatajack#5230,false,MLN,7,,Mitch,,7_4011
3079,4015,SMD,false,Plack Attack,Attack,473845222514884610,Active,CF,,R,5,1,5,1,,,,,MU | Teztify#9523,false,MLN,7,,Plack,,7_4015
3080,4017,FA,false,Andrew Nova,Nova,261036761109495808,Active,LF,,L,4,2,1,5,,,,,andrews#4302,false,MLN,7,,Andrew,,7_4017
3081,4021,SMD,false,Jeff Shagwell,Shagwell,209183193436258304,Active,1B,UTIL,L,3,1,5,3,,,,,MattDaddio,false,MLN,7,,Jeff,,7_4021
3082,4022,GRZ,false,Adonis Sinoda,Sinoda,608356413269606505,Active,CF,,R,2,4,5,1,,,,,Hallmonitor_20#2799,false,MLN,7,,Adonis,,7_4022
3083,4024,FA,false,Didja Naylor,Naylor,675178744864047104,Active,1B,UTIL,R,4,2,4,2,,,,,ChickenSteaksHeavyWeights,false,MLN,7,,Didja,,7_4024
3084,4025,BBG,false,Bast Fidgewidget,Fidgewidget,412709586257313813,Active,RF,,R,4,4,1,3,,,,,I am the black sheep,false,MLN,7,,Bast,,7_4025
3085,4033,BBG,false,Leonidas States,States,344569430132391938,Captain,SS,UTIL,L,4,2,5,1,,,,,BillyShake#4067,false,MLN,7,,Leonidas,,7_4033
3086,4035,KYM,false,Dirk Dangerous,Dangerous,149311407907799041,Active,CF,,L,1,1,5,5,,,,,as334#2217,false,MLN,7,,Dirk,,7_4035
3087,4039,FA,false,Wild Legs II,Legs,241371232983973888,Active,SS,UTIL,L,4,4,2,2,,,,,michael#9947,false,MLN,7,II,Wild,,7_4039
3088,4040,REK,false,Trogdor Fhqwhgads,Fhqwhgads,545406706038079520,Active,SS,UTIL,L,5,5,1,1,,,,,Haniger's Grenade#9160,false,MLN,7,,Trogdor,,7_4040
3089,4041,FA,false,John Rhys Ealy,Ealy,267524720470130690,Active,3B,UTIL,L,4,3,3,2,,,,,DutifullyPurple,false,MLN,7,,John Rhys,,7_4041
3090,4044,REK,false,Ura Irons,Irons,326427060438433792,Active,1B,UTIL,R,3,3,3,3,,,,,Arujento#7149,false,MLN,7,,Ura,,7_4044
3091,4045,MAL,false,Dakota Carolina Montana,Montana,276829932439470081,Active,CF,,L,4,3,3,2,,,,,Dakota Carolina Montana#4635,false,MLN,7,,Dakota Carolina,,7_4045
3092,4048,GHG,false,Mike Fruitstand,Fruitstand,202273074261917697,Active,2B,UTIL,R,5,1,1,5,,,,,ItsJustFruity#8827,false,MLN,7,,Mike,,7_4048
3093,4050,ASS,false,Calvin Guerensk,Guerensk,322858095590244353,Captain,P,,R,,,,,2,5,2,3,Drag0nG0ld008#5755,false,MLN,7,,Calvin,,7_4050
3094,4067,BUF,false,Dogwood Maple,Maple,552159012288856084,Active,CF,,L,4,4,1,3,,,,,dogwoodmaple#1747,false,MLN,7,,Dogwood,,7_4067
3095,4068,POR,false,Cam’ron West,West,366942633916104705,Active,2B,UTIL,R,1,5,1,5,,,,,DPZ1156#7914,false,MLN,7,,Cam’ron,,7_4068
3096,4069,NO,false,Hot Dog Jeopardy,Jeopardy,121792167361511424,Active,3B,UTIL,L,2,3,4,3,,,,,Big Botto m#1067,false,MLN,7,,Hot Dog,,7_4069
3097,4070,BUF,true,Ioe Torrent,Torrent,130834533460344832,Active,1B,C,L,2,4,5,1,,,,,Ioe#4493,false,MLN,7,,Ioe,,7_4070
3098,4072,MAL,false,Nicholas Fouss,Fouss,182233101349421067,Active,RF,,L,3,2,3,4,,,,,superfish1205#8463,false,MLN,7,,Nicholas,,7_4072
3099,4078,HMH,false,Sleve McDichael,McDichael,350765214288838666,Active,P,,R,,,,,5,1,3,3,megalo#7735,false,MLN,7,,Sleve,,7_4078
3100,4079,FA,false,Pedro Cerrano-Spaz,Cerrano-Spaz,480094051761389573,Active,C,COF,R,3,4,2,3,,,,,BtSpaz#5064,false,MLN,7,,Pedro,,7_4079
3101,4080,BFB,false,Patrick McDonough,McDonough,465113775209709568,Active,CF,,R,5,5,1,1,,,,,코르도바 시드니 #8968,false,MLN,7,,Patrick,,7_4080
3102,4081,BFB,false,Toppo Thamornin,Thamornin,142120199242514432,Active,2B,UTIL,R,2,4,1,5,,,,,Zpheldin#4429,false,MLN,7,,Toppo,,7_4081
3103,5002,BUF,false,Guido,Guido,105512327293448192,Captain,C,CINF,L,1,5,1,5,,,,,ImmaStealYoHome#6723,false,MLN,7,,,,7_5002
3104,5005,POR,false,Narancia Ghirga,Ghirga,151152419584081920,Active,CF,,R,3,4,1,4,,,,,GoonerBear#0071,false,MLN,7,,Narancia,,7_5005
3105,5006,BFB,false,Sticky Mickey Mantle,Mantle,539593078273605645,Active,P,,R,,,,,2,4,3,3,stick#7946,false,MLN,7,,Sticky Mickey,,7_5006
3106,5007,GHG,false,Dick Richards,Richards,585560973658685440,Active,LF,,R,4,1,3,4,,,,,richard#6782,false,MLN,7,,Dick,,7_5007
3107,5011,ASS,false,Mo Mo,Mo,193154424242307072,Active,CF,,R,5,1,2,4,,,,,MoJungo#6335,false,MLN,7,,Mo,,7_5011
3108,5012,BFB,false,Ben Bramly,Bramly,101512997112913920,Captain,C,COF,R,4,5,1,2,,,,,bennyS#0001,false,MLN,7,,Ben,,7_5012
3109,5014,BBG,false,Sheridan Blackstone,Blackstone,372069117005660161,Active,P,,R,,,,,4,4,2,2,xFireRavenx#1221,false,MLN,7,,Sheridan,,7_5014
3110,5016,ACP,false,LeBarn James,James,340541260672532482,Active,RF,,R,4,3,3,2,,,,,door_nav,false,MLN,7,,LeBarn,,7_5016
3111,5017,FA,false,Makesiondon Kelkboom,Kelkboom,477216596667006996,Active,SS,UTIL,L,3,1,4,4,,,,,Tenny1917,false,MLN,7,,Makesiondon,,7_5017
3112,5018,POR,true,Brian Taylor,Taylor,263736081000824832,GM Only,LF,,L,4,4,1,3,,,,,brian_taylor#4987,false,MLN,7,,Brian,,7_5018
3113,5019,MAL,false,Connor Morgan,Morgan,165574358390145034,Active,3B,UTIL,R,3,2,4,3,,,,,BigVolDaddy#7470,false,MLN,7,,Connor,,7_5019
3114,5021,HFX,false,Kenny Kawaguchi,Kawaguchi,531710311523418132,Active,SS,UTIL,R,3,3,2,4,,,,,CaptainCC,false,MLN,7,,Kenny,,7_5021
3115,5022,GHG,false,Franz Lisztpitcher,Lisztpitcher,94622501870510080,Active,3B,UTIL,L,5,1,1,5,,,,,Randy#9263,false,MLN,7,,Franz,,7_5022
3116,5024,BUF,false,Simba Martinez II,Martinez,389091297618558990,Captain,C,COF,R,3,5,3,1,,,,,Fartzillla#7514,false,MLN,7,II,Simba,,7_5024
3117,5025,BBG,false,Doc Wingduck,Wingduck,393612916374634507,Active,CF,,R,5,1,5,1,,,,,Doc Dockgoose,false,MLN,7,,Doc,,7_5025
3118,5027,FA,false,Dillon Cheer,Cheer,620024108406669322,Active,P,,R,,,,,4,2,4,2,da_dman172#1801,true,MLN,7,,Dillon,,7_5027
3119,5029,GHG,false,Peoples Champ,Champ,150833402453557249,Active,C,COF,R,5,5,1,1,,,,,kowboy#5334,false,MLN,7,,Peoples,,7_5029
3120,5030,ASS,false,Dirk Digglet,Digglet,636749752683200523,Captain,P,,R,,,,,5,4,2,1,Lancer52,false,MLN,7,,Dirk,,7_5030
3121,5032,KYM,false,Sander Entman,Entman,148506025773760512,Active,2B,UTIL,L,4,4,1,3,,,,,Holo_Icy_Holo#9537,false,MLN,7,,Sander,,7_5032
3122,5034,ASS,false,Haloick Oasis,Oasis,121814608313843713,Active,LF,,R,3,3,1,5,,,,,Haloick#2063,false,MLN,7,,Haloick,,7_5034
3123,5037,GHG,false,Hugo Award,Award,218523105478443020,Active,3B,UTIL,R,2,2,3,5,,,,,Frank.#7092,true,MLN,7,,Hugo,,7_5037
3124,5038,FA,false,"Buster ""Striker"" Walker",Walker,238513881943769088,Active,3B,UTIL,R,4,2,5,1,,,,,Waffle Supreme#0645,true,MLN,7,,"Buster ""Striker""",,7_5038
3125,5039,BFB,false,Roidy Magoo,Magoo,259428292170481674,Active,CF,,L,5,1,1,5,,,,,NA Bonobo #0420,false,MLN,7,,Roidy,,7_5039
3126,5040,NO,false,Bad Juju,Juju,234174459756412928,Active,1B,UTIL,R,3,3,5,1,,,,,DatYoshiDude#5950,false,MLN,7,,Bad,,7_5040
3127,5041,HMH,false,Papa Longstroke,Longstroke,366673575442382850,Captain,CF,,L,4,1,3,4,,,,,Hardcastle McCormick#7643,false,MLN,7,,Papa,,7_5041
3128,5042,POR,false,Jay Emess,Emess,71382713801637888,Active,P,,L,,,,,4,1,4,3,jms#1306,false,MLN,7,,Jay,,7_5042
3129,5043,FA,false,Videl Satan,Satan,306875285679112193,Active,P,,R,,,,,3,3,3,3,ValorX77#5210,true,MLN,7,,Videl,,7_5043
3130,6003,NO,false,Bobbymir Guerrero Jr.,Guerrero,342693629833379840,Active,P,,L,,,,,4,2,4,2,BrotherBear002#3803,true,MLN,7,Jr.,Bobbymir,,7_6003
3131,6004,ASS,false,Bony Skellinger,Skellinger,613893115455209494,Active,3B,UTIL,L,4,2,2,4,,,,,Bonesy McSkellington#3120,false,MLN,7,,Bony,,7_6004
3132,6005,HFX,false,Borg Torbjorgsson,Torbjorgsson,246488195682795521,Active,SS,UTIL,R,4,4,2,2,,,,,^matt#5616,false,MLN,7,,Borg,,7_6005
3133,6007,FA,false,Damien Anderson,Anderson,287662129673142273,Active,SS,UTIL,R,3,2,3,4,,,,,DukeTheDuke#5320,false,MLN,7,,Damien,,7_6007
3134,6008,MAL,false,Dottie,Dottie,330153321262219284,Active,2B,UTIL,R,4,2,4,2,,,,,otter#0069,false,MLN,7,,,,7_6008
3135,6009,ASS,false,Hannibal Bligh,Bligh,368954518907387904,Active,1B,UTIL,L,3,3,5,1,,,,,ArmadilloPenguin,false,MLN,7,,Hannibal,,7_6009
3136,6010,REK,false,Homer Knocker,Knocker,153354503662469131,Active,CF,,R,5,2,1,4,,,,,Cable^3#3200,false,MLN,7,,Homer,,7_6010
3137,6011,HFX,true,Joe Pidgeon,Pidgeon,430014697174073364,Active,RF,,R,3,3,4,2,,,,,AnAngryPidgeon#7526,false,MLN,7,,Joe,,7_6011
3138,6012,HMH,false,Kanye East,East,419640789925363712,Active,RF,,R,4,2,1,5,,,,,Zman#1212,false,MLN,7,,Kanye,,7_6012
3139,6014,ASS,false,Mattress,Mattress,382295393200898048,Active,2B,UTIL,R,3,1,5,3,,,,,FearTheBeardBruh#2566,false,MLN,7,,,,7_6014
3140,6016,HFX,false,Mike Litoris,Litoris,111957889580552192,Active,C,COF,R,5,4,2,1,,,,,Mike Litoris#0912,false,MLN,7,,Mike,,7_6016
3141,6017,MAL,false,Ohtani But Wide,But Wide,198673427844956161,Active,C,COF,R,5,5,1,1,,,,,Vertigo#7786,false,MLN,7,,Ohtani,,7_6017
3142,6018,SUN,false,Perry Platypus,Platypus,71149451254706176,Active,RF,,L,3,1,5,3,,,,,perryplatypus#4392,false,MLN,7,,Perry,,7_6018
3143,6019,HFX,false,Phillip Dunphy,Dunphy,701259122540019742,Active,3B,C,R,2,4,2,4,,,,,Phillip Mahooters#7957,false,MLN,7,,Phillip,,7_6019
3144,6020,MAL,true,Pope Coswi,Coswi,454711089582833685,GM Only,CF,,R,4,4,3,1,,,,,Coswi#3855,false,MLN,7,,Pope,,7_6020
3145,6021,MAL,true,Clem N. Tine,Tine,766693330444091452,Active,CF,,R,4,1,5,2,,,,,noahclem#5755,false,MLN,7,,Clem N.,,7_6021
3146,6022,MAL,false,Six Finger McMillan,McMillan,434926278832029696,Captain,P,,R,,,,,3,2,5,2,Six Finger#1325,false,MLN,7,,Six Finger,,7_6022
3147,6023,FA,false,Y.Y. Lord,Lord,325356320473612290,Active,P,,R,,,,,5,2,2,3,NotAName#0591,false,MLN,7,,Y.Y.,,7_6023
3148,6025,FA,false,Hornot Hivez,Hivez,500805562376650758,Active,P,,L,,,,,3,3,5,1,Hornet7#8204,false,MLN,7,,Hornot,,7_6025
3149,6026,HFX,false,B.A. Dickey,Dickey,202243718063980544,Active,P,,R,,,,,3,5,2,2,fetchwell#5521,false,MLN,7,,B.A.,,7_6026
3150,6027,FA,false,Big Psyduck,Psyduck,487748192105005066,Active,CF,,R,5,1,1,5,,,,,PsuJosh#1835,false,MLN,7,,Big,,7_6027
3151,6028,FA,false,Caleb Bolden,Bolden,497892815754362931,Active,P,,R,,,,,4,2,4,2,Hobbes .T. Hero#1999,false,MLN,7,,Caleb,,7_6028
3152,6029,KYM,false,Scherbie Fully-Loaded,Fully-Loaded,245291720730738688,Active,CF,,R,5,1,1,5,,,,,TwinsFan94#3148,false,MLN,7,,Scherbie,,7_6029
3153,6030,FA,false,Steven Silston,Silston,785186827597643787,Retired,P,,L,,,,,3,2,4,3,Cc_Void#0013,false,MLN,7,,Steven,,7_6030
3154,6031,POR,false,Captain Rex,Rex,424366248780890121,Captain,1B,UTIL,L,3,5,2,2,,,,,Canner234#3934,false,MLN,7,,Captain,,7_6031
3155,6032,KYM,false,Johnny McFarland,McFarland,416023481357172736,Active,C,CINF,R,2,4,4,2,,,,,Johnny boi#0032,false,MLN,7,,Johnny,,7_6032
3156,6033,FA,false,Johnny Omar,Omar,437956094023696385,Hiatus,2B,UTIL,R,4,4,1,3,,,,,NateInDisney 1/26/2020#3842,false,MLN,7,,Johnny,,7_6033
3157,6035,MAL,false,Tommy Tightpants,Tightpants,134502207637815297,Active,P,,R,,,,,5,3,3,1,wack#1387,false,MLN,7,,Tommy,,7_6035
3158,6036,FA,false,Mad Jack,Jack,251908085843623936,Active,C,COF,L,2,5,1,4,,,,,madjack272#1191,false,MLN,7,,Mad,,7_6036
3159,6037,FA,false,Luxxy Raidaros,Raidaros,191936882236588032,Active,CF,,R,3,3,1,5,,,,,CybeastID#4603,true,MLN,7,,Luxxy,,7_6037
3160,6040,MAL,false,Big Smoke Anderson,Anderson,284831116207194122,Active,2B,UTIL,R,3,4,4,1,,,,,SpicyMeatloaf#1212,false,MLN,7,,Big Smoke,,7_6040
3161,6042,FA,false,Daniel Martinez,Martinez,697403487838928897,Active,LF,,R,4,1,4,3,,,,,ShoTime17#0017,false,MLN,7,,Daniel,,7_6042
3162,6044,NO,false,Matthew Longballo,Longballo,267844339365838848,Active,P,,R,,,,,4,4,3,1,bestheadcoach#1394,false,MLN,7,,Matthew,,7_6044
3163,6045,FA,false,Finn Pinguson,Pinguson,632293208499421187,Active,C,COF,L,1,5,5,1,,,,,Pingu#6861,false,MLN,7,,Finn,,7_6045
3164,6046,POR,false,Bradle Beamen,Beamen,521532303508242432,Captain,3B,UTIL,L,3,1,5,3,,,,,Beadlejuice44,false,MLN,7,,Bradle,,7_6046
3165,6047,SMD,false,Crimson Chin,Chin,832485068797771849,Active,LF,,L,4,3,2,3,,,,,D-Habes,false,MLN,7,,Crimson,,7_6047
3166,6048,FA,false,Phil McKrackup,McKrackup,198274387831422976,Active,CF,,R,4,2,4,2,,,,,AP#5280,true,MLN,7,,Phil,,7_6048
3167,6049,POR,false,Noodle Arm ODoyle,ODoyle,566239287713202187,Captain,3B,UTIL,R,5,1,5,1,,,,,n8n#8421,false,MLN,7,,Noodle Arm,,7_6049
3168,6050,POR,false,Emerson Austin Jr.,Austin,461562661184995328,Active,P,,R,,,,,3,1,3,5,EA#3545,true,MLN,7,Jr.,Emerson,,7_6050
3169,6051,ACP,false,Alexandra Shepard,Shepard,514936838918504448,Active,3B,UTIL,L,3,3,3,3,,,,,blackholes#4211,true,MLN,7,,Alexandra,,7_6051
3170,7001,NO,false,Streetlamp LeMoose,LeMoose,676297413899583499,Active,LF,,R,2,2,4,4,,,,,streetlamplemoose#9796,true,MLN,7,,Streetlamp,,7_7001
3171,7002,POR,false,Dinah Myte,Myte,411316325038948352,Active,SS,UTIL,R,3,2,3,4,,,,,Hartofwolfram#0432,true,MLN,7,,Dinah,,7_7002
3172,7003,POR,false,Mumpy Stallone,Stallone,467128312322588673,Active,RF,,R,2,2,4,4,,,,,eNeRGy40#6632,true,MLN,7,,Mumpy,,7_7003
3173,7004,FA,false,Peter Hoomanawanui,Hoomanawanui,160535653178802177,Active,1B,UTIL,L,3,3,2,4,,,,,Idntwannabefamous#2485,true,MLN,7,,Peter,,7_7004
3174,7005,FA,false,Bob Gardenhose,Gardenhose,681688994509094932,Active,1B,UTIL,R,1,5,4,2,,,,,coolkid444#7908,true,MLN,7,,Bob,,7_7005
3175,7006,BBG,false,Pel OQuinn,OQuinn,220293896729526272,Active,RF,,R,3,4,2,3,,,,,Peloquinn#4067,true,MLN,7,,Pel,,7_7006
3176,7007,POR,false,Kenny Powers,Powers,277907298112765952,Active,3B,UTIL,L,4,2,4,2,,,,,Mike22#3639,true,MLN,7,,Kenny,,7_7007
3177,7008,FA,false,Ifeanyichukwu Olukayode,Olukayode,769646456000086036,Retired,LF,,R,1,1,5,5,,,,,KOZ#1949,true,MLN,7,,Ifeanyichukwu,,7_7008
3178,7009,GRZ,false,Micah Burgundy,Burgundy,199961074617810946,Active,SS,UTIL,R,5,2,2,3,,,,,Mega#9307,true,MLN,7,,Micah,,7_7009
3179,7010,ASS,false,Jimmy Nootron,Nootron,743169377742094407,Active,SS,UTIL,L,4,2,4,2,,,,,Yourdealer#1785,true,MLN,7,,Jimmy,,7_7010
3180,7011,POR,false,Derek Rasmussen,Rasmussen,636682142407196702,Active,C,COF,R,3,5,1,3,,,,,bdh1010#7958,true,MLN,7,,Derek,,7_7011
3181,7012,HFX,false,CJ Ayer,Ayer,716293515864440905,Active,LF,,R,4,2,3,3,,,,,Zeltrox #0126,true,MLN,7,,CJ,,7_7012
3182,7013,MAL,false,Pie In The Sky,Sky,600069551593357321,Captain,1B,UTIL,L,4,3,3,2,,,,,Leashypie#0822,true,MLN,7,,Pie in the,,7_7013
3183,7014,KYM,false,Doc Dockerson,Dockerson,514984390103793679,Active,P,,R,,,,,4,3,3,2,Leaffan139#9702,true,MLN,7,,Doc,,7_7014
3184,7015,FA,false,Gustav Ham Janssen,Janssen,227547424325894144,Active,3B,UTIL,L,1,5,1,5,,,,,grutti#0292,true,MLN,7,,Gustav Ham,,7_7015
3185,7016,ASS,true,Ovaltine,Ovaltine,244495939941695488,Active,RF,,L,4,2,3,3,,,,,oh Toaster#8721,true,MLN,7,,,,7_7016
3186,7017,BBG,false,Juan Sexton,Sexton,827370007943053364,Active,2B,UTIL,R,3,5,1,3,,,,,snipinsexton#9209,true,MLN,7,,Juan,,7_7017
3187,7018,ACP,false,Y.E. Wally,Wally,345314811405402112,Active,P,,R,,,,,3,2,2,5,Y. E. Wally#8208,true,MLN,7,,Y.E.,,7_7018
3188,7019,HFX,false,Bill Stokes,Stokes,870887440980783144,Active,2B,UTIL,R,4,3,1,4,,,,,diepie316#0089,true,MLN,7,,Bill,,7_7019
3189,7020,SUN,false,Sonar McDeuceski,McDeuceski,234155536210198528,Captain,3B,UTIL,R,4,2,4,2,,,,,Sonar#6969,true,MLN,7,,Sonar,,7_7020
3190,7021,BUF,false,Dutch Boggs,Boggs,166930309583994880,Active,SS,UTIL,L,2,3,2,5,,,,,heylookjorge#6136,true,MLN,7,,Dutch,,7_7021
3191,7022,GRZ,false,Meat Wad,Wad,158398522859716612,Active,CF,,L,3,4,1,4,,,,,slothfacekilla#7809,true,MLN,7,,Meat,,7_7022
3192,7023,GRZ,false,Mickey May,May,748283643775942777,Active,1B,UTIL,L,3,3,2,4,,,,,RainDance17#8447,true,MLN,7,,Mickey,,7_7023
3193,7024,NO,false,Jethro McDungle,McDungle,239473846447636481,Active,C,COF,R,3,5,2,2,,,,,Yugoslothia#1772,true,MLN,7,,Jethro,,7_7024
3194,7025,NO,false,Rocco Rudnikov,Rudnikov,507607810956328960,Active,LF,,R,4,3,1,4,,,,,BrockSlamson#3715,true,MLN,7,,Rocco,,7_7025
3195,7026,KYM,false,Pete Sweat,Sweat,527186180773642251,Active,2B,UTIL,R,4,1,2,5,,,,,CRAZYCOW#8305,true,MLN,7,,Pete,,7_7026
3196,7027,SUN,false,Kevin James,James,713100553214755267,Active,2B,UTIL,R,5,1,1,5,,,,,Swarm#3461,true,MLN,7,,Kevin,,7_7027
3197,7028,KYM,false,Perome Jeterson,Jeterson,229060203771985921,Active,3B,C,R,5,5,1,1,,,,,rhezz#9750,true,MLN,7,,Perome,,7_7028
3198,7029,POR,false,Malcolm Fish,Fish,280100750523236352,Active,LF,,R,4,2,1,5,,,,,Moofish#0973,true,MLN,7,,Malcolm,,7_7029
3199,7030,HFX,false,Jimmy Kalkowski,Kalkowski,479001783444701184,Active,P,,L,,,,,1,3,5,3,fishing#1769,true,MLN,7,,Jimmy,,7_7030
3200,7031,BUF,false,Fatts Richard,Richard,757379787340906587,Active,3B,C,R,4,4,1,3,,,,,yaboimorey#8575,true,MLN,7,,Fatts,,7_7031
3201,7032,FA,false,Marten Duckswerth,Duckswerth,548238989006733322,Retired,2B,UTIL,R,3,4,2,3,,,,,Yannykai#7996,true,MLN,7,,Marten,,7_7032
3202,7033,HFX,false,Kilometers Straw,Straw,521856020889337867,Active,CF,,L,5,3,1,3,,,,,Fulano#8013,true,MLN,7,,Kilometers,,7_7033
3203,7034,SUN,false,G Baby,Baby,887367673678270564,Active,1B,UTIL,R,4,3,4,1,,,,,broski_ICE#9693,false,MLN,7,,G,,7_7034
3204,7035,FA,false,Cherri Poppins,Poppins,157986981882757121,Active,P,,L,,,,,5,4,1,2,KCPeach#2448,true,MLN,7,,Cherri,,7_7035
3205,7036,POR,false,Hank Braun,Braun,620743942618742794,Active,LF,,L,5,2,1,4,,,,,Noxiousimposter#7477,true,MLN,7,,Hank,,7_7036
3206,7037,POR,false,Doctor Ew,Ew,249949292909953024,Active,C,COF,R,3,4,3,2,,,,,Dr.ew,true,MLN,7,,Doctor,,7_7037
3207,7038,MAL,false,Raffy Benitez,Benitez,311657913351667722,Active,1B,UTIL,R,5,1,1,5,,,,,BenTheThrill_7#8665,true,MLN,7,,Raffy,,7_7038
3208,7039,MAL,false,Mr Plow,Plow,496806261778808843,Active,SS,UTIL,L,4,2,1,5,,,,,BillyIn4C#6782,false,MLN,7,,Mr,,7_7039
3209,7040,BFB,false,Chicano Bradley,Bradley,258774494246731776,Active,P,,R,,,,,3,3,3,3,TheAjCalvillo#0420,false,MLN,7,,Chicano,,7_7040
3210,7041,FA,false,Tyler Helman,Helman,828843487084150805,Active,P,,L,,,,,2,3,5,2,Chef Curry#9457,true,MLN,7,,Tyler,,7_7041
3211,7042,FA,false,Skimble Shanks,Shanks,150754841671630848,Active,1B,UTIL,L,1,3,5,3,,,,,munkysnuflz#2695,false,MLN,7,,Skimble,,7_7042
3212,7043,FA,false,Din Dog,Dog,428657263465725972,Active,SS,UTIL,R,4,2,3,3,,,,,dindog#3063,true,MLN,7,,Din,,7_7043
3213,7045,SUN,false,Jimmy Pop,Pop,365319131106377750,Active,P,,R,,,,,4,4,2,2,wlupike#5721,true,MLN,7,,Jimmy,,7_7045
3214,1002,GHG,false,Garitek,Garitek,201437703328235520,Active,P,,R,,,,,4,2,4,2,GareDr333#5369,false,MLN,8,,,,8_1002
3215,1004,SMD,true,Pops Dongoria,Dongoria,225468192443727873,Active,C,COF,R,4,5,1,2,,,,,timland33,false,MLN,8,,Pops,,8_1004
3216,1006,SMD,false,Smitty Hoppenscotch,Hoppenscotch,377826278004490240,Captain,CF,,L,4,2,1,5,,,,,Natsochist#8041,false,MLN,8,,Smitty,,8_1006
3217,1008,SMD,false,Atlas Quin,Quin,148920755189579776,Active,P,,L,,,,,3,2,4,3,Pieanator#7542,false,MLN,8,,Atlas,,8_1008
3218,1012,SMD,false,Reservoir Butler,Butler,288768900169072641,Active,SS,C,R,4,2,1,5,,,,,ghostelephant#6650,false,MLN,8,,Reservoir,,8_1012
3219,1014,BBG,false,Saoirse O Sullibhian,OSullibhian,195544830481268736,Active,SS,UTIL,R,3,3,1,5,,,,,c0ldspark#0042,false,MLN,8,,Saoirse,,8_1014
3220,1018,HFX,false,Lane Drew,Drew,215354400720420866,Active,P,,L,,,,,3,3,4,2,Stride,false,MLN,8,,Lane,,8_1018
3221,1021,CAR,false,Q Kimbrel,Kimbrel,134478480862740480,Captain,CF,,R,1,3,5,3,,,,,Cerb#8365,false,MLN,8,,Q,,8_1021
3222,1022,GHG,false,Chuck McCluster,McCluster,391473385768747008,Active,RF,,L,3,4,3,2,,,,,snipenberg#7197,false,MLN,8,,Chuck,,8_1022
3223,1023,SMD,false,Dan Gerzone,Gerzone,358438389160345600,Captain,2B,UTIL,R,3,1,4,4,,,,,Dan_Gerzone,false,MLN,8,,Dan,,8_1023
3224,1024,HFX,false,Jordan Peppers,Peppers,298191208776204288,Active,P,,R,,,,,4,2,2,4,raptor152#0431,false,MLN,8,,Jordan,,8_1024
3225,1026,ACP,false,Angel Leon,Leon,240939239968210944,Active,P,,L,,,,,4,2,5,1,GK12303#1313,false,MLN,8,,Angel,,8_1026
3226,1027,SUN,false,Thomas Nova,Nova,341669113430540301,Active,2B,UTIL,L,3,3,1,5,,,,,Daitryu#7669,false,MLN,8,,Thomas,,8_1027
3227,1028,HMH,false,Haraldo MacKenzie,MacKenzie,281586814471634945,Captain,LF,,R,5,1,4,2,,,,,mack#0894,false,MLN,8,,Haraldo,,8_1028
3228,1029,SUN,false,Lefty Louis,Louis,326553566909300737,Active,SS,UTIL,L,1,5,5,1,,,,,lewislewes#3447,false,MLN,8,,Lefty,,8_1029
3229,1032,SUN,false,Charlie Scott,Scott,193883917055557642,Active,1B,UTIL,L,4,1,3,4,,,,,SemiCharmedMike#9629,false,MLN,8,,Charlie,,8_1032
3230,1033,BBG,true,Daz Reference,Reference,180498124823855104,Active,P,,R,,,,,4,3,2,3,Obscure_Reference#9129,false,MLN,8,,Daz,,8_1033
3231,1034,SUN,false,Jack Marnette,Marnette,345701896377597953,Active,LF,,R,5,2,2,3,,,,,jmarnette#1828,false,MLN,8,,Jack,,8_1034
3232,1035,SUN,false,Chip Otle,Otle,213403960072077312,Active,P,,R,,,,,3,3,3,3,mcastagnaro30#2558,false,MLN,8,,Chip,,8_1035
3233,1036,SMD,false,Spike Suzuki,Suzuki,398235187634503702,Captain,1B,UTIL,R,4,4,2,2,,,,,xbijin#3776,false,MLN,8,,Spike,,8_1036
3234,1041,ACP,false,Barney Summers,Summers,378073752400953344,Active,C,CINF,L,5,5,1,1,,,,,CougMaster#8822,false,MLN,8,,Barney,,8_1041
3235,1043,FA,false,Tyler Palmatier,Palmatier,195415573721645056,Active,1B,UTIL,R,3,3,4,2,,,,,Jags#3155,false,MLN,8,,Tyler,,8_1043
3236,1051,REK,false,Superbone Threefinger,Threefinger,224327937720188928,Active,CF,,L,5,4,2,1,,,,,23baseball3#3100,false,MLN,8,,Superbone,,8_1051
3237,1052,HMH,false,Zed Leona,Leona,177281342818484224,Active,C,CINF,R,5,4,1,2,,,,,Sleeper#2045,false,MLN,8,,Zed,,8_1052
3238,1054,HMH,false,Steve Hofbardozzi Jr. Jr. Jr.,Hofbardozzi,207143171128426496,Active,3B,UTIL,L,5,4,1,2,,,,,GeneticlyPerfct#0232,false,MLN,8,Jr.,Steve,,8_1054
3239,1055,HMH,true,Osmosis Jones,Jones,131978039763402752,Active,LF,,L,4,3,1,4,,,,,AdmiralJones42#6648,false,MLN,8,,Osmosis,,8_1055
3240,1057,FA,false,Rusty LaRue,LaRue,644347193523830814,Active,P,,L,,,,,3,3,3,3,RustyLaRue95#6959,false,MLN,8,,Rusty,,8_1057
3241,1058,HMH,false,Catfish Champ,Champ,259940190947246081,Active,CF,,L,5,3,1,3,,,,,amazingcowmilk#9713,false,MLN,8,,Catfish,,8_1058
3242,1061,HMH,false,Hudson Hildebrandt,Hildebrandt,285878316987056130,Active,P,,R,,,,,5,1,5,1,Hudson#0002,false,MLN,8,,Hudson,,8_1061
3243,1063,CAR,false,Alex Yaxley,Yaxley,345329173616787458,Captain,C,COF,R,3,4,4,1,,,,,BIGxM1KE#4625,false,MLN,8,,Alex,,8_1063
3244,1069,HMH,false,Rub A. Chikin,Chikin,373703526347440129,Active,1B,UTIL,L,5,1,1,5,,,,,rubachikin,false,MLN,8,,Rub A.,,8_1069
3245,1071,BFB,false,Isaac Saffron,Saffron,151083162116554752,Active,C,CINF,L,5,5,1,1,,,,,izsaf#9638,false,MLN,8,,Isaac,,8_1071
3246,1072,BFB,false,Red Trapper,Trapper,381269531752005663,Captain,1B,UTIL,L,2,4,4,2,,,,,Red Trapper#5937,false,MLN,8,,Red,,8_1072
3247,1079,ACP,false,Babatunde Oladotun,Oladotun,401796234001514501,Active,P,,R,,,,,4,2,3,3,Babatunde Oladotun#6470,false,MLN,8,,Babatunde,,8_1079
3248,1080,BFB,true,Whitt Bass,Bass,211904717981220865,GM Only,,,,,,,,,,,,kickthepony#5274,false,MLN,8,,Whitt,,8_1080
3249,1082,GRZ,false,Basebally McBaseballface Jr.,McBaseballface,212687113634840580,Active,RF,,R,5,1,1,5,,,,,packattack#9827,false,MLN,8,Jr.,Basebally,,8_1082
3250,1083,GRZ,false,Tony Smehrik,Smehrik,185167161734594560,Active,P,,L,,,,,3,5,2,2,liebz#0795,false,MLN,8,,Tony,,8_1083
3251,1086,ACP,false,George Ewell,Ewell,211243192358535171,Retired,P,,R,,,,,3,4,4,1,Ewell,false,MLN,8,,George,,8_1086
3252,1088,ACP,false,Stan Mann,Mann,298312382927732748,Active,1B,UTIL,R,5,5,1,1,,,,,CelciusII#6336,false,MLN,8,,Stan,,8_1088
3253,1089,BFB,false,Jefferson Steelflex,Steelflex,187009663487836162,Captain,SS,UTIL,L,5,1,1,5,,,,,Jeff Steelflex#0352,false,MLN,8,,Jefferson,,8_1089
3254,1090,ACP,false,James Pablano,Pablano,377904113842913280,Captain,RF,,R,3,3,1,5,,,,,loco_pabs#0259,false,MLN,8,,James,,8_1090
3255,1091,ACP,true,Dougal McGoogol,McGoogol,377896897870036992,GM Only,3B,UTIL,R,4,2,1,5,,,,,mcgoogol#0111,false,MLN,8,,Dougal,,8_1091
3256,1097,GRZ,true,Jameson Poe,Poe,136843419321368576,Active,2B,UTIL,R,2,4,4,2,,,,,Poe#8888,false,MLN,8,,Jameson,,8_1097
3257,1098,HFX,false,Kegs Mabry,Mabry,144267007175426048,Active,LF,,L,3,1,5,3,,,,,kegs#5639,false,MLN,8,,Kegs,,8_1098
3258,1099,BFB,false,Baron Samedi,Samedi,109574591738851328,Active,3B,UTIL,R,3,3,2,4,,,,,haunted#0371,false,MLN,8,,Baron,,8_1099
3259,1100,BUF,false,Antwan Zella,Zella,135821931550081024,Active,RF,,R,5,3,3,1,,,,,ando#0150,false,MLN,8,,Antwan,,8_1100
3260,1105,FA,false,Grey Goose McGillicuddy,McGillicuddy,173958296800198657,Free Agent,3B,UTIL,R,3,3,1,5,,,,,Judah#1924,false,MLN,8,,Grey Goose,,8_1105
3261,1107,OGO,false,Petra Sabor,sabor,158306211568025600,Captain,P,,R,,,,,3,1,5,3,Petralikesbaseball#0016,false,MLN,8,,petra,,8_1107
3262,1108,GHG,false,Conor Sexton,Sexton,205443196401090561,Captain,1B,UTIL,L,3,3,4,2,,,,,YoloSwaggins#8690,false,MLN,8,,Conor,,8_1108
3263,1109,GHG,true,Dominus Nominus,Nominus,198821468317024256,GM Only,LF,,R,2,2,4,4,,,,,steelermade28#8041,false,MLN,8,,Dominus,,8_1109
3264,1113,CAR,false,Cookie Mongster,Mongster,302242686281318400,Active,1B,UTIL,L,4,4,3,1,,,,,mongster_03#3405,false,MLN,8,,Cookie,,8_1113
3265,1116,FA,false,Lee Allen Ripley,Ripley,199236419464462346,Active,P,,L,,,,,5,2,4,1,SubcheckForum#0035,false,MLN,8,,Lee Allen,,8_1116
3266,1119,FA,false,Willie Mays Hayes,Hayes,433103168445087756,Active,CF,,R,4,2,1,5,,,,,WillieMaysHays#9546,false,MLN,8,,Willie Mays,,8_1119
3267,1120,CAR,false,Johnny Hopkins,Hopkins,121083821637500928,Captain,3B,UTIL,L,5,2,2,3,,,,,BubonicNarwhal#6234,false,MLN,8,,Johnny,,8_1120
3268,1122,GHG,false,Finkle Sparkles,Sparkles,243128381275766784,Active,P,,R,,,,,4,2,4,2,Einhornfarm#4830,false,MLN,8,,Finkle,,8_1122
3269,1123,FA,false,Kurt Anger,Anger,172340171868602368,Active,SS,UTIL,L,5,1,1,5,,,,,Wham Bam Shang-A-Lang#7171,false,MLN,8,,Kurt,,8_1123
3270,1131,BUF,false,KC Bats,Bats,322186326130556940,Active,LF,,R,4,2,2,4,,,,,kc3551#3802,false,MLN,8,,KC,,8_1131
3271,1132,BFB,true,Steel Pipe Simpson,Simpson,358438289344299008,GM Only,CF,,R,3,3,3,3,,,,,Alch233,false,MLN,8,,Steel Pipe,,8_1132
3272,1133,REK,false,Hank Murphy,Murphy,382275235082403842,Active,C,COF,L,1,5,5,1,,,,,Hank Murphy#4997,false,MLN,8,,Hank,,8_1133
3273,1134,GHG,false,Ornn Mistborn,Mistborn,277638011124973571,Active,2B,UTIL,R,3,3,4,2,,,,,biigdog#3209,false,MLN,8,,Ornn,,8_1134
3274,1135,ACP,false,Ryan Gastings,Gastings,194225767952023552,Active,P,,L,,,,,2,4,2,4,Aspence#3564,false,MLN,8,,Ryan,,8_1135
3275,1136,GHG,false,Mason Spurs,Spurs,198821468317024256,Active,SS,UTIL,L,5,2,2,3,,,,,SpursyGopher#5047,false,MLN,8,,Mason,,8_1136
3276,1140,SMD,false,Bartholomew Crumblepuff,Crumblepuff,223279982091304960,Active,P,,L,,,,,3,2,4,3,Zod#3168,false,MLN,8,,Bartholomew,,8_1140
3277,1141,GHG,false,Geno Scaramucci,Scaramucci,378622205883580417,Active,P,,L,,,,,5,4,1,2,SilkyMango#9987,false,MLN,8,,Geno,,8_1141
3278,1149,HMH,false,Garrett Evans,Evans,233003286943367169,Active,RF,,R,3,2,5,2,,,,,legacy3233#2024,false,MLN,8,,Garrett,,8_1149
3279,1151,SMD,false,Lance Lummoxx,Lummoxx,215570868657455104,Active,SS,UTIL,R,3,2,4,3,,,,,Lummoxx#2267,false,MLN,8,,Lance,,8_1151
3280,1153,REK,false,Larold,Larold,406898210804858884,Active,2B,UTIL,R,1,5,1,5,,,,,TrickyTroy2#3950,false,MLN,8,,,,8_1153
3281,1156,SUN,false,Thomas Thompson III,Thompson,86858721061269504,Active,3B,UTIL,R,3,3,5,1,,,,,Barno#4078,false,MLN,8,III,Thomas,,8_1156
3282,1157,ACP,false,JP Panik,Panik,345339723323146240,Captain,SS,UTIL,L,4,2,4,2,,,,,JP1704#3386,false,MLN,8,,JP,,8_1157
3283,1158,SUN,false,Master Cashier,Cashier,143034072787058688,Captain,C,COF,L,1,5,1,5,,,,,MasterCashier#1114,false,MLN,8,,Master,,8_1158
3284,1162,NO,false,Nate Lewis,Lewis,183513716166230017,Active,SS,UTIL,L,3,3,1,5,,,,,Miro#4444,false,MLN,8,,Nate,,8_1162
3285,1164,BFB,false,Zin Martinez,Martinez,345191609098567680,Active,RF,,L,5,3,2,2,,,,,Wilbur Forrester Wood#1106,false,MLN,8,,Zin,,8_1164
3286,1165,GRZ,false,Dropov Andpicov,Andpicov,166308180668710912,Active,2B,UTIL,L,4,3,2,3,,,,,Shambox#6584,false,MLN,8,,Dropov,,8_1165
3287,1166,BBG,true,Ecliptic Astrum,Astrum,212087762172510210,Active,C,CINF,L,1,5,1,5,,,,,Ecliptic#3662,false,MLN,8,,Ecliptic,,8_1166
3288,1168,BBG,false,Release T. Kraken,Kraken,132736488675737600,Active,1B,UTIL,R,5,1,3,3,,,,,Schuby#0001,false,MLN,8,,Release T.,,8_1168
3289,1169,HMH,false,Jerome Garcia,Garcia,131971501153845248,Active,2B,UTIL,R,5,3,3,1,,,,,UnironicU2Defender#7767,false,MLN,8,,Jerome,,8_1169
3290,1173,FA,false,Icna Comit,Comit,176033947308916736,Active,2B,UTIL,L,5,1,4,2,,,,,Almy#0569,false,MLN,8,,Icna,,8_1173
3291,1174,BBG,false,Mad Monty,Monty,454284112165863434,Captain,P,,L,,,,,4,4,1,3,Mad_Monty#0578,false,MLN,8,,Mad,,8_1174
3292,1180,BBG,false,War Hamster,Hamster,238569734185025536,Active,2B,UTIL,R,5,2,1,4,,,,,Warhamster#9295,false,MLN,8,,War,,8_1180
3293,1186,FA,false,Francis Herman Swagger,Swagger,402556009736044544,Active,1B,UTIL,R,2,4,4,2,,,,,bellysk8er2005#9850,false,MLN,8,,Francis,,8_1186
3294,1191,FA,false,Morris Deratt,Deratt,262709484810534914,Active,1B,C,R,5,5,1,1,,,,,kylemoto10#6969,false,MLN,8,,Morris,,8_1191
3295,1194,GHG,false,Rickey Tucker,Tucker,334203993607766017,Active,C,CINF,R,5,5,1,1,,,,,amesker#3310,false,MLN,8,,Rickey,,8_1194
3296,1201,HMH,false,Mylo Grams,Grams,342097160122269698,Active,C,COF,L,1,5,5,1,,,,,Mylo Grams- Toronto C#9559,false,MLN,8,,Mylo,,8_1201
3297,1202,CAR,false,Pablo Pabloson,Pabloson,401754031556657153,Active,SS,UTIL,L,4,2,1,5,,,,,HorribelSpelling#6151,false,MLN,8,,Pablo,,8_1202
3298,1206,CAR,false,Meerkat Preller,Preller,383477937699029003,Active,P,,L,,,,,4,5,1,2,ConstantQuarreling#0175,false,MLN,8,,Meerkat,,8_1206
3299,1208,BBG,false,Bace Ventura,Ventura,488754199245357073,Active,P,,L,,,,,4,4,2,2,GKG1214#5442,false,MLN,8,,Bace,,8_1208
3300,1209,BFB,false,Franz Joseph Hymen,Hymen,657949188415422475,Active,LF,,L,1,3,4,4,,,,,sael#7290,false,MLN,8,,Franz Joseph,,8_1209
3301,1217,HFX,false,Johnny Dickshot,Dickshot,346750558901764117,Captain,P,,R,,,,,5,3,2,2,Number1Dork#7344,false,MLN,8,,Johnny,,8_1217
3302,1220,SMD,false,Al Ternate,Ternate,346778676471267328,Active,LF,,R,3,4,1,4,,,,,Official Blu Jays Media Manger#8962,false,MLN,8,,Al,,8_1220
3303,2002,SUN,false,Assassin Xekutioner,Xekutioner,385236196659560448,Active,3B,UTIL,R,2,2,3,5,,,,,The Xekutioner#6921,false,MLN,8,,Assassin,,8_2002
3304,2010,HMH,false,Skillz Simanek,Simanek,511617020408889354,Active,SS,UTIL,L,3,2,4,3,,,,,tsimaskillz#3401,false,MLN,8,,Skillz,,8_2010
3305,2012,ACP,false,Burgess Whitehead,Whitehead,396066486168584212,Active,3B,UTIL,L,4,3,4,1,,,,,stout#5458,false,MLN,8,,Burgess,,8_2012
3306,2020,ASS,true,Demetrios Ooga,Ooga,319330358636314634,Active,3B,C,L,1,5,1,5,,,,,oogadebob#9787,false,MLN,8,,Demetrios,,8_2020
3307,2029,GRZ,true,Lois Whip,Whip,258104532423147520,Retired,P,,R,,,,,4,1,4,3,manticorum67#3673,false,MLN,8,,Lois,,8_2029
3308,2032,BFB,false,Kali McSuntas,McSuntas,181238139539423232,Active,P,,L,,,,,5,2,1,4,Jaera#1246,false,MLN,8,,Kali,,8_2032
3309,2035,ACP,false,Jhahn Tahmus,Tahmus,512767921815027713,Captain,C,COF,L,4,4,3,1,,,,,jhahn_ttahmus#7940,false,MLN,8,,Jhahn,,8_2035
3310,2036,REK,false,Sandy Collazo,Collazo,230804103079526400,Retired,P,,R,,,,,5,3,3,1,Kaluunit#2406,false,MLN,8,,Sandy,,8_2036
3311,2044,BBG,false,Maud Nelson,Nelson,514543440709812245,Active,LF,,L,4,3,4,1,,,,,dianaswrld#4135,false,MLN,8,,Maud,,8_2044
3312,2047,BBG,false,Calvin Huff,Huff,507717034893901824,Captain,CF,,R,4,2,4,2,,,,,"Calvin ""mak0shark"" Huff- FA P#5639",false,MLN,8,,Calvin,,8_2047
3313,2055,BFB,false,Harry Peritestes,Peritestes,268566559746686986,Active,CF,,R,4,3,2,3,,,,,Jpulto#1431,false,MLN,8,,Harry,,8_2055
3314,2056,REK,false,Crypto Zoology,Zoology,466035881682141185,Active,RF,,R,3,2,3,4,,,,,Vulfzilla#1245,false,MLN,8,,Crypto,,8_2056
3315,2057,REK,false,Jack Alpha,Alpha,378210771005341698,Captain,3B,UTIL,R,5,1,2,4,,,,,androidsen#8466,false,MLN,8,,Jack,,8_2057
3316,2066,POR,false,Talon Wingdiver,Wingdiver,133823669712453632,Active,3B,UTIL,R,5,2,1,4,,,,,q77e#9300,false,MLN,8,,Talon,,8_2066
3317,2067,SUN,false,Riles McGiles,McGiles,372578681006063617,Active,RF,,R,1,5,1,5,,,,,RilesMcGiles#3103,false,MLN,8,,Riles,,8_2067
3318,2072,GHG,false,Pull Ganger,Ganger,877964545015042148,Active,CF,,L,3,2,2,5,,,,,ganger#7504,false,MLN,8,,Pull,,8_2072
3319,2075,SMD,false,Copenhagen Black,Black,470202656992919553,Active,C,CINF,L,4,4,3,1,,,,,NolaGumbeaux41#8934,false,MLN,8,,Copenhagen,,8_2075
3320,2077,FA,false,Jared Fromsubway,Fromsubway,131977963624333313,Active,LF,,R,4,3,3,2,,,,,oo#0001,false,MLN,8,,Jared,,8_2077
3321,2078,HMH,false,Rascal Alex,Alex,131978039763402752,Active,P,,L,,,,,2,4,3,3,Avdo#9090,false,MLN,8,,Rascal,,8_2078
3322,2080,NO,false,Junebug Wray,Wray,144969605977341953,Active,RF,,R,1,1,5,5,,,,,Joester09#1816,false,MLN,8,,Junebug,,8_2080
3323,2082,HMH,false,Dixon Uraz,Uraz,148580118179217410,Active,2B,UTIL,R,1,1,5,5,,,,,Club_toast#4313,false,MLN,8,,Dixon,,8_2082
3324,2083,POR,false,Dylan Green,Green,172167687143817217,Active,2B,UTIL,L,3,3,5,1,,,,,DylanG5#4899,false,MLN,8,,Dylan,,8_2083
3325,2085,OGO,false,Lloyd Gross,Gross,206526330861387776,Captain,RF,,R,2,4,5,1,,,,,CringE#0294,false,MLN,8,,Lloyd,,8_2085
3326,2086,ACP,false,Drew Ekstrum,Ekstrum,294335981442564096,Active,CF,,R,5,1,1,5,,,,,Drew Ekstrum#1125,false,MLN,8,,Drew,,8_2086
3327,2090,OGO,false,Goro Shinoda,Shinoda,153721741129023488,Active,C,COF,L,5,5,1,1,,,,,XemyrLeBeau,false,MLN,8,,Goro,,8_2090
3328,2093,ACP,true,True Pierce,Pierce,399299351802937344,GM Only,C,COF,R,4,5,2,1,,,,,True #9380,false,MLN,8,,True,,8_2093
3329,2094,GRZ,false,JZ (but not the rapper),JZ,254774534274547713,Active,SS,UTIL,R,5,1,3,3,,,,,JZKITTY#3143,false,MLN,8,,,,8_2094
3330,2096,GRZ,false,Adam Croft,Croft,208429483059970050,Active,P,,L,,,,,5,4,1,2,Naki#2555,false,MLN,8,,Adam,,8_2096
3331,2097,ASS,false,Dirtbag Darrell,Darrell,438226264608735232,Active,SS,UTIL,L,5,2,2,3,,,,,Wildcard09,false,MLN,8,,Dirtbag,,8_2097
3332,2104,NO,false,Bobby Portis,Portis,383444903344078848,Active,P,,R,,,,,5,4,1,2,jackvd#1878,false,MLN,8,,Bobby,,8_2104
3333,2107,CAR,false,Kalin Young,Young,273639536804757514,,3B,UTIL,R,1,5,5,1,,,,,Kyounggun#9129,false,MLN,8,,Kalin,,8_2107
3334,2108,GHG,false,Arm N. Hammer,Hammer,203362581363032064,Active,RF,,L,2,5,1,4,,,,,Poet#0643,false,MLN,8,,Arm N.,,8_2108
3335,3005,CAR,false,Pablo Sanchez,Sanchez,484386566249119760,Active,P,,R,,,,,5,4,2,1,matt2930#7229,false,MLN,8,,Pablo,,8_3005
3336,3007,GRZ,false,Salvatore Sal De Luca,De Luca,92127213410865152,Active,C,COF,L,2,5,4,1,,,,,HolyHamGrenade#5701,false,MLN,8,,Salvatore,,8_3007
3337,3010,CAR,false,Jarey Butts,Butts,246828880848093185,Active,LF,,R,3,2,4,3,,,,,Jurd#9852,false,MLN,8,,Jarey,,8_3010
3338,3011,SUN,false,December Beckett,Beckett,443829816752340994,Captain,P,,L,,,,,5,4,2,1,Jaysword#3811,false,MLN,8,,December,,8_3011
3339,3012,BFB,false,Rusty Nails,Nails,368414494772428801,Active,RF,,L,4,1,4,3,,,,,chicken joe of sheboygan#3500,false,MLN,8,,Rusty,,8_3012
3340,3015,GRZ,false,"Jason ""Dead"" Redd",Redd,485217045408120833,Captain,P,,R,,,,,5,3,3,1,ReedGibson,false,MLN,8,,Jason,,8_3015
3341,3017,NO,false,Bob Dunagee,Dunagee,88061817925935104,Captain,3B,UTIL,L,5,1,2,4,,,,,Redwagon#1602,false,MLN,8,,Bob,,8_3017
3342,3019,ACP,false,Will The Thrill,Thrill,593042150447382529,Active,2B,UTIL,R,4,1,3,4,,,,,Willand714,false,MLN,8,,Will the,,8_3019
3343,3023,NO,false,Andy,Andy,387226344393670656,Retired,CF,,L,5,1,1,5,,,,,Dinger Sampson#6496,false,MLN,8,,,,8_3023
3344,3027,SMD,false,Diego Medina,Medina,159766338833874944,Active,P,,R,,,,,3,3,3,3,Diego#5535,false,MLN,8,,Diego,,8_3027
3345,3038,NO,false,Lincoln Crawford,Crawford,443892188775055370,Active,1B,UTIL,L,3,3,5,1,,,,,Chris88#8426,false,MLN,8,,Lincoln,,8_3038
3346,3039,NO,true,Bob Winn,Winn,206833217678868480,GM Only,C,CINF,R,2,4,1,5,,,,,TBKLarry#1903,false,MLN,8,,Bob,,8_3039
3347,3042,NO,false,Joanna McMartinez,McMartinez,189893705786720256,Captain,P,,L,,,,,5,3,2,2,Calluna#0305,false,MLN,8,,Joanna,,8_3042
3348,3043,GHG,false,Keyo,Keyo,114529305219956739,Captain,P,,L,,,,,3,4,2,3,Keyo#2641,false,MLN,8,,,,8_3043
3349,3048,CAR,true,Joaquin Flair,Flair,223980930975399937,GM Only,LF,,R,3,3,3,3,,,,,SoneRandomPerson#2533,false,MLN,8,,Joaquin,,8_3048
3350,3049,BUF,false,Ferda Bois,Bois,404782639824764951,Captain,2B,UTIL,R,3,5,1,3,,,,,Its mason#6682,false,MLN,8,,Ferda,,8_3049
3351,3051,OGO,false,Jackie Daytona,Daytona,217141905807376385,Active,2B,UTIL,L,4,2,4,2,,,,,xela#3239,false,MLN,8,,Jackie,,8_3051
3352,3053,REK,false,Juniped Panda,Panda,121871011091185664,Active,P,,L,,,,,2,5,4,1,Juniped,false,MLN,8,,Juniped,,8_3053
3353,3054,REK,true,Paulie Wag,Wag,139926308644847616,Active,SS,UTIL,L,1,5,1,5,,,,,pelochyta #9978,false,MLN,8,,Paulie,,8_3054
3354,3056,ASS,false,Donatello Chalupa,Chalupa,197068139073110016,Active,LF,,R,5,2,1,4,,,,,Jslamas,false,MLN,8,,Donatello,,8_3056
3355,3058,FA,false,Rotticus Scott Jr.,Scott,247260486339395585,Active,1B,C,R,5,4,2,1,,,,,Mottyice#9677,false,MLN,8,Jr.,Rotticus,,8_3058
3356,3061,BBG,false,Trog Smash,Smash,264255447786192896,Active,3B,UTIL,L,2,3,5,2,,,,,Xianthres,false,MLN,8,,Trog,,8_3061
3357,3063,FA,false,Threefinger Jansen III,Jansen,326127044163403776,Active,P,,R,,,,,5,2,3,2,Vecinzz#9675,false,MLN,8,III,Threefinger,,8_3063
3358,3065,NO,false,Robert Atech,Atech,116109126832095239,Active,CF,,L,3,3,5,1,,,,,Tica#3609,false,MLN,8,,Robert,,8_3065
3359,3066,REK,false,Thor Heyerdahl,Heyerdahl,349359777220001793,Captain,SS,UTIL,R,5,1,4,2,,,,,Qomsday#7405,false,MLN,8,,Thor,,8_3066
3360,3069,GRZ,false,Wallace Grommet,Grommet,476558347634475028,Hiatus,1B,C,L,3,4,2,3,,,,,kaylittle6,false,MLN,8,,Wallace,,8_3069
3361,3070,REK,false,Ded Tanson,Tanson,121733091034267648,Active,C,CINF,L,1,5,1,5,,,,,Carlos2212#2182,false,MLN,8,,Ded,,8_3070
3362,3071,HFX,false,Wheeler,Wheeler,255311391186092032,Active,SS,UTIL,L,4,3,3,2,,,,,TurtlesDown#4895,false,MLN,8,,,,8_3071
3363,3072,NO,false,E. Doubt,Doubt,347109742155399168,Active,P,,L,,,,,5,3,3,1,MikeyTKO#0005,false,MLN,8,,E.,,8_3072
3364,3077,NO,false,Derek Bongiovanni,Bongiovanni,291738770313707521,Active,C,CINF,R,1,5,1,5,,,,,Dbon#2576,false,MLN,8,,Derek,,8_3077
3365,3078,BBG,false,Chakra Pilates,Pilates,644325646486732810,Active,C,COF,L,4,3,2,3,,,,,ChakraPilates,false,MLN,8,,Chakra,,8_3078
3366,3079,REK,false,Isaac Snowbender,Snowbender,140306370359459840,Active,LF,,L,3,2,2,5,,,,,mvh1015#6260,false,MLN,8,,Isaac,,8_3079
3367,3080,ASS,false,Jeff Dingerhitter,Dingerhitter,263888354179809280,Active,2B,UTIL,R,3,2,4,3,,,,,Woj#6097,false,MLN,8,,Jeff,,8_3080
3368,3084,GRZ,false,Ryan Tyburn,Tyburn,334144448873365504,Captain,LF,,R,5,5,1,1,,,,,Tyburn#0651,false,MLN,8,,Ryan,,8_3084
3369,3086,GHG,false,Nono Nones,Nones,251117327792209920,Hiatus,LF,,R,5,1,2,4,,,,,VoxBarbarian#7332,false,MLN,8,,Nono,,8_3086
3370,3088,FA,false,Yoel Roshi,Roshi,293180794124632074,Active,1B,UTIL,L,5,3,1,3,,,,,pyrolola#2993,false,MLN,8,,Yoel,,8_3088
3371,3089,REK,false,Joey Wheeler,Wheeler,389269825425375233,Active,P,,L,,,,,5,3,2,2,Slingblade#8693,false,MLN,8,,Joey,,8_3089
3372,3091,REK,false,Zelk Jacen Antilles,Antilles,250094459721613315,Hiatus,RF,,L,3,2,2,5,,,,,CaptainSolo96#0006,false,MLN,8,,Zelk,,8_3091
3373,4000,HFX,false,King Kruul,Kruul,246762932703068162,Active,1B,UTIL,L,1,5,5,1,,,,,LefLop#4771,false,MLN,8,,King,,8_4000
3374,4004,REK,false,Xavier McMagic,McMagic,240572831333613569,Active,P,,L,,,,,1,5,3,3,Reno ◢ ◤#1997,false,MLN,8,,Xavier,,8_4004
3375,4007,HFX,false,Reese Worthington,Worthington,554004612797956106,Active,LF,,L,3,3,3,3,,,,,RockM888#6275,false,MLN,8,,Reese,,8_4007
3376,4008,CAR,false,LaCarpetron Dukemarriot,Dukemarriot,352849361920851968,Active,1B,UTIL,R,4,2,1,5,,,,,Dukemarriot#0179,false,MLN,8,,LaCarpetron,,8_4008
3377,4011,ASS,false,Mitch Meanmug,Meanmug,294497117467181056,Active,P,,R,,,,,4,3,3,2,fermatajack#5230,false,MLN,8,,Mitch,,8_4011
3378,4015,SMD,false,Plack Attack,Attack,473845222514884610,Active,C,COF,R,4,5,1,2,,,,,MU | Teztify#9523,false,MLN,8,,Plack,,8_4015
3379,4021,SMD,false,Jeff Shagwell,Shagwell,209183193436258304,Active,1B,UTIL,L,3,1,5,3,,,,,MattDaddio,false,MLN,8,,Jeff,,8_4021
3380,4025,BBG,false,Bast Fidgewidget,Fidgewidget,412709586257313813,Active,RF,,R,4,4,1,3,,,,,I am the black sheep,false,MLN,8,,Bast,,8_4025
3381,4033,BBG,false,Leonidas States,States,344569430132391938,Captain,SS,UTIL,L,4,2,5,1,,,,,BillyShake#4067,false,MLN,8,,Leonidas,,8_4033
3382,4039,FA,false,Wild Legs II,Legs,241371232983973888,Active,SS,UTIL,L,4,4,2,2,,,,,michael#9947,false,MLN,8,II,Wild,,8_4039
3383,4040,REK,false,Trogdor Fhqwhgads,Fhqwhgads,545406706038079520,Captain,SS,UTIL,L,5,5,1,1,,,,,Haniger's Grenade#9160,false,MLN,8,,Trogdor,,8_4040
3384,4044,REK,false,Ura Irons,Irons,326427060438433792,Active,1B,UTIL,R,3,3,3,3,,,,,Arujento#7149,false,MLN,8,,Ura,,8_4044
3385,4045,OGO,false,Dakota Carolina Montana,Montana,276829932439470081,Active,CF,,L,4,3,3,2,,,,,Dakota Carolina Montana#4635,false,MLN,8,,Dakota Carolina,,8_4045
3386,4048,GHG,false,Mike Fruitstand,Fruitstand,202273074261917697,Active,2B,UTIL,R,5,1,1,5,,,,,ItsJustFruity#8827,false,MLN,8,,Mike,,8_4048
3387,4050,POR,false,Calvin Guerensk,Guerensk,322858095590244353,Active,P,,R,,,,,2,5,2,3,Drag0nG0ld008#5755,false,MLN,8,,Calvin,,8_4050
3388,4068,FA,false,Cam’ron West,West,366942633916104705,Active,2B,UTIL,R,1,5,1,5,,,,,DPZ1156#7914,false,MLN,8,,Cam’ron,,8_4068
3389,4069,NO,false,Hot Dog Jeopardy,Jeopardy,121792167361511424,Active,3B,UTIL,L,2,3,4,3,,,,,Big Botto m#1067,false,MLN,8,,Hot Dog,,8_4069
3390,4070,BUF,true,Ioe Torrent,Torrent,130834533460344832,Active,1B,C,L,2,4,5,1,,,,,Ioe#4493,false,MLN,8,,Ioe,,8_4070
3391,4072,OGO,false,Nicholas Fouss,Fouss,182233101349421067,Active,RF,,L,3,2,3,4,,,,,superfish1205#8463,false,MLN,8,,Nicholas,,8_4072
3392,4078,HMH,false,Sleve McDichael,McDichael,350765214288838666,Active,P,,R,,,,,5,1,3,3,megalo#7735,false,MLN,8,,Sleve,,8_4078
3393,4080,FA,false,Patrick McDonough,McDonough,465113775209709568,Active,CF,,R,5,5,1,1,,,,,코르도바 시드니 #8968,false,MLN,8,,Patrick,,8_4080
3394,4081,BFB,false,Toppo Thamornin,Thamornin,142120199242514432,Active,2B,UTIL,R,2,4,1,5,,,,,Zpheldin#4429,false,MLN,8,,Toppo,,8_4081
3395,5002,BUF,true,Guido,Guido,105512327293448192,Active,P,,L,,,,,5,1,5,1,ImmaStealYoHome#6723,false,MLN,8,,,,8_5002
3396,5005,GRZ,false,Narancia Ghirga,Ghirga,151152419584081920,Active,C,CINF,L,3,5,1,3,,,,,GoonerBear#0071,false,MLN,8,,Narancia,,8_5005
3397,5006,BFB,false,Sticky Mickey Mantle,Mantle,539593078273605645,Active,3B,UTIL,R,2,1,4,5,,,,,stick#7946,false,MLN,8,,Sticky Mickey,,8_5006
3398,5007,GHG,false,Dick Richards,Richards,585560973658685440,Active,LF,,R,4,1,3,4,,,,,richard#6782,false,MLN,8,,Dick,,8_5007
3399,5011,ASS,false,Mo Mo,Mo,193154424242307072,Active,C,COF,R,2,5,1,4,,,,,MoJungo#6335,false,MLN,8,,Mo,,8_5011
3400,5012,BFB,false,Ben Bramly,Bramly,101512997112913920,Captain,C,COF,R,4,5,1,2,,,,,bennyS#0001,false,MLN,8,,Ben,,8_5012
3401,5014,BBG,false,Sheridan Blackstone,Blackstone,372069117005660161,Active,P,,R,,,,,4,4,2,2,xFireRavenx#1221,false,MLN,8,,Sheridan,,8_5014
3402,5016,ACP,false,LeBarn James,James,340541260672532482,Active,RF,,R,4,3,3,2,,,,,door_nav,false,MLN,8,,LeBarn,,8_5016
3403,5018,POR,true,Brian Taylor,Taylor,263736081000824832,GM Only,LF,,L,4,4,1,3,,,,,brian_taylor#4987,false,MLN,8,,Brian,,8_5018
3404,5019,FA,false,Connor Morgan,Morgan,165574358390145034,Active,3B,UTIL,R,3,2,4,3,,,,,BigVolDaddy#7470,false,MLN,8,,Connor,,8_5019
3405,5021,HFX,false,Kenny Kawaguchi,Kawaguchi,531710311523418132,Active,SS,UTIL,R,3,3,2,4,,,,,kennyk#1010,false,MLN,8,,Kenny,,8_5021
3406,5022,GHG,false,Franz Lisztpitcher,Lisztpitcher,94622501870510080,Active,3B,UTIL,L,5,1,1,5,,,,,Randy#9263,false,MLN,8,,Franz,,8_5022
3407,5024,FA,false,Simba Martinez II,Martinez,389091297618558990,Captain,C,COF,R,3,5,3,1,,,,,Fartzillla#7514,false,MLN,8,II,Simba,,8_5024
3408,5029,GHG,false,Peoples Champ,Champ,150833402453557249,Active,C,COF,R,5,5,1,1,,,,,kowboy#5334,false,MLN,8,,Peoples,,8_5029
3409,5030,ASS,false,Dirk Digglet,Digglet,636749752683200523,Captain,P,,R,,,,,5,4,2,1,Lancer52,false,MLN,8,,Dirk,,8_5030
3410,5032,CAR,false,Sander Entman,Entman,148506025773760512,Active,2B,UTIL,L,4,4,1,3,,,,,Holo_Icy_Holo#9537,false,MLN,8,,Sander,,8_5032
3411,5034,BUF,false,Haloick Oasis,Oasis,121814608313843713,Active,CF,,R,3,3,1,5,,,,,Haloick#2063,false,MLN,8,,Haloick,,8_5034
3412,5037,GHG,false,Hugo Award,Award,218523105478443020,Active,3B,UTIL,R,2,2,3,5,,,,,Frank.#7092,false,MLN,8,,Hugo,,8_5037
3413,5039,BFB,false,Roidy Magoo,Magoo,259428292170481674,Active,CF,,L,5,1,1,5,,,,,NA Bonobo #0420,false,MLN,8,,Roidy,,8_5039
3414,5040,NO,false,Good Juju,Juju,234174459756412928,Active,1B,UTIL,R,3,1,5,3,,,,,DatYoshiDude#5950,false,MLN,8,,Good,,8_5040
3415,5041,HMH,false,Papa Longstroke,Longstroke,366673575442382850,Hiatus,CF,,L,4,1,3,4,,,,,Hardcastle McCormick#7643,false,MLN,8,,Papa,,8_5041
3416,5043,FA,false,Videl Satan,Satan,306875285679112193,Active,P,,R,,,,,3,3,3,3,ValorX77#5210,true,MLN,8,,Videl,,8_5043
3417,6003,FA,false,Bobbymir Guerrero Jr.,Guerrero,342693629833379840,Active,P,,L,,,,,4,2,4,2,BrotherBear002#3803,false,MLN,8,Jr.,Bobbymir,,8_6003
3418,6004,ASS,false,Bony Skellinger,Skellinger,613893115455209494,Captain,3B,UTIL,L,4,2,2,4,,,,,Bonesy McSkellington#3120,false,MLN,8,,Bony,,8_6004
3419,6005,BUF,false,Borg Torbjorgsson,Torbjorgsson,246488195682795521,Active,SS,UTIL,R,4,4,2,2,,,,,^matt#5616,false,MLN,8,,Borg,,8_6005
3420,6008,OGO,false,Dottie,Dottie,330153321262219284,Active,2B,UTIL,R,4,2,4,2,,,,,otter#0069,false,MLN,8,,,,8_6008
3421,6009,ASS,false,Hannibal Bligh,Bligh,368954518907387904,Captain,1B,UTIL,L,3,3,5,1,,,,,ArmadilloPenguin,false,MLN,8,,Hannibal,,8_6009
3422,6010,REK,false,Homer Knocker,Knocker,153354503662469131,Active,CF,,R,5,2,1,4,,,,,Cable^3#3200,false,MLN,8,,Homer,,8_6010
3423,6011,HFX,true,Joe Pidgeon,Pidgeon,430014697174073364,Active,RF,,R,3,3,4,2,,,,,AnAngryPidgeon#7526,false,MLN,8,,Joe,,8_6011
3424,6012,HMH,false,Kanye East,East,419640789925363712,Active,RF,,R,4,2,1,5,,,,,Zman#1212,false,MLN,8,,Kanye,,8_6012
3425,6016,HFX,false,Mike Litoris,Litoris,111957889580552192,Active,C,COF,R,5,4,2,1,,,,,Mike Litoris#0912,false,MLN,8,,Mike,,8_6016
3426,6017,BUF,false,Ohtani But Wide,But Wide,198673427844956161,Active,2B,CINF,L,4,5,2,1,,,,,Vertigo#7786,false,MLN,8,,Ohtani,,8_6017
3427,6018,BUF,false,Perry Platypus,Platypus,71149451254706176,Active,RF,,L,3,1,5,3,,,,,OG Pepsi Dealer#3530,false,MLN,8,,Perry,,8_6018
3428,6019,HFX,false,Phillip Dunphy,Dunphy,701259122540019742,Active,3B,C,R,2,4,2,4,,,,,Phillip Mahooters#7957,false,MLN,8,,Phillip,,8_6019
3429,6020,OGO,true,Pope Coswi,Coswi,454711089582833685,Active,2B,UTIL,R,4,2,1,5,,,,,Coswi#3855,false,MLN,8,,Pope,,8_6020
3430,6021,OGO,false,Clem N. Tine,Tine,766693330444091452,Hiatus,P,,R,,,,,4,3,3,2,noahclem#5755,false,MLN,8,,Clem N.,,8_6021
3431,6022,OGO,true,Six,Six,434926278832029696,Active,P,,L,,,,,2,4,5,1,Six Finger#1325,false,MLN,8,,,,8_6022
3432,6023,FA,false,Y.Y. Lord,Lord,325356320473612290,Active,P,,R,,,,,5,2,2,3,NotAName#0591,false,MLN,8,,Y.Y.,,8_6023
3433,6026,BFB,false,B.A. Dickey,Dickey,202243718063980544,Active,P,,R,,,,,3,5,2,2,fetchwell#5521,false,MLN,8,,B.A.,,8_6026
3434,6029,ASS,false,Scherbie Fully-Loaded,Fully-Loaded,245291720730738688,Active,CF,,R,5,1,1,5,,,,,Scherbie#3148,false,MLN,8,,Scherbie,,8_6029
3435,6031,POR,false,Captain Rex,Rex,424366248780890121,Active,1B,UTIL,L,3,5,2,2,,,,,Canner234#3934,false,MLN,8,,Captain,,8_6031
3436,6032,FA,false,Johnny McFarland,McFarland,416023481357172736,Active,C,CINF,R,2,4,4,2,,,,,Johnny boi#0032,false,MLN,8,,Johnny,,8_6032
3437,6035,BFB,false,Tommy Tightpants,Tightpants,134502207637815297,Active,P,,L,,,,,5,3,3,1,wack#1387,false,MLN,8,,Tommy,,8_6035
3438,6037,FA,false,Luxxy Raidaros,Raidaros,191936882236588032,Active,CF,,R,3,3,1,5,,,,,CybeastID#4603,false,MLN,8,,Luxxy,,8_6037
3439,6040,FA,false,Big Smoke Anderson,Anderson,284831116207194122,Active,2B,UTIL,R,4,2,2,4,,,,,SpicyMeatloaf#1212,false,MLN,8,,Big Smoke,,8_6040
3440,6044,FA,false,Matthew Longballo,Longballo,267844339365838848,Active,P,,R,,,,,4,4,3,1,bestheadcoach#1394,false,MLN,8,,Matthew,,8_6044
3441,6046,SMD,false,Bradle Beamen,Beamen,521532303508242432,Active,3B,UTIL,L,3,1,5,3,,,,,Beadlejuice44,false,MLN,8,,Bradle,,8_6046
3442,6049,POR,true,Noodle Arm ODoyle,ODoyle,566239287713202187,Active,P,,R,,,,,3,1,3,5,n8n#8421,false,MLN,8,,Noodle Arm,,8_6049
3443,6050,POR,false,Emerson Austin Jr.,Austin,461562661184995328,Active,SS,UTIL,R,2,4,5,1,,,,,EA#3545,false,MLN,8,Jr.,Emerson,,8_6050
3444,6051,HMH,false,Alexandra Shepard,Shepard,514936838918504448,Active,3B,UTIL,L,3,3,3,3,,,,,blackholes#4211,false,MLN,8,,Alexandra,,8_6051
3445,7002,BUF,false,Dinah Myte,Myte,411316325038948352,Captain,P,,L,,,,,5,1,4,2,Hartofwolfram#0432,false,MLN,8,,Dinah,,8_7002
3446,7003,OGO,false,Stumpy Malone,Malone,467128312322588673,Captain,RF,,R,2,2,4,4,,,,,eNeRGy40#6632,false,MLN,8,,Stumpy,,8_7003
3447,7004,OGO,false,Peter Hoomanawanui,Hoomanawanui,160535653178802177,Active,LF,,R,3,3,2,4,,,,,Idntwannabefamous#2485,false,MLN,8,,Peter,,8_7004
3448,7006,BBG,false,Pel OQuinn,OQuinn,220293896729526272,Active,RF,,R,3,4,2,3,,,,,Peloquinn#4067,false,MLN,8,,Pel,,8_7006
3449,7007,BUF,false,Kenny Powers,Powers,277907298112765952,Active,P,,L,,,,,3,5,2,2,Mike22#3639,false,MLN,8,,Kenny,,8_7007
3450,7008,FA,false,Ifeanyichukwu Olukayode,Olukayode,769646456000086036,Retired,LF,,R,1,1,5,5,,,,,KOZ#1949,true,MLN,8,,Ifeanyichukwu,,8_7008
3451,7009,GRZ,false,Micah Burgundy,Burgundy,199961074617810946,Active,3B,UTIL,R,5,2,2,3,,,,,Mega#9307,false,MLN,8,,Micah,,8_7009
3452,7011,POR,false,Derek Rasmussen,Rasmussen,636682142407196702,Captain,C,COF,R,3,5,1,3,,,,,bdh1010#7958,false,MLN,8,,Derek,,8_7011
3453,7012,ACP,false,CJ Ayer,Ayer,716293515864440905,Active,LF,,R,4,2,3,3,,,,,Zeltrox #0126,false,MLN,8,,CJ,,8_7012
3454,7013,OGO,false,Pie In The Sky,Sky,600069551593357321,Captain,1B,UTIL,L,4,3,3,2,,,,,Onionhead#0027,false,MLN,8,,Pie in the,,8_7013
3455,7014,CAR,false,Doc Dockerson,Dockerson,514984390103793679,Active,P,,R,,,,,4,3,3,2,Leaffan139#9702,false,MLN,8,,Doc,,8_7014
3456,7016,ASS,true,Ovaltine,Ovaltine,244495939941695488,Active,RF,,L,4,2,3,3,,,,,oh Toaster#8721,false,MLN,8,,,,8_7016
3457,7017,BBG,false,Juan Sexton,Sexton,827370007943053364,Active,2B,UTIL,R,3,5,1,3,,,,,snipinsexton#9209,false,MLN,8,,Juan,,8_7017
3458,7018,ACP,false,Y.E. Wally,Wally,345314811405402112,Active,P,,R,,,,,3,2,2,5,Y. E. Wally#8208,false,MLN,8,,Y.E.,,8_7018
3459,7019,HFX,false,Bill Stokes,Stokes,870887440980783144,Active,2B,UTIL,R,4,3,1,4,,,,,diepie316#0089,false,MLN,8,,Bill,,8_7019
3460,7020,SUN,true,Sonar McDeuceski,McDeuceski,234155536210198528,Active,2B,UTIL,R,2,4,1,5,,,,,Sonar#6969,false,MLN,8,,Sonar,,8_7020
3461,7021,BUF,false,Dutch Boggs,Boggs,166930309583994880,Captain,SS,UTIL,L,4,2,1,5,,,,,heylookjorge#6136,false,MLN,8,,Dutch,,8_7021
3462,7022,GRZ,false,Meat Wad,Wad,158398522859716612,Captain,CF,,L,3,4,1,4,,,,,slothfacekilla#7809,false,MLN,8,,Meat,,8_7022
3463,7023,GRZ,false,Mickey May,May,748283643775942777,Active,P,,R,,,,,4,5,2,1,RainDance17#8447,false,MLN,8,,Mickey,,8_7023
3464,7024,NO,false,Jethro McDungle,McDungle,239473846447636481,Active,C,COF,R,3,5,2,2,,,,,Yugoslothia#1772,false,MLN,8,,Jethro,,8_7024
3465,7025,NO,false,Rocco Rudnikov,Rudnikov,507607810956328960,Active,LF,,R,5,1,1,5,,,,,BrockSlamson#3715,false,MLN,8,,Rocco,,8_7025
3466,7026,CAR,false,Cameron Gall,Gall,527186180773642251,Active,P,,L,,,,,3,3,3,3,CRAZYCOW#8305,false,MLN,8,,Cameron,,8_7026
3467,7027,CAR,true,Kevin James,James,713100553214755267,Retired,RF,,R,5,1,1,5,,,,,Swarm#3461,false,MLN,8,,Kevin,,8_7027
3468,7028,CAR,false,Perome Jeterson,Jeterson,229060203771985921,Active,3B,C,R,5,5,1,1,,,,,rhezz#9750,true,MLN,8,,Perome,,8_7028
3469,7029,POR,false,Malcolm Fish,Fish,280100750523236352,Active,LF,,R,4,2,1,5,,,,,Moofish#0973,true,MLN,8,,Malcolm,,8_7029
3470,7030,HFX,false,Jimmy Kalkowski,Kalkowski,479001783444701184,Active,P,,L,,,,,1,3,5,3,fishing#1769,false,MLN,8,,Jimmy,,8_7030
3471,7031,BUF,false,Fatts Richard,Richard,757379787340906587,Captain,3B,C,R,5,1,3,3,,,,,yaboimorey#8575,false,MLN,8,,Fatts,,8_7031
3472,7032,POR,false,Neco Arc Enjoyer,Enjoyer,548238989006733322,Active,RF,,R,5,5,1,1,,,,,Yannykai#6696,true,MLN,8,,Neco Arc,,8_7032
3473,7033,HFX,false,Kilometers Straw,Straw,521856020889337867,Captain,CF,,L,5,5,1,1,,,,,Fulano#8013,false,MLN,8,,Kilometers,,8_7033
3474,7034,SUN,false,G Baby,Baby,887367673678270564,Captain,1B,C,R,3,4,4,1,,,,,broski_ICE#9693,false,MLN,8,,G,,8_7034
3475,7035,BUF,false,Peaches,peaches,157986981882757121,Active,C,CINF,L,5,5,1,1,,,,,KCPeach#2448,true,MLN,8,,,,8_7035
3476,7036,POR,false,Hank Braun,Braun,620743942618742794,Active,LF,,L,5,2,1,4,,,,,Noxiousimposter#7477,true,MLN,8,,Hank,,8_7036
3477,7037,OGO,false,Doctor Ew,Ew,249949292909953024,Active,C,COF,R,5,5,1,1,,,,,Dr.ew,true,MLN,8,,Doctor,,8_7037
3478,7038,GRZ,false,Raffy Benitez,Benitez,311657913351667722,Active,1B,UTIL,R,5,1,1,5,,,,,BenTheThrill_7#8665,true,MLN,8,,Raffy,,8_7038
3479,7039,OGO,false,Mr Plow,Plow,496806261778808843,Active,SS,UTIL,L,4,2,1,5,,,,,BillyIn4C#6782,true,MLN,8,,Mr,,8_7039
3480,7040,FA,false,Chicano Bradley,Bradley,258774494246731776,Retired,P,,R,,,,,3,3,3,3,TheAjCalvillo#0420,false,MLN,8,,Chicano,,8_7040
3481,7041,FA,false,Tyler Helman,Helman,828843487084150805,Active,P,,L,,,,,2,3,5,2,Chef Curry#9457,true,MLN,8,,Tyler,,8_7041
3482,7042,POR,false,Skimble Shanks,Shanks,150754841671630848,Active,C,COF,L,1,4,4,3,,,,,munkysnuflz#2695,true,MLN,8,,Skimble,,8_7042
3483,7043,FA,false,Din Dog,Dog,428657263465725972,Active,SS,UTIL,R,4,2,3,3,,,,,dindog#3063,true,MLN,8,,Din,,8_7043
3484,7045,SUN,false,Jimmy Pop,Pop,365319131106377750,Active,P,,R,,,,,4,4,2,2,wlupike#5721,true,MLN,8,,Jimmy,,8_7045
3485,8001,FA,false,Tom Resto,Resto,460296301423231008,Active,RF,,R,1,3,5,3,,,,,TomClutch#8111,true,MLN,8,,Tom,,8_8001
3486,8002,HFX,false,Trevor Rose,Rose,499385337383092235,Captain,3B,UTIL,R,4,2,4,2,,,,,trexxy2#1529,true,MLN,8,,Trevor,,8_8002
3487,8004,FA,false,Rich Underwood,Underwood,179029405140647937,Active,SS,UTIL,R,2,2,4,4,,,,,crafttanner#1637,true,MLN,8,,Rich,,8_8004
3488,8005,FA,false,Rasty Bronkie,Bronkie,247508893847126017,Active,1B,UTIL,L,4,2,4,2,,,,,dsmith23,true,MLN,8,,Rasty,,8_8005
3489,8006,OGO,false,Gnome Chomsky,Chomsky,339430572374097921,Active,C,CINF,R,3,5,2,2,,,,,DrDomePhD#7657,true,MLN,8,,Gnome,,8_8006
3490,8007,NO,false,Wally Wellbutrin,Wellbutrin,127380319300091904,Active,2B,UTIL,R,4,3,1,4,,,,,Wish Evolved#8330,true,MLN,8,,Wally,,8_8007
3491,8008,POR,false,Guy Gilwater,Gilwater,369294700961595393,Active,3B,UTIL,L,3,3,1,5,,,,,GilPellaeon#8115,true,MLN,8,,Guy,,8_8008
3492,8009,NO,false,Big Tobacco,Tobacco,167075955842613249,Active,RF,,R,2,3,5,2,,,,,Schindsplints#3333,true,MLN,8,,Big,,8_8009
3493,8010,CAR,false,Swan Kelly,Kelly,618979916003803162,Active,RF,,L,4,3,2,3,,,,,Swan Kelly#2512,true,MLN,8,,Swan,,8_8010
3494,8011,NO,false,Vis Pacifiera,Pacifiera,257896900332617728,Active,P,,L,,,,,3,3,3,3,steve8983#1523,true,MLN,8,,Vis,,8_8011
3495,8012,BFB,false,Jiggy Wiggy,Wiggy,730609190485360661,Active,P,,R,,,,,4,2,2,4,ailax#9086,true,MLN,8,,Jiggy,,8_8012
3496,8013,GRZ,false,Johnny Drama,Drama,743343162193477672,Active,2B,UTIL,L,5,1,2,4,,,,,Hunter West #4945,true,MLN,8,,Johnny,,8_8013
3497,8014,ASS,false,Turn Page,Page,580212717860683776,Active,RF,,R,2,1,5,4,,,,,Vishy#4767,true,MLN,8,,Turn,,8_8014
3498,8015,FA,false,Dusty Crusty,Crusty,688891298857353410,Active,CF,,R,5,3,2,2,,,,,Beefbart#4044,true,MLN,8,,Dusty,,8_8015
3499,8016,SUN,false,Bobby Bellbottoms,Bellbottoms,710269966347141130,Active,P,,L,,,,,4,4,3,1,dhgrainger#9897,true,MLN,8,,Bobby,,8_8016
3500,8017,FA,false,Rex Rubicund,Rubicund,317713820367978498,Active,3B,UTIL,R,4,2,1,5,,,,,DarthPlagueis#7377,true,MLN,8,,Rex,,8_8017
3501,8019,FA,false,Paulie Oak,Oak,302240241643945984,Active,C,CINF,L,3,4,1,4,,,,,y-low#2994,true,MLN,8,,Paulie,,8_8019
3502,8020,SMD,false,Lazer Dave,Dave,467395330158100485,Active,RF,,R,4,2,3,3,,,,,Lazer Dave#7721,true,MLN,8,,Lazer,,8_8020
3503,8021,ACP,false,Eir Thorson,Thorson,661682469120114689,Active,CF,,L,3,2,4,3,,,,,sojohnson13#3706,true,MLN,8,,Eir,,8_8021
3504,8023,SUN,false,Johnny B. Goode,Goode,401556713364389918,Active,CF,,R,4,3,2,3,,,,,VerifiedThing#3997,true,MLN,8,,Johnny B.,,8_8023
3505,8024,SUN,false,Kram Fork,Fork,1006278668017999892,Active,RF,,L,3,2,2,5,,,,,Flashpoint#1053,true,MLN,8,,Kram,,8_8024
3506,8025,CAR,false,Chaos Vert,Vert,750790332802662400,Active,RF,,R,4,4,2,2,,,,,Sinister#7252,true,MLN,8,,Chaos,,8_8025
3507,8026,BUF,false,Alexander West,West,384195152727506944,Active,LF,,L,5,1,1,5,,,,,DemBonez#7442,true,MLN,8,,Alexander,,8_8026
3508,8027,SUN,false,Moob Chicago,Chicago,99969994074378240,Hiatus,P,,R,,,,,1,1,5,5,AntManSC#0813,true,MLN,8,,Moob,,8_8027
3509,8028,POR,false,Max Potato,Potato,820299649713045554,Active,3B,UTIL,R,5,2,4,1,,,,,MP23#1549,true,MLN,8,,Max,,8_8028
3510,8029,ASS,false,Todd Bonzalez,Bonzalez,227188591573336064,Active,1B,UTIL,L,4,3,3,2,,,,,jfennhawk#9992,true,MLN,8,,Todd,,8_8029
3511,8030,ASS,false,Butter Man,Man,103321319608700928,Active,P,,R,,,,,4,2,2,4,Buttersqauch#6219,true,MLN,8,,Butter,,8_8030
3512,8031,ACP,false,Dick Nutter VI,Nutter,303947621469519882,Active,2B,UTIL,R,3,1,5,3,,,,,pm_me_cute_sloths_#5233,true,MLN,8,VI,Dick,,8_8031
3513,8032,BUF,false,toronto mans,mans,414842748219424778,Active,P,,R,,,,,5,1,5,1,Cheatr#2938,true,MLN,8,,toronto,,8_8032
3514,8033,FA,false,Moxie Slimm,Slimm,270020145630543882,Active,2B,UTIL,R,2,5,1,4,,,,,RobinFox#3200,true,MLN,8,,Moxie,,8_8033
3515,8044,FA,false,Matias Da God,Da God,887673514017050634,Active,RF,,L,3,4,1,4,,,,,mati01#8876,true,MLN,8,,Matias,,8_8044
3516,8045,FA,false,James Jameson CDXX,Jameson,536894495841845259,Active,3B,UTIL,L,4,3,1,4,,,,,jso#4316,true,MLN,8,CDXX,James,,8_8045
3517,8046,FA,false,Hunter Scott,Scott,841095606172778527,Active,1B,C,L,4,3,4,1,,,,,Turts#4456,true,MLN,8,,Hunter,,8_8046
3518,8047,OGO,false,Pete Morris,Morris,984793011953238056,Active,P,,R,,,,,4,4,3,1,Yoosirnaym#2492,true,MLN,8,,Pete,,8_8047
3519,8048,ASS,false,Captain Trash,Trash,600459061653274625,Active,P,,L,,,,,4,1,4,3,biggersean#2006,true,MLN,8,,Captain,,8_8048
3520,8049,POR,false,Kries Von Kriestalhauser,Von Kriestalhauser,138118384645701632,Active,CF,,R,4,3,4,1,,,,,Chris Kriestinaf#7081,true,MLN,8,,Kries,,8_8049
3521,8050,SMD,false,Damon Razor,Razor,164840246549282817,Active,CF,,L,3,3,2,4,,,,,Ikonic#1611,true,MLN,8,,Damon,,8_8050
3522,8051,POR,false,James St. Louis,St. Louis,711782444491079720,Active,P,,L,,,,,2,5,2,3,chuckles79#7824,true,MLN,8,,James,,8_8051
3523,8052,FA,false,Mike Truk,Truk,769300640890880022,Active,CF,,R,4,2,4,2,,,,,Dan-#1591,true,MLN,8,,Mike,,8_8052
3524,8053,HFX,false,Kai Johnson,Johnson,340181106236325888,Active,C,CINF,L,2,4,5,1,,,,,Basil#9496,true,MLN,8,,Kai,,8_8053
3525,8054,POR,false,Steven Silston Jr.,Silston,949520275140124712,Active,P,,R,,,,,1,5,5,1,Ailuridae#5065,true,MLN,8,Jr.,Steven,,8_8054
3526,8055,CAR,false,MELTZ Slander,Slander,534503933234774027,Active,SS,UTIL,R,5,5,1,1,,,,,MELTZ#1866,true,MLN,8,,MELTZ,,8_8055
3527,1001,CAR,false,Crash Davis,Davis,293940505614483456,Active,RF,,L,4,2,1,5,,,,,Flying Spaghetti Hitchens#6329,false,MLN,9,,Crash,,9_1001
3528,1002,GHG,false,Garitek,Garitek,201437703328235520,Active,C,CINF,R,3,5,3,1,,,,,GareDr333#5369,false,MLN,9,,,,9_1002
3529,1004,SMD,true,Pops Dongoria,Dongoria,225468192443727873,Active,C,COF,R,4,5,1,2,,,,,timland33,false,MLN,9,,Pops,,9_1004
3530,1006,SMD,false,Smitty Hoppenscotch,Hoppenscotch,377826278004490240,Captain,CF,,L,4,2,1,5,,,,,Natsochist#8041,false,MLN,9,,Smitty,,9_1006
3531,1008,SMD,false,Atlas Quin,Quin,148920755189579776,Active,P,,L,,,,,3,2,4,3,Pieanator#7542,false,MLN,9,,Atlas,,9_1008
3532,1012,SMD,false,Reservoir Butler,Butler,288768900169072641,Active,SS,C,R,4,2,1,5,,,,,ghostelephant#6650,false,MLN,9,,Reservoir,,9_1012
3533,1014,FA,false,Saoirse O Sullibhian,OSullibhian,195544830481268736,Active,P,,R,,,,,3,3,2,4,c0ldspark#0042,false,MLN,9,,Saoirse,,9_1014
3534,1018,HFX,false,Lane Drew,Drew,215354400720420866,Captain,P,,L,,,,,3,3,4,2,Stride,false,MLN,9,,Lane,,9_1018
3535,1021,CAR,false,Q Kimbrel,Kimbrel,134478480862740480,Captain,CF,,R,1,3,5,3,,,,,Cerb#8365,false,MLN,9,,Q,,9_1021
3536,1022,GHG,false,Chuck McCluster,McCluster,391473385768747008,Active,RF,,L,3,4,3,2,,,,,snipenberg#7197,false,MLN,9,,Chuck,,9_1022
3537,1023,SMD,false,Dan Gerzone,Gerzone,358438389160345600,Captain,2B,UTIL,R,3,1,4,4,,,,,Dan_Gerzone,false,MLN,9,,Dan,,9_1023
3538,1024,HFX,false,Jordan Peppers,Peppers,298191208776204288,Active,P,,R,,,,,4,2,2,4,raptor152#0431,false,MLN,9,,Jordan,,9_1024
3539,1026,ACP,false,Angel Leon,Leon,240939239968210944,Active,P,,L,,,,,4,2,5,1,GK12303#1313,false,MLN,9,,Angel,,9_1026
3540,1027,SUN,false,Thomas Nova,Nova,341669113430540301,Active,2B,UTIL,L,3,3,1,5,,,,,Daitryu#7669,false,MLN,9,,Thomas,,9_1027
3541,1028,HMH,false,Haraldo MacKenzie,MacKenzie,281586814471634945,Captain,LF,,R,5,1,4,2,,,,,mack#0894,false,MLN,9,,Haraldo,,9_1028
3542,1032,SUN,true,Charlie Scott,Scott,193883917055557642,GM Only,1B,UTIL,L,4,1,3,4,,,,,SemiCharmedMike#9629,false,MLN,9,,Charlie,,9_1032
3543,1033,BBEG,true,Daz Reference,Reference,180498124823855104,Active,P,,R,,,,,4,3,2,3,Obscure_Reference#9129,false,MLN,9,,Daz,,9_1033
3544,1034,SUN,false,Jack Marnette,Marnette,345701896377597953,Active,LF,,R,5,2,2,3,,,,,jmarnette#1828,false,MLN,9,,Jack,,9_1034
3545,1035,SUN,false,Chip Otle,Otle,213403960072077312,Active,P,,L,,,,,5,4,2,1,mcastagnaro30#2558,false,MLN,9,,Chip,,9_1035
3546,1036,SMD,false,Spike Suzuki,Suzuki,398235187634503702,Active,RF,,R,4,4,2,2,,,,,xbijin#3776,false,MLN,9,,Spike,,9_1036
3547,1041,ACP,false,Barney Summers,Summers,378073752400953344,Active,C,CINF,L,5,5,1,1,,,,,CougMaster#8822,false,MLN,9,,Barney,,9_1041
3548,1051,REK,false,Superbone Threefinger,Threefinger,224327937720188928,Active,1B,UTIL,L,5,4,2,1,,,,,23baseball3#3100,false,MLN,9,,Superbone,,9_1051
3549,1052,HMH,false,Zed Leona,Leona,177281342818484224,Active,C,CINF,R,5,4,1,2,,,,,Sleeper#2045,false,MLN,9,,Zed,,9_1052
3550,1054,HMH,false,Steve Hofbardozzi Jr. Jr. Jr.,Hofbardozzi,207143171128426496,Active,3B,UTIL,L,5,4,1,2,,,,,GeneticlyPerfct#0232,false,MLN,9,Jr.,Steve,,9_1054
3551,1055,HMH,true,Osmosis Jones,Jones,131978039763402752,Active,LF,,L,4,3,1,4,,,,,AdmiralJones42#6648,false,MLN,9,,Osmosis,,9_1055
3552,1058,HMH,false,Catfish Champ,Champ,259940190947246081,Active,CF,,L,5,3,1,3,,,,,amazingcowmilk#9713,false,MLN,9,,Catfish,,9_1058
3553,1061,HMH,false,Hudson Hildebrandt,Hildebrandt,285878316987056130,Active,P,,R,,,,,5,1,5,1,Hudson#0002,false,MLN,9,,Hudson,,9_1061
3554,1063,CAR,false,Alex Yaxley,Yaxley,345329173616787458,Captain,C,COF,R,3,4,4,1,,,,,BIGxM1KE#4625,false,MLN,9,,Alex,,9_1063
3555,1069,HMH,false,Rub A. Chikin,Chikin,373703526347440129,Active,1B,UTIL,L,5,1,1,5,,,,,rubachikin,false,MLN,9,,Rub A.,,9_1069
3556,1079,ACP,false,Babatunde Oladotun,Oladotun,401796234001514501,Active,P,,R,,,,,4,2,3,3,Babatunde Oladotun#6470,false,MLN,9,,Babatunde,,9_1079
3557,1082,GRZ,false,Basebally McBaseballface Jr.,McBaseballface,212687113634840580,Active,RF,,R,5,1,1,5,,,,,packattack#9827,false,MLN,9,Jr.,Basebally,,9_1082
3558,1083,GRZ,false,Tony Smehrik,Smehrik,185167161734594560,Active,P,,L,,,,,3,5,2,2,liebz#0795,false,MLN,9,,Tony,,9_1083
3559,1088,ACP,false,Stan Mann,Mann,298312382927732748,Active,1B,UTIL,R,5,5,1,1,,,,,CelciusII#6336,false,MLN,9,,Stan,,9_1088
3560,1089,HMH,false,Jefferson Steelflex,Steelflex,187009663487836162,Active,CF,,L,5,1,1,5,,,,,Jeff Steelflex#0352,false,MLN,9,,Jefferson,,9_1089
3561,1091,ACP,false,Dougal McGoogol,McGoogol,377896897870036992,Active,CF,,R,4,2,1,5,,,,,mcgoogol#0111,false,MLN,9,,Dougal,,9_1091
3562,1099,ASS,false,Baron Samedi,Samedi,109574591738851328,Active,1B,UTIL,R,3,3,2,4,,,,,haunted#0371,false,MLN,9,,Baron,,9_1099
3563,1100,KC,false,Antwan Zella,Zella,135821931550081024,Active,RF,,R,5,3,3,1,,,,,ando#0150,false,MLN,9,,Antwan,,9_1100
3564,1107,OGO,false,petra sabor,sabor,158306211568025600,Captain,P,,R,,,,,4,5,1,2,Petralikesbaseball#0016,false,MLN,9,,petra,,9_1107
3565,1108,GHG,false,Conor Sexton,Sexton,205443196401090561,Captain,1B,UTIL,L,3,3,4,2,,,,,YoloSwaggins#8690,false,MLN,9,,Conor,,9_1108
3566,1109,GHG,true,Dominus Nominus,Nominus,198821468317024256,GM Only,LF,,R,2,2,4,4,,,,,steelermade28#8041,false,MLN,9,,Dominus,,9_1109
3567,1113,ACP,false,Cookie Mongster,Mongster,302242686281318400,Active,1B,UTIL,L,4,4,3,1,,,,,mongster_03#3405,false,MLN,9,,Cookie,,9_1113
3568,1119,MIA,false,Willie Mays Hayes,Hayes,433103168445087756,Active,2B,UTIL,R,4,2,1,5,,,,,WillieMaysHays#9546,false,MLN,9,,Willie Mays,,9_1119
3569,1120,CAR,false,Johnny Hopkins,Hopkins,121083821637500928,Captain,3B,UTIL,L,5,2,2,3,,,,,johnnyhopkins,false,MLN,9,,Johnny,,9_1120
3570,1122,GHG,false,Finkle Sparkles,Sparkles,243128381275766784,Active,P,,R,,,,,4,2,4,2,Einhornfarm#4830,false,MLN,9,,Finkle,,9_1122
3571,1123,MIA,false,Kurt Anger,Anger,172340171868602368,Hiatus,SS,UTIL,L,5,1,1,5,,,,,Wham Bam Shang-A-Lang#7171,false,MLN,9,,Kurt,,9_1123
3572,1131,KC,false,KC Bats,Bats,322186326130556940,Active,LF,,R,4,2,2,4,,,,,kc3551#3802,false,MLN,9,,KC,,9_1131
3573,1133,REK,false,Hank Murphy,Murphy,382275235082403842,Active,C,COF,L,1,5,5,1,,,,,Hank Murphy#4997,false,MLN,9,,Hank,,9_1133
3574,1134,GHG,false,Ornn Mistborn,Mistborn,277638011124973571,Active,2B,UTIL,R,3,3,4,2,,,,,madno6#3209,false,MLN,9,,Ornn,,9_1134
3575,1135,NO,false,Ryan Gastings,Gastings,194225767952023552,Active,P,,L,,,,,2,4,2,4,Aspence#3564,false,MLN,9,,Ryan,,9_1135
3576,1136,GHG,false,Mason Spurs,Spurs,200102896363241474,Active,SS,UTIL,L,5,2,2,3,,,,,spursygopher,false,MLN,9,,Mason,,9_1136
3577,1140,SMD,false,Bartholomew Crumblepuff,Crumblepuff,223279982091304960,Active,P,,L,,,,,3,2,4,3,Zod#3168,false,MLN,9,,Bartholomew,,9_1140
3578,1149,HMH,false,Garrett Evans,Evans,233003286943367169,Active,RF,,R,3,2,5,2,,,,,legacy3233#2024,false,MLN,9,,Garrett,,9_1149
3579,1150,SUN,false,Ricky Vaughn,Vaughn,369553888723992578,Active,P,,R,,,,,4,1,4,3,See_You_Laterr#6448,false,MLN,9,,Ricky,,9_1150
3580,1153,REK,false,Larold,Larold,406898210804858884,Active,2B,UTIL,R,1,5,1,5,,,,,TrickyTroy2#3950,false,MLN,9,,,,9_1153
3581,1156,SUN,false,Thomas Thompson III,Thompson,86858721061269504,Active,3B,UTIL,R,3,3,5,1,,,,,Barno#4078,false,MLN,9,III,Thomas,,9_1156
3582,1157,CAR,false,JP Panik,Panik,345339723323146240,Active,SS,UTIL,L,4,2,4,2,,,,,JP1704#3386,false,MLN,9,,JP,,9_1157
3583,1158,SUN,true,Master Cashier,Cashier,143034072787058688,GM Only,C,COF,L,1,5,1,5,,,,,MasterCashier#1114,false,MLN,9,,Master,,9_1158
3584,1162,NO,false,Nate Lewis,Lewis,183513716166230017,Captain,CF,,L,3,3,1,5,,,,,Miro#4444,false,MLN,9,,Nate,,9_1162
3585,1164,HFX,false,Zin Martinez,Martinez,345191609098567680,Active,RF,,L,5,3,2,2,,,,,Wilbur Forrester Wood#1106,false,MLN,9,,Zin,,9_1164
3586,1165,GRZ,false,Dropov Andpicov,Andpicov,166308180668710912,Active,2B,UTIL,L,4,3,2,3,,,,,Shambox#6584,false,MLN,9,,Dropov,,9_1165
3587,1166,BBEG,true,Ecliptic Astrum,Astrum,212087762172510210,Active,C,CINF,L,1,5,1,5,,,,,Ecliptic#3662,false,MLN,9,,Ecliptic,,9_1166
3588,1168,BBEG,false,Release T. Kraken,Kraken,132736488675737600,Active,1B,UTIL,R,5,1,3,3,,,,,Schuby#0001,false,MLN,9,,Release T.,,9_1168
3589,1169,HMH,false,Jerome Garcia,Garcia,131971501153845248,Active,2B,UTIL,R,5,3,3,1,,,,,UnironicU2Defender#7767,false,MLN,9,,Jerome,,9_1169
3590,1173,NO,false,Cure Moon,Moon,176033947308916736,Active,2B,UTIL,L,5,1,4,2,,,,,Almy#0569,false,MLN,9,,Cure,,9_1173
3591,1174,BBEG,false,Mad Monty,Monty,454284112165863434,Captain,P,,L,,,,,4,4,1,3,Mad_Monty#0578,false,MLN,9,,Mad,,9_1174
3592,1180,BBEG,false,War Hamster,Hamster,238569734185025536,Active,2B,UTIL,R,5,2,1,4,,,,,Warhamster#9295,false,MLN,9,,War,,9_1180
3593,1186,GRZ,false,Francis Herman Swagger,Swagger,402556009736044544,Active,LF,,R,2,4,4,2,,,,,bellysk8er2005#9850,false,MLN,9,,Francis,,9_1186
3594,1194,GHG,false,Rickey Tucker,Tucker,334203993607766017,Active,LF,,L,5,5,1,1,,,,,amesker#3310,false,MLN,9,,Rickey,,9_1194
3595,1201,HMH,false,Mylo Grams,Grams,342097160122269698,Active,C,COF,L,1,5,5,1,,,,,Mylo Grams- Toronto C#9559,false,MLN,9,,Mylo,,9_1201
3596,1202,FA,false,Pablo Pabloson,Pabloson,401754031556657153,Active,SS,UTIL,L,4,2,1,5,,,,,HorribelSpelling#6151,false,MLN,9,,Pablo,,9_1202
3597,1206,CAR,false,Meerkat Preller,Preller,383477937699029003,Active,P,,L,,,,,4,5,1,2,ConstantQuarreling#0175,false,MLN,9,,Meerkat,,9_1206
3598,1208,BBEG,false,Bace Ventura,Ventura,488754199245357073,Active,CF,COF,L,4,1,3,4,,,,,GKG1214#5442,false,MLN,9,,Bace,,9_1208
3599,1217,MIA,false,Johnny Dickshot,Dickshot,346750558901764117,Captain,P,,R,,,,,5,3,2,2,Number1Dork#7344,false,MLN,9,,Johnny,,9_1217
3600,1999,FA,false,Ghost Runner,Runner,,,,,,,,,3,,,,,,false,MLN,9,,Ghost,,9_1999
3601,2002,SUN,false,Assassin Xekutioner,Xekutioner,385236196659560448,Active,3B,UTIL,R,2,2,3,5,,,,,The Xekutioner#6921,false,MLN,9,,Assassin,,9_2002
3602,2010,HMH,false,Skillz Simanek,Simanek,511617020408889354,Active,SS,UTIL,L,3,2,4,3,,,,,tsimaskillz#3401,false,MLN,9,,Skillz,,9_2010
3603,2020,ASS,true,Demetrios Ooga,Ooga,319330358636314634,Active,3B,C,L,1,5,1,5,,,,,oogadebob#9787,false,MLN,9,,Demetrios,,9_2020
3604,2032,SUN,false,Kali McSuntas,McSuntas,181238139539423232,Active,P,,L,,,,,5,2,1,4,Jaera#1246,false,MLN,9,,Kali,,9_2032
3605,2044,BBEG,false,Maud Nelson,Nelson,514543440709812245,Active,LF,,L,4,3,4,1,,,,,dianaswrld#4135,false,MLN,9,,Maud,,9_2044
3606,2047,BBEG,false,Calvin Huff,Huff,507717034893901824,Captain,CF,,R,4,2,4,2,,,,,"Calvin ""mak0shark"" Huff- FA P#5639",false,MLN,9,,Calvin,,9_2047
3607,2055,MIA,false,Harry Peritestes,Peritestes,268566559746686986,Active,RF,,R,4,1,2,5,,,,,Jpulto#1431,false,MLN,9,,Harry,,9_2055
3608,2056,REK,false,Grand Slamdalf,Slamdalf,466035881682141185,Captain,P,,R,,,,,1,5,1,5,Vulfzilla#1245,false,MLN,9,,Grand,,9_2056
3609,2057,REK,false,Jack Alpha,Alpha,378210771005341698,Captain,3B,UTIL,R,5,1,2,4,,,,,androidsen#8466,false,MLN,9,,Jack,,9_2057
3610,2060,MIA,false,LaPrince Frye,Frye,416715978391420928,Active,P,,L,,,,,2,2,3,5,LaPrince Frye#5785,false,MLN,9,,LaPrince,,9_2060
3611,2066,POR,false,Talon Wingdiver,Wingdiver,133823669712453632,Active,3B,UTIL,R,5,2,1,4,,,,,q77e#9300,false,MLN,9,,Talon,,9_2066
3612,2067,FA,false,Riles McGiles,McGiles,372578681006063617,Active,RF,,R,1,5,1,5,,,,,RilesMcGiles#3103,false,MLN,9,,Riles,,9_2067
3613,2072,GHG,false,Pull Ganger,Ganger,877964545015042148,Active,CF,,L,3,2,2,5,,,,,ganger#7504,false,MLN,9,,Pull,,9_2072
3614,2075,SMD,false,Copenhagen Black,Black,470202656992919553,Captain,3B,UTIL,L,4,3,3,2,,,,,NolaGumbeaux41#8934,false,MLN,9,,Copenhagen,,9_2075
3615,2078,HMH,false,Rascal Alex,Alex,131978039763402752,Active,P,,L,,,,,2,4,3,3,Avdo#9090,false,MLN,9,,Rascal,,9_2078
3616,2080,NO,false,Junebug Wray,Wray,144969605977341953,Active,RF,,R,1,1,5,5,,,,,Joester09#1816,false,MLN,9,,Junebug,,9_2080
3617,2082,HMH,false,Dixon Uraz,Uraz,148580118179217410,Active,2B,UTIL,R,1,1,5,5,,,,,Club_toast#4313,false,MLN,9,,Dixon,,9_2082
3618,2083,POR,false,Dylan Green,Green,172167687143817217,Active,2B,UTIL,L,3,3,5,1,,,,,DylanG5#4899,false,MLN,9,,Dylan,,9_2083
3619,2085,OGO,false,Lloyd Gross,Gross,206526330861387776,Captain,RF,,R,2,4,5,1,,,,,CringE#0294,false,MLN,9,,Lloyd,,9_2085
3620,2086,ACP,false,Drew Ekstrum,Ekstrum,294335981442564096,Captain,CF,,R,5,1,1,5,,,,,Drew Ekstrum#1125,false,MLN,9,,Drew,,9_2086
3621,2093,ACP,true,True Pierce,Pierce,399299351802937344,GM Only,C,COF,R,4,5,2,1,,,,,True #9380,false,MLN,9,,True,,9_2093
3622,2094,OGO,false,JZ (but not the rapper),JZ,254774534274547713,Active,P,,L,,,,,4,2,4,2,JZKITTY#3143,false,MLN,9,,,,9_2094
3623,2096,GRZ,false,Adam Croft,Croft,208429483059970050,Active,P,,L,,,,,5,4,1,2,Naki#2555,false,MLN,9,,Adam,,9_2096
3624,2097,ASS,false,Dirtbag Darrell,Darrell,438226264608735232,Active,SS,UTIL,L,5,1,1,5,,,,,Wildcard09,false,MLN,9,,Dirtbag,,9_2097
3625,2104,NO,false,Bobby Portis,Portis,383444903344078848,Active,P,,R,,,,,5,4,1,2,jackvd#1878,false,MLN,9,,Bobby,,9_2104
3626,2107,GRZ,false,Kalin Young,Young,273639536804757514,Active,SS,UTIL,R,1,5,5,1,,,,,Kyounggun#9129,false,MLN,9,,Kalin,,9_2107
3627,2108,FA,false,Arm N. Hammer,Hammer,203362581363032064,Active,RF,,L,2,5,1,4,,,,,Poet#0643,false,MLN,9,,Arm N.,,9_2108
3628,3005,HFX,false,Pablo Sanchez,Sanchez,484386566249119760,Active,P,,R,,,,,5,4,2,1,matt2930#7229,false,MLN,9,,Pablo,,9_3005
3629,3007,GRZ,false,Salvatore Sal De Luca,De Luca,92127213410865152,Active,C,COF,L,2,5,4,1,,,,,HolyHamGrenade#5701,false,MLN,9,,Salvatore,,9_3007
3630,3010,ACP,false,Jarey Butts,Butts,246828880848093185,Active,LF,,R,3,2,4,3,,,,,Jurd#9852,false,MLN,9,,Jarey,,9_3010
3631,3011,SMD,false,December Beckett,Beckett,443829816752340994,Active,SS,UTIL,L,5,1,1,5,,,,,Jaysword#3811,false,MLN,9,,December,,9_3011
3632,3015,GRZ,false,"Jason ""Dead"" Redd",Redd,485217045408120833,Captain,P,,R,,,,,5,3,3,1,ReedGibson,false,MLN,9,,Jason,,9_3015
3633,3017,SUN,false,Bob Dunagee,Dunagee,88061817925935104,Hiatus,1B,C,L,5,5,1,1,,,,,Redwagon#1602,false,MLN,9,,Bob,,9_3017
3634,3027,SMD,false,Diego Medina,Medina,159766338833874944,Active,P,,R,,,,,3,3,3,3,Diego#5535,false,MLN,9,,Diego,,9_3027
3635,3038,MIA,false,Lincoln Crawford,Crawford,443892188775055370,Active,1B,UTIL,L,3,3,5,1,,,,,Chris88#8426,false,MLN,9,,Lincoln,,9_3038
3636,3039,MIA,true,Bob Winn,Winn,206833217678868480,Active,C,CINF,R,1,5,1,5,,,,,TBKLarry#1903,false,MLN,9,,Bob,,9_3039
3637,3042,NO,true,Joanna McMartinez,McMartinez,189893705786720256,Active,P,,L,,,,,5,3,2,2,Calluna#0305,false,MLN,9,,Joanna,,9_3042
3638,3043,GHG,false,Keyo,Keyo,114529305219956739,Captain,C,CINF,L,4,5,2,1,,,,,Keyo#2641,false,MLN,9,,,,9_3043
3639,3048,CAR,true,Ryan Sir,Sir,223980930975399937,GM Only,SS,UTIL,L,3,1,3,5,,,,,SoneRandomPerson#2533,false,MLN,9,,Ryan,,9_3048
3640,3049,MIA,false,Ferda Bois,Bois,667135868477374485,Active,CF,,R,1,1,5,5,,,,,itbemason,false,MLN,9,,Ferda,,9_3049
3641,3051,OGO,false,Jackie Daytona,Daytona,217141905807376385,Active,2B,UTIL,L,4,2,4,2,,,,,xela#3239,false,MLN,9,,Jackie,,9_3051
3642,3053,REK,false,Juniped Panda,Panda,121871011091185664,Active,P,,L,,,,,2,5,4,1,Juniped,false,MLN,9,,Juniped,,9_3053
3643,3054,REK,true,Paulie Wag,Wag,139926308644847616,Active,2B,UTIL,L,3,3,3,3,,,,,pelochyta #9978,false,MLN,9,,Paulie,,9_3054
3644,3056,ASS,false,Donatello Chalupa,Chalupa,197068139073110016,Active,RF,,L,5,2,1,4,,,,,Jslamas,false,MLN,9,,Donatello,,9_3056
3645,3057,MIA,false,Speedo Meter,Meter,213354112434044931,Active,CF,,R,3,3,1,5,,,,,EricS53 #2544,false,MLN,9,,Speedo,,9_3057
3646,3061,BBEG,false,Trog Smash,Smash,264255447786192896,Active,3B,UTIL,L,2,3,5,2,,,,,Xianthres,false,MLN,9,,Trog,,9_3061
3647,3065,NO,false,Robert Atech,Atech,116109126832095239,Active,CF,,L,3,3,5,1,,,,,Tica#3609,false,MLN,9,,Robert,,9_3065
3648,3066,REK,false,Thor Heyerdahl,Heyerdahl,349359777220001793,Captain,C,COF,R,1,5,4,2,,,,,Qomsday#7405,false,MLN,9,,Thor,,9_3066
3649,3069,GHG,false,Wallace Grommet,Grommet,476558347634475028,Active,P,,L,,,,,3,4,2,3,kaylittle6,false,MLN,9,,Wallace,,9_3069
3650,3071,HFX,false,June,June,255311391186092032,Captain,C,COF,L,4,3,3,2,,,,,TurtlesDown#4895,false,MLN,9,,,,9_3071
3651,3072,MIA,false,Tucker Doubt,Doubt,347109742155399168,Active,P,,L,,,,,5,3,3,1,MikeyTKO#0005,false,MLN,9,,Tucker,,9_3072
3652,3077,NO,false,Derek Bongiovanni,Bongiovanni,291738770313707521,Captain,C,CINF,R,1,5,1,5,,,,,Dbon#2576,false,MLN,9,,Derek,,9_3077
3653,3078,BBEG,false,Chakra Pilates,Pilates,644325646486732810,Active,3B,UTIL,L,4,3,2,3,,,,,ChakraPilates,false,MLN,9,,Chakra,,9_3078
3654,3079,REK,false,Isaac Snowbender,Snowbender,140306370359459840,Active,LF,,L,3,2,2,5,,,,,mvh1015#6260,false,MLN,9,,Isaac,,9_3079
3655,3080,ASS,false,Jeff Dingerhitter,Dingerhitter,263888354179809280,Active,2B,UTIL,R,3,2,4,3,,,,,Woj#6097,false,MLN,9,,Jeff,,9_3080
3656,3084,GRZ,true,Ryan Tyburn,Tyburn,334144448873365504,Active,LF,,R,5,5,1,1,,,,,Tyburn#0651,false,MLN,9,,Ryan,,9_3084
3657,3086,GHG,false,Nono Nones,Nones,251117327792209920,Hiatus,LF,,R,5,1,2,4,,,,,VoxBarbarian#7332,false,MLN,9,,Nono,,9_3086
3658,3088,GRZ,false,Yoel Roshi,Roshi,293180794124632074,Active,1B,UTIL,L,5,3,1,3,,,,,pyrolola#2993,false,MLN,9,,Yoel,,9_3088
3659,3089,REK,false,Joey Wheeler,Wheeler,389269825425375233,Active,P,,L,,,,,5,3,2,2,dalton,false,MLN,9,,Joey,,9_3089
3660,3091,REK,false,Zelk Jacen Antilles,Antilles,250094459721613315,Active,P,,L,,,,,4,4,1,3,CaptainSolo96#0006,false,MLN,9,,Zelk,,9_3091
3661,4000,HFX,false,King Kruul,Kruul,246762932703068162,Active,1B,UTIL,L,1,5,5,1,,,,,LefLop#4771,false,MLN,9,,King,,9_4000
3662,4004,OGO,false,Xavier McMagic,McMagic,240572831333613569,Active,SS,UTIL,L,1,5,5,1,,,,,Reno ◢ ◤#1997,false,MLN,9,,Xavier,,9_4004
3663,4007,HFX,false,Reese Worthington,Worthington,554004612797956106,Active,LF,,L,3,3,3,3,,,,,RockM888#6275,false,MLN,9,,Reese,,9_4007
3664,4008,CAR,false,LaCarpetron Dukemarriot,Dukemarriot,352849361920851968,Active,1B,UTIL,R,4,2,1,5,,,,,Dukemarriot#0179,false,MLN,9,,LaCarpetron,,9_4008
3665,4011,CAR,false,Mitch Meanmug,Meanmug,294497117467181056,Active,P,,R,,,,,4,3,3,2,fermatajack#5230,false,MLN,9,,Mitch,,9_4011
3666,4015,SMD,false,Plack Attack,Attack,473845222514884610,Active,C,COF,R,4,5,1,2,,,,,MU | Teztify#9523,false,MLN,9,,Plack,,9_4015
3667,4021,SMD,false,Jeff Shagwell,Shagwell,209183193436258304,Active,1B,UTIL,L,3,1,5,3,,,,,MattDaddio,false,MLN,9,,Jeff,,9_4021
3668,4025,BBEG,false,Bast Fidgewidget,Fidgewidget,412709586257313813,Active,RF,,R,4,4,1,3,,,,,I am the black sheep,false,MLN,9,,Bast,,9_4025
3669,4033,BBEG,false,Leonidas States,States,344569430132391938,Captain,SS,UTIL,L,4,2,5,1,,,,,BillyShake#4067,false,MLN,9,,Leonidas,,9_4033
3670,4040,REK,false,Trogdor Fhqwhgads,Fhqwhgads,545406706038079520,Captain,SS,UTIL,L,5,5,1,1,,,,,Haniger's Grenade#9160,false,MLN,9,,Trogdor,,9_4040
3671,4044,REK,false,Ura Irons,Irons,326427060438433792,Active,1B,UTIL,R,3,3,3,3,,,,,Arujento#7149,false,MLN,9,,Ura,,9_4044
3672,4045,OGO,false,Dakota Carolina Montana,Montana,276829932439470081,Active,CF,,L,5,1,1,5,,,,,Dakota Carolina Montana#4635,false,MLN,9,,Dakota Carolina,,9_4045
3673,4048,GHG,false,Mike Fruitstand,Fruitstand,202273074261917697,Active,2B,UTIL,R,5,1,1,5,,,,,ItsJustFruity#8827,false,MLN,9,,Mike,,9_4048
3674,4069,NO,false,Hot Dog Jeopardy,Jeopardy,121792167361511424,Active,3B,UTIL,L,2,3,4,3,,,,,Big Botto m#1067,false,MLN,9,,Hot Dog,,9_4069
3675,4070,CAR,false,Ioe Torrent,Torrent,130834533460344832,Active,LF,,L,4,2,5,1,,,,,Ioe#4493,false,MLN,9,,Ioe,,9_4070
3676,4072,OGO,false,Nicholas Fouss,Fouss,182233101349421067,Active,LF,,L,3,3,1,5,,,,,superfish1205#8463,false,MLN,9,,Nicholas,,9_4072
3677,4073,KC,false,Kancing Mutlak,Mutlak,362064637509763085,Active,P,,R,,,,,2,2,4,4,G2019#0639,false,MLN,9,,Kancing,,9_4073
3678,4078,HMH,false,Sleve McDichael,McDichael,350765214288838666,Captain,P,,R,,,,,5,1,3,3,megalo#7735,false,MLN,9,,Sleve,,9_4078
3679,5005,GRZ,false,Narancia Ghirga,Ghirga,151152419584081920,Active,C,CINF,L,3,5,1,3,,,,,GoonerBear#0071,false,MLN,9,,Narancia,,9_5005
3680,5007,GHG,false,Gas House Gorillas,Gorillas,585560973658685440,Active,LF,,R,5,5,1,1,,,,,richard#6782,false,MLN,9,,Gas House,,9_5007
3681,5011,ASS,false,Mo Mo,Mo,193154424242307072,Active,C,COF,R,2,5,1,4,,,,,MoJungo#6335,false,MLN,9,,Mo,,9_5011
3682,5014,BBEG,false,Sheridan Blackstone,Blackstone,372069117005660161,Active,P,,R,,,,,4,4,2,2,xFireRavenx#1221,false,MLN,9,,Sheridan,,9_5014
3683,5016,ACP,false,LeBarn James,James,340541260672532482,Active,RF,,R,4,3,3,2,,,,,door_nav,false,MLN,9,,LeBarn,,9_5016
3684,5017,MIA,false,Makesiondon Kelkboom,Kelkboom,477216596667006996,Active,3B,UTIL,L,3,1,4,4,,,,,Tenny1917,false,MLN,9,,Makesiondon,,9_5017
3685,5018,MIA,false,Brian Taylor,Taylor,263736081000824832,Captain,C,CINF,L,4,5,1,2,,,,,brian_taylor#4987,false,MLN,9,,Brian,,9_5018
3686,5021,HFX,false,Kenny Kawaguchi,Kawaguchi,531710311523418132,Active,SS,UTIL,R,3,3,2,4,,,,,kennyk#1010,false,MLN,9,,Kenny,,9_5021
3687,5022,GHG,false,Franz Lisztpitcher,Lisztpitcher,94622501870510080,Active,3B,UTIL,L,5,1,1,5,,,,,Randy#9263,false,MLN,9,,Franz,,9_5022
3688,5024,OGO,false,Simba II,II,389091297618558990,Active,C,CINF,R,3,5,1,3,,,,,Fartzillla#7514,false,MLN,9,,Simba,,9_5024
3689,5025,FA,false,Doc Wingduck,Wingduck,393612916374634507,Active,P,,R,,,,,4,2,2,4,Doc Dockgoose,false,MLN,9,,Doc,,9_5025
3690,5029,GHG,false,Peoples Champ,Champ,150833402453557249,Active,C,COF,R,5,5,1,1,,,,,kowboy#5334,false,MLN,9,,Peoples,,9_5029
3691,5030,ASS,false,Dirk Digglet,Digglet,636749752683200523,Captain,P,,R,,,,,5,4,2,1,Lancer52,false,MLN,9,,Dirk,,9_5030
3692,5032,CAR,false,Sander Entman,Entman,148506025773760512,Active,P,,L,,,,,3,2,5,2,Holo_Icy_Holo#9537,false,MLN,9,,Sander,,9_5032
3693,5034,ASS,false,Haloick Oasis,Oasis,121814608313843713,Active,LF,,R,3,3,1,5,,,,,Halox#1337,false,MLN,9,,Haloick,,9_5034
3694,5037,FA,false,Hugo Award,Award,218523105478443020,Active,3B,UTIL,R,2,2,3,5,,,,,Frank.#7092,false,MLN,9,,Hugo,,9_5037
3695,5040,NO,false,Juju's Snorlax,Snorlax,234174459756412928,Active,1B,UTIL,R,3,1,5,3,,,,,Good Juju#5950,false,MLN,9,,Jujus,,9_5040
3696,6004,ASS,false,Bony Skellinger,Skellinger,613893115455209494,Captain,3B,UTIL,L,4,2,2,4,,,,,Bonesy McSkellington#3120,false,MLN,9,,Bony,,9_6004
3697,6005,KC,false,Borg Torbjorgsson,Torbjorgsson,246488195682795521,Active,SS,UTIL,R,4,4,2,2,,,,,^matt#5616,false,MLN,9,,Borg,,9_6005
3698,6009,ASS,false,Hannibal Bligh,Bligh,368954518907387904,Captain,1B,UTIL,L,3,3,5,1,,,,,ArmadilloPenguin,false,MLN,9,,Hannibal,,9_6009
3699,6010,REK,false,Homer Knocker,Knocker,153354503662469131,Active,CF,,R,5,2,1,4,,,,,Cable^3#3200,false,MLN,9,,Homer,,9_6010
3700,6011,HFX,true,Joe Pidgeon,Pidgeon,430014697174073364,Active,C,COF,R,3,4,4,1,,,,,AnAngryPidgeon#7526,false,MLN,9,,Joe,,9_6011
3701,6012,FA,false,Kanye East,East,419640789925363712,Active,RF,,R,4,2,1,5,,,,,Zman#1212,false,MLN,9,,Kanye,,9_6012
3702,6020,OGO,true,Pope Coswi,Coswi,651598279556988934,Active,1B,UTIL,R,5,1,1,5,,,,,Coswi#3855,false,MLN,9,,Pope,,9_6020
3703,6022,OGO,true,Six,Six,434926278832029696,Active,P,,L,,,,,2,4,5,1,Six Finger#1325,false,MLN,9,,,,9_6022
3704,6029,ASS,false,Scherbie Fully-Loaded,Fully-Loaded,245291720730738688,Active,CF,,R,5,1,1,5,,,,,Scherbie#3148,false,MLN,9,,Scherbie,,9_6029
3705,6031,POR,false,Captain Rex,Rex,424366248780890121,Active,1B,UTIL,L,3,5,2,2,,,,,Canner234#3934,false,MLN,9,,Captain,,9_6031
3706,6046,SMD,false,Bradle Beamen,Beamen,521532303508242432,Active,CF,,L,3,3,2,4,,,,,Beadlejuice44,false,MLN,9,,Bradle,,9_6046
3707,6047,MIA,false,Crimson Chin,Chin,832485068797771849,Captain,LF,,L,5,1,1,5,,,,,D-Habes,false,MLN,9,,Crimson,,9_6047
3708,6049,POR,false,Noodle Arm ODoyle,ODoyle,566239287713202187,Active,P,,R,,,,,3,1,3,5,n8n#8421,false,MLN,9,,Noodle Arm,,9_6049
3709,6050,HFX,false,Emerson Austin Jr.,Austin,461562661184995328,Active,SS,UTIL,R,2,4,5,1,,,,,EA#3545,false,MLN,9,Jr.,Emerson,,9_6050
3710,6051,HMH,false,Alexandra Shepard,Shepard,514936838918504448,Active,3B,UTIL,L,3,3,3,3,,,,,blackholes#4211,false,MLN,9,,Alexandra,,9_6051
3711,7003,OGO,false,Stumpy Malone,Malone,467128312322588673,Active,RF,,R,1,5,1,5,,,,,eNeRGy40#6632,false,MLN,9,,Stumpy,,9_7003
3712,7004,OGO,false,Peter Hoomanawanui,Hoomanawanui,160535653178802177,Active,LF,,R,5,1,1,5,,,,,Idntwannabefamous#2485,false,MLN,9,,Peter,,9_7004
3713,7006,BBEG,false,Pel OQuinn,OQuinn,220293896729526272,Active,RF,,R,5,5,1,1,,,,,Peloquinn#4067,false,MLN,9,,Pel,,9_7006
3714,7007,KC,true,Kenny Powers,Powers,277907298112765952,Active,CF,,L,5,1,4,2,,,,,Mike22#3639,false,MLN,9,,Kenny,,9_7007
3715,7009,GRZ,false,Micah Burgundy,Burgundy,199961074617810946,Active,3B,UTIL,R,5,2,2,3,,,,,Mega#9307,false,MLN,9,,Micah,,9_7009
3716,7011,MIA,false,Derek Rasmussen,Rasmussen,636682142407196702,Active,C,COF,R,3,5,1,3,,,,,bdh1010#7958,false,MLN,9,,Derek,,9_7011
3717,7012,HFX,false,CJ Ayer,Ayer,716293515864440905,Active,LF,,R,4,2,3,3,,,,,Zeltrox #0126,false,MLN,9,,CJ,,9_7012
3718,7014,CAR,false,Doc Dockerson,Dockerson,514984390103793679,Active,P,,R,,,,,4,3,3,2,Leaffan139#9702,false,MLN,9,,Doc,,9_7014
3719,7016,ASS,true,Ovaltine,Ovaltine,244495939941695488,Active,LF,,L,4,2,3,3,,,,,oh Toaster#8721,false,MLN,9,,,,9_7016
3720,7017,BBEG,false,Juan Sexton,Sexton,827370007943053364,Active,2B,UTIL,R,3,5,1,3,,,,,snipinsexton#9209,false,MLN,9,,Juan,,9_7017
3721,7018,GHG,false,Y.E. Wally,Wally,345314811405402112,Active,P,,R,,,,,3,2,2,5,Y. E. Wally#8208,false,MLN,9,,Y.E.,,9_7018
3722,7019,FA,false,Bill Stokes,Stokes,870887440980783144,Active,2B,UTIL,R,4,3,1,4,,,,,diepie316#0089,false,MLN,9,,Bill,,9_7019
3723,7020,SUN,false,Sonar McDeuceski,McDeuceski,234155536210198528,Captain,2B,UTIL,R,2,4,1,5,,,,,Sonar#6969,false,MLN,9,,Sonar,,9_7020
3724,7021,KC,false,Dutch Boggs,Boggs,166930309583994880,Active,SS,UTIL,L,4,2,1,5,,,,,heylookjorge#6136,false,MLN,9,,Dutch,,9_7021
3725,7022,GRZ,false,Meat Wad,Wad,158398522859716612,Captain,CF,,L,3,4,1,4,,,,,slothfacekilla#7809,false,MLN,9,,Meat,,9_7022
3726,7023,MIA,false,Mickey May,May,748283643775942777,Active,P,,R,,,,,4,5,2,1,RainDance17#8447,false,MLN,9,,Mickey,,9_7023
3727,7025,NO,false,Rocco Rudnikov,Rudnikov,507607810956328960,Active,LF,,R,5,1,1,5,,,,,BrockSlamson#3715,false,MLN,9,,Rocco,,9_7025
3728,7027,POR,true,Kevin James,James,713100553214755267,Active,P,,R,,,,,3,2,5,2,Swarm#3461,false,MLN,9,,Kevin,,9_7027
3729,7028,CAR,false,Perome Jeterson,Jeterson,229060203771985921,Active,3B,UTIL,R,5,5,1,1,,,,,rhezz#9750,false,MLN,9,,Perome,,9_7028
3730,7030,HFX,false,Jimmy Kalkowski,Kalkowski,479001783444701184,Active,P,,L,,,,,1,3,5,3,fishing#1769,false,MLN,9,,Jimmy,,9_7030
3731,7031,KC,false,Fatts Richard,Richard,757379787340906587,Active,3B,C,R,5,1,3,3,,,,,yaboimorey#8575,false,MLN,9,,Fatts,,9_7031
3732,7032,POR,false,Neco Arc Enjoyer,Enjoyer,548238989006733322,Captain,RF,,R,5,5,1,1,,,,,Yannykai#6696,false,MLN,9,,Neco Arc,,9_7032
3733,7033,REK,false,Kilometers Straw,Straw,521856020889337867,Captain,CF,,L,5,1,5,1,,,,,Fulano#8013,false,MLN,9,,Kilometers,,9_7033
3734,7034,SUN,false,G Baby,Baby,887367673678270564,Captain,P,,R,,,,,3,5,2,2,broski_ICE#9693,false,MLN,9,,G,,9_7034
3735,7035,KC,false,peaches,peaches,157986981882757121,Hiatus,C,CINF,L,5,5,1,1,,,,,KCPeach#2448,false,MLN,9,,,,9_7035
3736,7038,NO,false,Raffy Benitez,Benitez,311657913351667722,Active,1B,UTIL,R,5,1,1,5,,,,,BenTheThrill_7#8665,false,MLN,9,,Raffy,,9_7038
3737,7039,OGO,false,Mr Plow,Plow,496806261778808843,Active,3B,UTIL,L,5,1,1,5,,,,,BillyIn4C#6782,false,MLN,9,,Mr,,9_7039
3738,7042,POR,false,Skimble Shanks,Shanks,150754841671630848,Active,C,COF,L,1,4,4,3,,,,,munkysnuflz#2695,true,MLN,9,,Skimble,,9_7042
3739,7045,SUN,false,Jimmy Pop,Pop,365319131106377750,Active,P,,R,,,,,4,4,2,2,wlupike#5721,false,MLN,9,,Jimmy,,9_7045
3740,8002,HFX,false,Trevor Rose,Rose,499385337383092235,Captain,3B,UTIL,R,4,2,4,2,,,,,trexxy2#1529,false,MLN,9,,Trevor,,9_8002
3741,8006,OGO,false,Gnome Chomsky,Chomsky,339430572374097921,Captain,C,CINF,R,1,5,1,5,,,,,DrDomePhD#7657,false,MLN,9,,Gnome,,9_8006
3742,8007,NO,false,Wally Wellbutrin,Wellbutrin,127380319300091904,Active,2B,UTIL,R,4,3,1,4,,,,,Wish Evolved#8330,false,MLN,9,,Wally,,9_8007
3743,8008,POR,false,Guy Gilwater,Gilwater,369294700961595393,Captain,3B,UTIL,L,3,3,1,5,,,,,GilPellaeon#8115,false,MLN,9,,Guy,,9_8008
3744,8011,NO,false,Vis Pacifiera,Pacifiera,257896900332617728,Active,P,,L,,,,,3,3,3,3,steve8983#1523,false,MLN,9,,Vis,,9_8011
3745,8013,GRZ,false,Johnny Drama,Drama,743343162193477672,Active,2B,UTIL,L,5,1,2,4,,,,,Hunter West #4945,false,MLN,9,,Johnny,,9_8013
3746,8014,ASS,false,Turn Page,Page,580212717860683776,Active,RF,,R,2,3,3,4,,,,,Vishy#4767,false,MLN,9,,Turn,,9_8014
3747,8016,SUN,false,Bobby Bellbottoms,Bellbottoms,710269966347141130,Active,C,COF,L,1,5,2,4,,,,,dhgrainger#9897,false,MLN,9,,Bobby,,9_8016
3748,8019,ASS,false,PB Falcon,Falcon,302240241643945984,Active,P,,L,,,,,4,3,2,3,y-low#2994,false,MLN,9,,PB,,9_8019
3749,8020,SUN,false,Lazer Dave,Dave,467395330158100485,Active,RF,,R,4,2,3,3,,,,,Lazer Dave#7721,false,MLN,9,,Lazer,,9_8020
3750,8021,ACP,true,Eir Thorson,Thorson,661682469120114689,GM Only,CF,,L,3,2,4,3,,,,,sojohnson13#3706,false,MLN,9,,Eir,,9_8021
3751,8023,SUN,false,Johnny B. Goode,Goode,401556713364389918,Active,CF,,R,4,3,2,3,,,,,VerifiedThing#3997,false,MLN,9,,Johnny B.,,9_8023
3752,8024,SUN,false,Kram Fork,Fork,1006278668017999892,Active,RF,,L,3,2,2,5,,,,,Flashpoint#1053,false,MLN,9,,Kram,,9_8024
3753,8025,FA,false,Chaos Vert,Vert,750790332802662400,Active,RF,,R,4,4,2,2,,,,,Sinister#7252,false,MLN,9,,Chaos,,9_8025
3754,8026,KC,false,Alexander West,West,384195152727506944,Active,LF,,L,5,1,1,5,,,,,DemBonez#7442,false,MLN,9,,Alexander,,9_8026
3755,8027,ACP,false,Moob Chicago,Chicago,99969994074378240,Active,P,,R,,,,,1,2,5,5,AntManSC#0813,false,MLN,9,,Moob,,9_8027
3756,8031,ACP,false,Dick Nutter VI,Nutter,303947621469519882,Captain,2B,UTIL,R,3,1,5,3,,,,,pm_me_cute_sloths_#5233,false,MLN,9,VI,Dick,,9_8031
3757,8032,KC,false,toronto mans,mans,414842748219424778,Active,P,,R,,,,,5,1,5,1,Cheatr#2938,false,MLN,9,,toronto,,9_8032
3758,8046,ACP,false,Hunter Scott,Scott,841095606172778527,Active,3B,UTIL,L,4,3,4,1,,,,,Turts#4456,true,MLN,9,,Hunter,,9_8046
3759,8047,OGO,false,Pete Morris,Morris,984793011953238056,Active,P,,R,,,,,4,4,3,1,Yoosirnaym#2492,true,MLN,9,,Pete,,9_8047
3760,8048,ASS,false,Captain Trash,Trash,600459061653274625,Active,P,,L,,,,,4,1,4,3,biggersean#2006,false,MLN,9,,Captain,,9_8048
3761,8049,CAR,false,Kries Von Kriestalhauser,Von Kriestalhauser,138118384645701632,Active,CF,,R,4,3,4,1,,,,,Chris Kriestinaf#7081,true,MLN,9,,Kries,,9_8049
3762,8050,SMD,false,Damon Razor,Razor,164840246549282817,Active,LF,,L,3,3,2,4,,,,,Ikonic#1611,false,MLN,9,,Damon,,9_8050
3763,8051,SMD,false,James St. Louis,St. Louis,711782444491079720,Active,P,,R,,,,,2,5,2,3,chuckles79#7824,true,MLN,9,,James,,9_8051
3764,8053,KC,false,Kai Johnson,Johnson,340181106236325888,Captain,P,,R,,,,,3,4,4,1,Basil#9496,true,MLN,9,,Kai,,9_8053
3765,8055,FA,false,MELTZ Slander,Slander,534503933234774027,Active,SS,UTIL,R,5,5,1,1,,,,,MELTZ#1866,true,MLN,9,,MELTZ,,9_8055
3766,9001,NO,false,Harvey Burton,Burton,229630404603281408,Active,C,CINF,R,3,4,2,3,,,,,Egglton#6732,true,MLN,9,,Harvey,,9_9001
3767,9003,HFX,false,Cash Considerations,Considerations,876116035374297088,Active,RF,,L,4,4,2,2,,,,,Chop_80#0271,true,MLN,9,,Cash,,9_9003
3768,9004,HFX,false,Elvis Crushel,Crushel,754800020238106707,Active,2B,UTIL,R,3,3,1,5,,,,,runrunrun#2126,true,MLN,9,,Elvis,,9_9004
3769,9007,BBEG,false,Cormac Goldhammer,Goldhammer,168904625997479936,Active,C,CINF,R,2,5,4,1,,,,,CardinalFool,true,MLN,9,,Cormac,,9_9007
3770,9009,GRZ,false,Jamal Fyre,Fyre,812872934149849098,Active,P,,R,,,,,4,1,5,2,Creatør!#0052,true,MLN,9,,Jamal,,9_9009
3771,9010,POR,false,Brent Chillwater,Chillwater,170720826557988865,Captain,P,,L,,,,,5,3,1,3,Kelbo11#9768,true,MLN,9,,Brent,,9_9010
3772,9011,ASS,false,Lightning Volt,Volt,334281849616728064,Active,P,,R,,,,,4,1,4,3,Vo1tage#9736,true,MLN,9,,Lightning,,9_9011
3773,9012,ACP,false,Epto Bismol,Bismol,771535699345276948,Hiatus,P,,R,,,,,5,2,4,1,Epto,true,MLN,9,,Epto,,9_9012
3774,9013,CAR,false,Toastman,Toastman,478671938189918208,Active,3B,C,R,5,1,5,1,,,,,jtcmule,true,MLN,9,,,,9_9013
3775,9014,POR,false,Jimmy Payne,Payne,718086107937636383,Active,LF,,R,2,2,4,4,,,,,wap#5966,true,MLN,9,,Jimmy,,9_9014
3776,9015,MIA,false,Trashstar Ratryox,Ratryox,1000667729684078673,Active,1B,UTIL,R,4,1,2,5,,,,,ratry0x#7178,true,MLN,9,,Trashstar,,9_9015
3777,9016,KC,false,Virgil Aegis-Gunther,Aegis-Gunther,1149354651825737891,Active,P,,L,,,,,5,4,2,1,FootballFiend#8337,true,MLN,9,,Virgil,,9_9016
3778,9017,GRZ,false,Joe Yoshi,Yoshi,395757273785303050,Active,SS,C,L,4,4,1,3,,,,,Zoom#3102,true,MLN,9,,Joe,,9_9017
3779,9018,ACP,false,Dickle Fingerford,Fingerford,876929535982063616,Active,SS,C,R,3,3,3,3,,,,,testy68gd#6782,true,MLN,9,,Dickle,,9_9018
3780,9019,KC,true,Dave Steib,Steib,397500246755901451,Active,2B,C,R,3,4,1,4,,,,,Tomás#4111,true,MLN,9,,Dave,,9_9019
3781,9020,ACP,false,Nathanial Swenson,Swenson,142645769730523136,Active,SS,C,L,4,4,2,2,,,,,UltimateZing#6907,true,MLN,9,,Nathanial,,9_9020
3782,9021,POR,false,Moe Bambino,Bambino,132017499842674688,Active,CF,,L,4,3,2,3,,,,,Bambino#4164,true,MLN,9,,Moe,,9_9021
3783,9023,POR,false,Jihmih Elsher,Elsher,1018721510111838309,Active,SS,UTIL,R,2,5,1,4,,,,,Sandyman#7341,true,MLN,9,,Jihmih,,9_9023
3784,9024,REK,false,Calvin Ball,Ball,401599869275340800,Active,RF,,L,5,4,2,1,,,,,Vrain#3864,true,MLN,9,,Calvin,,9_9024
3785,9025,POR,false,Bryce Parker,Parker,246320369676451840,Active,SS,UTIL,R,4,4,2,2,,,,,Packer#8043,true,MLN,9,,Bryce,,9_9025
3786,9026,CAR,false,Billy Boi,Boi,430837870643642368,Active,SS,UTIL,R,2,4,1,5,,,,,Billythekid1701,true,MLN,9,,Billy,,9_9026
3787,9027,POR,false,Sleeper Sullivan,Sullivan,664132125393551372,Active,C,COF,R,2,5,1,4,,,,,ann_114,true,MLN,9,,Sleeper,,9_9027
3788,9028,KC,false,Jaquavion Tavious,Tavious,418534952674787329,Active,CF,,L,3,2,2,5,,,,,Jaquaviontavious,true,MLN,9,,Jaquavion,,9_9028
3789,9030,OGO,false,Stu PunDous,PunDous,434533589279834124,Active,2B,UTIL,R,5,1,1,5,,,,,studoggery,true,MLN,9,,Stu,,9_9030
3790,9031,MIA,false,Bob Nutting Jr,Nutting,413139322493992972,Active,SS,UTIL,R,5,1,5,1,,,,,The Auditor,true,MLN,9,Jr,Bob,,9_9031
3791,9032,SUN,false,Damion Knox,Knox,564571522845507584,Active,1B,UTIL,R,4,2,3,3,,,,,WILDERKING135,true,MLN,9,,Damion,,9_9032
3792,9033,HFX,false,Francesco Hardgust,Hardgust,399062604972163082,Active,2B,UTIL,L,3,2,5,2,,,,,steaaamboat,true,MLN,9,,Francesco,,9_9033
3793,9034,FA,false,Paul Blartacus,Blartacus,256974626947727371,Active,C,COF,R,2,2,4,4,,,,,PaulBlartacus,true,MLN,9,,Paul,,9_9034
3794,9036,KC,false,Goaty McGoatFace,McGoatFace,464251755526488071,Active,2B,C,R,4,3,2,3,,,,,victorystar0,true,MLN,9,,Goaty,,9_9036
3795,9037,KC,false,Dayman Nightman,Nightman,347206793824436235,Active,1B,UTIL,R,3,3,4,2,,,,,fiercepenguin22,true,MLN,9,,Dayman,,9_9037
3796,9038,SMD,false,John McDonald Jr.,McDonald,170236047169552384,Active,C,CINF,L,3,5,2,2,,,,,roel.dh,true,MLN,9,Jr.,John,,9_9038
3797,9039,ACP,false,Mama Luigi,Luigi,337766574020624387,Active,2B,UTIL,L,3,2,4,3,,,,,bigredd17,true,MLN,9,,Mama,,9_9039
3798,9040,KC,false,Leopold Pollersbeck,Pollersbeck,147134307440394241,Captain,P,,R,,,,,4,4,2,2,minorbaconator,true,MLN,9,,Leopold,,9_9040
3799,9041,SUN,false,Himmy Proton,Proton,1080268454357110874,Active,C,CINF,L,3,4,2,3,,,,,.CoachRice,true,MLN,9,,Himmy,,9_9041
3800,9042,ACP,false,Maurice Cheeks,Cheeks,578346097961861130,Active,P,,R,,,,,4,2,5,1,rocsabs,true,MLN,9,,Maurice,,9_9042
3801,9043,POR,false,Mack Quackerson,Quackerson,294505625604587531,Active,CF,,R,3,5,1,3,,,,,frathoss,true,MLN,9,,Mack,,9_9043
3802,9044,POR,false,Strawberry Jones,Jones,422982444023808010,Active,C,COF,L,1,1,5,5,,,,,percnowitzki7893,true,MLN,9,,Strawberry,,9_9044
3803,1001,RC,true,Crash Davis,Davis,293940505614483456,GM Only,RF,,L,5,2,4,1,,,,,Flying Spaghetti Hitchens#6329,false,MLN,10,,Crash,,10_1001
3804,1002,MIA,false,Garitek,Garitek,201437703328235520,Captain,C,CINF,R,3,5,3,1,,,,,GareDr333#5369,false,MLN,10,,,,10_1002
3805,1004,SMD,true,Pops Dongoria,Dongoria,225468192443727873,GM Only,C,COF,R,4,5,1,2,,,,,timland33,false,MLN,10,,Pops,,10_1004
3806,1006,SMD,false,Smitty Hoppenscotch,Hoppenscotch,377826278004490240,Captain,CF,,L,4,2,1,5,,,,,Natsochist#8041,false,MLN,10,,Smitty,,10_1006
3807,1008,SMD,false,Atlas Quin,Quin,148920755189579776,Active,P,,L,,,,,3,2,4,3,Pieanator#7542,false,MLN,10,,Atlas,,10_1008
3808,1012,SMD,false,Reservoir Butler,Butler,288768900169072641,Active,SS,C,R,4,2,1,5,,,,,ghostelephant#6650,false,MLN,10,,Reservoir,,10_1012
3809,1018,HFX,false,Lane Drew,Drew,215354400720420866,Active,P,,L,,,,,3,3,4,2,Stride,false,MLN,10,,Lane,,10_1018
3810,1021,OGO,false,Q Kimbrel,Kimbrel,134478480862740480,Active,CF,,R,1,3,5,3,,,,,Cerb#8365,false,MLN,10,,Q,,10_1021
3811,1022,GHG,false,Chuck McCluster,McCluster,391473385768747008,Active,RF,,L,3,4,3,2,,,,,snipenberg#7197,false,MLN,10,,Chuck,,10_1022
3812,1023,SMD,false,Dan Gerzone,Gerzone,358438389160345600,Captain,2B,UTIL,R,3,1,4,4,,,,,Dan_Gerzone,false,MLN,10,,Dan,,10_1023
3813,1026,ACP,false,Angel Leon,Leon,240939239968210944,Active,P,,L,,,,,4,2,5,1,GK12303#1313,false,MLN,10,,Angel,,10_1026
3814,1027,RC,false,Thomas Nova,Nova,341669113430540301,Captain,2B,UTIL,L,3,3,1,5,,,,,Daitryu#7669,false,MLN,10,,Thomas,,10_1027
3815,1028,HMH,false,Haraldo MacKenzie,MacKenzie,281586814471634945,Captain,LF,,R,5,1,4,2,,,,,mack#0894,false,MLN,10,,Haraldo,,10_1028
3816,1029,REK,false,Lefty Louis,Louis,326553566909300737,Active,1B,UTIL,L,5,1,5,1,,,,,lewislewes#3447,false,MLN,10,,Lefty,,10_1029
3817,1032,SUN,true,Charlie Scott,Scott,193883917055557642,GM Only,1B,UTIL,L,4,1,3,4,,,,,SemiCharmedMike#9629,false,MLN,10,,Charlie,,10_1032
3818,1033,BBEG,true,Daz Reference,Reference,180498124823855104,Active,P,,R,,,,,4,3,2,3,Obscure_Reference#9129,false,MLN,10,,Daz,,10_1033
3819,1034,SUN,false,Jack Marnette,Marnette,345701896377597953,Active,LF,,R,5,2,2,3,,,,,jmarnette#1828,false,MLN,10,,Jack,,10_1034
3820,1035,SUN,false,Chip Otle,Otle,213403960072077312,Active,2B,UTIL,L,4,2,1,5,,,,,mcastagnaro30#2558,false,MLN,10,,Chip,,10_1035
3821,1036,SMD,false,Spike Suzuki,Suzuki,398235187634503702,Active,RF,,R,4,4,2,2,,,,,xbijin#3776,false,MLN,10,,Spike,,10_1036
3822,1051,MIA,false,Superbone Threefinger,Threefinger,224327937720188928,Active,1B,UTIL,L,5,4,1,2,,,,,23baseball3#3100,false,MLN,10,,Superbone,,10_1051
3823,1052,HMH,false,Zed Leona,Leona,177281342818484224,Active,C,CINF,R,5,4,1,2,,,,,Sleeper#2045,false,MLN,10,,Zed,,10_1052
3824,1054,HMH,false,Steve Hofbardozzi Jr. Jr. Jr.,Hofbardozzi,207143171128426496,Active,3B,UTIL,L,5,4,1,2,,,,,GeneticlyPerfct#0232,false,MLN,10,Jr.,Steve,,10_1054
3825,1055,HMH,true,Ozymandias Jones,Jones,131978039763402752,GM Only,LF,,L,4,3,1,4,,,,,AdmiralJones42#6648,false,MLN,10,,Ozymandias,,10_1055
3826,1058,HMH,false,Catfish Champ,Champ,259940190947246081,Active,CF,,L,5,3,1,3,,,,,amazingcowmilk#9713,false,MLN,10,,Catfish,,10_1058
3827,1061,HMH,false,Hudson Hildebrandt,Hildebrandt,285878316987056130,Active,P,,R,,,,,5,1,5,1,Hudson#0002,false,MLN,10,,Hudson,,10_1061
3828,1063,CAR,false,Alex Yaxley,Yaxley,345329173616787458,Captain,C,COF,R,2,5,4,1,,,,,BIGxM1KE#4625,false,MLN,10,,Alex,,10_1063
3829,1069,HMH,false,Rub A. Chikin,Chikin,373703526347440129,Active,2B,UTIL,L,5,1,1,5,,,,,rubachikin,false,MLN,10,,Rub A.,,10_1069
3830,1079,ACP,false,Babatunde Oladotun,Oladotun,401796234001514501,Active,P,,R,,,,,4,2,3,3,Babatunde Oladotun#6470,false,MLN,10,,Babatunde,,10_1079
3831,1080,HMH,false,Preston Broadus,Broadus,211904717981220865,Active,CF,,R,3,2,4,3,,,,,kickthepony#5274,false,MLN,10,,Preston,,10_1080
3832,1082,GRZ,false,Basebally McBaseballface Jr.,McBaseballface,212687113634840580,Active,RF,,R,5,1,1,5,,,,,packattack#9827,false,MLN,10,Jr.,Basebally,,10_1082
3833,1083,GRZ,false,Tony Smehrik,Smehrik,185167161734594560,Active,P,,L,,,,,3,5,2,2,liebz#0795,false,MLN,10,,Tony,,10_1083
3834,1088,ACP,false,Stan Mann,Mann,298312382927732748,Active,3B,C,R,5,5,1,1,,,,,CelciusII#6336,false,MLN,10,,Stan,,10_1088
3835,1089,HMH,false,Jefferson Steelflex,Steelflex,187009663487836162,Active,CF,,L,5,1,1,5,,,,,Jeff Steelflex#0352,false,MLN,10,,Jefferson,,10_1089
3836,1097,BBEG,false,Jameson Poe,Poe,136843419321368576,Captain,P,,R,,,,,2,5,2,3,Poe#8888,false,MLN,10,,Jameson,,10_1097
3837,1099,ASS,false,Baron Samedi,Samedi,109574591738851328,Active,1B,UTIL,R,3,3,2,4,,,,,haunted#0371,false,MLN,10,,Baron,,10_1099
3838,1100,KC,false,Antwan Zella,Zella,135821931550081024,Hiatus,RF,,R,5,3,3,1,,,,,ando#0150,false,MLN,10,,Antwan,,10_1100
3839,1107,OGO,true,perta sabor,sabor,158306211568025600,Active,P,UTIL,L,,,,,5,4,1,2,Petralikesbaseball#0016,false,MLN,10,,perta,,10_1107
3840,1108,GHG,false,Conor Sexton,Sexton,205443196401090561,Active,1B,UTIL,L,3,3,4,2,,,,,YoloSwaggins#8690,false,MLN,10,,Conor,,10_1108
3841,1109,GHG,true,Dominus Nominus,Nominus,198821468317024256,GM Only,C,COF,R,5,5,1,1,,,,,steelermade28#8041,false,MLN,10,,Dominus,,10_1109
3842,1113,ACP,false,Cookie Mongster,Mongster,302242686281318400,Active,1B,UTIL,L,4,4,3,1,,,,,mongster_03#3405,false,MLN,10,,Cookie,,10_1113
3843,1119,MIA,false,Willie Mays Hayes,Hayes,433103168445087756,Active,2B,UTIL,R,4,2,1,5,,,,,WillieMaysHays#9546,false,MLN,10,,Willie Mays,,10_1119
3844,1120,CAR,false,Johnny Hopkins,Hopkins,121083821637500928,Captain,3B,UTIL,L,5,1,1,5,,,,,johnnyhopkins,false,MLN,10,,Johnny,,10_1120
3845,1122,GHG,false,Finkle Sparkles,Sparkles,243128381275766784,Active,P,,R,,,,,4,2,4,2,Einhornfarm#4830,false,MLN,10,,Finkle,,10_1122
3846,1123,FA,false,Kurt Anger,Anger,172340171868602368,Active,SS,UTIL,L,5,1,1,5,,,,,Wham Bam Shang-A-Lang#7171,false,MLN,10,,Kurt,,10_1123
3847,1131,GHG,false,KC Bats,Bats,322186326130556940,Active,LF,,R,4,2,2,4,,,,,kc3551#3802,false,MLN,10,,KC,,10_1131
3848,1133,REK,false,Hank Murphy,Murphy,382275235082403842,Active,C,COF,L,1,5,5,1,,,,,Hank Murphy#4997,false,MLN,10,,Hank,,10_1133
3849,1134,GHG,false,Ornn Mistborn,Mistborn,277638011124973571,Active,2B,UTIL,R,3,3,4,2,,,,,madno6#3209,false,MLN,10,,Ornn,,10_1134
3850,1135,MIA,false,Ryan Gastings,Gastings,194225767952023552,Active,P,,L,,,,,2,4,2,4,Aspence#3564,false,MLN,10,,Ryan,,10_1135
3851,1136,GHG,false,Mason Spurs,Spurs,200102896363241474,Active,SS,UTIL,L,5,2,2,3,,,,,spursygopher,false,MLN,10,,Mason,,10_1136
3852,1140,SMD,false,Bartholomew Crumblepuff,Crumblepuff,223279982091304960,Active,P,,L,,,,,3,2,4,3,Zod#3168,false,MLN,10,,Bartholomew,,10_1140
3853,1149,HMH,false,Garrett Evans,Evans,233003286943367169,Active,RF,,R,3,2,5,2,,,,,legacy3233#2024,false,MLN,10,,Garrett,,10_1149
3854,1150,FA,false,Ricky Vaughn,Vaughn,369553888723992578,Active,P,,R,,,,,4,1,4,3,See_You_Laterr#6448,false,MLN,10,,Ricky,,10_1150
3855,1153,REK,false,Larold,Larold,406898210804858884,Active,1B,UTIL,R,1,5,1,5,3,2,4,3,TrickyTroy2#3950,false,MLN,10,,,,10_1153
3856,1156,SUN,false,Thomas Thompson III,Thompson,86858721061269504,Captain,3B,UTIL,R,3,1,5,3,,,,,Barno#4078,false,MLN,10,III,Thomas,,10_1156
3857,1157,CAR,false,JP Panik,Panik,345339723323146240,Active,SS,UTIL,L,4,1,3,4,,,,,JP1704#3386,false,MLN,10,,JP,,10_1157
3858,1158,SUN,true,Master Cashier,Cashier,143034072787058688,Active,P,,R,,,,,3,5,2,2,MasterCashier#1114,false,MLN,10,,Master,,10_1158
3859,1162,RC,false,Nate Lewis,Lewis,183513716166230017,Captain,CF,,L,3,3,1,5,,,,,Miro#4444,false,MLN,10,,Nate,,10_1162
3860,1164,HFX,false,Zin Martinez,Martinez,345191609098567680,Active,RF,,L,5,3,2,2,,,,,Wilbur Forrester Wood#1106,false,MLN,10,,Zin,,10_1164
3861,1165,GRZ,false,Dropov Andpicov,Andpicov,166308180668710912,Active,3B,UTIL,L,4,3,2,3,,,,,Shambox#6584,false,MLN,10,,Dropov,,10_1165
3862,1166,BBEG,true,Ecliptic Astrum,Astrum,212087762172510210,Active,C,CINF,L,1,5,1,5,,,,,Ecliptic#3662,false,MLN,10,,Ecliptic,,10_1166
3863,1169,HMH,false,Jerome Garcia,Garcia,131971501153845248,Active,2B,UTIL,R,5,3,3,1,,,,,UnironicU2Defender#7767,false,MLN,10,,Jerome,,10_1169
3864,1174,BBEG,false,Mad Monty,Monty,454284112165863434,Captain,P,,L,,,,,4,4,1,3,Mad_Monty#0578,false,MLN,10,,Mad,,10_1174
3865,1180,BBEG,false,War Hamster,Hamster,238569734185025536,Active,2B,UTIL,R,5,2,1,4,,,,,Warhamster#9295,false,MLN,10,,War,,10_1180
3866,1186,GRZ,false,Francis Herman Swagger,Swagger,402556009736044544,Active,LF,,R,2,4,4,2,,,,,bellysk8er2005#9850,false,MLN,10,,Francis,,10_1186
3867,1194,FA,false,Rickey Tucker,Tucker,334203993607766017,Active,LF,,L,5,5,1,1,,,,,amesker#3310,false,MLN,10,,Rickey,,10_1194
3868,1201,HMH,false,Mylo Grams,Grams,342097160122269698,Active,C,COF,L,1,5,5,1,,,,,Mylo Grams- Toronto C#9559,false,MLN,10,,Mylo,,10_1201
3869,1202,ret?,false,Pablo Pabloson,Pabloson,401754031556657153,Active,SS,UTIL,L,4,2,1,5,,,,,HorribelSpelling#6151,false,MLN,10,,Pablo,,10_1202
3870,1206,CAR,false,Meerkat Preller,Preller,383477937699029003,Active,P,,L,,,,,4,5,1,2,ConstantQuarreling#0175,false,MLN,10,,Meerkat,,10_1206
3871,1208,BBEG,false,Bace Ventura,Ventura,488754199245357073,Active,CF,,L,4,1,3,4,,,,,GKG1214#5442,false,MLN,10,,Bace,,10_1208
3872,1217,HFX,false,Johnny Dickshot,Dickshot,346750558901764117,Active,P,,R,,,,,5,3,2,2,Number1Dork#7344,false,MLN,10,,Johnny,,10_1217
3873,2002,SUN,false,Assassin Xekutioner,Xekutioner,385236196659560448,Active,P,,L,,,,,4,3,3,2,The Xekutioner#6921,false,MLN,10,,Assassin,,10_2002
3874,2010,HMH,false,Skillz Simanek,Simanek,511617020408889354,Active,SS,UTIL,L,3,2,4,3,,,,,tsimaskillz#3401,false,MLN,10,,Skillz,,10_2010
3875,2020,ASS,true,Demetrios Ooga,Ooga,319330358636314634,Active,3B,C,L,1,5,1,5,,,,,oogadebob#9787,false,MLN,10,,Demetrios,,10_2020
3876,2032,SUN,false,Kali McSuntas,McSuntas,181238139539423232,Captain,P,,L,,,,,5,2,1,4,Jaera#1246,false,MLN,10,,Kali,,10_2032
3877,2044,BBEG,false,Maud Nelson,Nelson,514543440709812245,Active,LF,,L,4,3,4,1,,,,,dianaswrld#4135,false,MLN,10,,Maud,,10_2044
3878,2047,BBEG,false,Calvin Huff,Huff,507717034893901824,Captain,CF,,R,4,2,4,2,,,,,"Calvin ""mak0shark"" Huff- FA P#5639",false,MLN,10,,Calvin,,10_2047
3879,2055,REK,false,AAA Harry Peritestes,Peritestes,268566559746686986,Active,2B,UTIL,R,4,1,2,5,,,,,Jpulto#1431,false,MLN,10,,AAA Harry,,10_2055
3880,2057,REK,false,Jack Alpha,Alpha,378210771005341698,Captain,3B,UTIL,R,5,1,2,4,,,,,androidsen#8466,false,MLN,10,,Jack,,10_2057
3881,2060,FA,false,LaPrince Frye,Frye,416715978391420928,Active,P,,L,,,,,2,2,3,5,LaPrince Frye#5785,false,MLN,10,,LaPrince,,10_2060
3882,2066,MIA,false,Talon Wingdiver,Wingdiver,133823669712453632,Active,3B,UTIL,R,5,2,1,4,,,,,q77e#9300,false,MLN,10,,Talon,,10_2066
3883,2072,GHG,false,Pull Ganger,Ganger,877964545015042148,Active,CF,,L,3,2,2,5,,,,,ganger#7504,false,MLN,10,,Pull,,10_2072
3884,2073,HFX,false,Dom Emnic,Emnic,671538823662010394,Active,3B,UTIL,R,3,3,4,2,,,,,thedart31,false,MLN,10,,Dom,,10_2073
3885,2075,SMD,false,Copenhagen Black,Black,470202656992919553,Captain,3B,UTIL,L,4,3,3,2,,,,,NolaGumbeaux41#8934,false,MLN,10,,Copenhagen,,10_2075
3886,2078,HMH,false,Rascal Alex,Alex,131978039763402752,Active,P,,L,,,,,2,4,3,3,Avdo#9090,false,MLN,10,,Rascal,,10_2078
3887,2080,FA,false,Junebug Wray,Wray,144969605977341953,Active,RF,,R,1,1,5,5,,,,,Joester09#1816,false,MLN,10,,Junebug,,10_2080
3888,2082,HMH,false,Dixon Uraz,Uraz,148580118179217410,Active,SS,UTIL,R,1,1,5,5,,,,,Club_toast#4313,false,MLN,10,,Dixon,,10_2082
3889,2083,POR,false,Dylan Green,Green,172167687143817217,Active,2B,UTIL,L,3,3,5,1,,,,,DylanG5#4899,false,MLN,10,,Dylan,,10_2083
3890,2085,OGO,false,Lloyd Gross,Gross,206526330861387776,Captain,RF,,R,2,4,5,1,,,,,CringE#0294,false,MLN,10,,Lloyd,,10_2085
3891,2086,ACP,true,Yamada,Yamada,294335981442564096,GM Only,P,,R,,,,,5,3,3,1,annaekstrum,false,MLN,10,,,,10_2086
3892,2093,FA,false,True Pierce,Pierce,399299351802937344,Free Agent,C,COF,R,4,5,2,1,,,,,True #9380,false,MLN,10,,True,,10_2093
3893,2094,OGO,false,JZ (but not the rapper),JZ,254774534274547713,Active,P,,L,,,,,4,2,4,2,JZKITTY#3143,false,MLN,10,,,,10_2094
3894,2096,GRZ,false,Adam Croft,Croft,208429483059970050,Active,P,,L,,,,,5,4,1,2,.Nectar,false,MLN,10,,Adam,,10_2096
3895,2097,ASS,false,Dirtbag Darrell,Darrell,438226264608735232,Active,SS,UTIL,L,5,1,1,5,,,,,Wildcard09,false,MLN,10,,Dirtbag,,10_2097
3896,2104,REK,false,Bobby Portis,Portis,383444903344078848,Active,P,,R,,,,,5,4,1,2,jackvd#1878,false,MLN,10,,Bobby,,10_2104
3897,2107,GRZ,false,Kalin Young,Young,273639536804757514,Active,SS,UTIL,R,1,5,5,1,,,,,Kyounggun#9129,false,MLN,10,,Kalin,,10_2107
3898,2108,FA,false,Arm N. Hammer,Hammer,203362581363032064,Active,RF,,L,2,5,1,4,,,,,Poet#0643,false,MLN,10,,Arm N.,,10_2108
3899,3005,HFX,false,Pablo Sanchez,Sanchez,484386566249119760,Active,P,,R,,,,,5,4,2,1,matt2930#7229,false,MLN,10,,Pablo,,10_3005
3900,3007,GRZ,false,Salvatore Sal De Luca,De Luca,92127213410865152,Active,C,COF,L,2,5,4,1,,,,,HolyHamGrenade#5701,false,MLN,10,,Salvatore,,10_3007
3901,3010,ACP,false,Jarey Butts,Butts,246828880848093185,Active,LF,,R,3,2,4,3,,,,,Jurd#9852,false,MLN,10,,Jarey,,10_3010
3902,3011,SMD,false,December Beckett,Beckett,443829816752340994,Active,P,,R,,,,,4,3,2,3,Jaysword#3811,false,MLN,10,,December,,10_3011
3903,3015,GRZ,false,"Jason ""Dead"" Redd",Redd,485217045408120833,Captain,P,,R,,,,,5,3,3,1,ReedGibson,false,MLN,10,,Jason,,10_3015
3904,3017,FA,false,Bob Dunagee,Dunagee,88061817925935104,Active,1B,C,L,5,5,1,1,,,,,Redwagon#1602,false,MLN,10,,Bob,,10_3017
3905,3027,GRZ,false,Diego Medina,Medina,159766338833874944,Active,CF,,R,1,5,5,1,,,,,Diego#5535,false,MLN,10,,Diego,,10_3027
3906,3038,FA,false,Lincoln Crawford,Crawford,443892188775055370,Retired,1B,UTIL,L,3,3,5,1,,,,,Chris88#8426,false,MLN,10,,Lincoln,,10_3038
3907,3039,MIA,true,Bob Winn,Winn,206833217678868480,Retired,CF,,R,5,1,1,5,,,,,TBKLarry#1903,false,MLN,10,,Bob,,10_3039
3908,3043,GHG,false,Keyo,Keyo,114529305219956739,Captain,C,CINF,L,4,5,2,1,,,,,Keyo#2641,false,MLN,10,,,,10_3043
3909,3048,CAR,true,Ryan Sir-Wondery,Sir-Wondery,223980930975399937,Active,CF,,L,5,1,1,5,,,,,SoneRandomPerson#2533,false,MLN,10,,Ryan,,10_3048
3910,3049,FA,false,Ferda Bois,Bois,667135868477374485,Retired,CF,,R,1,1,5,5,,,,,itbemason,false,MLN,10,,Ferda,,10_3049
3911,3053,REK,false,Juniped Panda,Panda,121871011091185664,Active,P,,L,,,,,2,5,4,1,Juniped,false,MLN,10,,Juniped,,10_3053
3912,3054,REK,true,Paulie Wag,Wag,139926308644847616,GM Only,2B,UTIL,L,3,3,3,3,,,,,pelochyta #9978,false,MLN,10,,Paulie,,10_3054
3913,3056,ASS,false,Donatello Chalupa,Chalupa,197068139073110016,Active,RF,,L,5,2,1,4,,,,,Jslamas,false,MLN,10,,Donatello,,10_3056
3914,3057,POR,false,Speedo Meter,Meter,213354112434044931,Active,CF,,R,3,3,1,5,,,,,EricS53 #2544,false,MLN,10,,Speedo,,10_3057
3915,3061,BBEG,false,Trog Smash,Smash,264255447786192896,Active,3B,UTIL,L,2,3,5,2,,,,,Xianthres,false,MLN,10,,Trog,,10_3061
3916,3066,REK,false,AAAAAAAAAAThor Heyerdahl,Heyerdahl,349359777220001793,Captain,C,COF,R,1,5,4,2,,,,,Qomsday#7405,false,MLN,10,,AAAAAAAAAAThor,,10_3066
3917,3069,GHG,false,Wallace Grommet,Grommet,476558347634475028,Active,P,,L,,,,,3,4,2,3,kaylittle6,false,MLN,10,,Wallace,,10_3069
3918,3071,HFX,false,Jura,Jura,255311391186092032,Active,C,COF,L,4,3,3,2,,,,,TurtlesDown#4895,false,MLN,10,,,,10_3071
3919,3072,FA,false,Tucker Doubt,Doubt,347109742155399168,Retired,P,,L,,,,,5,3,3,1,MikeyTKO#0005,false,MLN,10,,Tucker,,10_3072
3920,3077,RC,false,Derek Bongiovanni,Bongiovanni,291738770313707521,Active,C,CINF,R,1,5,1,5,,,,,Dbon#2576,false,MLN,10,,Derek,,10_3077
3921,3079,REK,false,Isaac Snowbender,Snowbender,140306370359459840,Active,LF,,L,3,2,2,5,,,,,mvh1015#6260,false,MLN,10,,Isaac,,10_3079
3922,3080,ASS,false,Jeff Dingerhitter,Dingerhitter,263888354179809280,Active,2B,UTIL,R,3,2,4,3,,,,,Woj#6097,false,MLN,10,,Jeff,,10_3080
3923,3084,GRZ,true,Ryan Tyburn,Tyburn,334144448873365504,Active,LF,,R,5,5,1,1,,,,,Tyburn#0651,false,MLN,10,,Ryan,,10_3084
3924,3088,GRZ,false,Yoel Roshi,Roshi,293180794124632074,Active,1B,UTIL,L,5,3,1,3,,,,,pyrolola#2993,false,MLN,10,,Yoel,,10_3088
3925,3089,REK,false,Joey Wheeler,Wheeler,389269825425375233,Active,P,,L,,,,,5,3,2,2,dalton,false,MLN,10,,Joey,,10_3089
3926,3091,REK,false,Zelk Antilles,Antilles,250094459721613315,Captain,P,,L,,,,,4,4,1,3,CaptainSolo96#0006,false,MLN,10,,Zelk,,10_3091
3927,4000,HFX,false,King Kruul,Kruul,246762932703068162,Active,1B,UTIL,L,1,5,5,1,,,,,LefLop#4771,false,MLN,10,,King,,10_4000
3928,4004,OGO,false,Xavier McMagic,McMagic,240572831333613569,Active,SS,UTIL,L,1,5,5,1,,,,,Reno ◢ ◤#1997,false,MLN,10,,Xavier,,10_4004
3929,4007,HFX,false,Reese Worthington,Worthington,554004612797956106,Active,LF,,L,3,3,3,3,,,,,RockM888#6275,false,MLN,10,,Reese,,10_4007
3930,4008,CAR,false,LaCarpetron Dukemarriot,Dukemarriot,352849361920851968,Active,P,,R,,,,,4,2,2,3,Dukemarriot#0179,false,MLN,10,,LaCarpetron,,10_4008
3931,4011,CAR,false,Mitch Meanmug,Meanmug,294497117467181056,Active,P,,R,,,,,4,3,3,2,fermatajack#5230,false,MLN,10,,Mitch,,10_4011
3932,4015,SMD,false,Plack Attack,Attack,473845222514884610,Active,C,COF,R,4,5,1,2,,,,,MU | Teztify#9523,false,MLN,10,,Plack,,10_4015
3933,4021,SMD,false,Jeff Shagwell,Shagwell,209183193436258304,Active,1B,UTIL,L,3,1,5,3,,,,,MattDaddio,false,MLN,10,,Jeff,,10_4021
3934,4040,REK,false,Trogdor Fhqwhgads,Fhqwhgads,545406706038079520,Active,SS,UTIL,L,5,5,1,1,,,,,Haniger's Grenade#9160,false,MLN,10,,Trogdor,,10_4040
3935,4044,FA,false,Ura Irons,Irons,326427060438433792,Active,1B,UTIL,R,3,3,3,3,,,,,Arujento#7149,false,MLN,10,,Ura,,10_4044
3936,4045,RC,false,Dakota Carolina Montana,Montana,276829932439470081,Active,CF,,L,4,3,3,2,,,,,Dakota Carolina Montana#4635,false,MLN,10,,Dakota Carolina,,10_4045
3937,4048,GHG,false,Mike Fruitstand,Fruitstand,202273074261917697,Active,2B,UTIL,R,5,1,1,5,,,,,ItsJustFruity#8827,false,MLN,10,,Mike,,10_4048
3938,4069,RC,false,Hot Dog Jeopardy,Jeopardy,121792167361511424,Active,3B,UTIL,L,2,3,4,3,,,,,Big Botto m#1067,false,MLN,10,,Hot Dog,,10_4069
3939,4070,CAR,false,Ioe Torrent,Torrent,130834533460344832,Active,LF,,L,4,2,5,1,,,,,Ioe#4493,false,MLN,10,,Ioe,,10_4070
3940,4072,OGO,false,Nicholas Fouss,Fouss,182233101349421067,Active,LF,,L,3,3,1,5,,,,,superfish1205#8463,false,MLN,10,,Nicholas,,10_4072
3941,4073,KC,false,Kancing Mutlak,Mutlak,362064637509763085,Active,P,,R,,,,,2,2,4,4,G2019#0639,false,MLN,10,,Kancing,,10_4073
3942,4078,HMH,false,Sleve McDichael,McDichael,350765214288838666,Captain,P,,R,,,,,5,1,3,3,megalo#7735,false,MLN,10,,Sleve,,10_4078
3943,5005,GRZ,false,Narancia Ghirga,Ghirga,151152419584081920,Active,C,CINF,L,3,5,1,3,,,,,GoonerBear#0071,false,MLN,10,,Narancia,,10_5005
3944,5007,GHG,false,Gas House Gorillas,Gorillas,585560973658685440,Captain,LF,,R,5,5,1,1,,,,,richard#6782,false,MLN,10,,Gas House,,10_5007
3945,5011,ASS,false,Mo Mo,Mo,193154424242307072,Captain,C,COF,R,2,5,1,4,,,,,MoJungo#6335,false,MLN,10,,Mo,,10_5011
3946,5014,BBEG,false,Sheridan Blackstone,Blackstone,372069117005660161,Active,P,,R,,,,,4,4,2,2,xFireRavenx#1221,false,MLN,10,,Sheridan,,10_5014
3947,5017,MIA,false,Makesiondon Kelkboom,Kelkboom,477216596667006996,Captain,3B,UTIL,L,2,1,4,5,,,,,Tenny1917,false,MLN,10,,Makesiondon,,10_5017
3948,5018,RC,false,Brian Taylor,Taylor,263736081000824832,Captain,C,CINF,L,4,5,1,2,,,,,brian_taylor#4987,false,MLN,10,,Brian,,10_5018
3949,5021,HFX,false,Kenny Kawaguchi,Kawaguchi,531710311523418132,Active,SS,UTIL,R,3,3,2,4,,,,,kennyk#1010,false,MLN,10,,Kenny,,10_5021
3950,5022,GHG,false,Franz Lisztpitcher,Lisztpitcher,94622501870510080,Captain,3B,UTIL,L,5,1,1,5,,,,,Randy#9263,false,MLN,10,,Franz,,10_5022
3951,5024,FA,false,Simba II,II,389091297618558990,Active,C,CINF,R,3,5,1,3,,,,,Fartzillla#7514,false,MLN,10,,Simba,,10_5024
3952,5025,ret?,false,Doc Wingduck,Wingduck,393612916374634507,Active,P,,R,,,,,4,2,2,4,Doc Dockgoose,false,MLN,10,,Doc,,10_5025
3953,5029,GHG,false,Peoples Champ,Champ,150833402453557249,Active,C,COF,R,5,5,1,1,,,,,kowboy#5334,false,MLN,10,,Peoples,,10_5029
3954,5030,ASS,false,Dirk Digglet,Digglet,636749752683200523,Active,C,CINF,R,2,5,1,4,,,,,Lancer52,false,MLN,10,,Dirk,,10_5030
3955,5032,CAR,false,Sander Entman,Entman,148506025773760512,Hiatus,P,,L,,,,,3,2,5,2,Holo_Icy_Holo#9537,false,MLN,10,,Sander,,10_5032
3956,5034,FA,false,Haloick Oasis,Oasis,121814608313843713,Active,LF,,R,3,3,1,5,,,,,Halox#1337,false,MLN,10,,Haloick,,10_5034
3957,5040,CAR,false,Juju's Snorlax,Snorlax,234174459756412928,Active,1B,UTIL,R,3,1,5,3,,,,,Good Juju#5950,false,MLN,10,,Jujus,,10_5040
3958,5041,HMH,false,Papa Longstroke,Longstroke,978500790182379591,Active,1B,UTIL,L,4,1,3,4,,,,,audobond,false,MLN,10,,Papa,,10_5041
3959,6004,ASS,false,Bony Skellinger,Skellinger,613893115455209494,Captain,3B,UTIL,L,4,2,2,4,,,,,Bonesy McSkellington#3120,false,MLN,10,,Bony,,10_6004
3960,6005,OGO,false,Borg Torbjorgsson,Torbjorgsson,246488195682795521,Active,SS,UTIL,R,4,4,2,2,,,,,^matt#5616,false,MLN,10,,Borg,,10_6005
3961,6009,ASS,false,Hannibal Bligh,Bligh,368954518907387904,Captain,1B,UTIL,L,3,3,5,1,,,,,ArmadilloPenguin,false,MLN,10,,Hannibal,,10_6009
3962,6010,REK,false,Homer Knocker,Knocker,153354503662469131,Active,CF,,R,5,2,1,4,,,,,Cable^3#3200,false,MLN,10,,Homer,,10_6010
3963,6011,HFX,true,Joe Pidgeon,Pidgeon,430014697174073364,Active,C,COF,R,3,4,4,1,,,,,AnAngryPidgeon#7526,false,MLN,10,,Joe,,10_6011
3964,6012,ret?,false,Kanye East,East,419640789925363712,Active,RF,,R,4,2,1,5,,,,,Zman#1212,false,MLN,10,,Kanye,,10_6012
3965,6013,HFX,false,Lane Drew,Drew,215354400720420866,Active,P,,L,,,,,3,3,4,2,Stride,false,MLN,10,,Lane,,10_6013
3966,6022,MIA,false,Six,Six,434926278832029696,Active,P,,L,,,,,2,4,5,1,sixhausen,false,MLN,10,,,,10_6022
3967,6029,ASS,false,Scherbie Fully-Loaded,Fully-Loaded,245291720730738688,Active,CF,,R,5,1,1,5,,,,,Scherbie#3148,false,MLN,10,,Scherbie,,10_6029
3968,6031,POR,false,Captain Rex,Rex,424366248780890121,Active,1B,UTIL,L,3,5,2,2,,,,,Canner234#3934,false,MLN,10,,Captain,,10_6031
3969,6046,FA,false,Bradle Beamen,Beamen,521532303508242432,Active,CF,,L,3,3,2,4,,,,,Beadlejuice44,false,MLN,10,,Bradle,,10_6046
3970,6047,FA,false,Crimson Chin,Chin,832485068797771849,Retired,LF,,L,5,1,1,5,,,,,D-Habes,false,MLN,10,,Crimson,,10_6047
3971,6049,KC,false,Noodle Arm Big Power ODoyle,ODoyle,566239287713202187,Captain,RF,,R,5,1,1,5,,,,,n8n#8421,false,MLN,10,,Noodle Arm Big Power,,10_6049
3972,6050,RC,false,Emerson Austin Jr.,Austin,461562661184995328,Active,SS,UTIL,R,2,4,5,1,,,,,EA#3545,false,MLN,10,Jr.,Emerson,,10_6050
3973,7004,OGO,false,Peter Hoomanawanui,Hoomanawanui,160535653178802177,Active,LF,,R,5,1,1,5,,,,,Idntwannabefamous#2485,false,MLN,10,,Peter,,10_7004
3974,7006,BBEG,false,Pel OQuinn,OQuinn,220293896729526272,Active,RF,,R,5,5,1,1,,,,,Peloquinn#4067,false,MLN,10,,Pel,,10_7006
3975,7007,KC,false,Kenny Powers,Powers,277907298112765952,Active,CF,,L,5,1,4,2,,,,,Mike22#3639,false,MLN,10,,Kenny,,10_7007
3976,7011,MIA,false,Derek Rasmussen,Rasmussen,636682142407196702,Active,C,COF,R,3,5,1,3,,,,,bdh1010#7958,false,MLN,10,,Derek,,10_7011
3977,7012,MIA,false,CJ Ayer,Ayer,716293515864440905,Active,LF,,R,2,4,1,5,,,,,Zeltrox #0126,false,MLN,10,,CJ,,10_7012
3978,7014,CAR,false,Doc Dockerson,Dockerson,514984390103793679,Active,P,,R,,,,,2,3,2,5,Leaffan139#9702,false,MLN,10,,Doc,,10_7014
3979,7016,ASS,true,Ovaltine,Ovaltine,244495939941695488,Active,LF,,L,4,2,3,3,,,,,oh Toaster#8721,false,MLN,10,,,,10_7016
3980,7017,BBEG,false,Juan Sexton,Sexton,827370007943053364,Active,2B,UTIL,R,3,5,1,3,,,,,snipinsexton#9209,false,MLN,10,,Juan,,10_7017
3981,7018,GHG,false,Y.E. Wally,Wally,345314811405402112,Active,P,,R,,,,,3,2,2,5,Y. E. Wally#8208,false,MLN,10,,Y.E.,,10_7018
3982,7019,ret?,false,Bill Stokes,Stokes,870887440980783144,Active,2B,UTIL,R,4,3,1,4,,,,,diepie316#0089,false,MLN,10,,Bill,,10_7019
3983,7020,SUN,false,Sonar McDeuceski,McDeuceski,234155536210198528,Captain,P,,R,,,,,5,4,2,1,Sonar#6969,false,MLN,10,,Sonar,,10_7020
3984,7021,KC,false,Dutch Boggs,Boggs,166930309583994880,Active,SS,UTIL,L,4,2,1,5,,,,,heylookjorge#6136,false,MLN,10,,Dutch,,10_7021
3985,7022,GRZ,false,Meat Wad,Wad,158398522859716612,Captain,CF,,L,3,4,1,4,,,,,slothfacekilla#7809,false,MLN,10,,Meat,,10_7022
3986,7023,MIA,false,Mickey May,May,748283643775942777,Active,P,,R,,,,,4,5,2,1,RainDance17#8447,false,MLN,10,,Mickey,,10_7023
3987,7025,RC,false,Rocco Rudnikov,Rudnikov,507607810956328960,Active,LF,,R,5,1,1,5,,,,,BrockSlamson#3715,false,MLN,10,,Rocco,,10_7025
3988,7027,POR,true,Kevin James,James,713100553214755267,Active,P,,L,,,,,5,4,2,1,Swarm#3461,false,MLN,10,,Kevin,,10_7027
3989,7028,CAR,false,Perome Jeterson,Jeterson,229060203771985921,Active,3B,UTIL,R,5,5,1,1,,,,,rhezz#9750,false,MLN,10,,Perome,,10_7028
3990,7031,KC,false,Fatts Richard,Richard,757379787340906587,Active,3B,UTIL,R,5,1,3,3,,,,,yaboimorey#8575,false,MLN,10,,Fatts,,10_7031
3991,7032,OGO,false,Neco Arc Enjoyer,Enjoyer,548238989006733322,Active,RF,,R,5,5,1,1,,,,,Yannykai#6696,false,MLN,10,,Neco Arc,,10_7032
3992,7033,REK,false,kilo,kilo,521856020889337867,Active,CF,,L,5,1,1,5,,,,,Fulano#8013,false,MLN,10,,,,10_7033
3993,7034,SUN,false,G Baby,Baby,887367673678270564,Hiatus,P,,R,,,,,3,5,2,2,broski_ICE#9693,false,MLN,10,,G,,10_7034
3994,7035,KC,true,Princess Peach,Peach,157986981882757121,GM Only,C,CINF,L,5,5,1,1,,,,,KCPeach#2448,false,MLN,10,,Princess,,10_7035
3995,7038,ACP,false,Raffy Benitez,Benitez,311657913351667722,Active,1B,UTIL,R,5,1,1,5,,,,,BenTheThrill_7#8665,false,MLN,10,,Raffy,,10_7038
3996,7039,KC,false,Mr Plow,Plow,496806261778808843,Captain,3B,UTIL,L,5,1,1,5,,,,,BillyIn4C#6782,false,MLN,10,,Mr,,10_7039
3997,7045,SUN,false,Jimmy Pop,Pop,365319131106377750,Active,1B,UTIL,L,2,2,3,5,,,,,wlupike#5721,false,MLN,10,,Jimmy,,10_7045
3998,8002,HFX,false,Trevor Rose,Rose,499385337383092235,Captain,P,,R,,,,,4,2,4,2,trexxy2#1529,false,MLN,10,,Trevor,,10_8002
3999,8006,OGO,true,Gnome Chomsky,Chomsky,339430572374097921,Active,C,CINF,R,1,5,1,5,,,,,DrDomePhD#7657,false,MLN,10,,Gnome,,10_8006
4000,8008,POR,false,Guy Gilwater,Gilwater,369294700961595393,Captain,3B,UTIL,L,3,3,1,5,,,,,GilPellaeon#8115,false,MLN,10,,Guy,,10_8008
4001,8011,RC,false,Vis Pacifiera,Pacifiera,257896900332617728,Active,P,,L,,,,,4,2,4,2,steve8983#1523,false,MLN,10,,Vis,,10_8011
4002,8013,GRZ,false,Johnny Drama,Drama,743343162193477672,Active,2B,UTIL,L,5,1,2,4,,,,,Hunter West #4945,false,MLN,10,,Johnny,,10_8013
4003,8014,ASS,false,Turn Page,Page,580212717860683776,Active,RF,,R,2,3,3,4,,,,,Vishy#4767,false,MLN,10,,Turn,,10_8014
4004,8016,OGO,false,Robbie TIghtpants,Tightpants,710269966347141130,Active,C,COF,L,1,5,2,4,,,,,dhgrainger#9897,false,MLN,10,,Robbie,,10_8016
4005,8020,SUN,false,Lazer Dave,Dave,467395330158100485,Active,RF,,R,2,4,1,5,,,,,Lazer Dave#7721,false,MLN,10,,Lazer,,10_8020
4006,8021,ACP,true,Eir Thorson,Thorson,661682469120114689,GM Only,CF,,L,5,5,1,1,,,,,sojohnson13#3706,false,MLN,10,,Eir,,10_8021
4007,8023,SUN,false,Johnny B. Goode,Goode,401556713364389918,Active,CF,,R,4,3,2,3,,,,,VerifiedThing#3997,false,MLN,10,,Johnny B.,,10_8023
4008,8026,KC,false,Alexander West,West,384195152727506944,Active,1B,UTIL,L,5,1,1,5,,,,,DemBonez#7442,false,MLN,10,,Alexander,,10_8026
4009,8027,FA,false,Moob Chicago,Chicago,99969994074378240,Retired,P,,R,,,,,3,4,3,1,AntManSC#0813,false,MLN,10,,Moob,,10_8027
4010,8031,ACP,false,Dick Nutter VI,Nutter,303947621469519882,Active,2B,UTIL,R,3,1,5,3,,,,,pm_me_cute_sloths_#5233,false,MLN,10,VI,Dick,,10_8031
4011,8032,FA,false,toronto mans,mans,414842748219424778,Hiatus,P,,R,,,,,5,1,5,1,Cheatr#2938,false,MLN,10,,toronto,,10_8032
4012,8046,ACP,false,Hunter Scott,Scott,841095606172778527,Active,3B,UTIL,L,4,3,4,1,,,,,Turts#4456,false,MLN,10,,Hunter,,10_8046
4013,8047,OGO,false,Pete Morris,Morris,984793011953238056,Retired,P,,R,,,,,4,4,3,1,Yoosirnaym#2492,false,MLN,10,,Pete,,10_8047
4014,8048,ASS,false,Captain Trash,Trash,600459061653274625,Captain,P,,L,,,,,4,1,4,3,biggersean#2006,false,MLN,10,,Captain,,10_8048
4015,8049,SUN,false,Kries Von Kriestalhauser,Von Kriestalhauser,138118384645701632,Active,CF,,R,4,1,2,5,,,,,Chris Kriestinaf#7081,false,MLN,10,,Kries,,10_8049
4016,8051,SMD,false,James St. Louis,St. Louis,711782444491079720,Active,P,,R,,,,,2,5,2,3,chuckles79#7824,false,MLN,10,,James,,10_8051
4017,8053,SUN,false,Basil,Basil,340181106236325888,Active,SS,UTIL,R,3,3,1,5,,,,,Basil#9496,false,MLN,10,,,,10_8053
4018,8055,ret?,false,MELTZ Slander,Slander,534503933234774027,Active,SS,UTIL,R,5,5,1,1,,,,,MELTZ#1866,false,MLN,10,,MELTZ,,10_8055
4019,9001,RC,false,Harvey Burton,Burton,229630404603281408,Active,C,COF,R,3,4,2,3,,,,,Egglton#6732,false,MLN,10,,Harvey,,10_9001
4020,9003,HFX,false,Cash Considerations,Considerations,876116035374297088,Captain,RF,,L,4,4,2,2,,,,,Chop_80#0271,false,MLN,10,,Cash,,10_9003
4021,9007,BBEG,false,Cormac Goldhammer,Goldhammer,168904625997479936,Active,C,CINF,R,2,5,4,1,,,,,CardinalFool,false,MLN,10,,Cormac,,10_9007
4022,9009,GRZ,false,Jamal Fyre,Fyre,812872934149849098,Active,P,,R,,,,,4,1,5,2,Creatør!#0052,false,MLN,10,,Jamal,,10_9009
4023,9010,KC,false,Brent Chillwater,Chillwater,170720826557988865,Active,P,,L,,,,,5,3,1,3,Kelbo11#9768,false,MLN,10,,Brent,,10_9010
4024,9011,ASS,false,Lightning Volt,Volt,334281849616728064,Active,P,,R,,,,,4,1,4,3,Vo1tage#9736,false,MLN,10,,Lightning,,10_9011
4025,9013,CAR,false,Toastman,Toastman,478671938189918208,Captain,3B,C,R,5,1,5,1,,,,,jtcmule,false,MLN,10,,,,10_9013
4026,9014,POR,false,Jimmy Payne,Payne,718086107937636383,Captain,P,,L,,,,,1,5,1,5,wap#5966,false,MLN,10,,Jimmy,,10_9014
4027,9015,RC,false,Ratryox,Ratryox,1000667729684078673,Active,1B,UTIL,R,4,1,2,5,,,,,ratry0x#7178,false,MLN,10,,,,10_9015
4028,9016,KC,false,Virgil Aegis-Gunther,Aegis-Gunther,1149354651825737891,Active,P,,L,,,,,5,4,2,1,FootballFiend#8337,false,MLN,10,,Virgil,,10_9016
4029,9017,GRZ,false,Joe Yoshi,Yoshi,395757273785303050,Captain,SS,C,L,4,4,1,3,,,,,Zoom#3102,false,MLN,10,,Joe,,10_9017
4030,9019,KC,false,Dave Steib,Steib,397500246755901451,Active,2B,C,R,3,4,1,4,,,,,Tomás#4111,false,MLN,10,,Dave,,10_9019
4031,9020,ACP,false,Nathanial Swenson,Swenson,142645769730523136,Active,SS,UTIL,L,4,4,2,2,,,,,UltimateZing#6907,false,MLN,10,,Nathanial,,10_9020
4032,9021,POR,false,Moe Bambino,Bambino,132017499842674688,Active,CF,,L,4,3,1,4,,,,,Bambino#4164,false,MLN,10,,Moe,,10_9021
4033,9023,POR,false,Jihmih Elsher,Elsher,1018721510111838309,Active,SS,UTIL,R,2,5,1,4,,,,,Sandyman#7341,false,MLN,10,,Jihmih,,10_9023
4034,9024,REK,false,Calvin Ball,Ball,401599869275340800,Active,RF,,L,5,4,2,1,,,,,Vrain#3864,false,MLN,10,,Calvin,,10_9024
4035,9025,POR,false,Bryce Parker,Parker,246320369676451840,Active,SS,UTIL,R,4,4,2,2,,,,,Packer#8043,false,MLN,10,,Bryce,,10_9025
4036,9026,CAR,false,Billy Boi,Boi,430837870643642368,Active,SS,UTIL,R,2,4,1,5,,,,,Billythekid1701,false,MLN,10,,Billy,,10_9026
4037,9027,POR,false,Sleeper Sullivan,Sullivan,664132125393551372,Captain,C,COF,R,2,5,1,4,,,,,ann_114,false,MLN,10,,Sleeper,,10_9027
4038,9028,FA,false,Jaquavion Tavious,Tavious,418534952674787329,Active,CF,,L,3,2,2,5,,,,,Jaquaviontavious,false,MLN,10,,Jaquavion,,10_9028
4039,9030,OGO,false,Stu PunDous,PunDous,434533589279834124,Captain,2B,UTIL,R,5,1,1,5,,,,,doggery_,false,MLN,10,,Stu,,10_9030
4040,9031,MIA,false,Bob Nutting Jr,Nutting,413139322493992972,Active,SS,UTIL,R,5,1,5,1,,,,,The Auditor,false,MLN,10,Jr,Bob,,10_9031
4041,9032,FA,false,Damion Knox,Knox,564571522845507584,Active,1B,UTIL,R,4,2,3,3,,,,,WILDERKING135,false,MLN,10,,Damion,,10_9032
4042,9033,HFX,false,Francesco Hardgust,Hardgust,399062604972163082,Active,2B,UTIL,L,3,2,5,2,,,,,steaaamboat,false,MLN,10,,Francesco,,10_9033
4043,9034,ret?,false,Paul Blartacus,Blartacus,256974626947727371,Active,C,COF,R,2,2,4,4,,,,,PaulBlartacus,true,MLN,10,,Paul,,10_9034
4044,9036,OGO,false,Goaty McGoatFace,McGoatFace,464251755526488071,Active,2B,C,R,4,3,2,3,,,,,victorystar0,false,MLN,10,,Goaty,,10_9036
4045,9037,KC,true,Dayman Nightman,Nightman,347206793824436235,Active,1B,UTIL,L,3,3,3,3,,,,,fiercepenguin22,false,MLN,10,,Dayman,,10_9037
4046,9038,SMD,false,John McDonald Jr.,McDonald,170236047169552384,Active,C,CINF,L,3,5,2,2,,,,,roel.dh,true,MLN,10,Jr.,John,,10_9038
4047,9039,ACP,false,Hagumi Kitazawa,Kitazawa,337766574020624387,Captain,P,,L,,,,,4,1,2,5,bigredd17,true,MLN,10,,Hagumi,,10_9039
4048,9040,KC,false,Leopold Pollersbeck,Pollersbeck,147134307440394241,Captain,P,,R,,,,,4,4,2,2,minorbaconator,true,MLN,10,,Leopold,,10_9040
4049,9041,GRZ,false,Himmy Proton,Proton,1080268454357110874,Active,3B,UTIL,L,3,4,2,3,,,,,.CoachRice,true,MLN,10,,Himmy,,10_9041
4050,9042,RC,false,Maurice Cheeks,Cheeks,578346097961861130,Active,P,,R,,,,,4,2,5,1,rocsabs,true,MLN,10,,Maurice,,10_9042
4051,9043,ACP,false,Mack Quackerson,Quackerson,294505625604587531,Captain,C,COF,R,3,5,1,3,,,,,frathoss,true,MLN,10,,Mack,,10_9043
4052,9044,HFX,false,Strawberry Jones,Jones,422982444023808010,Captain,3B,UTIL,L,1,4,5,2,,,,,percnowitzki7893,true,MLN,10,,Strawberry,,10_9044
4053,10002,SUN,false,Pokey Fleece,Fleece,819315683321184257,Active,SS,UTIL,L,2,5,1,4,,,,,earlboykins.,true,MLN,10,,Pokey,,10_10002
4054,10003,POR,false,BANNED PLAYER,PLAYER,1108105916978569347,Active,C,COF,L,2,5,1,4,,,,,Dolphinenjoyer,true,MLN,10,,BANNED,,10_10003
4055,10004,MIA,false,BANNED PLAYER,PLAYER,1008772345005097080,Active,2B,UTIL,L,4,2,1,5,,,,,Mrbeats73,true,MLN,10,,BANNED,,10_10004
4056,10005,HFX,false,Chef Cook,Cook,325761515225350146,Active,2B,UTIL,R,4,3,2,3,,,,,dcook0308,true,MLN,10,,Chef,,10_10005
4057,10006,ASS,false,Sean Carrcrash,Carrcrash,412639627564810250,Active,LF,,R,3,3,1,5,,,,,icrashedmycarr,true,MLN,10,,Sean,,10_10006
4058,10007,POR,false,Henry Atombomb,Atombomb,837902403554377819,Active,P,,R,,,,,2,3,5,2,Thecolorofyellow,true,MLN,10,,Henry,,10_10007
4059,10008,OGO,false,Liru Liu,Liu,243920795754037259,Captain,P,,R,,,,,5,4,1,2,.liru.,true,MLN,10,,Liru,,10_10008
4060,10010,FA,false,Micah Dixon,Dixon,357330860892094465,Active,SS,UTIL,R,3,2,4,3,,,,,Shylo#0,true,MLN,10,,Micah,,10_10010
4061,10011,HFX,false,Arco Thunder,Thunder,390617765003788299,Active,CF,,R,3,2,4,3,,,,,arcothunder,true,MLN,10,,Arco,,10_10011
4062,10012,GHG,false,Mighty Mulder,Mulder,233337704564260865,Active,SS,UTIL,R,5,3,1,3,,,,,M1ghtyMulder,true,MLN,10,,Mighty,,10_10012
4063,10013,FA,false,Max Wasson,Wasson,134507698103255040,Active,1B,C,R,5,4,2,1,,,,,max_o_million,true,MLN,10,,Max,,10_10013
4064,10014,FA,false,Gordon Van Cecil,Van Cecil,954824804479926322,Active,3B,C,L,5,4,1,2,,,,,Roberts_Account#7765,true,MLN,10,,Gordon,,10_10014
4065,10015,RC,false,Sir Walks A Lot,Walks A Lot,630006557353967626,Active,2B,UTIL,R,2,5,1,4,,,,,thumbsticks,true,MLN,10,,Sir,,10_10015
4066,10016,HFX,false,Donny Doubleday,Doubleday,209118167186931712,Active,LF,,R,1,5,5,1,,,,,BravoCatt,true,MLN,10,,Donny,,10_10016
4067,10018,CAR,false,Lee Luda,Luda,252304067261497344,Active,LF,,L,5,1,1,5,,,,,.aerolite,true,MLN,10,,Lee,,10_10018
4068,10019,ACP,false,Twatt Barton,Barton,1013152458941403216,Active,P,,R,,,,,2,4,2,4,Joy9904,true,MLN,10,,Twatt,,10_10019
4069,10020,REK,false,Johnmaine Chupri,Chupri,197324763495006227,Active,3B,UTIL,R,4,1,2,5,,,,,Chupri,true,MLN,10,,Johnmaine,,10_10020
4070,10021,FA,false,Graham Cattleman,Cattleman,1165400334617804860,Active,3B,UTIL,L,4,2,4,2,,,,,Beers,true,MLN,10,,Graham,,10_10021
4071,10022,FA,false,3piece McNuggets,McNuggets,605947630882652191,Active,RF,,R,3,3,2,4,,,,,Raymondmarc,true,MLN,10,,3piece,,10_10022
4072,10023,SUN,false,Rex McStrange,McStrange,876211301142106132,Active,C,COF,L,3,5,3,1,,,,,Zedella,true,MLN,10,,Rex,,10_10023
4073,10024,ACP,false,Milo Kerrigan,Kerrigan,693027263062474782,Active,SS,UTIL,R,4,5,2,1,,,,,thebattlersprince,true,MLN,10,,Milo,,10_10024
4074,10025,SMD,false,Dark Brother,Brother,476906598795575308,Active,LF,,R,4,2,2,4,,,,,XDarkBrother,true,MLN,10,,Dark,,10_10025
4075,10026,RC,false,Bob Ross,Ross,1128544251068829708,Hiatus,RF,,R,4,2,4,2,,,,,Bobcat_In_Space,true,MLN,10,,Bob,,10_10026
4076,10027,SMD,false,Dingers McGee,McGee,874281806675992576,Captain,1B,UTIL,L,3,2,5,2,,,,,mrocks301,true,MLN,10,,Dingers,,10_10027
4077,10028,FA,false,Mo Watanabe,Watanabe,333219725670744075,Active,2B,C,L,3,4,1,4,,,,,ajackrowcha,true,MLN,10,,Mo,,10_10028
4078,10030,BBEG,false,Donny Dash,Dash,320050675843203075,Active,RF,,L,3,2,5,2,,,,,Twil3,true,MLN,10,,Donny,,10_10030
4079,10032,SUN,false,Schmidt Happens,Happens,496388256296992792,Active,CF,,L,4,2,3,3,,,,,dowhathappens89,true,MLN,10,,Schmidt,,10_10032
4080,10033,BBEG,false,Ichiro Rose,Rose,226827787208491008,Active,SS,UTIL,R,4,1,3,4,,,,,skurryboii,true,MLN,10,,Ichiro,,10_10033
4081,10034,FA,false,Chisana Boru,Boru,1179584386862153919,Active,2B,UTIL,L,5,3,1,3,,,,,thesnev,true,MLN,10,,Chisana,,10_10034
4082,10035,MIA,false,Man of Steal,Man of Steal,701671153911070842,Active,RF,,L,3,3,1,5,,,,,Unknown6969,true,MLN,10,,,,10_10035
4083,10036,GHG,false,Kyuss Kosades,Kosades,114948933041520640,Active,P,,R,,,,,3,3,5,1,dagoth.ur,true,MLN,10,,Kyuss,,10_10036
4084,10037,GHG,false,Skibidi McGyatt Jr.,McGyatt,396861641251356672,Active,RF,,R,4,4,2,2,,,,,wafflecakes_,true,MLN,10,Jr.,Skibidi,,10_10037
4085,10038,ACP,false,Javier Tootblan,Tootblan,296087264193282048,Active,2B,UTIL,R,3,2,4,3,,,,,xr41,true,MLN,10,,Javier,,10_10038
4086,10039,OGO,false,Osha Wott,Wott,336289751998922756,Active,1B,UTIL,R,3,1,4,4,,,,,xoukie,true,MLN,10,,Osha,,10_10039
4087,10040,SUN,false,Serengeti Fingers,Fingers,348669005214777344,Active,RF,,R,5,5,1,1,,,,,_riseup,true,MLN,10,,Serengeti,,10_10040
4088,10042,POR,false,Bingle Johnson,Johnson,296358617366659084,Active,RF,,L,5,5,1,1,,,,,desi9546,true,MLN,10,,Bingle,,10_10042
4089,10043,BBEG,false,Justin Trotter,Trotter,396687613655908362,Active,1B,UTIL,R,3,3,2,4,,,,,nickwise,true,MLN,10,,Justin,,10_10043
4090,10045,ASS,false,Jordan Kurdi,Kurdi,1138289450842075146,Active,P,,R,,,,,4,3,4,1,KingKurdi1,true,MLN,10,,Jordan,,10_10045
4091,10046,FA,false,Freddy Fitzgerald V,Fitzgerald,901489964557160478,Active,2B,UTIL,L,3,2,4,3,,,,,figurefarter,true,MLN,10,V,Freddy,,10_10046
4092,10047,KC,false,Saul Pewald,Pewald,419525278356733963,Active,C,COF,R,2,5,4,1,,,,,mikenom,true,MLN,10,,Saul,,10_10047
4093,10048,FA,false,Texan Two Gloves,Two Gloves,1008177794561363990,Active,CF,,R,4,3,1,4,,,,,TexanFootballLover,true,MLN,10,,Texan,,10_10048
4094,10049,RC,false,Guy Ledouche,Ledouche,385302863108243456,Active,C,,R,3,5,3,1,2,4,1,5,linkkjm,true,MLN,10,,Guy,,10_10049
4095,10059,RC,false,Richard Nixon,Nixon,947679976596058162,Active,P,,R,,,,,5,2,4,1,plutooo2,true,MLN,10,,Richard,,10_10059
4096,10060,SMD,false,Tatsuyoshi Kazunami,Kazunami,1194467774853025902,Active,2B,UTIL,L,4,3,3,2,,,,,subarashii_kantoku,true,MLN,10,,Tatsuyoshi,,10_10060
4097,10061,RC,false,Albert Pooholes,Pooholes,457351028694581276,Active,LF,,R,4,2,5,1,,,,,slaybraham,true,MLN,10,,Albert,,10_10061
4098,10062,ACP,false,Donald McRonald,McRonald,233774367761367040,Active,LF,,R,4,4,3,1,,,,,darthus.,true,MLN,10,,Donald,,10_10062
4099,10063,KC,false,Penguino,Penguino,667860394248765450,Active,LF,,L,4,3,1,4,,,,,Penguinothepenguin101,true,MLN,10,,,,10_10063
4100,10064,FA,false,Wes Rutherford Jr.,Rutherford,222628856354308096,Active,LF,,L,3,1,3,5,,,,,Ravensberg,true,MLN,10,Jr.,Wes,,10_10064
4101,10067,SMD,false,Holden Tudix,Tudix,198274387831422976,Active,CF,,L,5,1,1,5,,,,,IHateAP,true,MLN,10,,Holden,,10_10067
4102,10068,SUN,false,Skyy Moore,Moore,642904390096781325,Active,2B,UTIL,R,3,3,1,5,,,,,wyattcb,true,MLN,10,,Skyy,,10_10068
4103,5002,MIA,false,Guidooooo,Guidooooo,105512327293448192,Active,C,COF,R,5,1,1,5,,,,,tezlak,true,MLN,10,,,,10_5002
4104,10070,FA,false,John Applebees,Applebees,201951527772880896,Active,RF,,L,3,1,5,3,,,,,luffydix,true,MLN,10,,John,,10_10070
4105,10071,KC,false,Bobert Hideyoshi,Hideyoshi,293552417327415296,Active,C,CINF,L,3,5,3,1,,,,,TorchedPineapple#1898,true,MLN,10,,Bobert,,10_10071
4106,6020,CAR,false,Pope Coswi,Coswi,651598279556988934,Active,2B,UTIL,R,5,1,1,5,,,,,Coswi#3855,true,MLN,10,,Pope,,10_6020
4107,4010,ACP,false,Matthew Heskey,Heskey,237633230084374528,Active,RF,,L,5,4,2,1,,,,,"North, The Greatest Showman",true,MLN,10,,Matthew,,10_4010
4108,4067,FA,false,Dogwood Maple,Maple,552159012288856084,Active,2B,UTIL,R,1,5,5,1,,,,,dogwoodmaple#1747,true,MLN,10,,Dogwood,,10_4067
4109,10072,ACP,false,Copernicus Hel,Hel,883066878715654214,Active,CF,,L,4,1,2,5,,,,,shortboxed,true,MLN,10,,Copernicus,,10_10072
4110,10073,FA,false,Acuna Matata,Matata,332242020972232704,Active,1B,UTIL,R,4,1,3,4,,,,,Mattyjay2209,true,MLN,10,,Acuna,,10_10073
4111,10074,REK,false,Seth Kablamo,Kablamo,1116449637637816331,Active,SS,UTIL,R,5,4,2,1,,,,,sethkablamo,true,MLN,10,,Seth,,10_10074
4112,1098,KC,false,Kegs Mabry,Mabry,144267007175426048,Active,1B,UTIL,L,4,3,4,1,,,,,kegel.,true,MLN,10,,Kegs,,10_1098
4113,3073,MIA,false,Matt Himynamis,Himynamis,357712250041270273,Active,P,,R,,,,,5,5,1,1,Hi_mynameis_Matt#3175,true,MLN,10,,Matt,,10_3073
4114,10075,CAR,false,Guillermo Griffey III,Griffey III,693611722661036084,Active,RF,,L,3,1,3,5,,,,,guillermogriffeyiii,true,MLN,10,,Guillermo,,10_10075
4115,10076,POR,false,Lars Nootbaar Jr,Nootbaar Jr,343954490187055109,Active,SS,UTIL,L,3,3,2,4,,,,,CanaDan,true,MLN,10,,Lars,,10_10076
4116,10077,KC,false,Salsa Steve,Steve,135180418633695232,Active,LF,,R,1,2,4,5,,,,,icnatspel,true,MLN,10,,Salsa,,10_10077
4117,10078,POR,false,Jerk McGurkin,McGurkin,619573410132918322,Active,LF,,L,5,5,1,1,,,,,Bread_Lover,true,MLN,10,,Jerk,,10_10078
4118,10079,OGO,false,Swiffer Sweeper,Sweeper,243821280833437706,Active,SS,UTIL,R,4,1,2,5,,,,,mattebleu,true,MLN,10,,Swiffer,,10_10079
4119,10080,FA,false,Bobby Reeves II,Reeves II,906269859413909576,Active,C,CINF,L,3,4,2,3,,,,,tlt72,true,MLN,10,II,Bobby,,10_10080
4120,10081,OGO,false,Otto Beebe,Beebe,451188981602713611,Active,P,,L,,,,,3,3,5,1,mootmahsn,true,MLN,10,,Otto,,10_10081
4121,10082,ASS,false,Sterling Turlington,Turlington,258234836437827585,Active,P,,R,,,,,4,4,2,2,veritablequandary,true,MLN,10,,Sterling,,10_10082
4122,1001,RC,true,Crash Davis,Davis,293940505614483456,Active,C,CINF,R,3,4,4,1,,,,,Flying Spaghetti Hitchens#6329,false,MLN,11,,Crash,,11_1001
4123,1002,MIA,false,Garitek,Garitek,201437703328235520,Captain,C,COF,R,3,5,3,1,,,,,GareDr333#5369,false,MLN,11,,,,11_1002
4124,1004,SMD,true,Pops Dongoria,Dongoria,225468192443727873,GM Only,C,COF,R,4,5,1,2,,,,,timland33,false,MLN,11,,Pops,,11_1004
4125,1006,SMD,false,Smitty Hoppenscotch,Hoppenscotch,377826278004490240,Active,CF,,L,4,2,1,5,,,,,Natsochist#8041,false,MLN,11,,Smitty,,11_1006
4126,1008,SMD,false,Atlas Quin,Quin,148920755189579776,Active,P,,L,,,,,3,2,4,3,Pieanator#7542,false,MLN,11,,Atlas,,11_1008
4127,1012,SMD,false,Reservoir Butler,Butler,288768900169072641,Active,SS,C,R,4,2,1,5,,,,,ghostelephant#6650,false,MLN,11,,Reservoir,,11_1012
4128,1021,CAR,false,Q Kimbrel,Kimbrel,134478480862740480,Active,2B,UTIL,L,1,3,5,3,,,,,Cerb#8365,false,MLN,11,,Q,,11_1021
4129,1022,GHG,false,Chuck McCluster,McCluster,391473385768747008,Active,RF,,L,3,4,3,2,,,,,snipenberg#7197,false,MLN,11,,Chuck,,11_1022
4130,1023,SMD,false,Dan Gerzone,Gerzone,358438389160345600,Captain,2B,UTIL,R,3,1,4,4,,,,,Dan_Gerzone,false,MLN,11,,Dan,,11_1023
4131,1026,ACP,false,Angel Leon,Leon,240939239968210944,Active,P,,L,,,,,5,3,3,1,GK12303#1313,false,MLN,11,,Angel,,11_1026
4132,1027,RC,false,Thomas Nova,Nova,341669113430540301,Active,2B,UTIL,L,3,3,1,5,,,,,Daitryu#7669,false,MLN,11,,Thomas,,11_1027
4133,1028,HMH,false,Kenzie Haraldo,Haraldo,281586814471634945,Active,P,,L,,,,,4,2,4,2,mack#0894,false,MLN,11,,Kenzie,,11_1028
4134,1029,REK,false,Lefty Louis,Louis,326553566909300737,Active,1B,UTIL,L,5,1,5,1,,,,,lewislewes#3447,false,MLN,11,,Lefty,,11_1029
4135,1032,SUN,false,Charlie Scott,Scott,193883917055557642,Captain,1B,UTIL,L,3,3,1,5,,,,,SemiCharmedMike#9629,false,MLN,11,,Charlie,,11_1032
4136,1033,BBEG,true,Daz Reference,Reference,180498124823855104,Active,P,,R,,,,,4,3,2,3,Obscure_Reference#9129,false,MLN,11,,Daz,,11_1033
4137,1035,SUN,false,Chip Otle,Otle,213403960072077312,Active,2B,UTIL,L,4,2,1,5,,,,,mcastagnaro30#2558,false,MLN,11,,Chip,,11_1035
4138,1036,SMD,false,Spike Suzuki,Suzuki,398235187634503702,Active,RF,,R,4,4,2,2,,,,,xbijin#3776,false,MLN,11,,Spike,,11_1036
4139,1051,CAR,false,Superbone Threefinger,Threefinger,224327937720188928,Retired,1B,UTIL,L,5,4,1,2,,,,,23baseball3#3100,false,MLN,11,,Superbone,,11_1051
4140,1052,HMH,false,Zed Leona,Leona,177281342818484224,Active,C,CINF,R,4,5,1,2,,,,,Sleeper#2045,false,MLN,11,,Zed,,11_1052
4141,1054,HMH,false,Steve Hofbardozzi Jr. Jr. Jr.,Hofbardozzi,207143171128426496,Active,3B,UTIL,L,5,4,1,2,,,,,GeneticlyPerfct#0232,false,MLN,11,Jr. Jr. Jr.,Steve,,11_1054
4142,1055,HMH,true,Ozymandias Jones,Jones,131978039763402752,GM Only,LF,,L,4,3,1,4,,,,,AdmiralJones42#6648,false,MLN,11,,Ozymandias,,11_1055
4143,1058,HMH,false,Catfish Champ,Champ,259940190947246081,Active,CF,,L,5,3,1,3,,,,,amazingcowmilk#9713,false,MLN,11,,Catfish,,11_1058
4144,1061,HMH,false,Hudson Hildebrandt,Hildebrandt,285878316987056130,Active,P,,R,,,,,5,1,5,1,Hudson#0002,false,MLN,11,,Hudson,,11_1061
4145,1063,CAR,false,Alex Yaxley,Yaxley,345329173616787458,Captain,C,COF,R,1,5,5,1,,,,,BIGxM1KE#4625,false,MLN,11,,Alex,,11_1063
4146,1069,HMH,false,Rub A. Chikin,Chikin,373703526347440129,Active,2B,UTIL,L,5,1,1,5,,,,,rubachikin,false,MLN,11,,Rub A.,,11_1069
4147,1079,ACP,false,Babatunde Oladotun,Oladotun,401796234001514501,Retired,P,,R,,,,,4,2,3,3,Babatunde Oladotun#6470,false,MLN,11,,Babatunde,,11_1079
4148,1080,HMH,false,Commie Ohtani,Ohtani,211904717981220865,Active,LF,,R,3,2,4,3,,,,,kickthepony#5274,false,MLN,11,,Commie,,11_1080
4149,1082,GRZ,false,Basebally McBaseballface Jr.,McBaseballface,212687113634840580,Active,RF,,R,5,1,1,5,,,,,packattack#9827,false,MLN,11,Jr.,Basebally,,11_1082
4150,1083,GRZ,false,Tony Smehrik,Smehrik,185167161734594560,Active,P,,L,,,,,3,5,2,2,liebz#0795,false,MLN,11,,Tony,,11_1083
4151,1088,ACP,false,Stan Mann,Mann,298312382927732748,Active,3B,C,R,5,5,1,1,,,,,CelciusII#6336,false,MLN,11,,Stan,,11_1088
4152,1089,HMH,false,Jefferson Steelflex,Steelflex,187009663487836162,Active,CF,,L,5,1,1,5,,,,,Jeff Steelflex#0352,false,MLN,11,,Jefferson,,11_1089
4153,1099,ASS,false,Baron Samedi,Samedi,109574591738851328,Active,1B,UTIL,R,3,3,2,4,,,,,haunted#0371,false,MLN,11,,Baron,,11_1099
4154,1107,RLY,false,petra sabor,sabor,158306211568025600,Retired,P,,L,,,,,5,4,1,2,Petralikesbaseball#0016,false,MLN,11,,petra,,11_1107
4155,1108,GHG,false,Conor Sexton,Sexton,205443196401090561,Captain,1B,UTIL,L,3,3,4,2,,,,,YoloSwaggins#8690,false,MLN,11,,Conor,,11_1108
4156,1109,GHG,true,Dominus Nominus,Nominus,198821468317024256,GM Only,C,COF,R,5,5,1,1,,,,,steelermade28#8041,false,MLN,11,,Dominus,,11_1109
4157,1113,ACP,false,Cookie Mongster,Mongster,302242686281318400,Active,1B,UTIL,L,4,4,3,1,,,,,mongster_03#3405,false,MLN,11,,Cookie,,11_1113
4158,1119,HFX,false,Willie Mays Hayes,Hayes,433103168445087756,Active,1B,UTIL,R,4,2,1,5,,,,,WillieMaysHays#9546,false,MLN,11,,Willie Mays,,11_1119
4159,1122,GHG,false,Finkle Sparkles,Sparkles,243128381275766784,Active,P,,R,,,,,4,2,4,2,Einhornfarm#4830,false,MLN,11,,Finkle,,11_1122
4160,1131,GHG,false,KC Bats,Bats,322186326130556940,Active,LF,,R,4,2,2,4,,,,,kc3551#3802,false,MLN,11,,KC,,11_1131
4161,1133,REK,false,Hank Murphy,Murphy,382275235082403842,Active,C,COF,L,1,5,5,1,,,,,Hank Murphy#4997,false,MLN,11,,Hank,,11_1133
4162,1134,GHG,false,Ornn Mistborn,Mistborn,277638011124973571,Active,2B,UTIL,R,3,3,4,2,,,,,madno6#3209,false,MLN,11,,Ornn,,11_1134
4163,1135,HFX,false,Ryan Gastings,Gastings,194225767952023552,Active,P,,L,,,,,2,4,2,4,Aspence#3564,false,MLN,11,,Ryan,,11_1135
4164,1136,GHG,false,Mason Spurs,Spurs,200102896363241474,Active,SS,UTIL,L,5,2,2,3,,,,,spursygopher,false,MLN,11,,Mason,,11_1136
4165,1140,SMD,false,Bartholomew Crumblepuff,Crumblepuff,223279982091304960,Active,P,,L,,,,,3,2,4,3,Zod#3168,false,MLN,11,,Bartholomew,,11_1140
4166,1149,HMH,false,Garrett Evans,Evans,233003286943367169,Active,RF,,R,3,2,5,2,,,,,legacy3233#2024,false,MLN,11,,Garrett,,11_1149
4167,1150,FA,false,Ricky Vaughn,Vaughn,369553888723992578,Active,P,,R,,,,,4,1,4,3,See_You_Laterr#6448,false,MLN,11,,Ricky,,11_1150
4168,1153,REK,false,AALarry Longshot,Longshot,406898210804858884,Active,P,,R,,,,,3,2,4,3,TrickyTroy2#3950,false,MLN,11,,AALarry,,11_1153
4169,1156,SUN,true,Thomas Thompson III,Thompson,86858721061269504,Active,3B,UTIL,R,3,1,5,3,,,,,Barno#4078,false,MLN,11,III,Thomas,,11_1156
4170,1158,SUN,false,Master Cashier,Cashier,143034072787058688,Active,RF,,R,3,5,1,3,,,,,MasterCashier#1114,false,MLN,11,,Master,,11_1158
4171,1162,RC,false,Nate Lewis,Lewis,183513716166230017,Captain,CF,,L,3,3,1,5,,,,,_kinara,false,MLN,11,,Nate,,11_1162
4172,1164,FA,false,Zin Martinez,Martinez,345191609098567680,Active,RF,,L,5,3,2,2,,,,,Wilbur Forrester Wood#1106,false,MLN,11,,Zin,,11_1164
4173,1165,GRZ,false,Dropov Andpicov,Andpicov,166308180668710912,Retired,3B,UTIL,L,4,3,2,3,,,,,Shambox#6584,false,MLN,11,,Dropov,,11_1165
4174,1166,BBEG,false,Ecliptic Astrum,Astrum,212087762172510210,Retired,C,CINF,L,1,5,1,5,,,,,Ecliptic#3662,false,MLN,11,,Ecliptic,,11_1166
4175,1169,HMH,false,Jerome Garcia,Garcia,131971501153845248,Active,2B,UTIL,R,5,3,3,1,,,,,UnironicU2Defender#7767,false,MLN,11,,Jerome,,11_1169
4176,1174,BBEG,false,Mad Monty,Monty,454284112165863434,Captain,P,,L,,,,,4,4,1,3,Mad_Monty#0578,false,MLN,11,,Mad,,11_1174
4177,1180,BBEG,false,War Hamster,Hamster,238569734185025536,Active,2B,UTIL,R,5,2,1,4,,,,,Warhamster#9295,false,MLN,11,,War,,11_1180
4178,1186,GRZ,false,Francis Herman Swagger,Swagger,402556009736044544,Active,LF,,R,2,4,4,2,,,,,bellysk8er2005#9850,false,MLN,11,,Francis Herman,,11_1186
4179,1194,FA,false,Rickey Tucker,Tucker,334203993607766017,Active,LF,,L,5,5,1,1,,,,,amesker#3310,false,MLN,11,,Rickey,,11_1194
4180,1201,HMH,false,Mylo Grams,Grams,342097160122269698,Active,C,COF,L,1,5,5,1,,,,,Mylo Grams- Toronto C#9559,false,MLN,11,,Mylo,,11_1201
4181,1206,GHG,false,Meerkat Preller,Preller,383477937699029003,Active,P,,L,,,,,4,5,1,2,ConstantQuarreling#0175,false,MLN,11,,Meerkat,,11_1206
4182,1208,BBEG,false,Bace Ventura,Ventura,488754199245357073,Active,CF,,L,4,1,3,4,,,,,GKG1214#5442,false,MLN,11,,Bace,,11_1208
4183,1217,HFX,false,Johnny Dickshot,Dickshot,346750558901764117,Active,SS,UTIL,R,4,4,2,2,,,,,Number1Dork#7344,false,MLN,11,,Johnny,,11_1217
4184,2002,SUN,false,Assassin Xekutioner,Xekutioner,385236196659560448,Active,3B,UTIL,L,2,2,3,5,,,,,The Xekutioner#6921,false,MLN,11,,Assassin,,11_2002
4185,2010,HMH,false,Skillz Simanek,Simanek,511617020408889354,Active,SS,UTIL,L,3,2,4,3,,,,,tsimaskillz#3401,false,MLN,11,,Skillz,,11_2010
4186,2020,ASS,true,Demetrios Ooga,Ooga,319330358636314634,Active,3B,C,L,1,5,1,5,,,,,oogadebob#9787,false,MLN,11,,Demetrios,,11_2020
4187,2032,SUN,false,Kali McSuntas,McSuntas,181238139539423232,Active,P,,L,,,,,5,2,1,4,Jaera#1246,false,MLN,11,,Kali,,11_2032
4188,2044,BBEG,false,Maud Nelson,Nelson,514543440709812245,Active,SS,UTIL,L,4,3,4,1,,,,,dianaswrld#4135,false,MLN,11,,Maud,,11_2044
4189,2047,BBEG,false,Calvin Huff,Huff,507717034893901824,Captain,CF,,R,4,2,4,2,,,,,mak0shark7,false,MLN,11,,Calvin,,11_2047
4190,2055,REK,false,AAAHarry Peritestes,Peritestes,268566559746686986,Active,2B,UTIL,R,4,1,2,5,,,,,Jpulto#1431,false,MLN,11,,AAAHarry,,11_2055
4191,2056,REK,true,Huge Yakman,Yakman,466035881682141185,Active,RF,,R,5,2,1,4,,,,,Vulfzilla#1245,false,MLN,11,,Huge,,11_2056
4192,2057,REK,true,Jack Alpha,Alpha,378210771005341698,Active,3B,UTIL,R,5,1,2,4,,,,,androidsen#8466,false,MLN,11,,Jack,,11_2057
4193,2066,BBEG,false,Talon Wingdiver,Wingdiver,133823669712453632,Active,LF,,R,5,3,1,3,,,,,q77e,false,MLN,11,,Talon,,11_2066
4194,2075,SMD,false,Copenhagen Black,Black,470202656992919553,Active,3B,UTIL,L,4,3,3,2,,,,,NolaGumbeaux41#8934,false,MLN,11,,Copenhagen,,11_2075
4195,2078,HMH,false,Rascal Alex,Alex,131978039763402752,Active,P,,L,,,,,2,4,3,3,Avdo#9090,false,MLN,11,,Rascal,,11_2078
4196,2080,FA,false,Junebug Wray,Wray,144969605977341953,Active,RF,,R,1,1,5,5,,,,,Joester09#1816,false,MLN,11,,Junebug,,11_2080
4197,2082,HMH,false,Dixon Uraz,Uraz,148580118179217410,Active,SS,UTIL,R,1,1,5,5,,,,,Club_toast#4313,false,MLN,11,,Dixon,,11_2082
4198,2083,POR,false,Dylan Green,Green,172167687143817217,Retired,2B,UTIL,L,3,3,5,1,,,,,DylanG5#4899,false,MLN,11,,Dylan,,11_2083
4199,2086,CAR,false,Anna De Neko,De Neko,1287969952674086934,Active,3B,C,R,1,5,1,5,,,,,annaekstrum,false,MLN,11,,Anna,,11_2086
4200,2094,REK,false,JZ (but not the rapper),JZ,254774534274547713,Active,C,CINF,L,3,5,3,1,,,,,JZKITTY#3143,false,MLN,11,(but not the rapper),,,11_2094
4201,2096,GRZ,false,Adam Croft,Croft,208429483059970050,Active,P,,L,,,,,5,4,1,2,.Nectar,false,MLN,11,,Adam,,11_2096
4202,2097,ASS,false,Dirtbag Darrell,Darrell,438226264608735232,Active,SS,UTIL,L,5,1,1,5,,,,,Wildcard09,false,MLN,11,,Dirtbag,,11_2097
4203,2104,REK,false,Bobby Portis,Portis,383444903344078848,Active,P,,R,,,,,5,4,1,2,jackvd#1878,false,MLN,11,,Bobby,,11_2104
4204,2107,GRZ,false,Kalin Young,Young,273639536804757514,Active,SS,UTIL,R,1,5,5,1,,,,,Kyounggun#9129,false,MLN,11,,Kalin,,11_2107
4205,3005,HFX,false,Pablo Sanchez,Sanchez,484386566249119760,Active,P,,R,,,,,5,4,2,1,matt2930#7229,false,MLN,11,,Pablo,,11_3005
4206,3007,GRZ,false,Salvatore De Luca,De Luca,92127213410865152,Captain,C,COF,L,2,5,4,1,,,,,HolyHamGrenade#5701,false,MLN,11,,Salvatore,,11_3007
4207,3010,ACP,false,Jarey Butts,Butts,246828880848093185,Active,LF,,R,3,2,4,3,,,,,Jurd#9852,false,MLN,11,,Jarey,,11_3010
4208,3011,SMD,false,December Beckett,Beckett,443829816752340994,Active,P,,R,,,,,4,3,2,3,Jaysword#3811,false,MLN,11,,December,,11_3011
4209,3015,CAR,false,"Jason ""Dead"" Redd",Redd,485217045408120833,Retired,P,,R,,,,,5,3,3,1,deadredd,false,MLN,11,,"Jason ""Dead""",,11_3015
4210,3027,GRZ,false,Diego Medina,Medina,159766338833874944,Active,CF,,R,1,5,5,1,,,,,Diego#5535,false,MLN,11,,Diego,,11_3027
4211,3039,MIA,true,Bob Winn,Winn,206833217678868480,Active,CF,,R,5,1,1,5,,,,,TBKLarry#1903,false,MLN,11,,Bob,,11_3039
4212,3043,KC,false,Keyo,Keyo,114529305219956739,Active,C,CINF,L,4,5,2,1,,,,,Keyo#2641,false,MLN,11,,,,11_3043
4213,3048,CAR,false,Ryan Sir-Wondery,Sir-Wondery,223980930975399937,Active,P,,L,,,,,4,2,4,2,SoneRandomPerson#2533,false,MLN,11,,Ryan,,11_3048
4214,3049,GHG,false,Ferda Bois,Bois,667135868477374485,Active,P,,R,,,,,5,5,1,1,itbemason,false,MLN,11,,Ferda,,11_3049
4215,3053,REK,false,XxXJuniJuni PandaXxX,PandaXxX,121871011091185664,Active,P,,L,,,,,2,5,4,1,Juniped,false,MLN,11,,XxXJuniJuni,,11_3053
4216,3054,REK,true,Paulie Wag,Wag,139926308644847616,GM Only,C,CINF,L,3,3,3,3,,,,,pelochyta #9978,false,MLN,11,,Paulie,,11_3054
4217,3056,ASS,false,Donatello Chalupa,Chalupa,197068139073110016,Active,RF,,L,5,2,1,4,,,,,Jslamas,false,MLN,11,,Donatello,,11_3056
4218,3057,POR,false,Speedo Meter,Meter,213354112434044931,Active,CF,,R,3,3,1,5,,,,,EricS53 #2544,false,MLN,11,,Speedo,,11_3057
4219,3061,BBEG,false,Trog Smash,Smash,264255447786192896,Retired,3B,UTIL,L,2,3,5,2,,,,,Xianthres,false,MLN,11,,Trog,,11_3061
4220,3066,REK,false,AAAAAAAAAAThor,AAAAAAAAAAThor,349359777220001793,Captain,C,COF,R,1,5,4,2,,,,,Qomsday#7405,false,MLN,11,,,,11_3066
4221,3069,SUN,false,Wallace Grommet,Grommet,476558347634475028,Active,P,,L,,,,,3,4,2,3,kaylittle6,false,MLN,11,,Wallace,,11_3069
4222,3077,FA,false,Derek Bongiovanni,Bongiovanni,291738770313707521,Active,C,CINF,R,1,5,1,5,,,,,Dbon,false,MLN,11,,Derek,,11_3077
4223,3079,REK,false,Isaac Snowbender,Snowbender,140306370359459840,Active,LF,,L,3,2,2,5,,,,,mvh1015#6260,false,MLN,11,,Isaac,,11_3079
4224,3080,ASS,false,Jeff Dingerhitter,Dingerhitter,263888354179809280,Active,2B,UTIL,R,3,2,4,3,,,,,Woj#6097,false,MLN,11,,Jeff,,11_3080
4225,3084,GRZ,true,Ryan Tyburn,Tyburn,334144448873365504,Active,LF,,R,5,5,1,1,,,,,Tyburn#0651,false,MLN,11,,Ryan,,11_3084
4226,3088,GRZ,false,Yoel Roshi,Roshi,293180794124632074,Active,1B,UTIL,L,5,3,1,3,,,,,pyrolola#2993,false,MLN,11,,Yoel,,11_3088
4227,3089,SUN,false,Joey Wheeler,Wheeler,389269825425375233,Active,P,,L,,,,,5,3,2,2,gosling3,false,MLN,11,,Joey,,11_3089
4228,3091,REK,false,AAAAntilles Zelk,Zelk,250094459721613315,Captain,P,,L,,,,,4,4,1,3,CaptainSolo96#0006,false,MLN,11,,AAAAntilles,,11_3091
4229,4000,HFX,false,King Kruul,Kruul,246762932703068162,Active,1B,UTIL,L,1,5,5,1,,,,,LefLop#4771,false,MLN,11,,King,,11_4000
4230,4004,RLY,false,R'lyeh Reid,Reid,240572831333613569,Active,SS,UTIL,L,1,5,5,1,,,,,Reno ◢ ◤#1997,false,MLN,11,,R'lyeh,,11_4004
4231,4007,HFX,false,Reese Worthington,Worthington,554004612797956106,Active,LF,,L,3,3,3,3,,,,,RockM888#6275,false,MLN,11,,Reese,,11_4007
4232,4011,RC,false,Mitch Meanmug,Meanmug,294497117467181056,Active,P,,R,,,,,4,3,3,2,fermatajack,false,MLN,11,,Mitch,,11_4011
4233,4015,SMD,false,Plack Attack,Attack,473845222514884610,Active,C,COF,R,4,5,1,2,,,,,MU | Teztify#9523,false,MLN,11,,Plack,,11_4015
4234,4021,SMD,false,Jeff Shagwell,Shagwell,209183193436258304,Active,1B,UTIL,L,3,1,5,3,,,,,MattDaddio,false,MLN,11,,Jeff,,11_4021
4235,4040,REK,false,Trogdor Fhqwhgads,Fhqwhgads,545406706038079520,Active,SS,UTIL,L,5,5,1,1,,,,,Haniger's Grenade#9160,false,MLN,11,,Trogdor,,11_4040
4236,4044,FA,false,Ura Irons,Irons,326427060438433792,Active,RF,,L,3,3,3,3,,,,,Arujento#7149,false,MLN,11,,Ura,,11_4044
4237,4045,RC,false,Dakota Carolina Montana,Montana,276829932439470081,Active,P,,R,,,,,3,4,2,3,Dakota Carolina Montana#4635,false,MLN,11,,Dakota Carolina,,11_4045
4238,4048,FA,false,Mike Fruitstand,Fruitstand,202273074261917697,Active,2B,UTIL,R,5,1,1,5,,,,,ItsJustFruity#8827,false,MLN,11,,Mike,,11_4048
4239,4069,RC,false,Hot Dog Jeopardy,Jeopardy,121792167361511424,Active,3B,UTIL,L,2,3,4,3,,,,,Big Botto m#1067,false,MLN,11,,Hot Dog,,11_4069
4240,4070,CAR,false,Ioe Torrent,Torrent,130834533460344832,Active,LF,,L,4,2,5,1,,,,,Ioe#4493,false,MLN,11,,Ioe,,11_4070
4241,4072,RLY,false,Nicholas Fouss,Fouss,182233101349421067,Active,LF,,L,3,3,1,5,,,,,superfish1205#8463,false,MLN,11,,Nicholas,,11_4072
4242,4073,KC,false,Kancing Mutlak,Mutlak,362064637509763085,Active,P,,R,,,,,2,2,4,4,G2019#0639,false,MLN,11,,Kancing,,11_4073
4243,4078,HMH,false,Sleve McDichael,McDichael,350765214288838666,Active,P,,R,,,,,5,1,3,3,megalo#7735,false,MLN,11,,Sleve,,11_4078
4244,5007,GHG,false,Gas House Gorillas,Gorillas,585560973658685440,Active,LF,,R,5,5,1,1,,,,,richard#6782,false,MLN,11,,Gas House,,11_5007
4245,5011,ASS,false,Mo Mo,Mo,193154424242307072,Captain,C,COF,R,2,5,1,4,,,,,MoJungo#6335,false,MLN,11,,Mo,,11_5011
4246,5014,BBEG,false,Sheridan Blackstone,Blackstone,372069117005660161,Active,P,,R,,,,,4,4,2,2,xFireRavenx#1221,false,MLN,11,,Sheridan,,11_5014
4247,5017,MIA,false,Makesiondon Kelkboom,Kelkboom,477216596667006996,Active,3B,UTIL,L,5,1,1,5,,,,,Tenny1917,false,MLN,11,,Makesiondon,,11_5017
4248,5018,RLY,false,Brian Taylor,Taylor,263736081000824832,Active,C,COF,L,4,5,1,2,,,,,beeguy75,false,MLN,11,,Brian,,11_5018
4249,5021,HFX,false,Kenny Kawaguchi,Kawaguchi,531710311523418132,Retired,SS,UTIL,R,3,3,2,4,,,,,kennyk#1010,false,MLN,11,,Kenny,,11_5021
4250,5022,GHG,false,Franz Lisztpitcher,Lisztpitcher,94622501870510080,Captain,3B,UTIL,L,5,1,1,5,,,,,Randy#9263,false,MLN,11,,Franz,,11_5022
4251,5029,GHG,false,Peoples Champ,Champ,150833402453557249,Active,C,COF,R,5,5,1,1,,,,,kowboy#5334,false,MLN,11,,Peoples,,11_5029
4252,5030,ASS,false,Dirk Digglet,Digglet,636749752683200523,Active,C,CINF,R,2,5,1,4,,,,,Lancer52,false,MLN,11,,Dirk,,11_5030
4253,5032,CAR,false,Sander Entman,Entman,148506025773760512,Active,RF,,L,4,3,1,4,,,,,Holo_Icy_Holo#9537,false,MLN,11,,Sander,,11_5032
4254,5040,CAR,false,Juju's Snorlax,Snorlax,234174459756412928,Active,1B,UTIL,R,3,1,5,3,,,,,Good Juju#5950,false,MLN,11,,Juju's,,11_5040
4255,6004,ASS,false,Bony Skellinger,Skellinger,613893115455209494,Captain,3B,UTIL,L,4,2,2,4,,,,,Bonesy McSkellington#3120,false,MLN,11,,Bony,,11_6004
4256,6005,FA,false,Borg Torbjorgsson,Torbjorgsson,246488195682795521,Active,SS,UTIL,R,4,4,2,2,,,,,^matt#5616,false,MLN,11,,Borg,,11_6005
4257,6009,ASS,false,Hannibal Bligh,Bligh,368954518907387904,Captain,1B,UTIL,L,3,3,5,1,,,,,ArmadilloPenguin,false,MLN,11,,Hannibal,,11_6009
4258,6010,REK,false,Homer Knocker,Knocker,153354503662469131,Active,CF,,R,5,2,1,4,,,,,Cable^3#3200,false,MLN,11,,Homer,,11_6010
4259,6011,HFX,true,Joe Pidgeon,Pidgeon,430014697174073364,Active,C,COF,R,3,4,4,1,,,,,AnAngryPidgeon#7526,false,MLN,11,,Joe,,11_6011
4260,6013,HFX,false,Lane Drew,Drew,215354400720420866,Active,P,,L,,,,,3,3,4,2,Stride,false,MLN,11,,Lane,,11_6013
4261,6022,RLY,false,Six,Six,434926278832029696,Active,P,,L,,,,,3,3,5,1,sixhausen,false,MLN,11,,,,11_6022
4262,6029,FA,false,Scherbie Fully-Loaded,Fully-Loaded,245291720730738688,Active,CF,,R,5,1,1,5,,,,,Scherbie#3148,false,MLN,11,,Scherbie,,11_6029
4263,6031,POR,false,Captain Rex,Rex,424366248780890121,Active,1B,UTIL,L,3,5,2,2,,,,,Canner234#3934,false,MLN,11,,Captain,,11_6031
4264,6049,KC,false,NoodleArmBigPowerODoyleetc,NoodleArmBigPowerODoyleetc,566239287713202187,Captain,RF,,R,5,1,1,5,,,,,n8n#8421,false,MLN,11,,,,11_6049
4265,7004,RLY,false,Peter Hoomanawanui,Hoomanawanui,160535653178802177,Active,LF,,R,5,1,1,5,,,,,Idntwannabefamous#2485,false,MLN,11,,Peter,,11_7004
4266,7006,BBEG,false,Pel OQuinn,OQuinn,220293896729526272,Active,C,CINF,R,5,5,1,1,,,,,Peloquinn#4067,false,MLN,11,,Pel,,11_7006
4267,7007,GHG,false,Kenny Powers,Powers,277907298112765952,Active,CF,,L,5,1,4,2,,,,,Mike22#3639,false,MLN,11,,Kenny,,11_7007
4268,7011,FA,false,Derek Rasmussen,Rasmussen,636682142407196702,Retired,CF,,R,3,5,1,3,,,,,bdh1010#7958,false,MLN,11,,Derek,,11_7011
4269,7012,POR,false,CJ Ayer,Ayer,716293515864440905,Active,2B,UTIL,R,3,3,5,1,,,,,Zeltrox #0126,false,MLN,11,,CJ,,11_7012
4270,7014,CAR,false,Doc Dockerson,Dockerson,514984390103793679,Active,P,,R,,,,,4,3,3,2,Leaffan139#9702,false,MLN,11,,Doc,,11_7014
4271,7016,ASS,true,Ovaltine,Ovaltine,244495939941695488,Active,LF,,L,4,2,3,3,,,,,oh Toaster#8721,false,MLN,11,,,,11_7016
4272,7017,BBEG,false,Juan Sexton,Sexton,827370007943053364,Active,2B,UTIL,R,3,5,1,3,,,,,snipinsexton#9209,false,MLN,11,,Juan,,11_7017
4273,7018,GHG,false,Y.E. Wally,Wally,345314811405402112,Active,2B,UTIL,R,5,1,1,5,,,,,Y. E. Wally#8208,false,MLN,11,,Y.E.,,11_7018
4274,7020,SUN,false,Sonar McDeuceski,McDeuceski,234155536210198528,Captain,P,,R,,,,,5,4,2,1,Sonar#6969,false,MLN,11,,Sonar,,11_7020
4275,7021,KC,false,Dutch Boggs,Boggs,166930309583994880,Active,SS,UTIL,L,4,2,1,5,,,,,heylookjorge#6136,false,MLN,11,,Dutch,,11_7021
4276,7022,SMD,false,Meat Wad,Wad,158398522859716612,Active,CF,,L,3,4,1,4,,,,,slothfacekilla#7809,false,MLN,11,,Meat,,11_7022
4277,7023,MIA,false,Mickey May,May,748283643775942777,Active,P,,R,,,,,4,5,2,1,RainDance17#8447,false,MLN,11,,Mickey,,11_7023
4278,7027,POR,true,Kevin James,James,713100553214755267,Active,P,,L,,,,,3,3,5,1,Swarm#3461,false,MLN,11,,Kevin,,11_7027
4279,7028,CAR,false,Perome Jeterson,Jeterson,229060203771985921,Active,SS,UTIL,R,5,5,1,1,,,,,rhezz#9750,false,MLN,11,,Perome,,11_7028
4280,7031,KC,false,Fatts Richard,Richard,757379787340906587,Active,1B,UTIL,R,4,2,3,3,,,,,yaboimorey#8575,false,MLN,11,,Fatts,,11_7031
4281,7032,CAR,false,Neco Arc Enjoyer,Enjoyer,548238989006733322,Retired,RF,,R,5,5,1,1,,,,,Yannykai#6696,false,MLN,11,,Neco Arc,,11_7032
4282,7033,REK,false,kilo,kilo,521856020889337867,Active,CF,,L,5,1,1,5,,,,,Fulano#8013,false,MLN,11,,,,11_7033
4283,7034,FA,false,G Baby,Baby,887367673678270564,Active,P,,R,,,,,3,5,2,2,broski_ICE#9693,false,MLN,11,,G,,11_7034
4284,7035,KC,false,Princess Peach,Peach,157986981882757121,Active,P,,R,,,,,2,3,2,5,KCPeach#2448,false,MLN,11,,Princess,,11_7035
4285,7038,ACP,false,Raffy Benitez,Benitez,311657913351667722,Active,CF,,R,5,1,1,5,,,,,BenTheThrill_7#8665,false,MLN,11,,Raffy,,11_7038
4286,7039,KC,false,Mr Plow,Plow,496806261778808843,Captain,3B,UTIL,L,5,1,1,5,,,,,BillyIn4C#6782,false,MLN,11,,Mr,,11_7039
4287,7045,SUN,false,Jimmy Pop,Pop,365319131106377750,Active,1B,UTIL,L,2,2,3,5,,,,,wlupike#5721,false,MLN,11,,Jimmy,,11_7045
4288,8002,HFX,false,Trevor Rose,Rose,499385337383092235,Captain,P,,R,,,,,4,2,4,2,trexxy2#1529,false,MLN,11,,Trevor,,11_8002
4289,8006,RLY,true,Gnome Chomsky,Chomsky,339430572374097921,Active,C,CINF,R,1,5,1,5,,,,,DrDomePhD#7657,false,MLN,11,,Gnome,,11_8006
4290,8008,POR,false,Guy Gilwater,Gilwater,369294700961595393,Active,3B,UTIL,L,3,3,1,5,,,,,GilPellaeon#8115,false,MLN,11,,Guy,,11_8008
4291,8013,GRZ,false,Johnny Drama,Drama,743343162193477672,Active,2B,UTIL,L,5,1,2,4,,,,,Hunter West #4945,false,MLN,11,,Johnny,,11_8013
4292,8014,ASS,false,Turn Page,Page,580212717860683776,Active,CF,,R,2,3,3,4,,,,,Vishy#4767,false,MLN,11,,Turn,,11_8014
4293,8016,RLY,false,Robbie TIghtpants,TIghtpants,710269966347141130,Active,C,CINF,L,1,5,2,4,,,,,dhgrainger#9897,false,MLN,11,,Robbie,,11_8016
4294,8020,SUN,false,Lazer Dave,Dave,467395330158100485,Hiatus,RF,,R,3,2,5,2,,,,,Lazer Dave#7721,false,MLN,11,,Lazer,,11_8020
4295,8021,ACP,true,Eir Thorson,Thorson,661682469120114689,GM Only,1B,UTIL,L,2,5,4,1,,,,,sojohnson13#3706,false,MLN,11,,Eir,,11_8021
4296,8023,SUN,false,Johnny B. Goode,Goode,401556713364389918,Active,LF,,R,4,3,2,3,,,,,VerifiedThing#3997,false,MLN,11,,Johnny B.,,11_8023
4297,8046,ACP,false,Hunter Scott,Scott,841095606172778527,Active,SS,UTIL,L,4,3,4,1,,,,,Turts#4456,false,MLN,11,,Hunter,,11_8046
4298,8048,ASS,false,Captain Trash,Trash,600459061653274625,Active,P,,L,,,,,4,1,2,5,biggersean#2006,false,MLN,11,,Captain,,11_8048
4299,8049,SUN,false,Kries Von Kriestalhauser,Von Kriestalhauser,138118384645701632,Active,CF,,R,4,1,2,5,,,,,Chris Kriestinaf#7081,false,MLN,11,,Kries,,11_8049
4300,8051,SMD,false,James St. Louis,St. Louis,711782444491079720,Active,P,,R,,,,,2,5,2,3,chuckles79#7824,false,MLN,11,,James,,11_8051
4301,8053,SUN,false,Basil,Basil,340181106236325888,Retired,SS,UTIL,R,3,3,1,5,,,,,Basil#9496,false,MLN,11,,,,11_8053
4302,9001,RC,false,Harvey Burton,Burton,229630404603281408,Active,C,COF,R,3,4,2,3,,,,,Egglton#6732,false,MLN,11,,Harvey,,11_9001
4303,9003,HFX,false,Cash Considerations,Considerations,876116035374297088,Captain,RF,,L,4,4,2,2,,,,,Chop_80#0271,false,MLN,11,,Cash,,11_9003
4304,9007,BBEG,false,Markus Birke,Birke,168904625997479936,Active,P,,L,,,,,5,3,3,1,CardinalFool,false,MLN,11,,Markus,,11_9007
4305,9009,GRZ,false,Jamal Fyre,Fyre,812872934149849098,Active,P,,R,,,,,4,1,5,2,Creatør!#0052,false,MLN,11,,Jamal,,11_9009
4306,9010,KC,false,Brent Chillwater,Chillwater,170720826557988865,Active,P,,L,,,,,5,3,1,3,Kelbo11#9768,false,MLN,11,,Brent,,11_9010
4307,9011,ASS,false,Lightning Volt,Volt,334281849616728064,Active,P,,R,,,,,4,1,4,3,Vo1tage#9736,false,MLN,11,,Lightning,,11_9011
4308,9013,CAR,false,Toastman,Toastman,478671938189918208,Captain,3B,C,R,1,5,1,5,,,,,jtcmule,false,MLN,11,,,,11_9013
4309,9014,POR,false,Jimmy Payne,Payne,718086107937636383,Captain,LF,,L,2,2,4,4,,,,,wap#5966,false,MLN,11,,Jimmy,,11_9014
4310,9015,RC,false,Ratryox,Ratryox,1000667729684078673,Active,1B,UTIL,R,4,1,2,5,,,,,ratry0x#7178,false,MLN,11,,,,11_9015
4311,9016,FA,false,Virgil Aegis-Gunther,Aegis-Gunther,1149354651825737891,Active,P,,L,,,,,5,4,2,1,FootballFiend#8337,false,MLN,11,,Virgil,,11_9016
4312,9017,GRZ,false,Joe Yoshi,Yoshi,395757273785303050,Captain,SS,C,L,4,4,1,3,,,,,Zoom#3102,false,MLN,11,,Joe,,11_9017
4313,9019,KC,false,Dave Steib,Steib,397500246755901451,Active,2B,C,R,3,4,1,4,,,,,Tomás#4111,false,MLN,11,,Dave,,11_9019
4314,9020,ACP,false,Nathanial Swenson,Swenson,142645769730523136,Captain,P,,L,,,,,5,1,3,3,UltimateZing#6907,false,MLN,11,,Nathanial,,11_9020
4315,9021,POR,false,Moe Bambino,Bambino,132017499842674688,Retired,CF,,L,4,3,1,4,,,,,Bambino#4164,false,MLN,11,,Moe,,11_9021
4316,9023,MIA,false,Jihmih Elsher,Elsher,1018721510111838309,Active,SS,UTIL,R,1,5,1,5,,,,,Sandyman#7341,false,MLN,11,,Jihmih,,11_9023
4317,9024,KC,false,Calvin Ball,Ball,401599869275340800,Active,2B,UTIL,L,5,4,2,1,,,,,Vrain19,false,MLN,11,,Calvin,,11_9024
4318,9025,CAR,false,Bryce Parker,Parker,246320369676451840,Active,CF,,R,2,5,1,4,,,,,.packer,false,MLN,11,,Bryce,,11_9025
4319,9026,FA,false,Billy Boi,Boi,430837870643642368,Active,SS,UTIL,R,2,4,1,5,,,,,Billythekid1701,false,MLN,11,,Billy,,11_9026
4320,9027,POR,false,Sleeper Sullivan,Sullivan,664132125393551372,Captain,C,CINF,R,2,5,1,4,,,,,ann_114,false,MLN,11,,Sleeper,,11_9027
4321,9030,RLY,false,Stu PunDous,PunDous,434533589279834124,Captain,1B,UTIL,R,4,3,2,3,,,,,doggery_,false,MLN,11,,Stu,,11_9030
4322,9031,MIA,false,Bob Nutting Jr,Nutting,413139322493992972,Active,SS,UTIL,R,5,1,5,1,,,,,The Auditor,false,MLN,11,Jr,Bob,,11_9031
4323,9033,HFX,false,Francesco Hardgust,Hardgust,399062604972163082,Active,2B,UTIL,L,3,2,5,2,,,,,steaaamboat,false,MLN,11,,Francesco,,11_9033
4324,9036,RLY,false,Goaty McGoatFace,McGoatFace,464251755526488071,Captain,2B,UTIL,R,5,1,1,5,,,,,victorystar0,false,MLN,11,,Goaty,,11_9036
4325,9037,KC,true,Dayman Nightman,Nightman,347206793824436235,GM Only,CF,,L,3,3,3,3,,,,,fiercepenguin22,false,MLN,11,,Dayman,,11_9037
4326,9038,SMD,false,John McDonald Jr.,McDonald,170236047169552384,Captain,C,CINF,L,3,5,2,2,,,,,roel.dh,false,MLN,11,Jr.,John,,11_9038
4327,9039,GHG,false,Mama Luigi,Luigi,337766574020624387,Active,P,,L,,,,,4,1,2,5,bigredd17,false,MLN,11,,Mama,,11_9039
4328,9040,KC,false,Leo Pollersbeck,Pollersbeck,147134307440394241,Captain,1B,UTIL,R,4,2,3,3,,,,,minorbaconator,false,MLN,11,,Leo,,11_9040
4329,9041,MIA,false,Himmy Proton,Proton,1080268454357110874,Captain,C,COF,L,3,5,2,2,,,,,.CoachRice,false,MLN,11,,Himmy,,11_9041
4330,9042,RC,false,Maurice Cheeks,Cheeks,578346097961861130,Active,P,,R,,,,,4,2,5,1,rocsabs,false,MLN,11,,Maurice,,11_9042
4331,9044,MIA,false,Strawberry Jones,Jones,422982444023808010,Active,C,CINF,L,2,5,4,1,,,,,percnowitzki7893,false,MLN,11,,Strawberry,,11_9044
4332,10002,RC,false,Pokey Fleece,Fleece,819315683321184257,Active,SS,UTIL,L,2,5,1,4,,,,,earlboykins.,false,MLN,11,,Pokey,,11_10002
4333,10003,FA,false,BANNED PLAYER,PLAYER,1108105916978569347,Banned,C,COF,L,2,5,1,4,,,,,Dolphinenjoyer,false,MLN,11,,BANNED,,11_10003
4334,10004,FA,false,BANNED PLAYER,PLAYER,1008772345005097080,Banned,2B,UTIL,L,4,2,1,5,,,,,Mrbeats73,false,MLN,11,,BANNED,,11_10004
4335,10005,HFX,false,Chef Cook,Cook,325761515225350146,Active,2B,UTIL,R,4,3,2,3,,,,,dcook0308,false,MLN,11,,Chef,,11_10005
4336,10006,ASS,false,Sean Carrcrash,Carrcrash,412639627564810250,Active,LF,,R,3,3,1,5,,,,,icrashedmycarr,false,MLN,11,,Sean,,11_10006
4337,10007,POR,false,Henry Atombomb,Atombomb,837902403554377819,Active,P,,R,,,,,2,3,5,2,Thecolorofyellow,false,MLN,11,,Henry,,11_10007
4338,10008,RLY,false,Liru Liu,Liu,243920795754037259,Active,P,,R,,,,,5,4,1,2,.liru.,false,MLN,11,,Liru,,11_10008
4339,10011,HFX,false,Arco Thunder,Thunder,390617765003788299,Active,CF,,R,3,2,4,3,,,,,arcothunder,false,MLN,11,,Arco,,11_10011
4340,10012,GHG,false,Mighty Mulder,Mulder,233337704564260865,Captain,SS,C,R,5,3,1,3,,,,,M1ghtyMulder,false,MLN,11,,Mighty,,11_10012
4341,10015,RC,false,Sir Walks A Lot,Walks A Lot,630006557353967626,Captain,2B,UTIL,R,2,5,1,4,,,,,thumbsticks,false,MLN,11,,Sir,,11_10015
4342,10016,FA,false,Donny Doubleday,Doubleday,209118167186931712,Active,LF,,R,1,5,5,1,,,,,BravoCatt,false,MLN,11,,Donny,,11_10016
4343,10018,ACP,false,Lee Luda,Luda,252304067261497344,Captain,2B,UTIL,L,5,2,3,2,,,,,.aerolite,false,MLN,11,,Lee,,11_10018
4344,10019,BBEG,false,Twatt Barton,Barton,1013152458941403216,Active,CF,,R,3,3,1,5,,,,,Joy9904,false,MLN,11,,Twatt,,11_10019
4345,10020,REK,false,Johnmaine Chupri,Chupri,197324763495006227,Active,3B,UTIL,R,4,1,2,5,,,,,Chupri,false,MLN,11,,Johnmaine,,11_10020
4346,10023,SUN,false,Rex McStrange,McStrange,876211301142106132,Active,C,COF,L,3,5,3,1,,,,,Zedella,false,MLN,11,,Rex,,11_10023
4347,10024,ACP,false,Milo Kerrigan,Kerrigan,693027263062474782,Active,SS,C,R,4,5,2,1,,,,,thebattlersprince,false,MLN,11,,Milo,,11_10024
4348,10025,SMD,false,Dark Brother,Brother,476906598795575308,Captain,LF,,R,4,2,2,4,,,,,XDarkBrother,false,MLN,11,,Dark,,11_10025
4349,10027,SMD,true,Seeing-Eye McGee,McGee,874281806675992576,GM Only,1B,UTIL,L,5,3,2,2,,,,,mrocks301,false,MLN,11,,Seeing-Eye,,11_10027
4350,10030,BBEG,false,Donny Dash,Dash,320050675843203075,Active,RF,,L,3,2,5,2,,,,,Twil3,false,MLN,11,,Donny,,11_10030
4351,10032,SUN,false,Schmidt Happens,Happens,496388256296992792,Active,CF,,L,4,2,3,3,,,,,dowhathappens89,false,MLN,11,,Schmidt,,11_10032
4352,10033,MIA,true,Ichiro Rose,Rose,1273855146840821793,Active,CF,,R,3,1,3,5,,,,,skurry30,false,MLN,11,,Ichiro,,11_10033
4353,10035,MIA,false,Man of Steal,Steal,701671153911070842,Active,RF,,L,3,3,1,5,,,,,Unknown6969,false,MLN,11,,Man of,,11_10035
4354,10036,MIA,false,Kyuss Kosades,Kosades,114948933041520640,Active,P,,R,,,,,3,3,5,1,dagoth.ur,false,MLN,11,,Kyuss,,11_10036
4355,10037,GHG,false,Skibidi McGyatt Jr.,McGyatt,396861641251356672,Active,RF,,R,4,4,2,2,,,,,wafflecakes_,false,MLN,11,Jr.,Skibidi,,11_10037
4356,10038,ACP,false,Javier Tootblan,Tootblan,296087264193282048,Active,2B,UTIL,R,3,2,4,3,,,,,xr41,false,MLN,11,,Javier,,11_10038
4357,10040,SUN,false,Serengeti Fingers,Fingers,348669005214777344,Captain,C,CINF,R,5,5,1,1,,,,,_riseup,false,MLN,11,,Serengeti,,11_10040
4358,10042,POR,false,Bingle Johnson,Johnson,296358617366659084,Captain,RF,,L,5,5,1,1,,,,,desi9546,false,MLN,11,,Bingle,,11_10042
4359,10043,BBEG,false,Justin Trotter,Trotter,396687613655908362,Active,1B,UTIL,R,3,3,2,4,,,,,nickwise,false,MLN,11,,Justin,,11_10043
4360,10045,KC,false,Jordan Kurdi,Kurdi,1138289450842075146,Hiatus,P,,R,,,,,4,3,4,1,KingKurdi1,false,MLN,11,,Jordan,,11_10045
4361,10047,KC,false,Saul Pewald,Pewald,419525278356733963,Active,C,COF,R,2,5,4,1,,,,,mikenom,false,MLN,11,,Saul,,11_10047
4362,10048,FA,false,Texan Two Gloves,Two Gloves,1008177794561363990,Active,CF,,R,4,3,1,4,,,,,TexanFootballLover,false,MLN,11,,Texan,,11_10048
4363,10049,RC,false,Guy Ledouche,Ledouche,385302863108243456,Active,C,CINF,L,3,5,3,1,,,,,linkkjm,false,MLN,11,,Guy,,11_10049
4364,10060,FA,false,Tatsuyoshi Kazunami,Kazunami,1194467774853025902,Active,2B,UTIL,L,4,3,3,2,,,,,subarashii_kantoku,false,MLN,11,,Tatsuyoshi,,11_10060
4365,10061,RC,false,Albert Pooholes,Pooholes,457351028694581276,Active,RF,,R,4,2,5,1,,,,,slaybraham,false,MLN,11,,Albert,,11_10061
4366,1097,BBEG,true,Jameson Poe,Poe,136843419321368576,Active,P,,R,3,3,5,1,,,,,Poe#8888,false,MLN,11,,Jameson,,11_1097
4367,10062,ACP,false,Donald McRonald,McRonald,233774367761367040,Active,LF,,R,4,4,3,1,,,,,darthus.,false,MLN,11,,Donald,,11_10062
4368,10063,KC,false,Penguino,Penguino,667860394248765450,Active,LF,,L,4,3,1,4,,,,,Penguinothepenguin101,false,MLN,11,,,,11_10063
4369,2073,HFX,false,Dom Emnic,Emnic,671538823662010394,Captain,3B,UTIL,R,3,3,4,2,,,,,thedart31,false,MLN,11,,Dom,,11_2073
4370,5041,HMH,false,Papa Longstroke,Longstroke,978500790182379591,Active,1B,UTIL,L,4,1,3,4,,,,,audubond,false,MLN,11,,Papa,,11_5041
4371,10067,HFX,false,Holden Tudix,Tudix,198274387831422976,Active,CF,,L,5,1,1,5,,,,,IHateAP,false,MLN,11,,Holden,,11_10067
4372,10068,FA,false,Skyy Moore,Moore,642904390096781325,Active,2B,UTIL,R,3,3,1,5,,,,,wyattcb,false,MLN,11,,Skyy,,11_10068
4373,5002,SMD,false,Guidooooo,Guidooooo,105512327293448192,Active,SS,UTIL,R,4,2,1,5,,,,,tezlak,false,MLN,11,,,,11_5002
4374,10071,KC,false,Bobert Hideyoshi,Hideyoshi,293552417327415296,Active,C,CINF,L,3,5,3,1,,,,,TorchedPineapple#1898,false,MLN,11,,Bobert,,11_10071
4375,6020,CAR,true,"Pope ""Catgirl"" Coswi",Coswi,651598279556988934,Active,LF,,R,5,1,1,5,,,,,Coswi#3855,false,MLN,11,,"Pope ""Catgirl""",,11_6020
4376,4010,ACP,false,Matthew Heskey,Heskey,237633230084374528,Captain,C,COF,L,3,5,3,1,,,,,"North, The Greatest Showman",false,MLN,11,,Matthew,,11_4010
4377,10072,ACP,true,Copernicus Hel,Hel,883066878715654214,Active,P,,L,,,,,2,4,4,2,shortboxed,false,MLN,11,,Copernicus,,11_10072
4378,10074,REK,false,Seth Kablamo,Kablamo,1116449637637816331,Hiatus,SS,UTIL,R,5,4,2,1,,,,,sethkablamo,false,MLN,11,,Seth,,11_10074
4379,1098,RC,false,Kegs Mabry,Mabry,144267007175426048,Active,RF,,L,4,3,4,1,,,,,kegel.,false,MLN,11,,Kegs,,11_1098
4380,3073,MIA,false,Matt Himynamis,Himynamis,357712250041270273,Active,P,,R,,,,,5,5,1,1,Hi_mynameis_Matt#3175,false,MLN,11,,Matt,,11_3073
4381,10075,CAR,false,Guillermo Griffey III,Griffey,693611722661036084,Retired,RF,,L,3,1,3,5,,,,,guillermogriffeyiii,false,MLN,11,III,Guillermo,,11_10075
4382,10076,POR,false,Lars Nootbaar Jr,Nootbaar,343954490187055109,Active,SS,UTIL,L,3,3,2,4,,,,,CanaDan,false,MLN,11,Jr,Lars,,11_10076
4383,10077,KC,false,Salsa Steve,Steve,135180418633695232,Active,LF,,R,1,1,5,5,,,,,icnatspel,false,MLN,11,,Salsa,,11_10077
4384,10078,POR,false,Jerk McGurkin,McGurkin,619573410132918322,Active,LF,,L,5,5,1,1,,,,,Bread_Lover,true,MLN,11,,Jerk,,11_10078
4385,10079,RLY,true,Swiffer Sweeper,Sweeper,243821280833437706,Active,SS,UTIL,R,4,1,2,5,,,,,mattebleu,true,MLN,11,,Swiffer,,11_10079
4386,10081,RLY,false,Otto Beebe,Beebe,451188981602713611,Active,P,,L,,,,,3,3,5,1,mootmahsn,true,MLN,11,,Otto,,11_10081
4387,10082,ASS,false,Sterling Turlington,Turlington,258234836437827585,Active,P,,R,,,,,4,4,2,2,veritablequandary,true,MLN,11,,Sterling,,11_10082
4388,1141,MIA,false,Geno Scaramucci,Scaramucci,378622205883580417,Active,P,,L,,,,,5,4,1,2,SilkyMango#9987,false,MLN,11,,Geno,,11_1141
4389,11001,FA,false,Alexis Texas Ranger,Ranger,853104350931320832,Hiatus,2B,UTIL,L,4,2,1,5,,,,,AlexisTexasRanger,false,MLN,11,,Alexis Texas,,11_11001
4390,11002,ACP,false,Diego Yard,Yard,215319641722060812,Active,3B,UTIL,R,3,5,3,1,,,,,Vitaminc5335,false,MLN,11,,Diego,,11_11002
4391,11003,RLY,false,Jebediah Kerman,Kerman,152652987435712512,Active,RF,,L,2,1,5,4,,,,,camwyo,false,MLN,11,,Jebediah,,11_11003
4392,11004,GRZ,false,Jeff Newman,Newman,194974293216591874,Active,CF,,L,4,2,2,4,,,,,Lumosityfan,false,MLN,11,,Jeff,,11_11004
4393,11005,FA,false,Gary Baseball,Baseball,1223609275981631502,Active,CF,,R,5,1,1,5,,,,,MLAgames,false,MLN,11,,Gary,,11_11005
4394,11006,RC,false,Spitty McSpit,McSpit,414200830837784595,Active,P,,L,,,,,1,4,2,5,414200830837784595,false,MLN,11,,Spitty,,11_11006
4395,11007,GRZ,false,Hubert Dubois,Dubois,690334748589162506,Active,C,CINF,R,2,4,4,2,,,,,Skeeton300,false,MLN,11,,Hubert,,11_11007
4396,11008,POR,false,Miikka Jarvinen,Jarvinen,906269859413909576,Active,SS,UTIL,R,3,4,1,4,,,,,tlt_72,false,MLN,11,,Miikka,,11_11008
4397,11009,GHG,false,Garch McSkooter,McSkooter,1188294880074666024,Active,CF,,R,3,3,1,5,,,,,olivergardener_,false,MLN,11,,Garch,,11_11009
4398,11010,GRZ,false,Starxy Stinkler,Stinkler,1003331659497754655,Active,SS,C,R,3,3,4,2,,,,,NeonCreeper4238,false,MLN,11,,Starxy,,11_11010
4399,11011,GRZ,false,Tyrone Wilson,Wilson,690303919619964970,Active,P,,L,,,,,2,3,4,3,henjam,false,MLN,11,,Tyrone,,11_11011
4400,9035,MIA,false,Mike Ock,Ock,409482014320885760,Active,2B,UTIL,L,4,5,1,2,,,,,8ight_,true,MLN,11,,Mike,,11_9035
4401,11012,MIA,false,Ace Brickman,Brickman,211634504639578113,Active,RF,,R,4,1,2,5,,,,,._.hlep,false,MLN,11,,Ace,,11_11012
4402,11013,CAR,false,AJ Wolfe,Wolfe,175821866072670209,Active,P,,L,,,,,5,5,1,1,AssassinLex,false,MLN,11,,AJ,,11_11013
4403,11014,FA,false,Robb Clarke,Clarke,581533064044478510,Active,2B,UTIL,R,4,2,5,1,,,,,Pitted_03,false,MLN,11,,Robb,,11_11014
4404,11015,FA,false,Cal Wunder,Wunder,820812379309998140,Active,2B,UTIL,R,2,3,3,4,,,,,basebalcoholic,false,MLN,11,,Cal,,11_11015
4405,11016,ASS,false,Arturo Escalibur,Escalibur,354712365658406942,Active,CF,,R,5,3,3,1,,,,,8bithobbit,false,MLN,11,,Arturo,,11_11016
4406,11017,FA,false,Mikey Knuckelz,Knuckelz,684583203478044701,Active,SS,UTIL,R,3,3,2,4,,,,,MikeyKnuckelz,false,MLN,11,,Mikey,,11_11017
4407,11019,FA,false,Cole Wright,Wright,612484314428473414,Active,3B,UTIL,R,3,2,4,3,,,,,612484314428473414,false,MLN,11,,Cole,,11_11019
4408,11020,BBEG,false,Joel Justice,Justice,413483364906172416,Active,SS,UTIL,L,5,1,1,5,,,,,rivalmejr,false,MLN,11,,Joel,,11_11020
4409,11021,FA,false,Bleak Trailer,Trailer,409456571702050827,Active,RF,,L,4,4,3,1,,,,,trAey,false,MLN,11,,Bleak,,11_11021
4410,11023,ACP,false,Alessio Laveau,Laveau,266014036091600897,Retired,RF,,L,4,4,1,3,,,,,alessio_laveau,false,MLN,11,,Alessio,,11_11023
4411,11024,HMH,false,Ferdinand Fritzwilliam,Fritzwilliam,436929461360001044,Active,CF,,R,3,3,2,4,,,,,speedytechie,false,MLN,11,,Ferdinand,,11_11024
4412,11025,MIA,false,Matty Jay,Jay,332242020972232704,Active,P,,R,,,,,2,2,4,4,Mattyjay2209,false,MLN,11,,Matty,,11_11025
4413,11027,SUN,false,Ally McAllister,McAllister,401166873959464960,Active,LF,,L,3,5,1,3,,,,,hannahg32,false,MLN,11,,Ally,,11_11027
4414,11028,RLY,false,Buttonwillow McKittrick,McKittrick,718963552521682955,Active,CF,,R,4,3,2,3,,,,,doublegoldendragon,false,MLN,11,,Buttonwillow,,11_11028
4415,8050,RC,false,Damon Razor,Razor,164840246549282817,Captain,P,,L,,,,,2,4,4,2,Ikonic#1611,false,MLN,11,,Damon,,11_8050
4416,3072,RC,false,Tucker Doubt,Doubt,347109742155399168,Active,LF,,L,3,3,5,1,,,,,MikeyTKO#0005,false,MLN,11,,Tucker,,11_3072
4417,1087,FA,false,Foxx Dashington,Dashington,301455044656758784,Active,CF,,L,2,2,4,4,,,,,FoxxDashington#1492,false,MLN,11,,Foxx,,11_1087
4418,2029,,false,Lois Whip,Whip,,Active,,,,,,,,,,,,,false,MLN,11,,Lois,,11_2029
4419,11029,POR,false,Keiko Wolff,Wolff,412750883701522433,Active,P,,L,,,,,2,4,5,1,anpheitseog4544,false,MLN,11,,Keiko,,11_11029
4420,1,FA,false,Ghost Runner,,,Active,,,,,,,3,,,,,,false,MLN,11,,Ghost Runner,,11_1
4421,11030,POR,false,Ron Swanson,Swanson,1014944275231948971,Active,C,COF,R,2,5,1,4,,,,,uganofo,false,MLN,11,,Ron,,11_11030
4422,11031,FA,false,Ryan Kracht,Kracht,900907762106658856,Active,RF,,R,3,2,5,2,,,,,shanerandom,false,MLN,11,,Ryan,,11_11031
4423,1111,FA,false,Ronald Eagle V,Eagle,757432215595647076,Active,P,,R,,,,,4,3,2,3,reagen_eagle,false,MLN,11,V,Ronald,,11_1111
4424,11032,REK,false,Smokey Zygowski,Zygowski,1116797556240953406,Active,2B,UTIL,R,3,2,2,5,,,,,bearinthewoods2,false,MLN,11,,Smokey,,11_11032
4425,11033,SMD,false,Cared Jarrabis,Jarrabis,450842649826689051,Active,RF,,L,2,3,4,3,,,,,dunkinicedcoffee,false,MLN,11,,Cared,,11_11033
4426,2014,FA,false,Shovel Bryant,Bryant,398562977814413322,Active,2B,UTIL,R,5,2,1,4,,,,,Ramzavail,false,MLN,11,,Shovel,,11_2014
4427,11034,FA,false,Waxsper Kasteel,Kasteel,,Active,P,,L,,,,,4,4,2,2,reflectionblues,false,MLN,11,,Waxsper,,11_11034
4428,3071,HFX,false,Wheeler,Wheeler,255311391186092032,Active,2B,UTIL,L,4,3,3,2,,,,,TurtlesDown#4895,false,MLN,11,,,,11_3071
4429,11035,ACP,false,Nash Ellis,Ellis,226267432577269760,Active,P,,R,,,,,2,2,4,4,theonlysabre,false,MLN,11,,Nash,,11_11035
4430,11036,SUN,false,Scoreson McCorkle,McCorkle,597226087692369931,Active,SS,UTIL,L,5,4,1,2,,,,,rhino0566,false,MLN,11,,Scoreson,,11_11036
4431,11037,KC,false,Archie Sybil,Sybil,425128256224886785,Active,CF,,L,4,3,2,3,,,,,pm_ur_risk_mgmt,false,MLN,11,,Archie,,11_11037
4432,11038,FA,false,Wal Rus,Rus,400809809269620736,Active,SS,UTIL,R,3,2,5,2,,,,,sirarctic,false,MLN,11,,Wal,,11_11038
4433,11039,FA,false,Josiah Queen,Queen,257281098256613389,Active,LF,,L,1,3,5,3,,,,,cobaltdm,false,MLN,11,,Josiah,,11_11039
4434,11040,MIA,false,Bucky Sabre III,Sabre,87753313226862592,Active,2B,UTIL,R,5,5,1,1,,,,,.eyeveewhy,false,MLN,11,III,Bucky,,11_11040
4435,11041,ACP,false,Sylvia Bluesky,Bluesky,230119752591343616,Active,RF,,L,5,4,2,1,,,,,zodiac.exe,false,MLN,11,,Sylvia,,11_11041
4436,11042,RLY,false,Cormac Karona II,Karona,830263351292198932,Active,RF,,L,4,1,2,5,,,,,stixvim,false,MLN,11,II,Cormac,,11_11042
4437,11043,HFX,false,Arby Eye,Eye,539206568114257922,Active,C,CINF,L,2,5,4,1,,,,,Nol15736,false,MLN,11,,Arby,,11_11043
4438,11044,KC,false,Salami,Salami,474581930004840468,Active,P,,L,,,,,4,2,3,3,Theo1323,false,MLN,11,,,,11_11044
4439,11045,POR,false,Bucky Gorgonzola,Gorgonzola,876163675545808937,Active,CF,,R,3,3,5,1,,,,,UhOhIShitted,false,MLN,11,,Bucky,,11_11045
4440,11046,CAR,false,Etruscan Anthony,Anthony,386988468452065291,Active,SS,UTIL,L,4,2,1,5,,,,,pointandshoot.,false,MLN,11,,Etruscan,,11_11046
4441,11047,SMD,false,Swiftie ESPN,ESPN,756045284089528371,Active,1B,UTIL,R,4,3,1,4,,,,,taylor8347,false,MLN,11,,Swiftie,,11_11047
4442,3012,FA,false,Rusty Nails,Nails,368414494772428801,Active,CF,,L,3,1,4,4,,,,,chicken joe of sheboygan,false,MLN,11,,Rusty,,11_3012
4443,11048,FA,false,Fabian Seacaster,Seacaster,435275669589721101,Active,P,,L,4,3,4,1,,,,,laserdarts,false,MLN,11,,Fabian,,11_11048
4444,11049,RLY,false,Fleming Test-Flame,Test-Flame,193137782804185088,Active,3B,UTIL,L,5,1,5,1,,,,,cesium.,false,MLN,11,,Fleming,,11_11049
4445,11050,ACP,false,Bald Bull,Bull,185900072234385408,Active,CF,,R,1,1,5,5,,,,,busterducks,false,MLN,11,,Bald,,11_11050
4446,11051,FA,false,Alex Bond,Bond,148675419917254657,Active,3B,UTIL,R,4,1,4,3,,,,,alexbond,false,MLN,11,,Alex,,11_11051
4512,13065,TT,false,Liam,Liam,373804410360430592,Active,P,,L,,,,,4,3,4,1,Liam,false,RLN,13,,,,R_13065
5867,8053,ACP,true,Basil,Basil,340181106236325888,Active,2B,UTIL,R,3,3,2,4,,,,,Basil#9496,false,MLN,12,,,,12_8053
5868,8021,ACP,true,Eir Thorson,Thorson,661682469120114689,GM Only,C,COF,L,5,5,1,1,,,,,sojohnson13#3706,false,MLN,12,,Eir,,12_8021
5869,12007,ACP,false,Ahab Ceeley,Ceeley,246419735254663179,Active,LF,,R,5,1,3,3,,,,,.charls.,true,MLN,12,,Ahab,,12_12007
5870,1026,ACP,false,Angel Leon,Leon,240939239968210944,Active,P,,L,,,,,5,3,3,1,GK12303#1313,false,MLN,12,,Angel,,12_1026
5871,1113,ACP,false,Cookie Mongster,Mongster,302242686281318400,Active,1B,UTIL,L,4,4,3,1,,,,,mongster_03#3405,false,MLN,12,,Cookie,,12_1113
5872,11039,ACP,false,Elijah Walker,Walker,257281098256613389,Active,3B,UTIL,L,1,3,5,3,,,,,cobaltdm,false,MLN,12,,Elijah,,12_11039
5873,12051,ACP,false,Fat Lever,Lever,490935285736144896,Active,P,,L,,,,,3,3,3,3,chillsock,false,MLN,12,,Fat,,12_12051
5874,12046,ACP,false,Hibiscus,Hibiscus,149748909965574144,Active,3B,UTIL,R,4,4,1,3,,,,,hi_biscus,true,MLN,12,,,,12_12046
5875,12008,ACP,false,Jacob BallHitter,BallHitter,449029979305672755,Active,P,,R,,,,,4,4,3,1,Jdogii,true,MLN,12,,Jacob,,12_12008
5876,10038,ACP,false,Javier Tootblan,Tootblan,296087264193282048,Active,2B,UTIL,R,3,2,4,3,,,,,xr41,false,MLN,12,,Javier,,12_10038
5877,12042,ACP,false,Jiggs Kingman,Kingman,468456381528145931,Active,1B,UTIL,R,2,3,5,2,,,,,admiralballtr8s,true,MLN,12,,Jiggs,,12_12042
5878,8023,ACP,false,Johnny B. Goode,Goode,401556713364389918,Active,CF,,R,4,3,2,3,,,,,VerifiedThing#3997,false,MLN,12,,Johnny B.,,12_8023
5879,10018,ACP,false,Lee Luda,Luda,252304067261497344,Captain,RF,,L,5,1,3,3,,,,,.aerolite,false,MLN,12,,Lee,,12_10018
5880,4010,ACP,false,Matthew Heskey,Heskey,237633230084374528,Active,C,COF,L,3,5,3,1,,,,,"North, The Greatest Showman",false,MLN,12,,Matthew,,12_4010
5881,10024,ACP,false,Milo Kerrigan,Kerrigan,693027263062474782,Active,SS,C,R,4,5,2,1,,,,,thebattlersprince,false,MLN,12,,Milo,,12_10024
5882,11035,ACP,false,Nash Ellis,Ellis,226267432577269760,Active,P,,R,,,,,2,2,4,4,theonlysabre,false,MLN,12,,Nash,,12_11035
5883,9020,ACP,false,Nathanial Swenson,Swenson,142645769730523136,Captain,P,,L,,,,,5,1,3,3,UltimateZing#6907,false,MLN,12,,Nathanial,,12_9020
5884,7004,ACP,false,Peter Hoomanawanui,Hoomanawanui,160535653178802177,Active,CF,,R,5,1,1,5,,,,,Idntwannabefamous#2485,false,MLN,12,,Peter,,12_7004
5885,2020,ASS,true,Demetrios Ooga,Ooga,319330358636314634,Active,3B,C,L,1,5,1,5,,,,,oogadebob#9787,false,MLN,12,,Demetrios,,12_2020
5886,7016,ASS,true,Ovaltine,Ovaltine,244495939941695488,Active,LF,,L,4,2,3,3,,,,,oh Toaster#8721,false,MLN,12,,,,12_7016
5887,11016,ASS,false,Arturo Escalibur,Escalibur,354712365658406942,Active,CF,,R,5,3,3,1,,,,,8bithobbit,false,MLN,12,,Arturo,,12_11016
5888,1099,ASS,false,Baron Samedi,Samedi,109574591738851328,Active,1B,UTIL,R,3,3,2,4,,,,,haunted#0371,false,MLN,12,,Baron,,12_1099
5889,6004,ASS,false,Bony Skellinger,Skellinger,613893115455209494,Captain,3B,UTIL,L,4,2,2,4,,,,,Bonesy McSkellington#3120,false,MLN,12,,Bony,,12_6004
5890,12029,ASS,false,Bubson Dugnutt,Dugnutt,472505834929389577,Active,LF,,R,4,4,2,2,,,,,Tobsteroven,true,MLN,12,,Bubson,,12_12029
5891,8048,ASS,false,Captain Trash,Trash,600459061653274625,Active,P,,L,,,,,4,1,2,5,biggersean#2006,false,MLN,12,,Captain,,12_8048
5892,5030,ASS,false,Dirk Digglet,Digglet,636749752683200523,Active,P,,R,,,,,5,4,2,1,Lancer52,false,MLN,12,,Dirk,,12_5030
5893,2097,ASS,false,Dirtbag Darrell,Darrell,438226264608735232,Active,SS,UTIL,L,5,1,1,5,,,,,Wildcard09,false,MLN,12,,Dirtbag,,12_2097
5894,3056,ASS,false,Donatello Chalupa,Chalupa,197068139073110016,Active,RF,,L,5,2,1,4,,,,,Jslamas,false,MLN,12,,Donatello,,12_3056
5895,12001,ASS,false,George Costanza,Costanza,148675419917254657,Active,3B,UTIL,R,4,1,4,3,,,,,alexbond,true,MLN,12,,George,,12_12001
5896,6009,ASS,false,Hannibal Bligh,Bligh,368954518907387904,Captain,1B,UTIL,L,3,3,5,1,,,,,ArmadilloPenguin,false,MLN,12,,Hannibal,,12_6009
5897,3080,ASS,false,Jeff Dingerhitter,Dingerhitter,263888354179809280,Active,2B,UTIL,R,3,2,4,3,,,,,Woj#6097,false,MLN,12,,Jeff,,12_3080
5898,9011,ASS,false,Lightning Volt,Volt,334281849616728064,Active,P,,R,,,,,4,1,4,3,Vo1tage#9736,false,MLN,12,,Lightning,,12_9011
5899,5011,ASS,false,Mo Mo,Mo,193154424242307072,Captain,C,COF,R,2,5,1,4,,,,,MoJungo#6335,false,MLN,12,,Mo,,12_5011
5900,10082,ASS,false,Sterling Turlington,Turlington,258234836437827585,Active,P,,R,,,,,4,4,2,2,sethurax,false,MLN,12,,Sterling,,12_10082
5901,8014,ASS,false,Turn Page,Page,580212717860683776,Active,LF,,R,2,3,3,4,,,,,Vishy#4767,false,MLN,12,,Turn,,12_8014
5902,9007,BBEG,true,Brencillus Alcasmira,Alcasmira,168904625997479936,Active,P,,L,,,,,5,3,3,1,CardinalFool,false,MLN,12,,Brencillus,,12_9007
5903,1033,BBEG,true,Daz Reference,Reference,180498124823855104,GM Only,P,,R,,,,,4,3,2,3,Obscure_Reference#9129,false,MLN,12,,Daz,,12_1033
5904,2086,BBEG,false,Anna De Neko,De Neko,1287969952674086934,Active,3B,C,R,1,5,1,5,,,,,annaekstrum,false,MLN,12,,Anna,,12_2086
5905,1208,BBEG,false,Bace Ventura,Ventura,488754199245357073,Active,CF,,L,4,1,3,4,,,,,GKG1214#5442,false,MLN,12,,Bace,,12_1208
5906,11029,BBEG,false,Big Bad Evil Slime,Slime,412750883701522433,Active,C,COF,L,4,4,3,1,,,,,anpheitseog4544,false,MLN,12,,Big Bad Evil,,12_11029
5907,2047,BBEG,false,Calvin Huff,Huff,507717034893901824,Captain,CF,,R,4,2,4,2,,,,,mak0shark7,false,MLN,12,,Calvin,,12_2047
5908,10030,BBEG,false,Donny Dash,Dash,320050675843203075,Active,RF,,L,3,2,5,2,,,,,Twil3,false,MLN,12,,Donny,,12_10030
5909,1097,BBEG,false,Jameson Poe,Poe,136843419321368576,Active,C,CINF,R,3,3,5,1,,,,,Poe#8888,false,MLN,12,,Jameson,,12_1097
5910,7017,BBEG,false,Juan Sexton,Sexton,827370007943053364,Active,2B,UTIL,R,3,5,1,3,,,,,snipinsexton#9209,false,MLN,12,,Juan,,12_7017
5911,10043,BBEG,false,Justin Trotter,Trotter,396687613655908362,Active,1B,UTIL,R,3,3,2,4,,,,,nickwise,false,MLN,12,,Justin,,12_10043
5912,1174,BBEG,false,Mad Monty,Monty,454284112165863434,Captain,P,,L,,,,,4,4,1,3,Mad_Monty#0578,false,MLN,12,,Mad,,12_1174
5913,2044,BBEG,false,Maud Nelson,Nelson,514543440709812245,Active,SS,UTIL,L,4,3,4,1,,,,,dianaswrld#4135,false,MLN,12,,Maud,,12_2044
5914,7006,BBEG,false,Pel OQuinn,OQuinn,220293896729526272,Active,C,CINF,R,5,5,1,1,,,,,Peloquinn#4067,false,MLN,12,,Pel,,12_7006
5915,5014,BBEG,false,Sheridan Blackstone,Blackstone,372069117005660161,Active,P,,R,,,,,4,4,2,2,xFireRavenx#1221,false,MLN,12,,Sheridan,,12_5014
5916,2066,BBEG,false,Talon Wingdiver,Wingdiver,133823669712453632,Active,LF,,R,5,3,1,3,,,,,q77e,false,MLN,12,,Talon,,12_2066
5917,10019,BBEG,false,Twatt Barton,Barton,1013152458941403216,Active,CF,,R,3,3,1,5,,,,,Joy9904,false,MLN,12,,Twatt,,12_10019
5918,1180,BBEG,false,War Hamster,Hamster,238569734185025536,Active,2B,UTIL,R,5,2,1,4,,,,,Warhamster#9295,false,MLN,12,,War,,12_1180
5919,12024,BBEG,false,Zed Underhill,Underhill,420573474688466995,Captain,1B,UTIL,L,4,4,1,3,,,,,zeddzor.,true,MLN,12,,Zed,,12_12024
5920,10072,CAR,true,Copernicus Hel,Hel,883066878715654214,Active,CF,,L,4,1,2,5,,,,,pineapplemacho,false,MLN,12,,Copernicus,,12_10072
5921,9013,CAR,true,Toastman,Toastman,478671938189918208,Active,C,CINF,R,1,5,1,5,,,,,jtcmule,false,MLN,12,,,,12_9013
5922,12003,CAR,false,Boby Chadwick Jr,Chadwick,698673301131755600,Active,SS,UTIL,R,4,1,3,4,,,,,bobyjopo,true,MLN,12,Jr,Boby,,12_12003
5923,11040,CAR,false,Bucky Sabre III,Sabre,87753313226862592,Active,2B,UTIL,R,5,5,1,1,,,,,.eyeveewhy,false,MLN,12,III,Bucky,,12_11040
5924,12047,CAR,false,Chunky Menthol,Menthol,690651863216816168,Active,P,,L,,,,,3,4,1,4,tytybee🍗 (he/him),true,MLN,12,,Chunky,,12_12047
5925,12018,CAR,false,Clifton McCullough,McCullough,143699646206705664,Active,P,,R,,,,,4,4,1,3,JL_muserwolves,true,MLN,12,,Clifton,,12_12018
5926,12025,CAR,false,Daniel Harrison,Harrison,553229051809234946,Active,2B,UTIL,L,5,1,1,5,,,,,tealshark24,true,MLN,12,,Daniel,,12_12025
5927,3027,CAR,false,Diego Medina,Medina,159766338833874944,Active,CF,,R,1,5,5,1,,,,,Diego#5535,false,MLN,12,,Diego,,12_3027
5928,7014,CAR,false,Doc Dockerson,Dockerson,514984390103793679,Captain,P,,R,,,,,4,3,3,2,Leaffan139#9702,false,MLN,12,,Doc,,12_7014
5929,11046,CAR,false,Etruscan Anthony,Anthony,386988468452065291,Active,SS,UTIL,L,4,2,1,5,,,,,pointandshoot.,false,MLN,12,,Etruscan,,12_11046
5930,12028,CAR,false,Glorp,Glorp,235025162452467712,Active,LF,,R,3,1,5,3,,,,,Phantom,true,MLN,12,,,,12_12028
5931,1120,CAR,false,Johnny Hopkins,Hopkins,121083821637500928,Hiatus,3B,UTIL,L,4,2,2,4,,,,,johnnyhopkins,false,MLN,12,,Johnny,,12_1120
5932,5040,CAR,false,Juju's Snorlax,Snorlax,234174459756412928,Active,1B,UTIL,R,3,1,5,3,,,,,Good Juju#5950,false,MLN,12,,Juju's,,12_5040
5933,12015,CAR,false,Kendrick Lamar,Lamar,896802616439341137,Active,RF,,R,3,2,2,5,,,,,Disky,true,MLN,12,,Kendrick,,12_12015
5934,7028,CAR,false,Perome Jeterson,Jeterson,229060203771985921,Active,3B,C,R,5,5,1,1,,,,,rhezz#9750,false,MLN,12,,Perome,,12_7028
5935,1021,,false,Q Kimbrel,Kimbrel,134478480862740480,Captain,2B,UTIL,L,1,3,5,3,,,,,qkimmel7,false,MLN,12,,Q,,12_1021
5936,3048,CAR,false,Ryan Sir-Wondery,Sir-Wondery,223980930975399937,Captain,P,,L,6,5,5,4,4,2,4,2,SoneRandomPerson#2533,false,MLN,12,,Ryan,,12_3048
5937,5032,CAR,false,Sander Entman,Entman,148506025773760512,Active,RF,,L,4,3,1,4,,,,,Holo_Icy_Holo#9537,false,MLN,12,,Sander,,12_5032
5938,11027,FA,false,Ally McAllister,McAllister,401166873959464960,Active,LF,,L,3,5,1,3,,,,,hannahg32,false,MLN,12,,Ally,,12_11027
5939,2002,FA,false,Assassin Xekutioner,Xekutioner,385236196659560448,Active,3B,UTIL,L,2,2,3,5,,,,,The Xekutioner#6921,false,MLN,12,,Assassin,,12_2002
5940,1212,FA,false,Barney Turbo,Turbo,375039413203501057,Active,3B,UTIL,R,3,2,2,5,,,,,"Barney ""AAM"" Turbo#0329",false,MLN,12,,Barney,,12_1212
5941,5012,FA,false,Ben Bramly,Bramly,101512997112913920,Active,C,CINF,R,4,5,2,1,,,,,bennys,false,MLN,12,,Ben,,12_5012
5942,12023,FA,false,Bethany Shepton,Shepton,490834383368880149,Active,CF,,L,1,4,2,5,,,,,A p p l e,false,MLN,12,,Bethany,,12_12023
5943,9026,FA,false,Billy Boi,Boi,430837870643642368,Active,SS,UTIL,R,2,4,1,5,,,,,Billythekid1701,false,MLN,12,,Billy,,12_9026
5944,12052,FA,false,Cat with a Bat,a Bat,666027142798114817,Active,C,COF,R,5,5,1,1,,,,,Pawnduh,false,MLN,12,,Cat with,,12_12052
5945,12021,FA,false,Chakra Sharknado,Sharknado,680984173682360465,Active,LF,,L,5,1,5,1,,,,,morethanjustaguy,false,MLN,12,,Chakra,,12_12021
5946,12044,FA,false,Cheese Curd,Curd,364129717873278983,Active,SS,UTIL,R,2,2,4,4,,,,,webilicious.,false,MLN,12,,Cheese,,12_12044
5947,10025,FA,false,Dark Brother,Brother,476906598795575308,Active,LF,,R,4,2,2,4,,,,,XDarkBrother,false,MLN,12,,Dark,,12_10025
5948,8025,FA,false,Don Bon,Bon,750790332802662400,Active,P,,L,,,,,4,2,4,2,Sinister#7252,false,MLN,12,,Don,,12_8025
5949,12022,FA,false,Dylan Jenkins,Jenkins,171155714302148608,Active,C,COF,L,3,5,3,1,,,,,ZTwentyThree,false,MLN,12,,Dylan,,12_12022
5950,1087,FA,false,Foxx Dashington,Dashington,301455044656758784,Active,CF,,L,2,2,4,4,,,,,FoxxDashington#1492,false,MLN,12,,Foxx,,12_1087
5951,1,FA,false,Ghost Runner,,,Active,,,,,,,3,,,,,,false,MLN,12,,Ghost Runner,,12_1
5952,8046,FA,false,Hunter Scott,Scott,841095606172778527,Active,SS,UTIL,L,4,3,4,1,,,,,Turts#4456,false,MLN,12,,Hunter,,12_8046
5953,8051,FA,false,James St. Louis,St. Louis,711782444491079720,Active,P,,R,,,,,2,5,2,3,chuckles79#7824,false,MLN,12,,James,,12_8051
5954,11004,FA,false,Jeff Newman,Newman,194974293216591874,Active,CF,,L,4,2,2,4,,,,,Lumosityfan,false,MLN,12,,Jeff,,12_11004
5955,3089,FA,false,Joey Wheeler,Wheeler,389269825425375233,Active,P,,L,,,,,5,3,2,2,gosling3,false,MLN,12,,Joey,,12_3089
5956,12027,FA,false,John Wittman,Wittman,1078031757535891466,Active,P,,L,,,,,3,2,5,2,johnlindbe11,false,MLN,12,,John,,12_12027
5957,2080,FA,false,Junebug Wray,Wray,144969605977341953,Active,RF,,R,1,1,5,5,,,,,Joester09#1816,false,MLN,12,,Junebug,,12_2080
5958,2107,FA,false,Kalin Young,Young,273639536804757514,Active,SS,UTIL,R,1,5,5,1,,,,,Kyounggun#9129,false,MLN,12,,Kalin,,12_2107
5959,4008,FA,false,LaCarpetron Dukemarriot II,Dukemarriot,352849361920851968,Active,P,,R,,,,,4,2,4,2,Dukemarriot#0179,false,MLN,12,II,LaCarpetron,,12_4008
5960,6013,FA,false,Lane Drew,Drew,215354400720420866,Active,P,,L,,,,,3,3,4,2,Stride,false,MLN,12,,Lane,,12_6013
5961,2029,FA,false,Lois Whip,Whip,,Active,,,,,,,,,,,,,false,MLN,12,,Lois,,12_2029
5962,12048,FA,false,Manny Ramirez,Ramirez,805508269828603964,Active,3B,UTIL,R,2,4,4,2,,,,,samuel11sports,false,MLN,12,,Manny,,12_12048
5963,9042,FA,false,Maurice Cheeks,Cheeks,578346097961861130,Active,P,,R,,,,,4,2,5,1,rocsabs,false,MLN,12,,Maurice,,12_9042
5964,12050,FA,false,Paul Crews,Crews,851133527297884170,Active,1B,UTIL,R,4,2,4,2,,,,,n_t_g_12,false,MLN,12,,Paul,,12_12050
5965,6020,FA,false,Pope Coswi,Coswi,651598279556988934,Active,2B,UTIL,R,5,1,1,5,,,,,Coswi#3855,false,MLN,12,,Pope,,12_6020
5966,12040,FA,false,Pual Crews,Crews,851133527297884170,Active,SS,UTIL,R,3,2,5,2,,,,,NTG,true,MLN,12,,Pual,,12_12040
5967,9015,FA,false,Ratryox,Ratryox,1000667729684078673,Active,1B,UTIL,R,4,1,2,5,,,,,ratry0x#7178,false,MLN,12,,,,12_9015
5968,12041,FA,false,Ricky Venucci,Venucci,265220422016958464,Active,P,,L,,,,,3,2,5,2,tangles7115,false,MLN,12,,Ricky,,12_12041
5969,1135,FA,false,Ryan Gastings,Gastings,194225767952023552,Active,P,,L,,,,,2,4,2,4,Aspence#3564,false,MLN,12,,Ryan,,12_1135
5970,12026,FA,false,Sheldor Sheldor,Sheldor,351917789306683393,Active,P,,R,,,,,3,2,4,3,thekingofvithen,false,MLN,12,,Sheldor,,12_12026
5971,12045,FA,false,Tomba,Tomba,488697105867735043,Active,1B,UTIL,L,4,3,2,3,,,,,sirtomba,false,MLN,12,,,,12_12045
5972,1109,GHG,true,Dominus Nominus,Nominus,198821468317024256,GM Only,C,COF,R,5,5,1,1,,,,,steelermade28#8041,false,MLN,12,,Dominus,,12_1109
5973,10012,GHG,true,Mighty Mulder,Mulder,233337704564260865,GM Only,SS,C,R,5,3,1,3,,,,,M1ghtyMulder,false,MLN,12,,Mighty,,12_10012
5974,12004,GHG,false,Al-Wayz Buntin,Buntin,1248024419201450075,Active,RF,,R,4,4,1,3,,,,,ElevatorToHeaven,true,MLN,12,,Al-Wayz,,12_12004
5975,1108,GHG,false,Conor Sexton,Sexton,205443196401090561,Captain,1B,UTIL,L,3,3,4,2,,,,,YoloSwaggins#8690,false,MLN,12,,Conor,,12_1108
5976,3049,GHG,false,Ferda Bois,Bois,667135868477374485,Active,C,,R,5,5,1,1,,,,,itbemason,false,MLN,12,,Ferda,,12_3049
5977,1122,GHG,false,Finkle Sparkles,Sparkles,243128381275766784,Hiatus,P,,R,,,,,4,2,4,2,Einhornfarm#4830,false,MLN,12,,Finkle,,12_1122
5978,5022,GHG,false,Franz Lisztpitcher,Lisztpitcher,94622501870510080,Captain,3B,UTIL,L,5,1,1,5,,,,,Randy#9263,false,MLN,12,,Franz,,12_5022
5979,11009,GHG,false,Garch McSkooter,McSkooter,1188294880074666024,Active,CF,,R,3,3,1,5,,,,,olivergardener_,false,MLN,12,,Garch,,12_11009
5980,1002,GHG,false,Garitek,Garitek,201437703328235520,Active,RF,,R,3,1,3,5,,,,,GareDr333#5369,false,MLN,12,,,,12_1002
5981,1141,GHG,false,Geno Scaramucci,Scaramucci,378622205883580417,Active,P,,L,,,,,5,4,1,2,SilkyMango#9987,false,MLN,12,,Geno,,12_1141
5982,1131,GHG,false,KC Bats,Bats,322186326130556940,Active,LF,,R,4,2,2,4,,,,,kc3551#3802,false,MLN,12,,KC,,12_1131
5983,7007,GHG,false,Kenny Powers,Powers,277907298112765952,Active,CF,,L,5,1,4,2,,,,,Mike22#3639,false,MLN,12,,Kenny,,12_7007
5984,10036,GHG,false,Kyuss Kosades,Kosades,114948933041520640,Active,P,,R,,,,,3,3,5,1,dagoth.ur,false,MLN,12,,Kyuss,,12_10036
5985,9039,GHG,false,Mama Luigi,Luigi,337766574020624387,Active,P,,L,,,,,4,1,2,5,bigredd17,false,MLN,12,,Mama,,12_9039
5986,1206,GHG,false,Meerkat Preller,Preller,383477937699029003,Active,P,,L,,,,,4,5,1,2,ConstantQuarreling#0175,false,MLN,12,,Meerkat,,12_1206
5987,1134,GHG,false,Ornn Mistborn,Mistborn,277638011124973571,Active,2B,UTIL,R,3,3,4,2,,,,,madno6#3209,false,MLN,12,,Ornn,,12_1134
5988,5029,GHG,false,Peoples Champ,Champ,150833402453557249,Active,C,COF,R,5,5,1,1,,,,,kowboy#5334,false,MLN,12,,Peoples,,12_5029
5989,10037,GHG,false,Skibidi McGyatt Jr.,McGyatt,396861641251356672,Active,RF,,R,4,4,2,2,,,,,wafflecakes_,false,MLN,12,Jr.,Skibidi,,12_10037
5990,7018,GHG,false,Y.E. Wally,Wally,345314811405402112,Active,2B,UTIL,R,5,1,1,5,,,,,Y. E. Wally#8208,false,MLN,12,,Y.E.,,12_7018
5991,1136,GHG,,Mason Spurs,Spurs,200102896363241474,Captain,SS,UTIL,L,5,2,2,3,,,,,spursygopher,false,MLN,12,,Mason,,12_1136
5992,3084,GRZ,true,Ryan Tyburn,Tyburn,334144448873365504,Active,LF,,R,5,5,1,1,,,,,Tyburn#0651,false,MLN,12,,Ryan,,12_3084
5993,2096,GRZ,false,Adam Croft,Croft,208429483059970050,Active,P,,L,,,,,5,4,1,2,.Nectar,false,MLN,12,,Adam,,12_2096
5994,1082,GRZ,false,Basebally McBaseballface Jr.,McBaseballface,212687113634840580,Active,RF,,R,5,1,1,5,,,,,packattack#9827,false,MLN,12,Jr.,Basebally,,12_1082
5995,5018,GRZ,false,Brian Taylor,Taylor,263736081000824832,Captain,C,CINF,L,4,5,1,2,,,,,beeguy75,false,MLN,12,,Brian,,12_5018
5996,12032,GRZ,false,Camden Yardsy,Yardsy,499019238363758632,Active,LF,,L,2,3,3,4,,,,,._gwendolyn_.,true,MLN,12,,Camden,,12_12032
5997,1186,GRZ,false,Francis Herman Swagger,Swagger,402556009736044544,Active,LF,,R,2,4,4,2,,,,,bellysk8er2005#9850,false,MLN,12,,Francis Herman,,12_1186
5998,2095,GRZ,false,Hecate Vassiliou,Vassiliou,231100460482691074,Active,CF,,L,2,4,1,5,,,,,Valpix#6666,false,MLN,12,,Hecate,,12_2095
5999,9009,GRZ,false,Jamal Fyre,Fyre,812872934149849098,Active,P,,R,,,,,4,1,5,2,Creatør!#0052,false,MLN,12,,Jamal,,12_9009
6000,9017,GRZ,false,Joe Yoshi,Yoshi,395757273785303050,Captain,SS,C,L,4,4,1,3,,,,,Zoom#3102,false,MLN,12,,Joe,,12_9017
6001,8013,GRZ,false,Johnny Drama,Drama,743343162193477672,Active,2B,UTIL,L,5,1,2,4,,,,,Hunter West #4945,false,MLN,12,,Johnny,,12_8013
6002,3007,GRZ,false,Salvatore De Luca,De Luca,92127213410865152,Captain,C,COF,L,2,5,4,1,,,,,HolyHamGrenade#5701,false,MLN,12,,Salvatore,,12_3007
6003,11011,GRZ,false,Sock Monkey,Monkey,690303919619964970,Active,P,,L,,,,,2,3,4,3,henjam,false,MLN,12,,Sock,,12_11011
6004,11010,GRZ,false,Starxy Stinkler,Stinkler,1003331659497754655,Active,3B,UTIL,R,3,3,4,2,,,,,NeonCreeper4238,false,MLN,12,,Starxy,,12_11010
6005,11047,GRZ,false,Swiftie ESPN,ESPN,756045284089528371,Active,SS,UTIL,R,4,3,1,4,,,,,taylor8347,false,MLN,12,,Swiftie,,12_11047
6006,1083,GRZ,false,Tony Smehrik,Smehrik,185167161734594560,Active,P,,L,,,,,3,5,2,2,liebz#0795,false,MLN,12,,Tony,,12_1083
6007,3069,GRZ,false,Wallace Grommet,Grommet,476558347634475028,Active,LF,,L,4,4,3,1,,,,,kaylittle6,false,MLN,12,,Wallace,,12_3069
6008,3088,GRZ,false,Yoel Roshi,Roshi,293180794124632074,Active,1B,UTIL,L,5,3,1,3,,,,,pyrolola#2993,false,MLN,12,,Yoel,,12_3088
6009,6011,HFX,true,Joe Pidgeon,Pidgeon,430014697174073364,Active,C,COF,R,3,4,4,1,,,,,AnAngryPidgeon#7526,false,MLN,12,,Joe,,12_6011
6010,11043,HFX,false,Arby Eye,Eye,539206568114257922,Active,P,,L,,,,,1,5,4,2,Nol15736,false,MLN,12,,Arby,,12_11043
6011,12009,HFX,false,Brody Page,Page,271800700525215744,Active,SS,UTIL,R,5,1,2,4,,,,,taengumiho,true,MLN,12,,Brody,,12_12009
6012,12020,HFX,false,Callaghan Walker,Walker,248669002342203393,Active,C,CINF,R,3,4,3,2,,,,,schmactus,true,MLN,12,,Callaghan,,12_12020
6013,9003,HFX,false,Cash Considerations,Considerations,876116035374297088,Captain,RF,,L,4,4,2,2,,,,,Chop_80#0271,false,MLN,12,,Cash,,12_9003
6014,10005,HFX,false,Chef Cook,Cook,325761515225350146,Active,2B,UTIL,R,4,3,2,3,,,,,dcook0308,false,MLN,12,,Chef,,12_10005
6015,2075,HFX,false,Copenhagen Black,Black,470202656992919553,Active,P,,R,,,,,3,2,3,4,NolaGumbeaux41#8934,false,MLN,12,,Copenhagen,,12_2075
6016,2073,HFX,false,Dom Emnic,Emnic,671538823662010394,Active,3B,UTIL,R,3,3,4,2,,,,,thedart31,false,MLN,12,,Dom,,12_2073
6017,7031,HFX,false,Fatts Richard,Richard,757379787340906587,Active,CF,,R,4,2,3,3,,,,,yaboimorey#8575,false,MLN,12,,Fatts,,12_7031
6018,9033,HFX,false,Francesco Hardgust,Hardgust,399062604972163082,Active,2B,UTIL,L,5,1,5,1,,,,,steaaamboat,false,MLN,12,,Francesco,,12_9033
6019,12005,HFX,false,Jimothy Jhompson,Jhompson,345356959660244992,Active,P,,L,,,,,4,2,4,2,codexjack,true,MLN,12,,Jimothy,,12_12005
6020,12016,HFX,false,Joey Tacoma,Tacoma,373927092225835010,Captain,RF,,R,4,3,2,3,,,,,theloden,true,MLN,12,,Joey,,12_12016
6021,4000,HFX,false,King Kruul,Kruul,246762932703068162,Active,1B,UTIL,L,1,5,5,1,,,,,LefLop#4771,false,MLN,12,,King,,12_4000
6022,10032,HFX,false,Schmidt Happens,Happens,496388256296992792,Active,LF,,L,4,2,3,3,,,,,dowhathappens89,false,MLN,12,,Schmidt,,12_10032
6023,3071,HFX,false,Serge A Storms,Storms,255311391186092032,Active,C,COF,L,4,3,3,2,,,,,TurtlesDown#4895,false,MLN,12,,Serge A,,12_3071
6024,8002,HFX,false,Trevor Rose,Rose,499385337383092235,Captain,P,,R,,,,,3,2,4,3,trexxy2#1529,false,MLN,12,,Trevor,,12_8002
6025,1119,HFX,false,Willie Mays Hayes,Hayes,433103168445087756,Active,1B,UTIL,R,4,2,1,5,,,,,WillieMaysHays#9546,false,MLN,12,,Willie Mays,,12_1119
6026,1055,HMH,true,Ozymandias Jones,Jones,131978039763402752,GM Only,LF,,L,4,3,1,4,,,,,AdmiralJones42#6648,false,MLN,12,,Ozymandias,,12_1055
6027,1058,HMH,false,Catfish Champ,Champ,259940190947246081,Active,CF,,L,5,3,1,3,,,,,amazingcowmilk#9713,false,MLN,12,,Catfish,,12_1058
6028,1080,HMH,false,Commie Ohtani,Ohtani,211904717981220865,Active,LF,,R,4,3,1,4,,,,,kickthepony#5274,false,MLN,12,,Commie,,12_1080
6029,11024,HMH,false,Ferdinand Fritzwilliam,Fritzwilliam,436929461360001044,Captain,CF,,R,3,3,2,4,,,,,speedytechie,false,MLN,12,,Ferdinand,,12_11024
6030,1149,HMH,false,Garrett Evans,Evans,233003286943367169,Active,RF,,R,3,2,5,2,,,,,legacy3233#2024,false,MLN,12,,Garrett,,12_1149
6031,1061,HMH,false,Hudson Hildebrandt,Hildebrandt,285878316987056130,Active,P,,R,,,,,5,1,5,1,Hudson#0002,false,MLN,12,,Hudson,,12_1061
6032,1089,HMH,false,Jefferson Steelflex,Steelflex,187009663487836162,Active,CF,,L,5,1,1,5,,,,,Jeff Steelflex#0352,false,MLN,12,,Jefferson,,12_1089
6033,1169,HMH,false,Jerome Garcia,Garcia,131971501153845248,Active,2B,UTIL,R,5,3,3,1,,,,,UnironicU2Defender#7767,false,MLN,12,,Jerome,,12_1169
6034,12017,HMH,false,K Junk,Junk,201500856565235713,Active,P,,R,,,,,5,4,1,2,acparadox,true,MLN,12,,K,,12_12017
6035,1201,HMH,false,Mylo Grams,Grams,342097160122269698,Active,C,COF,L,1,5,5,1,,,,,Mylo Grams- Toronto C#9559,false,MLN,12,,Mylo,,12_1201
6036,5041,HMH,false,Papa Longstroke,Longstroke,978500790182379591,Active,1B,UTIL,L,4,1,3,4,,,,,audubond,false,MLN,12,,Papa,,12_5041
6037,2078,HMH,false,Rascal Alex,Alex,131978039763402752,Active,P,,L,,,,,2,4,3,3,Avdo#9090,false,MLN,12,,Rascal,,12_2078
6038,2010,HMH,false,Skillz Simanek,Simanek,511617020408889354,Active,SS,UTIL,L,3,2,4,3,,,,,tsimaskillz#3401,false,MLN,12,,Skillz,,12_2010
6039,4078,HMH,false,Sleve McDichael,McDichael,350765214288838666,Active,P,,R,,,,,5,1,3,3,megalo#7735,false,MLN,12,,Sleve,,12_4078
6040,12014,HMH,false,Sonny Wortzik,Wortzik,770420700740976640,Active,3B,UTIL,L,5,2,1,4,,,,,tartonfink,true,MLN,12,,Sonny,,12_12014
6041,1054,HMH,false,Steve Hofbardozzi Jr. Jr. Jr.,Hofbardozzi,207143171128426496,Active,3B,UTIL,L,5,4,1,2,,,,,GeneticlyPerfct#0232,false,MLN,12,Jr. Jr. Jr.,Steve,,12_1054
6042,12019,HMH,false,T.J. Oatman,Oatman,1054040704961224754,Active,SS,UTIL,R,1,2,5,4,,,,,travislebick,true,MLN,12,,T.J.,,12_12019
6043,1052,HMH,false,Zed Leona,Leona,177281342818484224,Active,C,CINF,R,4,5,1,2,,,,,Sleeper#2045,false,MLN,12,,Zed,,12_1052
6044,9037,KC,true,Dayman Nightman,Nightman,347206793824436235,GM Only,CF,,L,3,3,3,3,,,,,fiercepenguin22,false,MLN,12,,Dayman,,12_9037
6045,11037,KC,false,Archie Sybil,Sybil,425128256224886785,Active,CF,,L,4,3,2,3,,,,,pm_ur_risk_mgmt,false,MLN,12,,Archie,,12_11037
6046,10071,KC,false,Bobert Hideyoshi,Hideyoshi,293552417327415296,Active,C,CINF,L,3,5,3,1,,,,,TorchedPineapple#1898,false,MLN,12,,Bobert,,12_10071
6047,9010,KC,false,Brent Chillwater,Chillwater,170720826557988865,Captain,P,,L,,,,,5,3,1,3,Kelbo11#9768,false,MLN,12,,Brent,,12_9010
6048,9024,KC,false,Calvin Ball,Ball,401599869275340800,Active,2B,UTIL,L,5,4,2,1,,,,,Vrain19,false,MLN,12,,Calvin,,12_9024
6049,7021,KC,false,Dutch Boggs,Boggs,166930309583994880,Active,SS,UTIL,L,4,2,1,5,,,,,heylookjorge#6136,false,MLN,12,,Dutch,,12_7021
6050,12006,KC,false,Justin Time,Time,231813928319975424,Active,CF,,R,4,2,2,4,,,,,ShellShocked1,true,MLN,12,,Justin,,12_12006
6051,4073,KC,false,Kancing Mutlak,Mutlak,362064637509763085,Active,P,,R,,,,,2,2,4,4,G2019#0639,false,MLN,12,,Kancing,,12_4073
6052,3043,KC,false,Keyo,Keyo,114529305219956739,Active,3B,C,L,4,4,3,1,,,,,Keyo#2641,false,MLN,12,,,,12_3043
6053,8049,KC,false,Kries Von Kriestalhauser,Von Kriestalhauser,138118384645701632,Active,CF,,R,4,1,2,5,,,,,Chris Kriestinaf#7081,false,MLN,12,,Kries,,12_8049
6054,6049,KC,false,NoodleArmBigPowerODoyleetc,NoodleArmBigPowerODoyleetc,566239287713202187,Captain,RF,,R,5,1,1,5,,,,,n8n#8421,false,MLN,12,,,,12_6049
6055,7035,KC,false,peachespeachespeaches,peachespeachespeaches,157986981882757121,Hiatus,P,,R,,,,,2,3,2,5,KCPeach#2448,false,MLN,12,,,,12_7035
6056,11044,KC,false,Salami,Salami,474581930004840468,Active,P,,L,,,,,4,2,3,3,Theo1323,false,MLN,12,,,,12_11044
6057,10077,KC,false,Salsa Steve,Steve,135180418633695232,Active,LF,,R,5,1,1,5,,,,,icnatspel,false,MLN,12,,Salsa,,12_10077
6058,10047,KC,false,Saul Pewald,Pewald,419525278356733963,Active,C,COF,R,2,5,4,1,,,,,mikenom,false,MLN,12,,Saul,,12_10047
6059,9019,KC,false,Tooth Heaven Won,Heaven Won,397500246755901451,Active,2B,UTIL,R,3,4,1,4,,,,,Tomás#4111,false,MLN,12,,Tooth,,12_9019
6060,1194,KC,false,Tuck,Tuck,334203993607766017,Active,P,,R,,,,,5,5,1,1,tuck7,false,MLN,12,,,,12_1194
6061,9040,KC,false,Velma Dingkerly,Dingkerly,147134307440394241,Captain,1B,UTIL,R,4,2,3,3,,,,,minorbaconator,false,MLN,12,,Velma,,12_9040
6062,10039,KC,,Osha Wott,Wott,336289751998922756,Active,LF,,R,3,1,4,4,,,,,xoukie,false,MLN,12,,Osha,,12_10039
6063,3039,MIA,true,Bob Winn,Winn,206833217678868480,Active,2B,UTIL,R,5,1,1,5,,,,,TBKLarry#1903,false,MLN,12,,Bob,,12_3039
6064,10033,MIA,true,Ichiro Rose,Rose,1273855146840821793,Active,CF,,L,3,1,3,5,,,,,skurry30,false,MLN,12,,Ichiro,,12_10033
6065,12033,MIA,false,Bob Katz,Katz,1060699834157387787,Active,SS,UTIL,L,3,2,4,3,,,,,stxllar1,true,MLN,12,,Bob,,12_12033
6066,9031,MIA,false,Bob Nutting Jr,Nutting,413139322493992972,Active,1B,UTIL,R,5,1,5,1,,,,,The Auditor,false,MLN,12,Jr,Bob,,12_9031
6067,9025,MIA,false,Bryce Parker,Parker,246320369676451840,Active,3B,UTIL,R,2,5,1,4,,,,,.packer,false,MLN,12,,Bryce,,12_9025
6068,9041,MIA,false,Himmy Proton,Proton,1080268454357110874,Captain,C,COF,L,3,5,2,2,,,,,.CoachRice,false,MLN,12,,Himmy,,12_9041
6069,9023,MIA,false,Jihmih Elsher,Elsher,1018721510111838309,Active,SS,UTIL,R,1,5,1,5,,,,,sauciestmoose,false,MLN,12,,Jihmih,,12_9023
6070,5017,MIA,false,Makesiondon Kelkboom,Kelkboom,477216596667006996,Active,3B,UTIL,R,5,1,1,5,,,,,Tenny1917,false,MLN,12,,Makesiondon,,12_5017
6071,10035,MIA,false,Man of Steal,Steal,701671153911070842,Active,RF,,L,3,3,1,5,,,,,Unknown6969,false,MLN,12,,Man of,,12_10035
6072,3073,MIA,false,Matt Himynamis,Himynamis,357712250041270273,Active,P,,R,,,,,2,5,3,2,Hi_mynameis_Matt#3175,false,MLN,12,,Matt,,12_3073
6073,7023,MIA,false,Mickey May,May,748283643775942777,Active,P,,R,,,,,2,5,4,1,RainDance17#8447,false,MLN,12,,Mickey,,12_7023
6074,9035,MIA,false,Mike Ock,Ock,409482014320885760,Active,2B,UTIL,L,4,2,1,5,,,,,8ight_,false,MLN,12,,Mike,,12_9035
6075,3005,MIA,false,Pablo Sanchez,Sanchez,484386566249119760,Active,P,,R,,,,,5,4,2,1,matt2930#7229,false,MLN,12,,Pablo,,12_3005
6076,7020,MIA,false,Sonar McDeuceski,McDeuceski,234155536210198528,Captain,P,,R,,,,,5,4,2,1,Sonar#6969,false,MLN,12,,Sonar,,12_7020
6077,9044,MIA,false,Strawberry Jones,Jones,422982444023808010,Captain,C,CINF,L,1,5,5,1,,,,,percnowitzki7893,false,MLN,12,,Strawberry,,12_9044
6078,12013,MIA,false,Tim Thrill,Thrill,1237410765435047988,Active,CF,,R,4,1,2,5,,,,,Thrill0728,true,MLN,12,,Tim,,12_12013
6079,3072,MIA,false,Tucker Doubt,Doubt,347109742155399168,Active,LF,,L,5,1,1,5,,,,,MikeyTKO#0005,false,MLN,12,,Tucker,,12_3072
6080,11030,POR,true,Ron Swanson,Swanson,1014944275231948971,Active,C,COF,R,3,5,3,1,,,,,uganofo,false,MLN,12,,Ron,,12_11030
6081,12049,POR,false,Ant Man,Man,1357915901592342661,Active,P,,R,,,,,3,3,5,1,lucad70106,false,MLN,12,,Ant,,12_12049
6082,10042,POR,false,Bingle Johnson,Johnson,296358617366659084,Captain,RF,,L,5,5,1,1,,,,,desi9546,false,MLN,12,,Bingle,,12_10042
6083,11045,POR,false,Bucky Gorgonzola,Gorgonzola,876163675545808937,Active,P,,L,,,,,2,3,5,2,UhOhIShitted,false,MLN,12,,Bucky,,12_11045
6084,6031,POR,false,Captain Rex,Rex,424366248780890121,Active,1B,UTIL,L,3,5,2,2,,,,,Canner234#3934,false,MLN,12,,Captain,,12_6031
6085,7012,POR,false,CJ Ayer,Ayer,716293515864440905,Active,2B,UTIL,R,3,3,5,1,,,,,Zeltrox #0126,false,MLN,12,,CJ,,12_7012
6086,8008,POR,false,Guy Gilwater,Gilwater,369294700961595393,Active,3B,UTIL,L,3,3,1,5,,,,,GilPellaeon#8115,false,MLN,12,,Guy,,12_8008
6087,10007,POR,false,Henry Atombomb,Atombomb,837902403554377819,Active,P,,R,,,,,2,3,5,2,Thecolorofyellow,false,MLN,12,,Henry,,12_10007
6088,10078,POR,false,Jerk McGurkin,McGurkin,619573410132918322,Active,LF,,L,5,5,1,1,,,,,Bread_Lover,false,MLN,12,,Jerk,,12_10078
6089,9014,POR,false,Jimmy Payne,Payne,718086107937636383,Active,2B,UTIL,L,3,2,5,2,,,,,wap#5966,false,MLN,12,,Jimmy,,12_9014
6090,7027,POR,false,Kevin James,James,713100553214755267,Active,P,,L,,,,,3,3,5,1,Swarm#3461,false,MLN,12,,Kevin,,12_7027
6091,12011,POR,false,Kordz Sonata,Sonata,386249497292046347,Active,LF,,L,3,3,4,2,,,,,jcbeats,true,MLN,12,,Kordz,,12_12011
6092,10076,POR,false,Lars Nootbaar Jr,Nootbaar,343954490187055109,Active,SS,UTIL,L,4,4,2,2,,,,,CanaDan,false,MLN,12,Jr,Lars,,12_10076
6093,11008,POR,false,Miikka Jarvinen,Jarvinen,906269859413909576,Active,SS,UTIL,R,4,5,1,2,,,,,tlt_72,false,MLN,12,,Miikka,,12_11008
6094,7038,POR,false,Raffy Benitez,Benitez,311657913351667722,Active,CF,,R,2,4,1,5,,,,,BenTheThrill_7#8665,false,MLN,12,,Raffy,,12_7038
6095,3057,POR,false,Speedo Meter,Meter,213354112434044931,Active,CF,,R,3,3,1,5,,,,,EricS53 #2544,false,MLN,12,,Speedo,,12_3057
6096,12002,POR,false,Tor Tilla,Tilla,1376626705816354877,Captain,C,CINF,R,3,5,3,1,,,,,coach.tortilla,true,MLN,12,,Tor,,12_12002
6097,1001,RC,true,Crash Davis,Davis,293940505614483456,GM Only,C,CINF,R,3,4,4,1,,,,,Flying Spaghetti Hitchens#6329,false,MLN,12,,Crash,,12_1001
6098,8050,RC,true,Damon Razor,Razor,164840246549282817,GM Only,P,,L,,,,,2,4,4,2,Ikonic#1611,false,MLN,12,,Damon,,12_8050
6099,11012,RC,false,Ace Brickman,Brickman,211634504639578113,Active,CF,,R,4,1,2,5,,,,,._.hlep,false,MLN,12,,Ace,,12_11012
6100,10061,RC,false,Albert Pooholes,Pooholes,457351028694581276,Hiatus,RF,,R,4,2,5,1,,,,,slaybraham,false,MLN,12,,Albert,,12_10061
6101,4045,RC,false,Dakota Carolina Montana,Montana,276829932439470081,Active,P,,R,,,,,3,4,2,3,Dakota Carolina Montana#4635,false,MLN,12,,Dakota Carolina,,12_4045
6102,12036,RC,false,Doc Holliday II,Holliday,856621728661504071,Active,C,COF,R,1,5,5,1,,,,,blackopsniper,true,MLN,12,II,Doc,,12_12036
6103,10049,RC,false,Guy Ledouche,Ledouche,385302863108243456,Active,C,CINF,L,3,5,3,1,,,,,linkkjm,false,MLN,12,,Guy,,12_10049
6104,5034,RC,false,Haloick Oasis,Oasis,121814608313843713,Active,P,,L,,,,,3,5,2,2,Halox#1337,false,MLN,12,,Haloick,,12_5034
6105,9001,RC,false,Harvey Burton,Burton,229630404603281408,Active,C,COF,R,3,4,2,3,,,,,Egglton#6732,false,MLN,12,,Harvey,,12_9001
6106,4069,RC,false,Hot Dog Jeopardy,Jeopardy,121792167361511424,Active,3B,UTIL,L,2,3,4,3,,,,,Big Botto m#1067,false,MLN,12,,Hot Dog,,12_4069
6107,4070,RC,false,Ioe Torrent,Torrent,130834533460344832,Active,LF,,L,4,2,5,1,,,,,Ioe#4493,false,MLN,12,,Ioe,,12_4070
6108,3010,RC,false,Jarey Butts,Butts,246828880848093185,Active,LF,,R,3,2,4,3,,,,,Jurd#9852,false,MLN,12,,Jarey,,12_3010
6109,12038,RC,false,Jazzy Jeff,Jeff,284395630900674560,Active,1B,,R,3,1,3,5,,,,,thedonjiggy,true,MLN,12,,Jazzy,,12_12038
6110,1217,RC,false,Johnny Dickshot,Dickshot,346750558901764117,Active,P,,R,,,,,4,4,3,1,Number1Dork#7344,false,MLN,12,,Johnny,,12_1217
6111,1098,RC,false,Kegs Mabry,Mabry,144267007175426048,Active,RF,,L,4,3,4,1,,,,,kegel.,false,MLN,12,,Kegs,,12_1098
6112,4011,RC,false,Mitch Meanmug,Meanmug,294497117467181056,Active,P,,R,,,,,4,3,3,2,fermatajack,false,MLN,12,,Mitch,,12_4011
6113,10002,RC,false,Pokey Fleece,Fleece,819315683321184257,Active,SS,UTIL,L,2,5,1,4,,,,,earlboykins.,false,MLN,12,,Pokey,,12_10002
6114,10015,RC,false,Sir Walks A Lot,Walks A Lot,630006557353967626,Captain,2B,UTIL,R,2,5,1,4,,,,,thumbsticks,false,MLN,12,,Sir,,12_10015
6115,11006,RC,false,Spitty McSpit,McSpit,414200830837784595,Active,P,,L,,,,,1,4,2,5,v1el1,false,MLN,12,,Spitty,,12_11006
6116,1027,RC,false,Thomas Nova,Nova,341669113430540301,Active,2B,UTIL,L,3,3,1,5,,,,,Daitryu#7669,false,MLN,12,,Thomas,,12_1027
6117,2094,REK,true,JZ (but not the rapper),JZ,254774534274547713,Active,RF,,L,5,1,1,5,,,,,JZKITTY#3143,false,MLN,12,(but not the rapper),,,12_2094
6118,3054,REK,true,Paulie Wag,Wag,139926308644847616,Active,RF,,L,3,3,3,3,,,,,pelochyta #9978,false,MLN,12,,Paulie,,12_3054
6119,3066,REK,false,AAAAAAAAAAThor,AAAAAAAAAAThor,349359777220001793,Captain,C,COF,R,1,5,4,2,,,,,Qomsday#7405,false,MLN,12,,,,12_3066
6120,3091,REK,false,AAAAntilles Zelk,Zelk,250094459721613315,Captain,2B,UTIL,L,4,2,2,4,,,,,CaptainSolo96#0006,false,MLN,12,,AAAAntilles,,12_3091
6121,1153,REK,false,AALarry Longshot,Longshot,406898210804858884,Active,P,,R,,,,,3,2,4,3,TrickyTroy2#3950,false,MLN,12,,AALarry,,12_1153
6122,3082,REK,false,Basethony Balltano,Balltano,671474346606198820,Active,1B,UTIL,R,5,1,2,4,,,,,Declan#0676,false,MLN,12,,Basethony,,12_3082
6123,2082,REK,false,Dixon Uraz,Uraz,148580118179217410,Active,SS,UTIL,R,5,5,1,1,,,,,Club_toast#4313,false,MLN,12,,Dixon,,12_2082
6124,1133,REK,false,Hank Murphy,Murphy,382275235082403842,Active,C,CINF,L,1,5,5,1,,,,,Hank Murphy#4997,false,MLN,12,,Hank,,12_1133
6125,6010,REK,false,Homer Knocker,Knocker,153354503662469131,Active,CF,,R,5,2,1,4,,,,,Cable^3#3200,false,MLN,12,,Homer,,12_6010
6126,3079,REK,false,Isaac Snowbender,Snowbender,140306370359459840,Active,LF,,L,3,2,2,5,,,,,mvh1015#6260,false,MLN,12,,Isaac,,12_3079
6127,2057,REK,false,Jack Alpha,Alpha,378210771005341698,Active,3B,UTIL,R,5,1,2,4,,,,,androidsen#8466,false,MLN,12,,Jack,,12_2057
6128,2055,REK,false,Joe Mitsubishi,Mitsubishi,268566559746686986,Active,P,,R,,,,,3,5,3,1,Jpulto#1431,false,MLN,12,,Joe,,12_2055
6129,10020,REK,false,Johnmaine Chupri,Chupri,197324763495006227,Active,3B,UTIL,R,4,1,2,5,,,,,Chupri,false,MLN,12,,Johnmaine,,12_10020
6130,1029,REK,false,Lefty Louis,Louis,326553566909300737,Active,1B,UTIL,L,5,1,5,1,,,,,lewislewes#3447,false,MLN,12,,Lefty,,12_1029
6131,10074,REK,false,Seth Kablamo,Kablamo,1116449637637816331,Hiatus,SS,UTIL,R,5,4,2,1,,,,,sethkablamo,false,MLN,12,,Seth,,12_10074
6132,11032,REK,false,Smokey Zygowski,Zygowski,1116797556240953406,Active,P,,R,,,,,4,4,2,2,bearinthewoods2,false,MLN,12,,Smokey,,12_11032
6133,4040,REK,false,Trogdor Fhqwhgads,Fhqwhgads,545406706038079520,Active,SS,UTIL,L,5,5,1,1,,,,,Haniger's Grenade#9160,false,MLN,12,,Trogdor,,12_4040
6134,3053,REK,false,XxXJuniJuni PandaXxX,PandaXxX,121871011091185664,Active,P,,L,,,,,2,5,4,1,Juniped,false,MLN,12,,XxXJuniJuni,,12_3053
6135,10079,RLY,true,R'lyeh Cult Father,Cult Father,243821280833437706,GM Only,SS,UTIL,R,4,1,2,5,,,,,mattebleu,false,MLN,12,,R'lyeh,,12_10079
6136,6022,RLY,true,VI,VI,434926278832029696,Active,P,,L,,,,,3,3,5,1,sixhausen,false,MLN,12,,,,12_6022
6137,11049,RLY,false,R'lyeh Cultist 1,Cultist 1,193137782804185088,Active,3B,UTIL,L,5,1,5,1,,,,,cesium.,false,MLN,12,,R'lyeh,,12_11049
6138,11003,RLY,false,R'lyeh Cultist 13,Cultist 13,152652987435712512,Active,RF,,L,2,1,5,4,,,,,camwyo,false,MLN,12,,R'lyeh,,12_11003
6139,10008,RLY,false,R'lyeh Cultist 14,Cultist 14,243920795754037259,Active,P,,R,,,,,5,4,1,2,.liru.,false,MLN,12,,R'lyeh,,12_10008
6140,9030,RLY,false,R'lyeh Cultist 25,Cultist 25,434533589279834124,Captain,1B,UTIL,R,4,3,2,3,,,,,doggery_,false,MLN,12,,R'lyeh,,12_9030
6141,11042,RLY,false,R'lyeh Cultist 31,Cultist 31,830263351292198932,Captain,2B,UTIL,L,4,1,2,5,,,,,stixvim,false,MLN,12,,R'lyeh,,12_11042
6142,11028,RLY,false,R'lyeh Cultist 42,Cultist 42,718963552521682955,Captain,CF,,R,4,3,2,3,,,,,doublegoldendragon,false,MLN,12,,R'lyeh,,12_11028
6143,4072,RLY,false,R'lyeh Cultist 5,Cultist 5,182233101349421067,Active,LF,,L,3,3,1,5,,,,,superfish1205#8463,false,MLN,12,,R'lyeh,,12_4072
6144,10081,RLY,false,R'lyeh Cultist 50,Cultist 50,451188981602713611,Active,CF,,L,4,1,2,5,,,,,mootmahsn,false,MLN,12,,R'lyeh,,12_10081
6145,9027,RLY,false,R'lyeh Cultist 55,Cultist 55,664132125393551372,Active,C,CINF,R,2,5,1,4,,,,,ann_114,false,MLN,12,,R'lyeh,,12_9027
6146,12043,RLY,false,R'lyeh Cultist 67,Cultist 67,887673514017050634,Active,LF,,R,5,1,5,1,,,,,dltdmati,true,MLN,12,,R'lyeh,,12_12043
6147,9036,RLY,false,R'lyeh Cultist 69,Cultist 69,464251755526488071,Active,2B,UTIL,R,5,1,1,5,,,,,victorystar0,false,MLN,12,,R'lyeh,,12_9036
6148,10062,RLY,false,R'lyeh Cultist 73,Cultist 73,233774367761367040,Active,SS,UTIL,R,4,4,3,1,,,,,darthus.,false,MLN,12,,R'lyeh,,12_10062
6149,8016,RLY,false,R'lyeh Cultist C,Cultist C,710269966347141130,Active,C,COF,L,1,5,2,4,,,,,dhgrainger#9897,false,MLN,12,,R'lyeh,,12_8016
6150,12010,RLY,false,R'lyeh R'ivy,R'ivy,231573735486783489,Active,P,,R,,,,,4,2,4,2,Mischiefmaehem,true,MLN,12,,R'lyeh,,12_12010
6151,4004,RLY,false,R'lyeh Reid,Reid,240572831333613569,Active,SS,UTIL,L,1,5,5,1,,,,,Reno ◢ ◤#1997,false,MLN,12,,R'lyeh,,12_4004
6152,12030,RLY,false,Satchel O'Cultist 44,O'Cultist 44,514714825180446730,Hiatus,P,,L,,,,,4,2,4,2,dac91486,true,MLN,12,,Satchel,,12_12030
6153,10027,SMD,true,Dingers McGee,McGee,874281806675992576,GM Only,1B,UTIL,L,5,3,2,2,,,,,mrocks301,false,MLN,12,,Dingers,,12_10027
6154,1004,SMD,true,Pops Dongoria,Dongoria,225468192443727873,GM Only,C,COF,R,4,5,1,2,,,,,timland33,false,MLN,12,,Pops,,12_1004
6155,1063,SMD,false,Alex Yaxley,Yaxley,345329173616787458,Active,C,COF,R,1,5,5,1,,,,,BIGxM1KE#4625,false,MLN,12,,Alex,,12_1063
6156,1008,SMD,false,Atlas Quin,Quin,148920755189579776,Active,P,,L,,,,,3,2,4,3,Pieanator#7542,false,MLN,12,,Atlas,,12_1008
6157,1140,SMD,false,Bartholomew Crumblepuff,Crumblepuff,223279982091304960,Active,P,,L,,,,,3,2,4,3,Zod#3168,false,MLN,12,,Bartholomew,,12_1140
6158,11033,SMD,false,Cared Jarrabis,Jarrabis,450842649826689051,Active,RF,,L,2,3,4,3,,,,,dunkinicedcoffee,false,MLN,12,,Cared,,12_11033
6159,1023,SMD,false,Dan Gerzone,Gerzone,358438389160345600,Captain,2B,UTIL,R,3,1,4,4,,,,,Dan_Gerzone,false,MLN,12,,Dan,,12_1023
6160,3011,SMD,false,December Beckett,Beckett,443829816752340994,Active,P,,R,,,,,4,3,2,3,Jaysword#3811,false,MLN,12,,December,,12_3011
6161,5002,SMD,false,Guidooooo,Guidooooo,105512327293448192,Captain,SS,UTIL,R,4,2,5,1,,,,,tezlak,false,MLN,12,,,,12_5002
6162,9038,SMD,false,John McDonald Jr.,McDonald,170236047169552384,Active,1B,C,L,1,5,3,3,,,,,roel.dh,false,MLN,12,Jr.,John,,12_9038
6163,12031,SMD,false,Lula Pennant,Pennant,566814414163148800,Active,3B,UTIL,L,3,2,4,3,,,,,Stephwtom,true,MLN,12,,Lula,,12_12031
6164,1158,SMD,false,Master Cashier,Cashier,143034072787058688,Active,LF,,R,3,5,1,3,,,,,MasterCashier#1114,false,MLN,12,,Master,,12_1158
6165,7022,SMD,false,Meat Wad,Wad,158398522859716612,Active,3B,UTIL,L,3,4,1,4,,,,,slothfacekilla#7809,false,MLN,12,,Meat,,12_7022
6166,4015,SMD,false,Plack Attack,Attack,473845222514884610,Active,C,CINF,R,4,5,1,2,,,,,.mayko.,false,MLN,12,,Plack,,12_4015
6167,1012,SMD,false,Reservoir Butler,Butler,288768900169072641,Active,SS,UTIL,R,4,2,1,5,,,,,ghostelephant#6650,false,MLN,12,,Reservoir,,12_1012
6168,3012,SMD,false,Rusty Nails,Nails,368414494772428801,Active,CF,,L,3,1,4,4,,,,,chicken joe of sheboygan,false,MLN,12,,Rusty,,12_3012
6169,1006,SMD,false,Smitty Hoppenscotch,Hoppenscotch,377826278004490240,Captain,CF,,L,4,2,1,5,,,,,Natsochist#8041,false,MLN,12,,Smitty,,12_1006
6170,1036,SMD,false,Spike Suzuki,Suzuki,398235187634503702,Active,RF,,R,4,4,2,2,,,,,xbijin#3776,false,MLN,12,,Spike,,12_1036
6171,12034,SMD,false,Triscuit McBiskit,McBiskit,434164571373305858,Active,P,,R,,,,,5,4,1,2,Gapporin,true,MLN,12,,Triscuit,,12_12034
6172,11020,SUN,true,Donatello Hamato,Hamato,413483364906172416,Active,SS,UTIL,L,5,1,1,5,,,,,rivalmejr,false,MLN,12,,Donatello,,12_11020
6173,1156,SUN,true,Thomas Thompson III,Thompson,86858721061269504,Active,3B,UTIL,R,3,1,5,3,,,,,Barno#4078,false,MLN,12,III,Thomas,,12_1156
6174,11013,SUN,false,AJ Wolfe,Wolfe,175821866072670209,Captain,P,,L,,,,,5,5,1,1,AssassinLex,false,MLN,12,,AJ,,12_11013
6175,1032,SUN,false,Charlie Scott,Scott,193883917055557642,Active,CF,,L,3,3,1,5,,,,,SemiCharmedMike#9629,false,MLN,12,,Charlie,,12_1032
6176,1035,SUN,false,Chip Otle,Otle,213403960072077312,Retired,2B,UTIL,L,4,2,1,5,,,,,mcastagnaro30#2558,false,MLN,12,,Chip,,12_1035
6177,11048,SUN,false,Fabian Seacaster,Seacaster,435275669589721101,Active,P,,L,,,,,4,4,2,2,laserdarts,true,MLN,12,,Fabian,,12_11048
6178,12035,SUN,false,Hippo Jars,Jars,543703993092800523,Active,RF,,R,4,3,2,3,,,,,Spanxc35,true,MLN,12,,Hippo,,12_12035
6179,11007,SUN,false,Hubert Dubois,Dubois,690334748589162506,Captain,P,,R,,,,,2,4,5,1,Skeeton300,false,MLN,12,,Hubert,,12_11007
6180,7045,SUN,false,Jimmy Pop,Pop,365319131106377750,Active,1B,UTIL,L,2,2,3,5,,,,,wlupike#5721,false,MLN,12,,Jimmy,,12_7045
6181,2032,SUN,false,Kali McSuntas,McSuntas,181238139539423232,Active,C,COF,L,5,5,1,1,,,,,Jaera#1246,false,MLN,12,,Kali,,12_2032
6182,12037,SUN,false,Katelyn Hoshino,Hoshino,759969352333262899,Active,3B,UTIL,L,5,1,3,3,,,,,masterjtzh,true,MLN,12,,Katelyn,,12_12037
6183,12012,SUN,false,Mickey Martino,Martino,199668571897331722,Active,P,,L,,,,,4,4,1,3,mikemart,true,MLN,12,,Mickey,,12_12012
6184,10023,SUN,false,Rex McStrange,McStrange,876211301142106132,Active,C,COF,L,3,5,3,1,,,,,Zedella,false,MLN,12,,Rex,,12_10023
6185,12039,SUN,false,Rich Driver,Driver,90371438032211968,Active,2B,UTIL,L,2,3,4,3,,,,,yaboilogibear,true,MLN,12,,Rich,,12_12039
6186,11036,SUN,false,Scoreson McCorkle,McCorkle,597226087692369931,Hiatus,SS,UTIL,L,5,4,1,2,,,,,rhino0566,false,MLN,12,,Scoreson,,12_11036
6187,10040,SUN,false,Serengeti Fingers,Fingers,348669005214777344,Active,1B,C,R,5,5,1,1,,,,,_riseup,false,MLN,12,,Serengeti,,12_10040
6188,1088,SUN,false,Stan Mann,Mann,298312382927732748,Active,3B,C,R,5,5,1,1,,,,,CelciusII#6336,false,MLN,12,,Stan,,12_1088
6189,11041,SUN,false,Sylvia Bluesky,Bluesky,230119752591343616,Captain,LF,,L,5,4,2,1,,,,,zodiac.exe,true,MLN,12,,Sylvia,,12_11041
6190,10070,SUN,,John Applebees,Applebees,201951527772880896,Active,P,,R,,,,,3,3,4,2,luffydix,false,MLN,12,,John,,12_10070
7158,13066,JJ,false,Vanilla Plantain,Plantain,423945695939264513,Active,C,CINF,L,5,1,5,1,,,,,drchocolatebanana,false,RLN,13,,,,R_13066
10279,,FA,false,Addison Clark,Clark,117261616348790786,Active,SS,UTIL,R,3,2,5,2,,,,,sl0thh,,MLN,12,,,,12_13021
10280,,CAR,false,Alexander Duquense,Duquense,252546582631677962,Active,P,,R,,,,,2,4,5,1,benjamin_virginia,,MLN,12,,,,12_13034
10281,,BBEG,false,Annabelle TheGlorious,TheGlorious,415686925173784577,Active,P,,R,,,,,4,4,3,1,i.frew.up,,MLN,12,,,,12_13025
10283,,ASS,false,Benny Schwa,Schwa,318633863008223232,Active,1B,C,R,4,5,2,1,,,,,barelyaudibleben,,MLN,12,,,,12_13009
10284,,ACP,false,Bob McGuire,McGuire,699270867711950979,Active,SS,UTIL,L,5,1,1,5,,,,,andrewdeadaim,,MLN,12,,,,12_13036
10285,,FA,false,Brian Brain Drain Watertrack,Drain Watertrack,489088432560406528,Active,LF,,R,5,1,2,4,,,,,gutsy7450,,MLN,12,,,,12_13062
10286,,SUN,false,Bud Weiser,Weiser,412072227706503169,Active,1B,C,R,3,4,4,1,,,,,Walkertxranger33,,MLN,12,,,,12_13060
10287,,HFX,false,C.S. Verdad,Verdad,417523709192962070,Active,3B,C,R,3,3,4,2,4,5,2,1,Jjoiner356,,MLN,12,,,,12_13038
10288,,POR,false,Calvin Briggs,Briggs,814229173316616222,Active,RF,,L,3,2,3,4,,,,,spiethimpediment,,MLN,12,,,,12_13056
10289,,HFX,false,Carter Kendall,Kendall,368503182130806784,Active,C,COF,R,3,3,1,5,4,3,3,2,joeyfg,,MLN,12,,,,12_13040
10290,,FA,false,Chug Spudman,Spudman,372160837017927681,Active,2B,UTIL,R,4,1,4,3,,,,,chugspudman,,MLN,12,,,,12_13048
10291,,FA,false,Coco Harreece,Harreece,936578475161165854,Active,3B,C,R,2,4,5,1,,,,,cocoharreece,,MLN,12,,,,12_13054
10292,,POR,false,Cola Spritz,Spritz,638767694988050432,Active,CF,UTIL,R,3,2,5,2,,,,,coccacola,,MLN,12,,,,12_13033
10293,,RC,false,Cooper Simpson,Simpson,463361730534178816,Active,C,CINF,R,1,5,5,1,,,,,Deathstroke,,MLN,12,,,,12_13010
10294,,FA,false,Dalan Howard,Howard,541750141585981460,Active,RF,,R,4,2,1,5,,,,,Tarmon2121,,MLN,12,,,,12_13030
10296,,RLY,false,Eight O'Eight,O'Eight,754058783168266251,Active,2B,UTIL,R,4,2,4,2,,,,,nasbase,,MLN,12,,,,12_13064
10297,,FA,false,Elwyn Because,Because,967163968923787354,Active,CF,,R,3,2,3,4,,,,,jack.a.roe,,MLN,12,,,,12_13041
10298,,MIA,false,Ezra Wind,Wind,283444405954805760,Active,LF,,L,3,5,1,3,,,,,Father_wind,,MLN,12,,,,12_13001
10300,,POR,false,Gal Avant,Avant,693642982108168222,Active,1B,UTIL,L,3,3,2,4,,,,,galintehaxy,,MLN,12,,,,12_13037
10301,,SUN,false,Galacious Infinity,Infinity,631233272935874560,Active,RF,,R,4,4,1,3,,,,,infinitygd,,MLN,12,,,,12_13049
10302,,HMH,false,Gracie Mlodzianowski-Cwej,Mlodzianowski-Cwej,813303905827029012,Active,P,,R,,,,,3,5,2,2,middaydreamin,,MLN,12,,,,12_13019
10303,,FA,false,Graham Lowe,Lowe,167736580566417409,Active,2B,UTIL,R,4,2,4,2,,,,,Gramcrakr,,MLN,12,,,,12_13050
10304,,ACP,false,Gumwad Birdie,Birdie,143489181769924609,Active,3B,C,R,3,4,1,4,,,,,@Justin.tv,,MLN,12,,,,12_13027
10305,,MIA,false,Hamburger Pete Hamburg,Hamburg,228530271396298753,Active,3B,UTIL,L,4,2,5,1,,,,,heathen7,,MLN,12,,,,12_13023
10306,,FA,false,Henri Deschenes,Deschenes,1079237614298726620,Active,3B,UTIL,L,1,1,5,5,,,,,Willfthegod1,,MLN,12,,,,12_13004
10307,,REK,false,Henry McCade,McCade,668661171800506369,Active,3B,UTIL,R,3,3,3,3,,,,,Wwhite_wwizard,,MLN,12,,,,12_13002
10308,,DRAFT,false,Iceland Jeremiah Jones,Jeremiah Jones,505111811176267788,Active,CF,,L,5,1,1,5,,,,,kmax607,,MLN,12,,,,12_13052
10309,,SUN,false,J.G. Cobblestone,Cobblestone,130453950976491520,Active,LF,,R,1,4,4,3,,,,,froggydojo,,MLN,12,,,,12_13011
10310,,REK,false,Jarek Park,Park,185579807260672000,Active,SS,UTIL,R,4,2,1,5,,,,,Calvino,,MLN,12,,,,12_13007
10311,,FA,false,Johnny Aardvark,Aardvark,804035469498122302,Active,SS,UTIL,L,3,3,3,3,,,,,tetntf,,MLN,12,,,,12_13047
10312,,RLY,false,Kenji Matsumoto,Matsumoto,411669805829980161,Active,CF,,L,5,1,1,5,,,,,doctorfunk415,,MLN,12,,,,12_13014
10313,,FA,false,Lazarus King,King,433780701058564097,Active,SS,UTIL,R,3,3,2,4,,,,,Lizard King,,MLN,12,,,,12_13053
10314,,FA,false,Liam,Liam,373804410360430592,Active,P,,L,,,,,4,3,4,1,Liam,,MLN,12,,,,12_13065
10315,,ACP,false,Lil Broski,Broski,1140708838320898172,Active,C,COF,R,5,5,1,1,,,,,ItsmeBroski,,MLN,12,,,,12_13015
10316,,SMD,false,Mac Dinger,Dinger,333705291944296449,Active,2B,UTIL,L,2,3,3,4,,,,,deltatango2700,,MLN,12,,,,12_13016
10317,,KC,false,Max Muncy,Muncy,207737347922460673,Active,P,,L,,,,,5,2,3,2,fuwunk,,MLN,12,,,,12_13039
10318,,POR,false,Mickey Scales,Scales,662464663019061248,Active,SS,UTIL,R,4,1,2,5,,,,,Nalex13,,MLN,12,,,,12_13029
10319,,REK,false,Mikey Reynolds,Reynolds,368921221582028801,Active,RF,,R,4,2,2,4,,,,,Altaine,,MLN,12,,,,12_13028
10320,,FA,false,Oakwood Stud III,Stud,608074820449599730,Active,CF,,R,3,2,5,2,,,,,phr4kture,,MLN,12,,,,12_13059
10321,,FA,false,Obi Sloth,Sloth,362949116193406976,Active,3B,UTIL,R,3,2,5,2,,,,,slothobi2,,MLN,12,,,,12_13051
10322,,SUN,false,Orb,Orb,203001281302757386,Active,2B,UTIL,R,1,5,5,1,,,,,orb6873,,MLN,12,,,,12_13032
10323,,ASS,false,Rabs Roland,Roland,549093477426790400,Active,LF,,L,5,5,1,1,,,,,XxRabscuttlexX,,MLN,12,,,,12_13043
10324,,FA,false,Ron Forman,Forman,296302693360861184,Active,3B,UTIL,R,4,3,4,1,,,,,ronfor1,,MLN,12,,,,12_13026
10325,,ASS,false,Rusty Hammerschlagen,Hammerschlagen,569909171294830632,Active,P,,R,,,,,3,4,3,2,TheComedian922,,MLN,12,,,,12_13035
10326,,REK,false,Sara Rousseau,Rousseau,1288066104249421835,Active,P,,R,,,,,3,5,3,1,sarano1028,,MLN,12,,,,12_13057
10327,,FA,false,Scott Huston,Huston,848269061329518603,Active,SS,UTIL,R,4,4,2,2,,,,,@realtrey19,,MLN,12,,,,12_13046
10328,,MIA,false,Skip Bellew,Bellew,558284546244739072,Active,2B,UTIL,L,4,2,4,2,,,,,Madball,,MLN,12,,,,12_13024
10329,,KC,false,Slimothy James,James,308414882674638849,Active,2B,UTIL,R,4,3,2,3,,,,,Eggboi872,,MLN,12,,,,12_13055
10330,,SUN,false,Socks Maybe,Maybe,127153687251517441,Active,CF,,L,3,2,2,5,,,,,Rorydawn,,MLN,12,,,,12_13063
10331,,FA,false,Spades Soul,Soul,133277333942566912,Active,CF,,R,4,2,3,3,,,,,SpadeTheSkeleton,,MLN,12,,,,12_13058
10332,,KC,false,Speed Shark,Shark,418204670486380554,Active,3B,C,R,3,4,1,4,,,,,speedshark,,MLN,12,,,,12_13005
10333,,FA,false,Tyler Helman,Helman,828843487084150805,Active,P,,L,,,,,3,4,4,1,Chef Curry9457,,MLN,12,,,,12_7041
10334,,HFX,false,Vanilla Plantain,Plantain,423945695939264513,Active,CF,,L,5,1,5,1,,,,,drchocolatebanana,,MLN,12,,,,12_13066
10335,,FA,false,Xavier Lopez,Lopez,323992643929374721,Active,3B,UTIL,L,3,3,1,5,,,,,aid.f,,MLN,12,,,,12_13006
10420,,HMH,false,Mackenzie Haraldo,Haraldo,281586814471634945,Active,C,COF,L,1,5,5,1,,,,,mack#0894,,MLN,12,,,,12_1028
13980,8053,ACP,true,Basil,Basil,340181106236325888,GM Only,2B,UTIL,R,3,3,2,4,,,,,Basil#9496,false,MLN,13,,,,13_8053
13981,8021,ACP,true,Otto Von Eirsmark,Von Eirsmark,661682469120114689,GM Only,C,COF,L,5,5,1,1,,,,,sojohnson13#3706,false,MLN,13,,,,13_8021
13982,1026,ACP,false,Angel Leon,Leon,240939239968210944,Active,P,,L,,,,,5,3,3,1,GK12303#1313,false,MLN,13,,,,13_1026
13983,5012,ACP,false,Ben Bramly,Bramly,101512997112913920,Active,C,COF,R,4,5,2,1,,,,,bennys,false,MLN,13,,,,13_5012
13984,13036,ACP,false,Bob McGuire,McGuire,699270867711950979,Active,SS,UTIL,L,5,1,1,5,,,,,andrewdeadaim,true,MLN,13,,,,13_13036
13985,11045,ACP,false,Bucky Gorgonzola,Gorgonzola,876163675545808937,Active,P,,L,,,,,2,3,5,2,UhOhIShitted,false,MLN,13,,,,13_11045
13986,1113,ACP,false,Cookie Mongster,Mongster,302242686281318400,Active,1B,UTIL,L,4,4,3,1,,,,,mongster_03#3405,false,MLN,13,,,,13_1113
13987,13027,ACP,false,Gumwad Birdie,Birdie,143489181769924609,Active,3B,C,R,4,3,1,4,,,,,@Justin.tv,true,MLN,13,,,,13_13027
13988,12046,ACP,false,Hibiscus,Hibiscus,149748909965574144,Active,3B,UTIL,R,4,4,1,3,,,,,hi_biscus,false,MLN,13,,,,13_12046
13989,12008,ACP,false,Jacob BallHitter,BallHitter,449029979305672755,Active,P,,R,,,,,4,4,3,1,Jdogii,false,MLN,13,,,,13_12008
13990,10038,ACP,false,Javier Tootblan,Tootblan,296087264193282048,Active,2B,UTIL,R,3,2,4,3,,,,,xr41,false,MLN,13,,,,13_10038
13991,12042,ACP,false,Jiggs Kingman,Kingman,468456381528145931,Captain,2B,UTIL,R,2,3,5,2,,,,,admiralballtr8s,false,MLN,13,,,,13_12042
13992,8023,ACP,false,Johnny B. Goode,Goode,401556713364389918,Active,RF,,R,4,3,2,3,,,,,VerifiedThing#3997,false,MLN,13,,,,13_8023
13993,10018,ACP,false,Lee Luda,Luda,252304067261497344,Captain,LF,,L,5,1,3,3,,,,,.aerolite,false,MLN,13,,,,13_10018
13994,13015,ACP,false,Lil Broski,Broski,1140708838320898172,Active,C,COF,R,5,5,1,1,,,,,ItsmeBroski,true,MLN,13,,,,13_13015
13995,12012,ACP,false,Mickey Martino,Martino,199668571897331722,Active,P,,L,,,,,4,4,1,3,mikemart,false,MLN,13,,,,13_12012
13996,10024,ACP,false,Milo Kerrigan,Kerrigan,693027263062474782,Active,SS,C,R,4,5,2,1,,,,,thebattlersprince,false,MLN,13,,,,13_10024
13997,7004,ACP,false,Peter Hoomanawanui,Hoomanawanui,160535653178802177,Active,CF,,R,5,1,1,5,,,,,Idntwannabefamous#2485,false,MLN,13,,,,13_7004
13998,7038,ACP,false,Raffy Benitez,Benitez,311657913351667722,Captain,CF,,R,2,4,1,5,,,,,BenTheThrill_7#8665,false,MLN,13,,,,13_7038
13999,2020,ASS,true,Demetrios Ooga,Ooga,319330358636314634,Active,3B,C,L,1,5,1,5,,,,,oogadebob#9787,false,MLN,13,,,,13_2020
14000,7016,ASS,true,Ovaltine,Ovaltine,244495939941695488,Active,LF,,L,4,2,3,3,,,,,oh Toaster#8721,false,MLN,13,,,,13_7016
14001,13009,ASS,false,Benny Schwa,Schwa,318633863008223232,Active,1B,UTIL,R,4,2,2,4,,,,,barelyaudibleben,true,MLN,13,,,,13_13009
14002,6004,ASS,false,Bony Skellinger,Skellinger,613893115455209494,Captain,CF,,L,4,2,2,4,,,,,Bonesy McSkellington#3120,false,MLN,13,,,,13_6004
14003,12029,ASS,false,Bubson Dugnutt,Dugnutt,472505834929389577,Active,3B,UTIL,R,4,4,2,2,,,,,Tobsteroven,false,MLN,13,,,,13_12029
14004,8048,ASS,false,Captain Trash,Trash,600459061653274625,Hiatus,P,,L,,,,,4,1,2,5,biggersean#2006,false,MLN,13,,,,13_8048
14005,5030,ASS,false,Dirk Digglet,Digglet,636749752683200523,Active,P,,R,,,,,5,4,2,1,Lancer52,false,MLN,13,,,,13_5030
14006,2097,ASS,false,Dirtbag Darrell,Darrell,438226264608735232,Active,SS,UTIL,L,5,1,1,5,,,,,Wildcard09,false,MLN,13,,,,13_2097
14007,3056,ASS,false,Donatello Chalupa,Chalupa,197068139073110016,Active,RF,,L,5,2,1,4,,,,,Jslamas,false,MLN,13,,,,13_3056
14008,12001,ASS,false,George Costanza,Costanza,148675419917254657,Active,1B,UTIL,R,4,1,4,3,,,,,alexbond,false,MLN,13,,,,13_12001
14009,9011,ASS,false,Lightning Volt,Volt,334281849616728064,Active,P,,R,,,,,4,1,4,3,Vo1tage#9736,false,MLN,13,,,,13_9011
14010,5011,ASS,false,Mo Mo,Mo,193154424242307072,Captain,C,COF,R,2,5,1,4,,,,,MoJungo#6335,false,MLN,13,,,,13_5011
14011,13043,ASS,false,Rabs Roland,Roland,549093477426790400,Active,LF,,L,5,1,5,1,,,,,XxRabscuttlexX,true,MLN,13,,,,13_13043
14012,13035,ASS,false,Rusty Hammerschlagen,Hammerschlagen,569909171294830632,Active,P,,L,,,,,3,4,3,2,TheComedian922,true,MLN,13,,,,13_13035
14013,10082,ASS,false,Sterling Turlington,Turlington,258234836437827585,Active,C,CINF,R,4,5,1,2,,,,,sethurax,false,MLN,13,,,,13_10082
14014,8014,ASS,false,Turn Page,Page,580212717860683776,Active,2B,UTIL,R,2,3,3,4,,,,,Vishy#4767,false,MLN,13,,,,13_8014
14015,1033,BBEG,true,Daz Reference,Reference,180498124823855104,GM Only,P,,R,,,,,4,3,2,3,Obscure_Reference#9129,false,MLN,13,,,,13_1033
14016,9007,BBEG,true,Dilwyn Silversheen,Silversheen,168904625997479936,Active,SS,,L,5,3,2,2,,,,,CardinalFool,false,MLN,13,,,,13_9007
14017,13025,BBEG,false,Annabelle TheGlorious,TheGlorious,415686925173784577,Active,P,,R,,,,,4,4,3,1,i.frew.up,true,MLN,13,,,,13_13025
14018,1208,BBEG,false,Bace Ventura,Ventura,488754199245357073,Active,CF,,L,4,1,3,4,,,,,GKG1214#5442,false,MLN,13,,,,13_1208
14019,11029,BBEG,false,Big Bad Evil Slime,Slime,412750883701522433,Captain,C,CINF,L,3,5,3,1,,,,,anpheitseog4544,false,MLN,13,,,,13_11029
14020,2047,BBEG,false,Calvin Huff,Huff,507717034893901824,Active,CF,,R,4,2,4,2,,,,,mak0shark7,false,MLN,13,,,,13_2047
14021,12018,BBEG,false,Clifton McCullough,McCullough,143699646206705664,Active,P,,L,,,,,4,4,1,3,JL_muserwolves,false,MLN,13,,,,13_12018
14022,10030,BBEG,false,Donny Dash,Dash,320050675843203075,Active,RF,,L,3,2,5,2,,,,,Twil3,false,MLN,13,,,,13_10030
14023,11020,BBEG,false,Joel Justice,Justice,413483364906172416,Active,SS,UTIL,L,5,1,1,5,,,,,rivalmejr,false,MLN,13,,,,13_11020
14024,7017,BBEG,false,Juan Sexton,Sexton,827370007943053364,Active,2B,UTIL,R,3,5,1,3,,,,,snipinsexton#9209,false,MLN,13,,,,13_7017
14025,10043,BBEG,false,Justin Trotter,Trotter,396687613655908362,Active,1B,UTIL,R,3,3,2,4,,,,,nickwise,false,MLN,13,,,,13_10043
14026,9020,BBEG,false,Nathanial Swenson,Swenson,142645769730523136,Active,P,,L,,,,,5,1,3,3,UltimateZing#6907,false,MLN,13,,,,13_9020
14027,5014,BBEG,false,Sheridan Blackstone,Blackstone,372069117005660161,Active,P,,R,,,,,4,4,2,2,xFireRavenx#1221,false,MLN,13,,,,13_5014
14028,2066,BBEG,false,Talon Wingdiver,Wingdiver,133823669712453632,Active,P,,R,,,,,4,5,2,1,q77e,false,MLN,13,,,,13_2066
14029,10019,BBEG,false,Twatt Barton,Barton,1013152458941403216,Active,CF,,R,3,3,1,5,,,,,Joy9904,false,MLN,13,,,,13_10019
14030,1180,BBEG,false,War Hamster,Hamster,238569734185025536,Active,2B,UTIL,R,5,2,1,4,,,,,Warhamster#9295,false,MLN,13,,,,13_1180
14031,12024,BBEG,false,Zed Underhill,Underhill,420573474688466995,Captain,3B,UTIL,L,3,4,1,3,,,,,zeddzor.,false,MLN,13,,,,13_12024
14032,10072,CAR,true,Copernicus Hel,Hel,883066878715654214,Active,CF,,L,4,1,2,5,,,,,pineapplemacho,false,MLN,13,,,,13_10072
14033,9013,CAR,true,Toastman,Toastman,478671938189918208,Active,C,CINF,R,1,5,1,5,,,,,jtcmule,false,MLN,13,,,,13_9013
14034,13034,CAR,false,Alexander Duquense,Duquense,252546582631677962,Active,P,,R,,,,,2,4,5,1,benjamin_virginia,true,MLN,13,,,,13_13034
14035,12003,CAR,false,Boby Chadwick Jr,Chadwick,698673301131755600,Active,SS,UTIL,R,4,1,3,4,,,,,bobyjopo,false,MLN,13,,,,13_12003
14036,11040,CAR,false,Bucky Sabre III,Sabre,87753313226862592,Active,2B,UTIL,R,5,5,1,1,,,,,.eyeveewhy,false,MLN,13,,,,13_11040
14037,1032,CAR,false,Charlie Scott,Scott,193883917055557642,Captain,CF,,L,3,3,1,5,,,,,SemiCharmedMike#9629,false,MLN,13,,,,13_1032
14038,12047,CAR,false,Chunky Menthol,Menthol,690651863216816168,Active,P,,L,,,,,3,4,1,4,tytybee🍗 (he/him),false,MLN,13,,,,13_12047
14039,12025,CAR,false,Daniel Harrison,Harrison,553229051809234946,Active,2B,UTIL,L,5,1,1,5,,,,,tealshark24,false,MLN,13,,,,13_12025
14040,3027,CAR,false,Diego Medina,Medina,159766338833874944,Active,LF,,R,1,5,5,1,,,,,Diego#5535,false,MLN,13,,,,13_3027
14041,7014,CAR,false,Doc Dockerson,Dockerson,514984390103793679,Captain,P,,R,,,,,4,3,3,2,Leaffan139#9702,false,MLN,13,,,,13_7014
14042,11046,CAR,false,Etruscan Anthony,Anthony,386988468452065291,Active,SS,UTIL,L,4,2,1,5,,,,,pointandshoot.,false,MLN,13,,,,13_11046
14043,12028,CAR,false,Glorp,Glorp,235025162452467712,Active,LF,,R,3,1,5,3,,,,,Phantom,false,MLN,13,,,,13_12028
14044,5040,CAR,false,Juju's Snorlax,Snorlax,234174459756412928,Active,1B,UTIL,R,3,1,5,3,,,,,Good Juju#5950,false,MLN,13,,,,13_5040
14045,12015,CAR,false,Kenni LaMarr Jr,LaMarr,896802616439341137,Active,RF,,R,3,2,2,5,,,,,Disky,false,MLN,13,,,,13_12015
14046,7028,CAR,false,Perome Jeterson,Jeterson,229060203771985921,Active,3B,C,R,5,5,1,1,,,,,rhezz#9750,false,MLN,13,,,,13_7028
14047,3048,CAR,false,Ryan Sir-Wondery,Sir-Wondery,223980930975399937,Captain,P,,L,,,,,4,2,4,2,SoneRandomPerson#2533,false,MLN,13,,,,13_3048
14048,5032,CAR,false,Sander Entman,Entman,148506025773760512,Active,RF,,L,4,3,1,4,,,,,Holo_Icy_Holo#9537,false,MLN,13,,,,13_5032
14049,13021,FA,false,Addison Clark,Clark,117261616348790786,Active,SS,UTIL,R,3,2,5,2,,,,,sl0thh,false,MLN,13,,,,13_13021
14050,11016,FA,false,Arturo Escalibur,Escalibur,354712365658406942,Active,CF,,R,5,3,3,1,,,,,8bithobbit,false,MLN,13,,,,13_11016
14051,13062,FA,false,Brian Brain Drain Watertrack,Drain Watertrack,489088432560406528,Active,LF,,R,5,1,2,4,,,,,gutsy7450,false,MLN,13,,,,13_13062
14052,12052,FA,false,Cat with a Bat,a Bat,666027142798114817,Active,C,COF,R,5,5,1,1,,,,,Pawnduh,false,MLN,13,,,,13_12052
14053,13048,FA,false,Chug Spudman,Spudman,372160837017927681,Active,2B,UTIL,R,4,1,4,3,,,,,chugspudman,false,MLN,13,,,,13_13048
14054,13054,FA,false,Coco Harreece,Harreece,936578475161165854,Active,3B,C,R,2,4,5,1,,,,,cocoharreece,false,MLN,13,,,,13_13054
14055,13030,FA,false,Dalan Howard,Howard,541750141585981460,Active,RF,,R,4,2,1,5,,,,,Tarmon2121,false,MLN,13,,,,13_13030
14056,8025,FA,false,Don Bon,Bon,750790332802662400,Active,P,,L,,,,,4,2,4,2,Sinister#7252,false,MLN,13,,,,13_8025
14057,13041,FA,false,Elwyn Because,Because,967163968923787354,Active,CF,,R,3,2,3,4,,,,,jack.a.roe,false,MLN,13,,,,13_13041
14058,1149,FA,false,Garrett Evans,Evans,233003286943367169,Active,RF,,R,3,2,5,2,,,,,legacy3233#2024,false,MLN,13,,,,13_1149
14059,1,FA,false,Ghost Runner,,,Active,,,,,,,3,,,,,,false,MLN,13,,,,13_1
14060,13050,FA,false,Graham Lowe,Lowe,167736580566417409,Active,2B,UTIL,R,4,2,4,2,,,,,Gramcrakr,false,MLN,13,,,,13_13050
14061,13004,FA,false,Henri Deschenes,Deschenes,1079237614298726620,Active,3B,UTIL,L,1,1,5,5,,,,,Willfthegod1,false,MLN,13,,,,13_13004
14062,8051,FA,false,James St. Louis,St. Louis,711782444491079720,Active,P,,R,,,,,2,5,2,3,chuckles79#7824,false,MLN,13,,,,13_8051
14063,9023,FA,false,Jihmih Elsher,Elsher,1018721510111838309,Active,SS,UTIL,R,1,5,1,5,,,,,sauciestmoose,false,MLN,13,,,,13_9023
14064,7045,FA,false,Jimmy Pop,Pop,365319131106377750,Active,1B,UTIL,L,2,2,3,5,,,,,wlupike#5721,false,MLN,13,,,,13_7045
14065,9017,FA,false,Joe Yoshi,Yoshi,395757273785303050,Captain,SS,C,L,4,4,1,3,,,,,Zoom#3102,false,MLN,13,,,,13_9017
14066,3089,FA,false,Joey Wheeler,Wheeler,389269825425375233,Active,P,,L,,,,,5,3,2,2,gosling3,false,MLN,13,,,,13_3089
14067,13047,FA,false,Johnny Aardvark,Aardvark,804035469498122302,Active,SS,UTIL,L,3,3,3,3,,,,,tetntf,false,MLN,13,,,,13_13047
14068,4008,FA,false,LaCarpetron Dukemarriot II,Dukemarriot,352849361920851968,Active,P,,R,,,,,4,2,4,2,Dukemarriot#0179,false,MLN,13,,,,13_4008
14069,6013,FA,false,Lane Drew,Drew,215354400720420866,Active,P,,L,,,,,3,3,4,2,Stride,false,MLN,13,,,,13_6013
14070,10076,FA,false,Lars Nootbaar Jr,Nootbaar,343954490187055109,Active,SS,UTIL,L,4,4,2,2,,,,,CanaDan,false,MLN,13,,,,13_10076
14071,13053,FA,false,Lazarus King,King,433780701058564097,Active,SS,UTIL,R,3,3,2,4,,,,,Lizard King,false,MLN,13,,,,13_13053
14072,13065,FA,false,Liam,Liam,373804410360430592,Active,P,,L,,,,,4,3,4,1,Liam,false,MLN,13,,,,13_13065
14073,10035,FA,false,Man of Steal,Steal,701671153911070842,Active,RF,,L,3,3,1,5,,,,,Unknown6969,false,MLN,13,,,,13_10035
14074,9035,FA,false,Mike Ock,Ock,409482014320885760,Active,2B,UTIL,L,4,2,1,5,,,,,8ight_,false,MLN,13,,,,13_9035
14075,13059,FA,false,Oakwood Stud III,Stud,608074820449599730,Active,CF,,R,3,2,5,2,,,,,phr4kture,false,MLN,13,,,,13_13059
14076,13051,FA,false,Obi Sloth,Sloth,362949116193406976,Active,3B,UTIL,R,3,2,5,2,,,,,slothobi2,false,MLN,13,,,,13_13051
14077,3005,FA,false,Pablo Sanchez,Sanchez,484386566249119760,Active,P,,R,,,,,5,4,2,1,matt2930#7229,false,MLN,13,,,,13_3005
14078,12040,FA,false,Pual Crews,Crews,851133527297884170,Active,SS,UTIL,R,3,2,5,2,,,,,NTG,false,MLN,13,,,,13_12040
14079,12043,FA,false,R'lyeh Cultist 67,Cultist 67,887673514017050634,Active,LF,,R,5,1,5,1,,,,,dltdmati,false,MLN,13,,,,13_12043
14080,13026,FA,false,Ron Forman,Forman,296302693360861184,Active,3B,UTIL,R,4,3,4,1,,,,,ronfor1,false,MLN,13,,,,13_13026
14081,12030,FA,false,Satchel O'Cultist 44,O'Cultist 44,514714825180446730,Hiatus,P,,L,,,,,4,2,4,2,dac91486,false,MLN,13,,,,13_12030
14082,13046,FA,false,Scott Huston,Huston,848269061329518603,Active,SS,UTIL,R,4,4,2,2,,,,,@realtrey19,false,MLN,13,,,,13_13046
14083,10040,FA,false,Serengeti Fingers,Fingers,348669005214777344,Active,1B,C,R,5,5,1,1,,,,,_riseup,false,MLN,13,,,,13_10040
14084,13058,FA,false,Spades Soul,Soul,133277333942566912,Active,CF,,R,4,2,3,3,,,,,SpadeTheSkeleton,false,MLN,13,,,,13_13058
14085,1054,FA,false,Steve Hofbardozzi Jr. Jr. Jr.,Hofbardozzi,207143171128426496,Active,3B,UTIL,L,5,4,1,2,,,,,GeneticlyPerfct#0232,false,MLN,13,,,,13_1054
14086,7041,FA,false,Tyler Helman,Helman,828843487084150805,Active,P,,L,,,,,3,4,4,1,Chef Curry9457,false,MLN,13,,,,13_7041
14087,1119,FA,false,Willie Mays Hayes,Hayes,433103168445087756,Active,1B,UTIL,R,4,2,1,5,,,,,WillieMaysHays#9546,false,MLN,13,,,,13_1119
14088,13006,FA,false,Xavier Lopez,Lopez,323992643929374721,Active,3B,UTIL,L,3,3,1,5,,,,,aid.f,false,MLN,13,,,,13_13006
14089,1109,GHG,true,Dominus Nominus,Nominus,198821468317024256,GM Only,C,COF,R,5,5,1,1,,,,,steelermade28#8041,false,MLN,13,,,,13_1109
14090,10012,GHG,true,Mighty Mulder,Mulder,233337704564260865,GM Only,SS,C,R,5,3,1,3,,,,,M1ghtyMulder,false,MLN,13,,,,13_10012
14091,12004,GHG,false,Al-Wayz Buntin,Buntin,1248024419201450075,Active,RF,,R,4,4,1,3,,,,,ElevatorToHeaven,false,MLN,13,,,,13_12004
14092,1108,GHG,false,Conor Sexton,Sexton,205443196401090561,Captain,1B,UTIL,L,3,3,4,2,,,,,YoloSwaggins#8690,false,MLN,13,,,,13_1108
14093,2082,GHG,false,Dixon Uraz,Uraz,148580118179217410,Active,SS,UTIL,R,5,5,1,1,,,,,Club_toast#4313,false,MLN,13,,,,13_2082
14094,3049,GHG,false,Ferda Bois,Bois,667135868477374485,Active,C,CINF,R,1,5,5,1,,,,,itbemason,false,MLN,13,,,,13_3049
14095,1122,GHG,false,Finkle Sparkles,Sparkles,243128381275766784,Hiatus,P,,R,,,,,4,2,4,2,Einhornfarm#4830,false,MLN,13,,,,13_1122
14096,5022,GHG,false,Franz Lisztpitcher,Lisztpitcher,94622501870510080,Captain,3B,UTIL,L,5,1,1,5,,,,,Randy#9263,false,MLN,13,,,,13_5022
14097,11009,GHG,false,Garch McSkooter,McSkooter,1188294880074666024,Active,CF,,R,3,3,1,5,,,,,olivergardener_,false,MLN,13,,,,13_11009
14098,1131,GHG,false,KC Bats,Bats,322186326130556940,Active,LF,,R,4,2,2,4,,,,,kc3551#3802,false,MLN,13,,,,13_1131
14099,7007,GHG,false,Kenny Powers,Powers,277907298112765952,Active,CF,,L,5,1,4,2,,,,,Mike22#3639,false,MLN,13,,,,13_7007
14100,10036,GHG,false,Kyuss Kosades,Kosades,114948933041520640,Active,P,,R,,,,,3,3,5,1,dagoth.ur,false,MLN,13,,,,13_10036
14101,9039,GHG,false,Mama Luigi,Luigi,337766574020624387,Active,P,,L,,,,,4,1,2,5,bigredd17,false,MLN,13,,,,13_9039
14102,1206,GHG,false,Meerkat Preller,Preller,383477937699029003,Active,P,,L,,,,,4,5,1,2,ConstantQuarreling#0175,false,MLN,13,,,,13_1206
14103,1134,GHG,false,Ornn Mistborn,Mistborn,277638011124973571,Active,2B,UTIL,R,3,3,4,2,,,,,madno6#3209,false,MLN,13,,,,13_1134
14104,5029,GHG,false,Peoples Champ,Champ,150833402453557249,Active,C,COF,R,5,5,1,1,,,,,kowboy#5334,false,MLN,13,,,,13_5029
14105,10037,GHG,false,Skibidi McGyatt Jr.,McGyatt,396861641251356672,Active,RF,,R,4,4,2,2,,,,,wafflecakes_,false,MLN,13,,,,13_10037
14106,7018,GHG,false,Y.E. Wally,Wally,345314811405402112,Active,2B,UTIL,R,5,1,1,5,,,,,Y. E. Wally#8208,false,MLN,13,,,,13_7018
14107,1136,GHG,,Mason Spurs,Spurs,200102896363241474,Captain,P,,L,,,,,2,2,3,5,spursygopher,false,MLN,13,,,,13_1136
14108,3084,GRZ,true,Ryan Tyburn,Tyburn,334144448873365504,Active,LF,,R,5,5,1,1,,,,,Tyburn#0651,false,MLN,13,,,,13_3084
14109,2096,GRZ,false,Adam Croft,Croft,208429483059970050,Active,P,,L,,,,,5,4,1,2,.Nectar,false,MLN,13,,,,13_2096
14110,1082,GRZ,false,Basebally McBaseballface Jr.,McBaseballface,212687113634840580,Active,RF,,R,5,1,1,5,,,,,packattack#9827,false,MLN,13,,,,13_1082
14111,5018,GRZ,false,Brian Taylor,Taylor,263736081000824832,Captain,C,CINF,L,4,5,1,2,,,,,beeguy75,false,MLN,13,,,,13_5018
14112,9025,GRZ,false,Bryce Parker,Parker,246320369676451840,Active,3B,UTIL,R,2,5,1,4,,,,,.packer,false,MLN,13,,,,13_9025
14113,12032,GRZ,false,Camden Yardsy,Yardsy,499019238363758632,Captain,LF,,L,2,3,3,4,,,,,._gwendolyn_.,false,MLN,13,,,,13_12032
14114,1186,GRZ,false,Francis Herman Swagger,Swagger,402556009736044544,Active,LF,,R,2,4,4,2,,,,,bellysk8er2005#9850,false,MLN,13,,,,13_1186
14115,2095,GRZ,false,Hecate Vassiliou,Vassiliou,231100460482691074,Active,CF,,L,2,4,1,5,,,,,Valpix#6666,false,MLN,13,,,,13_2095
14116,9009,GRZ,false,Jamal Fyre,Fyre,812872934149849098,Active,P,,R,,,,,4,1,5,2,Creatør!#0052,false,MLN,13,,,,13_9009
14117,8013,GRZ,false,Johnny Drama,Drama,743343162193477672,Active,2B,UTIL,L,5,1,2,4,,,,,Hunter West #4945,false,MLN,13,,,,13_8013
14118,3007,GRZ,false,Salvatore De Luca,De Luca,92127213410865152,Captain,C,COF,L,2,5,4,1,,,,,HolyHamGrenade#5701,false,MLN,13,,,,13_3007
14119,11011,GRZ,false,Sock Monkey,Monkey,690303919619964970,Active,P,,L,,,,,2,3,4,3,henjam,false,MLN,13,,,,13_11011
14120,11010,GRZ,false,Starxy Stinkler,Stinkler,1003331659497754655,Active,3B,UTIL,R,3,3,4,2,,,,,NeonCreeper4238,false,MLN,13,,,,13_11010
14121,1083,GRZ,false,Tony Smehrik,Smehrik,185167161734594560,Active,P,,L,,,,,3,5,2,2,liebz#0795,false,MLN,13,,,,13_1083
14122,3072,GRZ,false,Tucker Doubt,Doubt,347109742155399168,Active,2B,UTIL,L,5,1,1,5,,,,,MikeyTKO#0005,false,MLN,13,,,,13_3072
14123,3069,GRZ,false,Wallace Grommet,Grommet,476558347634475028,Active,SS,UTIL,L,4,4,3,1,,,,,kaylittle6,false,MLN,13,,,,13_3069
14124,3088,GRZ,false,Yoel Roshi,Roshi,293180794124632074,Active,1B,UTIL,L,5,3,1,3,,,,,pyrolola#2993,false,MLN,13,,,,13_3088
14125,6011,HFX,true,Joe Pidgeon,Pidgeon,430014697174073364,Active,C,COF,R,3,4,4,1,,,,,AnAngryPidgeon#7526,false,MLN,13,,,,13_6011
14126,11043,HFX,false,Arby Eye,Eye,539206568114257922,Active,P,,L,,,,,1,5,4,2,Nol15736,false,MLN,13,,,,13_11043
14127,12009,HFX,false,Brody Page,Page,271800700525215744,Active,SS,UTIL,R,5,1,2,4,,,,,taengumiho,false,MLN,13,,,,13_12009
14128,13038,HFX,false,C.S. Verdad,Verdad,417523709192962070,Active,3B,C,R,3,3,4,2,4,5,2,1,Jjoiner356,true,MLN,13,,,,13_13038
14129,13040,HFX,false,Carter Kendall,Kendall,368503182130806784,Active,C,COF,R,3,3,1,5,4,3,3,2,joeyfg,true,MLN,13,,,,13_13040
14130,10005,HFX,false,Chef Cook,Cook,325761515225350146,Active,2B,UTIL,R,4,3,2,3,,,,,dcook0308,false,MLN,13,,,,13_10005
14131,2073,HFX,false,Dom Emnic,Emnic,671538823662010394,Active,3B,UTIL,R,3,3,4,2,,,,,thedart31,false,MLN,13,,,,13_2073
14132,7031,HFX,false,Fatts Richard,Richard,757379787340906587,Active,CF,,R,4,2,3,3,,,,,yaboimorey#8575,false,MLN,13,,,,13_7031
14133,9033,HFX,false,Francesco Hardgust,Hardgust,399062604972163082,Active,2B,UTIL,L,5,1,5,1,,,,,steaaamboat,false,MLN,13,,,,13_9033
14134,12005,HFX,false,Jimothy Jhompson,Jhompson,345356959660244992,Active,P,,L,,,,,4,2,4,2,codexjack,false,MLN,13,,,,13_12005
14135,12016,HFX,true,Joey Tacoma,Tacoma,373927092225835010,Captain,RF,,R,4,3,2,3,,,,,theloden,false,MLN,13,,,,13_12016
14136,3071,HFX,false,Jura Benjamin Juney,Benjamin Juney,255311391186092032,Active,P,,R,,,,,2,5,4,1,TurtlesDown#4895,false,MLN,13,,,,13_3071
14137,4000,HFX,false,King Kruul,Kruul,246762932703068162,Active,1B,UTIL,L,1,5,5,1,,,,,LefLop#4771,false,MLN,13,,,,13_4000
14138,10032,HFX,false,Schmidt Happens,Happens,496388256296992792,Active,LF,,L,4,2,3,3,,,,,dowhathappens89,false,MLN,13,,,,13_10032
14139,1088,HFX,false,Stan Mann,Mann,298312382927732748,Active,3B,C,R,5,5,1,1,,,,,CelciusII#6336,false,MLN,13,,,,13_1088
14140,8002,HFX,false,Trevor Rose,Rose,499385337383092235,Captain,P,,R,,,,,3,2,4,3,trexxy2#1529,false,MLN,13,,,,13_8002
14141,13066,HFX,false,Vanilla Plantain,Plantain,423945695939264513,Active,CF,,L,5,1,5,1,,,,,drchocolatebanana,true,MLN,13,,,,13_13066
14142,11024,HMH,true,Ferdinand Fritzwilliam,Fritzwilliam,436929461360001044,Active,CF,,R,3,3,2,4,,,,,speedytechie,false,MLN,13,,,,13_11024
14143,1055,HMH,true,Ozymandias Jones,Jones,131978039763402752,GM Only,LF,,L,4,3,1,4,,,,,AdmiralJones42#6648,false,MLN,13,,,,13_1055
14144,1212,HMH,false,Barney Turbo,Turbo,375039413203501057,Active,3B,UTIL,R,3,2,2,5,,,,,"Barney ""AAM"" Turbo#0329",false,MLN,13,,,,13_1212
14145,1058,HMH,false,Catfish Champ,Champ,259940190947246081,Active,CF,,L,5,3,1,3,,,,,amazingcowmilk#9713,false,MLN,13,,,,13_1058
14146,13019,HMH,false,Gracie Mlodzianowski-Cwej,Mlodzianowski-Cwej,813303905827029012,Active,P,,R,,,,,3,4,2,3,middaydreamin,true,MLN,13,,,,13_13019
14147,1061,HMH,false,Hudson Hildebrandt,Hildebrandt,285878316987056130,Active,RF,,R,3,1,5,1,,,,,Hudson#0002,false,MLN,13,,,,13_1061
14148,1089,HMH,false,Jefferson Steelflex,Steelflex,187009663487836162,Active,CF,,L,5,1,1,5,,,,,Jeff Steelflex#0352,false,MLN,13,,,,13_1089
14149,1169,HMH,false,Jerome Garcia,Garcia,131971501153845248,Active,2B,UTIL,R,5,3,3,1,,,,,UnironicU2Defender#7767,false,MLN,13,,,,13_1169
14150,12017,HMH,false,K Junk,Junk,201500856565235713,Active,P,,R,,,,,5,4,1,2,acparadox,false,MLN,13,,,,13_12017
14151,1028,HMH,false,Mackenzie Haraldo,Haraldo,281586814471634945,Active,C,COF,L,1,5,5,1,,,,,mack#0894,false,MLN,13,,,,13_1028
14152,5041,HMH,false,Papa Longstroke,Longstroke,978500790182379591,Active,1B,UTIL,L,4,1,3,4,,,,,audubond,false,MLN,13,,,,13_5041
14153,2078,HMH,false,Rascal Alex,Alex,131978039763402752,Active,P,,L,,,,,2,4,3,3,Avdo#9090,false,MLN,13,,,,13_2078
14154,2010,HMH,false,Skillz Simanek,Simanek,511617020408889354,Active,SS,UTIL,L,3,2,4,3,,,,,tsimaskillz#3401,false,MLN,13,,,,13_2010
14155,4078,HMH,false,Sleve McDichael,McDichael,350765214288838666,Active,P,,R,,,,,5,1,3,3,megalo#7735,false,MLN,13,,,,13_4078
14156,12014,HMH,false,Sonny Wortzik,Wortzik,770420700740976640,Active,3B,UTIL,L,5,2,1,4,,,,,tartonfink,false,MLN,13,,,,13_12014
14157,12019,HMH,false,T.J. Oatman,Oatman,1054040704961224754,Active,SS,UTIL,R,1,2,5,4,,,,,travislebick,false,MLN,13,,,,13_12019
14158,1080,HMH,false,Whitt Bass,Bass,211904717981220865,Active,LF,,R,4,3,1,4,,,,,kickthepony#5274,false,MLN,13,,,,13_1080
14159,1052,HMH,false,Zed Leona,Leona,177281342818484224,Active,C,CINF,R,4,5,1,2,,,,,Sleeper#2045,false,MLN,13,,,,13_1052
14160,11037,KC,true,Archie Sybil,Sybil,425128256224886785,Active,CF,,L,4,2,2,4,,,,,pm_ur_risk_mgmt,false,MLN,13,,,,13_11037
14161,9037,KC,true,Dayman Nightman,Nightman,347206793824436235,GM Only,CF,,L,3,3,3,3,,,,,fiercepenguin22,false,MLN,13,,,,13_9037
14162,2086,KC,false,Anna De Neko,De Neko,1287969952674086934,Active,LF,,R,1,5,1,5,,,,,annaekstrum,false,MLN,13,,,,13_2086
14163,10071,KC,false,Bobert Hideyoshi,Hideyoshi,293552417327415296,Active,C,CINF,L,3,5,3,1,,,,,TorchedPineapple#1898,false,MLN,13,,,,13_10071
14164,9010,KC,false,Brent Chillwater,Chillwater,170720826557988865,Captain,P,,L,,,,,5,3,1,3,Kelbo11#9768,false,MLN,13,,,,13_9010
14165,7021,KC,false,Dutch Boggs,Boggs,166930309583994880,Active,SS,UTIL,L,4,2,1,5,,,,,heylookjorge#6136,false,MLN,13,,,,13_7021
14166,12006,KC,false,Justin Time,Time,231813928319975424,Active,CF,,R,4,2,2,4,,,,,ShellShocked1,false,MLN,13,,,,13_12006
14167,8049,KC,false,Kries Von Kriestalhauser,Von Kriestalhauser,138118384645701632,Active,3B,UTIL,R,4,1,2,5,,,,,Chris Kriestinaf#7081,false,MLN,13,,,,13_8049
14168,13039,KC,false,Max Muncy,Muncy,207737347922460673,Active,P,,L,,,,,5,2,3,2,fuwunk,true,MLN,13,,,,13_13039
14169,6049,KC,false,NoodleArmBigPowerODoyleetc,NoodleArmBigPowerODoyleetc,566239287713202187,Captain,RF,,R,5,1,1,5,,,,,n8n#8421,false,MLN,13,,,,13_6049
14170,11044,KC,false,Salami,Salami,474581930004840468,Active,P,,L,,,,,4,2,3,3,Theo1323,false,MLN,13,,,,13_11044
14171,10077,KC,false,Salsa Steve,Steve,135180418633695232,Active,LF,,R,5,1,1,5,,,,,icnatspel,false,MLN,13,,,,13_10077
14172,10047,KC,false,Saul Pewald,Pewald,419525278356733963,Active,C,COF,R,2,5,4,1,,,,,mikenom,false,MLN,13,,,,13_10047
14173,13055,KC,false,Slimothy James,James,308414882674638849,Active,2B,UTIL,R,4,3,2,3,,,,,Eggboi872,true,MLN,13,,,,13_13055
14174,13005,KC,false,Speed Shark,Shark,418204670486380554,Active,3B,C,R,3,4,1,4,,,,,speedshark,true,MLN,13,,,,13_13005
14175,9019,KC,false,Tooth Heaven Won,Heaven Won,397500246755901451,Active,2B,UTIL,R,3,4,1,4,,,,,Tomás#4111,false,MLN,13,,,,13_9019
14176,1194,KC,false,Tuck,Tuck,334203993607766017,Active,P,,R,,,,,5,5,1,1,tuck7,false,MLN,13,,,,13_1194
14177,9040,KC,false,Doctor Congo,Congo,147134307440394241,Captain,1B,UTIL,R,4,2,3,3,,,,,minorbaconator,false,MLN,13,,,,13_9040
14178,3039,MIA,true,Bob Winn,Winn,206833217678868480,GM Only,2B,UTIL,R,4,1,1,5,,,,,TBKLarry#1903,false,MLN,13,,,,13_3039
14179,10033,MIA,true,Ichiro Rose,Rose,1273855146840821793,Active,RF,,L,3,1,3,5,,,,,skurry30,false,MLN,13,,,,13_10033
14180,12049,MIA,false,Ant Man,Man,1357915901592342661,Active,P,,L,,,,,4,4,3,1,lucad70106,false,MLN,13,,,,13_12049
14181,12033,MIA,false,Bob Katz,Katz,1060699834157387787,Active,SS,UTIL,L,2,1,4,5,,,,,stxllar1,false,MLN,13,,,,13_12033
14182,9031,MIA,false,Bob Nutting Jr,Nutting,413139322493992972,Active,1B,UTIL,R,5,1,5,1,,,,,The Auditor,false,MLN,13,,,,13_9031
14183,13001,MIA,false,Ezra Wind,Wind,283444405954805760,Active,LF,,L,4,2,1,5,,,,,Father_wind,true,MLN,13,,,,13_13001
14184,13023,MIA,false,Hamburger Pete Hamburg,Hamburg,228530271396298753,Active,3B,UTIL,L,4,1,5,2,,,,,heathen7,true,MLN,13,,,,13_13023
14185,9041,MIA,false,Himmy Proton,Proton,1080268454357110874,Active,C,COF,L,3,5,2,2,,,,,.CoachRice,false,MLN,13,,,,13_9041
14186,5017,MIA,false,Makesiondon Kelkboom,Kelkboom,477216596667006996,Active,3B,UTIL,R,5,1,1,5,,,,,Tenny1917,false,MLN,13,,,,13_5017
14187,7023,MIA,false,Mickey May,May,748283643775942777,Active,P,,R,,,,,2,5,4,1,RainDance17#8447,false,MLN,13,,,,13_7023
14188,6020,MIA,false,Pope Coswi,Coswi,651598279556988934,Active,2B,UTIL,R,5,1,1,5,,,,,Coswi#3855,false,MLN,13,,,,13_6020
14189,1021,MIA,false,Q Kimbrel,Kimbrel,134478480862740480,Captain,LF,,L,1,3,5,3,,,,,qkimmel7,false,MLN,13,,,,13_1021
14190,13024,MIA,false,Skip Bellew,Bellew,558284546244739072,Active,2B,UTIL,L,4,2,4,2,,,,,Madball,true,MLN,13,,,,13_13024
14191,7020,MIA,false,Sonar McDeuceski,McDeuceski,234155536210198528,Captain,P,,R,,,,,5,4,2,1,Sonar#6969,false,MLN,13,,,,13_7020
14192,9044,MIA,false,Strawberry Jones,Jones,422982444023808010,Captain,C,CINF,L,1,5,5,1,,,,,percnowitzki7893,false,MLN,13,,,,13_9044
14193,11047,MIA,false,Swiftie ESPN,ESPN,756045284089528371,Active,P,,L,,,,,5,4,2,1,taylor8347,false,MLN,13,,,,13_11047
14194,12013,MIA,false,Tim Thrill,Thrill,1237410765435047988,Captain,CF,,R,4,1,2,5,,,,,Thrill0728,false,MLN,13,,,,13_12013
14195,11030,POR,true,Ron Swanson,Swanson,1014944275231948971,Active,C,COF,R,3,5,3,1,,,,,uganofo,false,MLN,13,,,,13_11030
14196,10042,POR,false,Bingle Johnson,Johnson,296358617366659084,Captain,P,,L,,,,,5,3,1,3,desi9546,false,MLN,13,,,,13_10042
14197,13056,POR,false,Calvin Briggs,Briggs,814229173316616222,Active,RF,,L,3,2,3,4,,,,,spiethimpediment,true,MLN,13,,,,13_13056
14198,6031,POR,false,Captain Rex,Rex,424366248780890121,Active,1B,UTIL,L,3,5,2,2,,,,,Canner234#3934,false,MLN,13,,,,13_6031
14199,13033,POR,false,Cola Spritz,Spritz,638767694988050432,Active,CF,UTIL,R,3,2,5,2,,,,,coccacola,true,MLN,13,,,,13_13033
14200,2075,POR,false,Copenhagen Black,Black,470202656992919553,Active,2B,UTIL,R,3,3,2,4,,,,,NolaGumbeaux41#8934,false,MLN,13,,,,13_2075
14201,13037,POR,false,Gal Avant,Avant,693642982108168222,Active,1B,UTIL,L,3,3,2,4,,,,,galintehaxy,true,MLN,13,,,,13_13037
14202,8008,POR,false,Guy Gilwater,Gilwater,369294700961595393,Active,3B,UTIL,L,3,3,1,5,,,,,GilPellaeon#8115,false,MLN,13,,,,13_8008
14203,10007,POR,false,Henry Atombomb,Atombomb,837902403554377819,Active,P,,R,,,,,2,3,5,2,Thecolorofyellow,false,MLN,13,,,,13_10007
14204,10078,POR,false,Jerk McGurkin,McGurkin,619573410132918322,Active,LF,,L,5,5,1,1,,,,,Bread_Lover,false,MLN,13,,,,13_10078
14205,7027,POR,false,Kevin James,James,713100553214755267,Active,P,,L,,,,,3,3,5,1,Swarm#3461,false,MLN,13,,,,13_7027
14206,13029,POR,false,Mickey Scales,Scales,662464663019061248,Active,SS,UTIL,R,5,2,2,3,,,,,Nalex13,true,MLN,13,,,,13_13029
14207,11008,POR,false,Miikka Jarvinen,Jarvinen,906269859413909576,Active,SS,UTIL,R,4,5,1,2,,,,,tlt_72,false,MLN,13,,,,13_11008
14208,3057,POR,false,Speedo Meter,Meter,213354112434044931,Active,CF,,R,3,3,1,5,,,,,EricS53 #2544,false,MLN,13,,,,13_3057
14209,12002,POR,false,Tor Tilla,Tilla,1376626705816354877,Captain,C,CINF,R,3,5,3,1,,,,,coach.tortilla,false,MLN,13,,,,13_12002
14210,12034,POR,false,Triscuit McBiskit,McBiskit,434164571373305858,Active,P,,R,,,,,5,4,1,2,Gapporin,false,MLN,13,,,,13_12034
14211,1001,RC,true,Crash Davis,Davis,293940505614483456,GM Only,C,CINF,R,3,4,4,1,,,,,Flying Spaghetti Hitchens#6329,false,MLN,13,,,,13_1001
14212,8050,RC,true,Damon Razor,Razor,164840246549282817,GM Only,P,,L,,,,,2,4,4,2,Ikonic#1611,false,MLN,13,,,,13_8050
14213,11012,RC,false,Ace Brickman,Brickman,211634504639578113,Active,CF,,R,4,1,2,5,,,,,._.hlep,false,MLN,13,,,,13_11012
14214,10061,RC,false,Albert Pooholes,Pooholes,457351028694581276,Active,RF,,R,4,2,5,1,,,,,slaybraham,false,MLN,13,,,,13_10061
14215,13010,RC,false,Cooper Simpson,Simpson,463361730534178816,Active,C,CINF,R,1,5,5,1,,,,,Deathstroke,true,MLN,13,,,,13_13010
14216,4045,RC,false,Dakota Carolina Montana,Montana,276829932439470081,Captain,SS,UTIL,R,3,2,2,5,,,,,Dakota Carolina Montana#4635,false,MLN,13,,,,13_4045
14217,12036,RC,false,Doc Holliday II,Holliday,856621728661504071,Active,C,CINF,R,1,5,5,1,,,,,blackopsniper,false,MLN,13,,,,13_12036
14218,12051,RC,false,Fat Lever,Lever,490935285736144896,Active,P,,L,,,,,5,4,2,1,chillsock,true,MLN,13,,,,13_12051
14219,5034,RC,false,Haloick Oasis,Oasis,121814608313843713,Active,P,,L,,,,,3,5,2,2,Halox#1337,false,MLN,13,,,,13_5034
14220,9001,RC,false,Harvey Burton,Burton,229630404603281408,Active,C,COF,R,3,4,2,3,,,,,Egglton#6732,false,MLN,13,,,,13_9001
14221,4069,RC,false,Hot Dog Jeopardy,Jeopardy,121792167361511424,Active,3B,UTIL,L,2,3,4,3,,,,,Big Botto m#1067,false,MLN,13,,,,13_4069
14222,4070,RC,false,Ioe Torrent,Torrent,130834533460344832,Active,LF,,L,4,2,5,1,,,,,Ioe#4493,false,MLN,13,,,,13_4070
14223,3010,RC,false,Jarey Butts,Butts,246828880848093185,Active,LF,,R,3,2,4,3,,,,,Jurd#9852,false,MLN,13,,,,13_3010
14224,12038,RC,false,Jazzy Jeff,Jeff,284395630900674560,Active,1B,UTIL,R,3,1,3,5,,,,,thedonjiggy,false,MLN,13,,,,13_12038
14225,1217,RC,false,Johnny Dickshot,Dickshot,346750558901764117,Active,2B,UTIL,R,5,1,1,5,,,,,Number1Dork#7344,false,MLN,13,,,,13_1217
14226,1098,RC,false,Kegs Mabry,Mabry,144267007175426048,Active,RF,,L,4,3,4,1,,,,,kegel.,false,MLN,13,,,,13_1098
14227,4011,RC,false,Mitch Meanmug,Meanmug,294497117467181056,Active,P,,R,,,,,4,3,3,2,fermatajack,false,MLN,13,,,,13_4011
14228,10015,RC,false,Sir Walks A Lot,Walks A Lot,630006557353967626,Captain,P,,R,,,,,2,4,4,2,thumbsticks,false,MLN,13,,,,13_10015
14229,11006,RC,false,Spitty McSpit,McSpit,414200830837784595,Active,P,,L,,,,,1,4,2,5,v1el1,false,MLN,13,,,,13_11006
14230,2094,REK,true,JZ (but not the rapper),JZ,254774534274547713,Active,2B,UTIL,L,5,1,1,5,,,,,JZKITTY#3143,false,MLN,13,,,,13_2094
14231,3054,REK,true,Paulie Wag,Wag,139926308644847616,Active,RF,,L,3,3,3,3,,,,,pelochyta #9978,false,MLN,13,,,,13_3054
14232,3066,REK,false,AAAAAAAAAAThor,AAAAAAAAAAThor,349359777220001793,Captain,C,COF,R,1,5,4,2,,,,,Qomsday#7405,false,MLN,13,,,,13_3066
14233,3091,REK,false,AAAAntilles Zelk,Zelk,250094459721613315,Captain,P,,L,,,,,4,4,2,2,CaptainSolo96#0006,false,MLN,13,,,,13_3091
14234,1133,REK,false,Hank Murphy,Murphy,382275235082403842,Active,C,CINF,L,1,5,5,1,,,,,Hank Murphy#4997,false,MLN,13,,,,13_1133
14235,13002,REK,false,Henry McCade,McCade,668661171800506369,Active,3B,UTIL,R,3,3,3,3,,,,,Wwhite_wwizard,true,MLN,13,,,,13_13002
14236,6010,REK,false,Homer Knocker,Knocker,153354503662469131,Active,CF,,R,5,2,1,4,,,,,Cable^3#3200,false,MLN,13,,,,13_6010
14237,3079,REK,false,Isaac Snowbender,Snowbender,140306370359459840,Active,LF,,L,3,2,2,5,,,,,mvh1015#6260,false,MLN,13,,,,13_3079
14238,2057,REK,false,Jack Alpha,Alpha,378210771005341698,Active,3B,UTIL,R,5,1,2,4,,,,,androidsen#8466,false,MLN,13,,,,13_2057
14239,13007,REK,false,Jarek Park,Park,185579807260672000,Active,SS,UTIL,R,4,2,1,5,,,,,Calvino,true,MLN,13,,,,13_13007
14240,1029,REK,false,Lefty Louis,Louis,326553566909300737,Active,1B,UTIL,L,5,1,5,1,,,,,lewislewes#3447,false,MLN,13,,,,13_1029
14241,13028,REK,false,Mikey Reynolds,Reynolds,368921221582028801,Active,RF,,R,4,2,2,4,,,,,Altaine,true,MLN,13,,,,13_13028
14242,13057,REK,false,Sara Rousseau,Rousseau,1288066104249421835,Active,P,,R,,,,,3,5,3,1,sarano1028,true,MLN,13,,,,13_13057
14243,10074,REK,false,Seth Kablamo,Kablamo,1116449637637816331,Hiatus,SS,UTIL,R,5,4,2,1,,,,,sethkablamo,false,MLN,13,,,,13_10074
14244,11032,REK,false,Smokey Zygowski,Zygowski,1116797556240953406,Active,P,,R,,,,,4,4,2,2,bearinthewoods2,false,MLN,13,,,,13_11032
14245,3053,REK,false,XxFAZE Jun1 RaWrXDxXx,RaWrXDxXx,121871011091185664,Active,P,,L,,,,,2,5,4,1,Juniped,false,MLN,13,,,,13_3053
14246,10079,RLY,true,R'lyeh Greene,Greene,243821280833437706,Active,RF,,R,4,1,2,5,,,,,mattebleu,false,MLN,13,,,,13_10079
14247,12010,RLY,true,R'lyeh R'ivy,R'ivy,231573735486783489,Active,P,,R,,,,,4,2,4,2,Mischiefmaehem,false,MLN,13,,,,13_12010
14248,10008,RLY,false,Eldritch Dancer,Dancer,243920795754037259,Active,P,,R,,,,,5,3,2,2,.liru.,false,MLN,13,,,,13_10008
14249,12011,RLY,false,R'lyeh Caps,Caps,386249497292046347,Active,LF,,L,3,3,4,2,,,,,jcbeats,false,MLN,13,,,,13_12011
14250,9036,RLY,false,O'R'lyeh Auto Parts,Auto Parts,464251755526488071,Active,2B,UTIL,R,5,1,1,5,,,,,victorystar0,false,MLN,13,,,,13_9036
14251,13064,RLY,false,Oh-Oh-Oh O'R'lyeh,O'R'lyeh,754058783168266251,Active,2B,UTIL,R,4,2,4,2,,,,,nasbase,true,MLN,13,,,,13_13064
14252,11039,RLY,false,R'lyeh Coyote,Coyote,257281098256613389,Active,SS,UTIL,L,1,3,5,3,,,,,cobaltdm,false,MLN,13,,,,13_11039
14253,11049,RLY,false,R'lyeh Cultist 1,Cultist 1,193137782804185088,Active,3B,UTIL,L,5,1,5,1,,,,,cesium.,false,MLN,13,,,,13_11049
14254,9030,RLY,false,Cal R'lyeh,R'lyeh,434533589279834124,Captain,1B,UTIL,R,4,3,2,3,,,,,doggery_,false,MLN,13,,,,13_9030
14255,10062,RLY,false,R'lyeh Cultist 73,Cultist 73,233774367761367040,Active,SS,UTIL,R,4,4,3,1,,,,,darthus.,false,MLN,13,,,,13_10062
14256,8016,RLY,false,R'lyeh Cultist C,Cultist C,710269966347141130,Active,C,COF,L,1,5,2,4,,,,,dhgrainger#9897,false,MLN,13,,,,13_8016
14257,9027,RLY,false,R'lyeh O'Brien,O'Brien,664132125393551372,Active,C,CINF,R,2,5,1,4,,,,,ann_114,false,MLN,13,,,,13_9027
14258,13014,RLY,false,R'lyeh-sama,R'lyeh-sama,411669805829980161,Active,CF,,L,5,1,1,5,,,,,doctorfunk415,true,MLN,13,,,,13_13014
14259,11042,RLY,false,Sir Walter R'lyeh,R'lyeh,830263351292198932,Captain,P,,L,,,,,4,4,3,1,stixvim,false,MLN,13,,,,13_11042
14260,11028,RLY,false,Tree-O'Green Light,Light,718963552521682955,Captain,CF,,R,4,3,2,3,,,,,doublegoldendragon,false,MLN,13,,,,13_11028
14261,6022,RLY,false,VI,VI,434926278832029696,Active,P,,L,,,,,3,3,5,1,sixhausen,false,MLN,13,,,,13_6022
14262,10027,SMD,true,Dingers McGee,McGee,874281806675992576,GM Only,1B,UTIL,L,5,3,2,2,,,,,mrocks301,false,MLN,13,,,,13_10027
14263,1004,SMD,true,Pops Dongoria,Dongoria,225468192443727873,GM Only,C,COF,R,4,5,1,2,,,,,timland33,false,MLN,13,,,,13_1004
14264,1063,SMD,false,Alex Yaxley,Yaxley,345329173616787458,Active,C,COF,R,1,5,5,1,,,,,BIGxM1KE#4625,false,MLN,13,,,,13_1063
14265,1008,SMD,false,Atlas Quin,Quin,148920755189579776,Active,P,,L,,,,,3,2,4,3,Pieanator#7542,false,MLN,13,,,,13_1008
14266,1140,SMD,false,Bartholomew Crumblepuff,Crumblepuff,223279982091304960,Active,P,,L,,,,,3,2,4,3,Zod#3168,false,MLN,13,,,,13_1140
14267,11033,SMD,false,Cared Jarrabis,Jarrabis,450842649826689051,Active,RF,,L,4,2,1,5,,,,,dunkinicedcoffee,false,MLN,13,,,,13_11033
14268,1023,SMD,false,Dan Gerzone,Gerzone,358438389160345600,Captain,2B,UTIL,R,3,1,4,4,,,,,Dan_Gerzone,false,MLN,13,,,,13_1023
14269,3011,SMD,false,December Beckett,Beckett,443829816752340994,Active,P,,R,,,,,4,3,2,3,Jaysword#3811,false,MLN,13,,,,13_3011
14270,5002,SMD,false,Guidooooo,Guidooooo,105512327293448192,Captain,P,,R,,,,,4,2,3,3,tezlak,false,MLN,13,,,,13_5002
14271,9038,SMD,false,John McDonald Jr.,McDonald,170236047169552384,Active,1B,C,L,1,5,3,3,,,,,roel.dh,false,MLN,13,,,,13_9038
14272,12031,SMD,false,Lula Pennant,Pennant,566814414163148800,Active,3B,UTIL,L,3,2,4,3,,,,,Stephwtom,false,MLN,13,,,,13_12031
14273,13016,SMD,false,Mac Dinger,Dinger,333705291944296449,Active,2B,UTIL,L,2,2,4,4,,,,,deltatango2700,true,MLN,13,,,,13_13016
14274,1158,SMD,false,Master Cashier,Cashier,143034072787058688,Active,LF,,R,3,5,1,3,,,,,MasterCashier#1114,false,MLN,13,,,,13_1158
14275,7022,SMD,false,Meat Wad,Wad,158398522859716612,Active,3B,UTIL,L,3,4,1,4,,,,,slothfacekilla#7809,false,MLN,13,,,,13_7022
14276,4015,SMD,false,Plack Attack,Attack,473845222514884610,Active,C,CINF,R,4,5,1,2,,,,,.mayko.,false,MLN,13,,,,13_4015
14277,1012,SMD,false,Reservoir Butler,Butler,288768900169072641,Active,SS,UTIL,R,4,2,1,5,,,,,ghostelephant#6650,false,MLN,13,,,,13_1012
14278,3012,SMD,false,Rusty Nails,Nails,368414494772428801,Active,CF,,L,2,4,5,1,,,,,chicken joe of sheboygan,false,MLN,13,,,,13_3012
14279,1006,SMD,false,Smitty Hoppenscotch,Hoppenscotch,377826278004490240,Captain,CF,,L,4,2,1,5,,,,,Natsochist#8041,false,MLN,13,,,,13_1006
14280,1036,SMD,false,Spike Suzuki,Suzuki,398235187634503702,Active,RF,,R,4,4,2,2,,,,,xbijin#3776,false,MLN,13,,,,13_1036
14281,1156,SUN,true,Thomas Thompson III,Thompson,86858721061269504,Active,3B,UTIL,R,3,1,5,3,,,,,Barno#4078,false,MLN,13,,,,13_1156
14282,11013,SUN,false,AJ Wolfe,Wolfe,175821866072670209,Captain,P,,L,,,,,5,3,3,1,AssassinLex,false,MLN,13,,,,13_11013
14283,13060,SUN,false,Bud Weiser,Weiser,412072227706503169,Active,1B,C,R,3,4,4,1,,,,,Walkertxranger33,true,MLN,13,,,,13_13060
14284,11048,SUN,false,Fabian Seacaster,Seacaster,435275669589721101,Active,P,,L,,,,,4,4,2,2,laserdarts,false,MLN,13,,,,13_11048
14285,13049,SUN,false,Galacious Infinity,Infinity,631233272935874560,Active,RF,,R,4,3,1,4,,,,,infinitygd,true,MLN,13,,,,13_13049
14286,12035,SUN,false,Hippo Jars,Jars,543703993092800523,Active,RF,,R,4,3,2,3,,,,,Spanxc35,false,MLN,13,,,,13_12035
14287,11007,SUN,false,Hubert Dubois,Dubois,690334748589162506,Captain,P,,R,,,,,2,4,5,1,Skeeton300,false,MLN,13,,,,13_11007
14288,13011,SUN,false,J.G. Cobblestone,Cobblestone,130453950976491520,Active,LF,,R,2,3,4,3,,,,,froggydojo,true,MLN,13,,,,13_13011
14289,2032,SUN,false,Kali McSuntas,McSuntas,181238139539423232,Active,C,COF,L,5,5,1,1,,,,,Jaera#1246,false,MLN,13,,,,13_2032
14290,12037,SUN,false,Katelyn Hoshino,Hoshino,759969352333262899,Active,1B,UTIL,L,5,1,3,3,,,,,masterjtzh,false,MLN,13,,,,13_12037
14291,13032,SUN,false,Orb,Orb,203001281302757386,Active,2B,UTIL,R,2,4,5,1,,,,,orb6873,true,MLN,13,,,,13_13032
14292,10023,SUN,false,Rex McStrange,McStrange,876211301142106132,Active,C,COF,L,3,5,3,1,,,,,Zedella,false,MLN,13,,,,13_10023
14293,12039,SUN,false,Rich Driver,Driver,90371438032211968,Active,2B,UTIL,L,2,3,4,3,,,,,yaboilogibear,false,MLN,13,,,,13_12039
14294,11036,SUN,false,Scoreson McCorkle,McCorkle,597226087692369931,Active,SS,UTIL,L,5,4,1,2,,,,,rhino0566,false,MLN,13,,,,13_11036
14295,13063,SUN,false,Socks Maybe,Maybe,127153687251517441,Active,CF,,L,3,2,2,5,,,,,Rorydawn,true,MLN,13,,,,13_13063
14296,11041,SUN,false,Sylvia Bluesky,Bluesky,230119752591343616,Captain,LF,,L,5,4,2,1,,,,,zodiac.exe,false,MLN,13,,,,13_11041
14297,10070,SUN,,John Applebees,Applebees,201951527772880896,Active,P,,R,,,,,3,3,4,2,luffydix,false,MLN,13,,,,13_10070
15122,3019,FA,false,Will Charles,Charles,593042150447382529,Free Agent,P,,R,,,,,2,3,3,4,Willand714,true,MLN,3,,Will,,3_3019
22157,1166,BBEG,false,Ecliptic Astrum,Astrum,212087762172510210,Captain,C,COF,L,1,5,1,5,,,,,Ecliptic#3662,false,MLN,13,,,,13_1166
23424,13067,ASS,false,Stupido Einsteiny,Einsteiny,399424183815241729,Active,CF,,L,3,1,4,4,,,,,yawetag,true,MLN,13,,,,13_13067
23466,13068,FA,false,Circket Berry,Berry,,Active,2B,UTIL,L,4,4,1,3,,,,,CricketBerry,false,MLN,13,,,,13_13068
23468,6047,MIA,false,Crimson Chin,Chin,832485068797771849,Active,CF,,L,5,1,1,5,,,,,D-Habes,false,MLN,13,,,,13_6047
23471,13069,FA,false,Duo Denim,Denim,199987725540130817,Active,C,COF,R,3,4,3,2,,,,,duodenum,false,MLN,13,,,,13_13069
23476,13070,POR,false,Hard Candy,Candy,588432971384487937,Active,C,CINF,L,3,5,3,1,,,,,christianruzich,false,MLN,13,,,,13_13070