remaining,outs,obc,batting_lead,win_prob,win_sum,n
12,0,000,18,1.0,1540,1540
12,0,000,17,1.0,745,745
12,0,000,16,0.9987,779,780
12,0,000,15,0.9987,776,777
12,0,000,14,1.0,740,740
12,0,000,13,0.9987,756,757
12,0,000,12,0.9918,726,732
12,0,000,11,0.9906,734,741
12,0,000,10,0.9861,710,720
12,0,000,9,0.9769,676,692
12,0,000,8,0.9649,632,655
12,0,000,7,0.9556,215,225
12,0,000,6,0.9253,508,549
12,0,000,5,0.878,1252,1426
12,0,000,4,0.8322,3392,4076
12,0,000,3,0.7781,8639,11102
12,0,000,2,0.6973,20933,30020
12,0,000,1,0.6035,48153,79789
12,0,000,0,0.4997,999602,2000265
12,0,000,-1,0.4213,313,743
12,0,000,-2,0.3096,226,730
12,0,000,-3,0.2106,159,755
12,0,000,-4,0.1553,116,747
12,0,000,-5,0.1229,94,765
12,0,000,-6,0.0803,59,735
12,0,000,-7,0.0545,41,752
12,0,000,-8,0.0383,30,783
12,0,000,-9,0.0199,15,754
12,0,000,-10,0.0118,9,764
12,0,000,-11,0.0068,5,735
12,0,000,-12,0.0055,4,726
12,0,000,-13,0.0014,1,729
12,0,000,-14,0.0028,2,721
12,0,000,-15,0.0032,2,632
12,0,000,-16,0.0017,1,602
12,0,000,-17,0.0,0,520
12,0,000,-18,0.0,0,500
12,0,001,18,1.0,1216,1216
12,0,001,17,1.0,844,844
12,0,001,16,0.9977,856,858
12,0,001,15,0.9988,819,820
12,0,001,14,0.9988,807,808
12,0,001,13,0.9952,838,842
12,0,001,12,0.9938,796,801
12,0,001,11,0.9927,812,818
12,0,001,10,0.9905,830,838
12,0,001,9,0.9736,774,795
12,0,001,8,0.9756,761,780
12,0,001,7,0.9615,650,676
12,0,001,6,0.9226,286,310
12,0,001,5,0.8924,456,511
12,0,001,4,0.8513,1145,1345
12,0,001,3,0.7875,2912,3698
12,0,001,2,0.7178,7365,10260
12,0,001,1,0.6343,17509,27604
12,0,001,0,0.5332,274441,514697
12,0,001,-1,0.4414,354,802
12,0,001,-2,0.3396,272,801
12,0,001,-3,0.2438,197,808
12,0,001,-4,0.1907,155,813
12,0,001,-5,0.1385,108,780
12,0,001,-6,0.0944,77,816
12,0,001,-7,0.0668,54,808
12,0,001,-8,0.0418,35,838
12,0,001,-9,0.0179,15,838
12,0,001,-10,0.0164,14,854
12,0,001,-11,0.0098,8,817
12,0,001,-12,0.0062,5,806
12,0,001,-13,0.0025,2,792
12,0,001,-14,0.005,4,797
12,0,001,-15,0.0025,2,789
12,0,001,-16,0.0013,1,776
12,0,001,-17,0.0,0,722
12,0,001,-18,0.0016,1,629
12,0,010,18,1.0,1034,1034
12,0,010,17,1.0,698,698
12,0,010,16,1.0,707,707
12,0,010,15,0.9986,695,696
12,0,010,14,1.0,697,697
12,0,010,13,1.0,671,671
12,0,010,12,0.9956,685,688
12,0,010,11,0.9971,699,701
12,0,010,10,0.9853,669,679
12,0,010,9,0.991,658,664
12,0,010,8,0.9758,646,662
12,0,010,7,0.9695,636,656
12,0,010,6,0.9295,593,638
12,0,010,5,0.9014,265,294
12,0,010,4,0.8477,796,939
12,0,010,3,0.8133,2013,2475
12,0,010,2,0.741,4807,6487
12,0,010,1,0.6516,11403,17500
12,0,010,0,0.5564,67061,120531
12,0,010,-1,0.4759,335,704
12,0,010,-2,0.3348,230,687
12,0,010,-3,0.2638,181,686
12,0,010,-4,0.2422,170,702
12,0,010,-5,0.1459,102,699
12,0,010,-6,0.1037,73,704
12,0,010,-7,0.0674,46,682
12,0,010,-8,0.0471,32,680
12,0,010,-9,0.033,23,697
12,0,010,-10,0.0247,17,688
12,0,010,-11,0.0106,7,663
12,0,010,-12,0.0086,6,697
12,0,010,-13,0.0015,1,676
12,0,010,-14,0.0029,2,687
12,0,010,-15,0.0044,3,689
12,0,010,-16,0.0016,1,637
12,0,010,-17,0.0,0,593
12,0,010,-18,0.0,0,540
12,0,011,18,1.0,1204,1204
12,0,011,17,1.0,878,878
12,0,011,16,1.0,916,916
12,0,011,15,1.0,897,897
12,0,011,14,1.0,863,863
12,0,011,13,0.9966,868,871
12,0,011,12,0.9977,867,869
12,0,011,11,0.9954,868,872
12,0,011,10,0.9965,852,855
12,0,011,9,0.9845,827,840
12,0,011,8,0.972,832,856
12,0,011,7,0.9693,822,848
12,0,011,6,0.9392,633,674
12,0,011,5,0.9186,203,221
12,0,011,4,0.8709,553,635
12,0,011,3,0.8219,1394,1696
12,0,011,2,0.7604,3545,4662
12,0,011,1,0.6769,8499,12555
12,0,011,0,0.5826,76910,132015
12,0,011,-1,0.4777,397,831
12,0,011,-2,0.383,334,872
12,0,011,-3,0.3184,284,892
12,0,011,-4,0.2363,202,855
12,0,011,-5,0.1639,138,842
12,0,011,-6,0.1071,92,859
12,0,011,-7,0.0889,76,855
12,0,011,-8,0.0636,54,849
12,0,011,-9,0.0317,28,884
12,0,011,-10,0.0241,21,870
12,0,011,-11,0.0182,16,880
12,0,011,-12,0.0034,3,891
12,0,011,-13,0.0034,3,891
12,0,011,-14,0.0058,5,858
12,0,011,-15,0.0012,1,859
12,0,011,-16,0.0012,1,832
12,0,011,-17,0.0012,1,834
12,0,011,-18,0.0,0,713
12,0,100,18,1.0,742,742
12,0,100,17,1.0,578,578
12,0,100,16,1.0,574,574
12,0,100,15,1.0,582,582
12,0,100,14,1.0,575,575
12,0,100,13,0.9982,565,566
12,0,100,12,0.9983,576,577
12,0,100,11,0.9915,580,585
12,0,100,10,0.9863,576,584
12,0,100,9,0.9915,582,587
12,0,100,8,0.9855,542,550
12,0,100,7,0.9667,522,540
12,0,100,6,0.9394,543,578
12,0,100,5,0.8951,623,696
12,0,100,4,0.8952,393,439
12,0,100,3,0.8333,980,1176
12,0,100,2,0.7447,2503,3361
12,0,100,1,0.6779,6024,8886
12,0,100,0,0.5837,14204,24334
12,0,100,-1,0.4758,266,559
12,0,100,-2,0.3681,208,565
12,0,100,-3,0.2743,158,576
12,0,100,-4,0.1759,102,580
12,0,100,-5,0.149,86,577
12,0,100,-6,0.0839,48,572
12,0,100,-7,0.0662,38,574
12,0,100,-8,0.0348,20,574
12,0,100,-9,0.033,19,576
12,0,100,-10,0.0243,14,577
12,0,100,-11,0.0125,7,561
12,0,100,-12,0.0105,6,574
12,0,100,-13,0.0085,5,587
12,0,100,-14,0.0,0,574
12,0,100,-15,0.0018,1,564
12,0,100,-16,0.0,0,559
12,0,100,-17,0.0038,2,530
12,0,100,-18,0.0,0,505
12,0,101,18,1.0,1172,1172
12,0,101,17,1.0,821,821
12,0,101,16,1.0,853,853
12,0,101,15,0.9988,834,835
12,0,101,14,1.0,837,837
12,0,101,13,0.9965,849,852
12,0,101,12,0.9954,859,863
12,0,101,11,0.9964,828,831
12,0,101,10,0.9893,836,845
12,0,101,9,0.9866,812,823
12,0,101,8,0.9789,788,805
12,0,101,7,0.9723,771,793
12,0,101,6,0.9397,748,796
12,0,101,5,0.9552,256,268
12,0,101,4,0.8859,497,561
12,0,101,3,0.8333,1315,1578
12,0,101,2,0.768,3406,4435
12,0,101,1,0.6956,8216,11812
12,0,101,0,0.6066,19354,31906
12,0,101,-1,0.5031,412,819
12,0,101,-2,0.367,302,823
12,0,101,-3,0.307,249,811
12,0,101,-4,0.2425,202,833
12,0,101,-5,0.1691,137,810
12,0,101,-6,0.1184,99,836
12,0,101,-7,0.0908,76,837
12,0,101,-8,0.0747,62,830
12,0,101,-9,0.0337,28,831
12,0,101,-10,0.033,27,817
12,0,101,-11,0.0167,14,838
12,0,101,-12,0.0093,8,858
12,0,101,-13,0.0024,2,828
12,0,101,-14,0.0035,3,847
12,0,101,-15,0.0024,2,843
12,0,101,-16,0.0013,1,797
12,0,101,-17,0.0013,1,758
12,0,101,-18,0.0016,1,625
12,0,110,18,1.0,949,949
12,0,110,17,1.0,693,693
12,0,110,16,1.0,698,698
12,0,110,15,1.0,702,702
12,0,110,14,0.9971,688,690
12,0,110,13,0.9971,684,686
12,0,110,12,0.9972,700,702
12,0,110,11,0.9971,681,683
12,0,110,10,0.9942,683,687
12,0,110,9,0.9852,667,677
12,0,110,8,0.9838,669,680
12,0,110,7,0.967,616,637
12,0,110,6,0.9463,546,577
12,0,110,5,0.9419,648,688
12,0,110,4,0.9203,439,477
12,0,110,3,0.8434,1196,1418
12,0,110,2,0.7995,2986,3735
12,0,110,1,0.7217,7310,10129
12,0,110,0,0.6329,16996,26856
12,0,110,-1,0.5255,360,685
12,0,110,-2,0.4319,298,690
12,0,110,-3,0.3607,246,682
12,0,110,-4,0.2763,181,655
12,0,110,-5,0.2009,136,677
12,0,110,-6,0.1168,82,702
12,0,110,-7,0.088,61,693
12,0,110,-8,0.0648,44,679
12,0,110,-9,0.0411,28,681
12,0,110,-10,0.0234,16,685
12,0,110,-11,0.0183,13,711
12,0,110,-12,0.0103,7,678
12,0,110,-13,0.0031,2,655
12,0,110,-14,0.0,0,685
12,0,110,-15,0.0029,2,683
12,0,110,-16,0.0015,1,662
12,0,110,-17,0.0,0,616
12,0,110,-18,0.0,0,536
12,0,111,18,1.0,1627,1627
12,0,111,17,1.0,1091,1091
12,0,111,16,1.0,1143,1143
12,0,111,15,0.9991,1142,1143
12,0,111,14,1.0,1113,1113
12,0,111,13,0.9991,1080,1081
12,0,111,12,0.9991,1119,1120
12,0,111,11,0.9954,1081,1086
12,0,111,10,0.9964,1099,1103
12,0,111,9,0.9909,1088,1098
12,0,111,8,0.9802,1040,1061
12,0,111,7,0.9739,1007,1034
12,0,111,6,0.9564,812,849
12,0,111,5,0.9388,276,294
12,0,111,4,0.9199,632,687
12,0,111,3,0.8604,1608,1869
12,0,111,2,0.8039,3989,4962
12,0,111,1,0.7372,9786,13274
12,0,111,0,0.6568,23808,36250
12,0,111,-1,0.5678,620,1092
12,0,111,-2,0.4649,503,1082
12,0,111,-3,0.3973,441,1110
12,0,111,-4,0.3128,346,1106
12,0,111,-5,0.2326,257,1105
12,0,111,-6,0.1495,168,1124
12,0,111,-7,0.1225,137,1118
12,0,111,-8,0.0926,103,1112
12,0,111,-9,0.0544,60,1102
12,0,111,-10,0.0426,47,1103
12,0,111,-11,0.0248,27,1088
12,0,111,-12,0.014,16,1144
12,0,111,-13,0.0087,10,1145
12,0,111,-14,0.0054,6,1108
12,0,111,-15,0.0038,4,1060
12,0,111,-16,0.0019,2,1038
12,0,111,-17,0.001,1,972
12,0,111,-18,0.0,0,773
12,1,000,18,1.0,3852,3852
12,1,000,17,1.0,1520,1520
12,1,000,16,0.9994,1552,1553
12,1,000,15,0.9988,1606,1608
12,1,000,14,0.9993,1527,1528
12,1,000,13,0.9993,1514,1515
12,1,000,12,0.9928,1522,1533
12,1,000,11,0.9893,1482,1498
12,1,000,10,0.9891,1363,1378
12,1,000,9,0.9809,1286,1311
12,1,000,8,0.9648,878,910
12,1,000,7,0.9405,916,974
12,1,000,6,0.9213,2025,2198
12,1,000,5,0.8786,4341,4941
12,1,000,4,0.828,9709,11726
12,1,000,3,0.7611,19753,25953
12,1,000,2,0.6777,37176,54857
12,1,000,1,0.5778,60539,104772
12,1,000,0,0.4725,596310,1262036
12,1,000,-1,0.3907,599,1533
12,1,000,-2,0.2818,436,1547
12,1,000,-3,0.1871,291,1555
12,1,000,-4,0.1443,218,1511
12,1,000,-5,0.1017,158,1553
12,1,000,-6,0.0621,93,1498
12,1,000,-7,0.0374,58,1549
12,1,000,-8,0.0223,34,1527
12,1,000,-9,0.0229,35,1527
12,1,000,-10,0.0033,5,1526
12,1,000,-11,0.0047,7,1485
12,1,000,-12,0.0053,8,1520
12,1,000,-13,0.0007,1,1499
12,1,000,-14,0.0007,1,1469
12,1,000,-15,0.0,0,1248
12,1,000,-16,0.0009,1,1098
12,1,000,-17,0.0,0,983
12,1,000,-18,0.0,0,806
12,1,001,18,0.9996,2800,2801
12,1,001,17,1.0,1595,1595
12,1,001,16,0.9994,1575,1576
12,1,001,15,0.9981,1611,1614
12,1,001,14,0.9994,1592,1593
12,1,001,13,0.995,1594,1602
12,1,001,12,0.9968,1578,1583
12,1,001,11,0.9905,1570,1585
12,1,001,10,0.9856,1573,1596
12,1,001,9,0.9762,1479,1515
12,1,001,8,0.9703,1339,1380
12,1,001,7,0.9543,751,787
12,1,001,6,0.9201,887,964
12,1,001,5,0.8852,1766,1995
12,1,001,4,0.8328,3940,4731
12,1,001,3,0.773,8678,11227
12,1,001,2,0.6941,17388,25051
12,1,001,1,0.5982,31553,52746
12,1,001,0,0.4973,281655,566351
12,1,001,-1,0.3914,618,1579
12,1,001,-2,0.3007,482,1603
12,1,001,-3,0.2184,349,1598
12,1,001,-4,0.1688,274,1623
12,1,001,-5,0.1161,179,1542
12,1,001,-6,0.0842,135,1604
12,1,001,-7,0.0446,71,1593
12,1,001,-8,0.0383,60,1568
12,1,001,-9,0.0224,37,1651
12,1,001,-10,0.0148,24,1624
12,1,001,-11,0.0089,14,1578
12,1,001,-12,0.0069,11,1595
12,1,001,-13,0.0013,2,1580
12,1,001,-14,0.0019,3,1600
12,1,001,-15,0.0,0,1468
12,1,001,-16,0.0007,1,1402
12,1,001,-17,0.0,0,1315
12,1,001,-18,0.0,0,988
12,1,010,18,1.0,2344,2344
12,1,010,17,0.9992,1323,1324
12,1,010,16,1.0,1347,1347
12,1,010,15,1.0,1346,1346
12,1,010,14,0.997,1309,1313
12,1,010,13,0.9985,1298,1300
12,1,010,12,0.9954,1297,1303
12,1,010,11,0.994,1336,1344
12,1,010,10,0.9883,1270,1285
12,1,010,9,0.9749,1205,1236
12,1,010,8,0.9685,1136,1173
12,1,010,7,0.9586,649,677
12,1,010,6,0.9369,832,888
12,1,010,5,0.8777,1141,1300
12,1,010,4,0.8313,2710,3260
12,1,010,3,0.7871,5914,7514
12,1,010,2,0.7092,11776,16605
12,1,010,1,0.6171,21771,35281
12,1,010,0,0.5157,79303,153787
12,1,010,-1,0.3933,525,1335
12,1,010,-2,0.3371,451,1338
12,1,010,-3,0.2269,304,1340
12,1,010,-4,0.1897,248,1307
12,1,010,-5,0.1152,148,1285
12,1,010,-6,0.079,106,1341
12,1,010,-7,0.0559,73,1305
12,1,010,-8,0.0297,39,1311
12,1,010,-9,0.0275,36,1308
12,1,010,-10,0.0148,20,1349
12,1,010,-11,0.0093,12,1286
12,1,010,-12,0.004,5,1256
12,1,010,-13,0.0015,2,1328
12,1,010,-14,0.0023,3,1311
12,1,010,-15,0.0039,5,1285
12,1,010,-16,0.0,0,1178
12,1,010,-17,0.0,0,1073
12,1,010,-18,0.0,0,848
12,1,011,18,1.0,2611,2611
12,1,011,17,1.0,1638,1638
12,1,011,16,0.9994,1631,1632
12,1,011,15,0.9994,1566,1567
12,1,011,14,1.0,1608,1608
12,1,011,13,0.9956,1590,1597
12,1,011,12,0.9963,1620,1626
12,1,011,11,0.993,1700,1712
12,1,011,10,0.9892,1559,1576
12,1,011,9,0.9817,1506,1534
12,1,011,8,0.9734,1539,1581
12,1,011,7,0.9597,1192,1242
12,1,011,6,0.9429,677,718
12,1,011,5,0.896,939,1048
12,1,011,4,0.84,2115,2518
12,1,011,3,0.7937,4882,6151
12,1,011,2,0.7215,10143,14058
12,1,011,1,0.6285,19907,31673
12,1,011,0,0.5336,104590,195996
12,1,011,-1,0.4439,720,1622
12,1,011,-2,0.3593,600,1670
12,1,011,-3,0.2548,429,1684
12,1,011,-4,0.1965,324,1649
12,1,011,-5,0.1509,247,1637
12,1,011,-6,0.098,165,1683
12,1,011,-7,0.0632,104,1645
12,1,011,-8,0.0428,68,1589
12,1,011,-9,0.0319,53,1662
12,1,011,-10,0.0212,35,1653
12,1,011,-11,0.0088,14,1588
12,1,011,-12,0.0068,11,1612
12,1,011,-13,0.0044,7,1609
12,1,011,-14,0.0043,7,1636
12,1,011,-15,0.0013,2,1499
12,1,011,-16,0.002,3,1469
12,1,011,-17,0.0,0,1439
12,1,011,-18,0.0,0,1060
12,1,100,18,1.0,1562,1562
12,1,100,17,1.0,1050,1050
12,1,100,16,1.0,986,986
12,1,100,15,0.996,1002,1006
12,1,100,14,0.999,1010,1011
12,1,100,13,0.999,1010,1011
12,1,100,12,0.9961,1029,1033
12,1,100,11,0.9933,1040,1047
12,1,100,10,0.9855,1016,1031
12,1,100,9,0.9826,1019,1037
12,1,100,8,0.9752,903,926
12,1,100,7,0.959,935,975
12,1,100,6,0.9417,614,652
12,1,100,5,0.9152,820,896
12,1,100,4,0.8618,1415,1642
12,1,100,3,0.7906,3020,3820
12,1,100,2,0.7202,6291,8735
12,1,100,1,0.6421,12132,18895
12,1,100,0,0.5405,19753,36544
12,1,100,-1,0.437,454,1039
12,1,100,-2,0.3321,345,1039
12,1,100,-3,0.2442,252,1032
12,1,100,-4,0.1635,172,1052
12,1,100,-5,0.1272,135,1061
12,1,100,-6,0.0716,76,1061
12,1,100,-7,0.0535,55,1028
12,1,100,-8,0.0341,36,1057
12,1,100,-9,0.0259,27,1042
12,1,100,-10,0.0137,14,1023
12,1,100,-11,0.0057,6,1046
12,1,100,-12,0.0019,2,1039
12,1,100,-13,0.0029,3,1025
12,1,100,-14,0.001,1,1040
12,1,100,-15,0.0,0,1038
12,1,100,-16,0.0,0,963
12,1,100,-17,0.0,0,910
12,1,100,-18,0.0,0,777
12,1,101,18,1.0,2438,2438
12,1,101,17,0.9993,1535,1536
12,1,101,16,1.0,1519,1519
12,1,101,15,0.9993,1497,1498
12,1,101,14,0.9973,1463,1467
12,1,101,13,0.9986,1475,1477
12,1,101,12,0.9974,1519,1523
12,1,101,11,0.9935,1539,1549
12,1,101,10,0.9833,1469,1494
12,1,101,9,0.9776,1398,1430
12,1,101,8,0.9704,1279,1318
12,1,101,7,0.957,1203,1257
12,1,101,6,0.9203,751,816
12,1,101,5,0.9095,864,950
12,1,101,4,0.8654,1903,2199
12,1,101,3,0.8099,4239,5234
12,1,101,2,0.736,8938,12144
12,1,101,1,0.6521,17279,26499
12,1,101,0,0.5583,33087,59268
12,1,101,-1,0.4695,708,1508
12,1,101,-2,0.3436,514,1496
12,1,101,-3,0.2693,402,1493
12,1,101,-4,0.1962,291,1483
12,1,101,-5,0.1392,208,1494
12,1,101,-6,0.1014,155,1528
12,1,101,-7,0.0741,108,1458
12,1,101,-8,0.0449,72,1603
12,1,101,-9,0.0279,43,1543
12,1,101,-10,0.0237,35,1479
12,1,101,-11,0.011,16,1461
12,1,101,-12,0.0046,7,1516
12,1,101,-13,0.0014,2,1453
12,1,101,-14,0.0007,1,1449
12,1,101,-15,0.0007,1,1435
12,1,101,-16,0.0,0,1385
12,1,101,-17,0.0008,1,1274
12,1,101,-18,0.001,1,1006
12,1,110,18,1.0,1972,1972
12,1,110,17,0.9992,1221,1222
12,1,110,16,0.9992,1195,1196
12,1,110,15,0.9992,1268,1269
12,1,110,14,0.9975,1206,1209
12,1,110,13,0.9992,1215,1216
12,1,110,12,0.996,1244,1249
12,1,110,11,0.9976,1233,1236
12,1,110,10,0.9942,1195,1202
12,1,110,9,0.9795,1097,1120
12,1,110,8,0.9781,1070,1094
12,1,110,7,0.9613,968,1007
12,1,110,6,0.9444,594,629
12,1,110,5,0.9153,897,980
12,1,110,4,0.8881,1730,1948
12,1,110,3,0.8258,3770,4565
12,1,110,2,0.7494,7610,10155
12,1,110,1,0.6742,15472,22950
12,1,110,0,0.5782,25987,44941
12,1,110,-1,0.4829,564,1168
12,1,110,-2,0.3833,463,1208
12,1,110,-3,0.2987,359,1202
12,1,110,-4,0.2477,297,1199
12,1,110,-5,0.1558,189,1213
12,1,110,-6,0.0856,104,1215
12,1,110,-7,0.0696,83,1192
12,1,110,-8,0.0497,59,1187
12,1,110,-9,0.035,43,1228
12,1,110,-10,0.0143,18,1258
12,1,110,-11,0.0142,18,1267
12,1,110,-12,0.0121,15,1238
12,1,110,-13,0.0034,4,1188
12,1,110,-14,0.0032,4,1244
12,1,110,-15,0.0008,1,1212
12,1,110,-16,0.0,0,1120
12,1,110,-17,0.0,0,1000
12,1,110,-18,0.0,0,792
12,1,111,18,1.0,3215,3215
12,1,111,17,1.0,1929,1929
12,1,111,16,0.9995,1909,1910
12,1,111,15,0.9974,1902,1907
12,1,111,14,0.9984,1901,1904
12,1,111,13,0.9979,1889,1893
12,1,111,12,0.9958,1881,1889
12,1,111,11,0.9958,1875,1883
12,1,111,10,0.994,1830,1841
12,1,111,9,0.9899,1764,1782
12,1,111,8,0.9766,1589,1627
12,1,111,7,0.9626,1005,1044
12,1,111,6,0.9551,787,824
12,1,111,5,0.9162,962,1050
12,1,111,4,0.8841,2326,2631
12,1,111,3,0.8173,4982,6096
12,1,111,2,0.7583,10501,13848
12,1,111,1,0.6796,21081,31018
12,1,111,0,0.5889,38798,65882
12,1,111,-1,0.471,894,1898
12,1,111,-2,0.4013,760,1894
12,1,111,-3,0.3219,620,1926
12,1,111,-4,0.2515,475,1889
12,1,111,-5,0.1905,365,1916
12,1,111,-6,0.1255,240,1913
12,1,111,-7,0.0915,177,1934
12,1,111,-8,0.0653,124,1899
12,1,111,-9,0.0421,81,1924
12,1,111,-10,0.0266,50,1883
12,1,111,-11,0.022,41,1864
12,1,111,-12,0.0128,24,1879
12,1,111,-13,0.0072,13,1818
12,1,111,-14,0.0036,7,1921
12,1,111,-15,0.0006,1,1812
12,1,111,-16,0.0017,3,1753
12,1,111,-17,0.0006,1,1584
12,1,111,-18,0.0009,1,1120
12,2,000,18,1.0,6688,6688
12,2,000,17,0.9996,2495,2496
12,2,000,16,0.9988,2537,2540
12,2,000,15,0.9988,2536,2539
12,2,000,14,0.9984,2470,2474
12,2,000,13,0.9979,2425,2430
12,2,000,12,0.9936,2337,2352
12,2,000,11,0.9892,2197,2221
12,2,000,10,0.9865,1602,1624
12,2,000,9,0.9819,1576,1605
12,2,000,8,0.9649,1702,1764
12,2,000,7,0.9469,2477,2616
12,2,000,6,0.9158,4711,5144
12,2,000,5,0.8758,9296,10614
12,2,000,4,0.8175,17660,21603
12,2,000,3,0.7464,30900,41398
12,2,000,2,0.6603,47882,72516
12,2,000,1,0.5597,63242,112991
12,2,000,0,0.4508,391313,868027
12,2,000,-1,0.3641,906,2488
12,2,000,-2,0.2573,628,2441
12,2,000,-3,0.1681,420,2499
12,2,000,-4,0.1243,307,2469
12,2,000,-5,0.082,207,2525
12,2,000,-6,0.0563,140,2485
12,2,000,-7,0.0358,90,2513
12,2,000,-8,0.0186,47,2522
12,2,000,-9,0.0133,32,2414
12,2,000,-10,0.0048,12,2513
12,2,000,-11,0.0025,6,2424
12,2,000,-12,0.0025,6,2422
12,2,000,-13,0.0017,4,2391
12,2,000,-14,0.0013,3,2322
12,2,000,-15,0.0,0,2016
12,2,000,-16,0.0,0,1721
12,2,000,-17,0.0,0,1410
12,2,000,-18,0.0,0,1083
12,2,001,18,0.9998,5688,5689
12,2,001,17,0.9992,2643,2645
12,2,001,16,0.9989,2650,2653
12,2,001,15,0.9992,2575,2577
12,2,001,14,0.9992,2572,2574
12,2,001,13,0.9969,2578,2586
12,2,001,12,0.9957,2560,2571
12,2,001,11,0.9901,2493,2518
12,2,001,10,0.9881,2334,2362
12,2,001,9,0.9684,1655,1709
12,2,001,8,0.9706,1516,1562
12,2,001,7,0.9382,1502,1601
12,2,001,6,0.924,2542,2751
12,2,001,5,0.8777,5025,5725
12,2,001,4,0.8185,10016,12237
12,2,001,3,0.7571,18502,24437
12,2,001,2,0.6723,31331,46602
12,2,001,1,0.5743,46700,81315
12,2,001,0,0.4662,228483,490062
12,2,001,-1,0.3643,957,2627
12,2,001,-2,0.2681,705,2630
12,2,001,-3,0.1903,499,2622
12,2,001,-4,0.1394,356,2554
12,2,001,-5,0.0908,240,2643
12,2,001,-6,0.0645,172,2667
12,2,001,-7,0.0398,106,2661
12,2,001,-8,0.0272,71,2611
12,2,001,-9,0.0107,28,2613
12,2,001,-10,0.0087,23,2646
12,2,001,-11,0.0038,10,2608
12,2,001,-12,0.0035,9,2593
12,2,001,-13,0.0008,2,2602
12,2,001,-14,0.0008,2,2487
12,2,001,-15,0.0009,2,2286
12,2,001,-16,0.0004,1,2224
12,2,001,-17,0.0005,1,1848
12,2,001,-18,0.0,0,1248
12,2,010,18,1.0,4882,4882
12,2,010,17,0.9996,2261,2262
12,2,010,16,0.9983,2325,2329
12,2,010,15,0.9991,2263,2265
12,2,010,14,0.9982,2240,2244
12,2,010,13,0.9978,2303,2308
12,2,010,12,0.9947,2233,2245
12,2,010,11,0.9911,2119,2138
12,2,010,10,0.9856,1985,2014
12,2,010,9,0.9741,1877,1927
12,2,010,8,0.9662,1372,1420
12,2,010,7,0.9512,1345,1414
12,2,010,6,0.9205,2096,2277
12,2,010,5,0.8751,3901,4458
12,2,010,4,0.8284,7809,9427
12,2,010,3,0.762,14171,18596
12,2,010,2,0.6785,23739,34985
12,2,010,1,0.5811,35599,61263
12,2,010,0,0.476,76525,160753
12,2,010,-1,0.3595,825,2295
12,2,010,-2,0.2817,646,2293
12,2,010,-3,0.1918,440,2294
12,2,010,-4,0.1534,344,2242
12,2,010,-5,0.0942,214,2272
12,2,010,-6,0.0702,158,2252
12,2,010,-7,0.0444,100,2254
12,2,010,-8,0.0275,62,2251
12,2,010,-9,0.0236,53,2243
12,2,010,-10,0.0083,19,2295
12,2,010,-11,0.005,11,2183
12,2,010,-12,0.0027,6,2203
12,2,010,-13,0.0018,4,2167
12,2,010,-14,0.0009,2,2166
12,2,010,-15,0.001,2,2104
12,2,010,-16,0.0,0,1869
12,2,010,-17,0.0,0,1563
12,2,010,-18,0.0,0,1134
12,2,011,18,1.0,4104,4104
12,2,011,17,1.0,2140,2140
12,2,011,16,0.9991,2245,2247
12,2,011,15,1.0,2206,2206
12,2,011,14,0.9991,2184,2186
12,2,011,13,0.9944,2146,2158
12,2,011,12,0.9959,2178,2187
12,2,011,11,0.9936,2168,2182
12,2,011,10,0.9823,2106,2144
12,2,011,9,0.9762,1766,1809
12,2,011,8,0.9747,1195,1226
12,2,011,7,0.9448,1079,1142
12,2,011,6,0.9155,1290,1409
12,2,011,5,0.8847,2464,2785
12,2,011,4,0.8364,5147,6154
12,2,011,3,0.7706,9875,12814
12,2,011,2,0.6897,17389,25212
12,2,011,1,0.5938,28443,47896
12,2,011,0,0.4909,87397,178040
12,2,011,-1,0.4091,875,2139
12,2,011,-2,0.3015,651,2159
12,2,011,-3,0.2203,485,2202
12,2,011,-4,0.1606,358,2229
12,2,011,-5,0.1054,236,2239
12,2,011,-6,0.0742,167,2252
12,2,011,-7,0.0609,134,2202
12,2,011,-8,0.0283,63,2228
12,2,011,-9,0.0201,44,2185
12,2,011,-10,0.0139,31,2224
12,2,011,-11,0.009,20,2212
12,2,011,-12,0.0044,10,2250
12,2,011,-13,0.0014,3,2200
12,2,011,-14,0.0031,7,2225
12,2,011,-15,0.0005,1,2103
12,2,011,-16,0.0,0,1993
12,2,011,-17,0.0006,1,1748
12,2,011,-18,0.0,0,1208
12,2,100,18,1.0,2901,2901
12,2,100,17,0.9994,1633,1634
12,2,100,16,1.0,1612,1612
12,2,100,15,0.9975,1599,1603
12,2,100,14,0.9994,1598,1599
12,2,100,13,0.9968,1571,1576
12,2,100,12,0.9956,1599,1606
12,2,100,11,0.9905,1567,1582
12,2,100,10,0.9873,1480,1499
12,2,100,9,0.9804,1501,1531
12,2,100,8,0.9632,1412,1466
12,2,100,7,0.9428,890,944
12,2,100,6,0.9152,1057,1155
12,2,100,5,0.8859,1701,1920
12,2,100,4,0.8244,3103,3764
12,2,100,3,0.7555,6073,8038
12,2,100,2,0.6817,10862,15933
12,2,100,1,0.5875,17927,30512
12,2,100,0,0.4846,25749,53138
12,2,100,-1,0.3751,605,1613
12,2,100,-2,0.2888,480,1662
12,2,100,-3,0.2105,350,1663
12,2,100,-4,0.1358,226,1664
12,2,100,-5,0.1057,172,1628
12,2,100,-6,0.0524,86,1642
12,2,100,-7,0.0428,68,1587
12,2,100,-8,0.0252,40,1588
12,2,100,-9,0.0168,28,1671
12,2,100,-10,0.0099,16,1618
12,2,100,-11,0.0037,6,1632
12,2,100,-12,0.0025,4,1590
12,2,100,-13,0.0018,3,1659
12,2,100,-14,0.0013,2,1591
12,2,100,-15,0.0006,1,1583
12,2,100,-16,0.0,0,1390
12,2,100,-17,0.0,0,1364
12,2,100,-18,0.0,0,1037
12,2,101,18,0.9998,5027,5028
12,2,101,17,0.9996,2603,2604
12,2,101,16,0.9996,2535,2536
12,2,101,15,1.0,2445,2445
12,2,101,14,0.9984,2470,2474
12,2,101,13,0.9988,2465,2468
12,2,101,12,0.9957,2548,2559
12,2,101,11,0.9907,2440,2463
12,2,101,10,0.9876,2237,2265
12,2,101,9,0.9746,2032,2085
12,2,101,8,0.9663,1377,1425
12,2,101,7,0.9401,1366,1453
12,2,101,6,0.9149,1805,1973
12,2,101,5,0.8808,3184,3615
12,2,101,4,0.8363,6329,7568
12,2,101,3,0.7753,12070,15568
12,2,101,2,0.6982,21161,30306
12,2,101,1,0.6039,32899,54477
12,2,101,0,0.4986,47669,95611
12,2,101,-1,0.3892,976,2508
12,2,101,-2,0.2978,756,2539
12,2,101,-3,0.2215,570,2573
12,2,101,-4,0.1589,408,2568
12,2,101,-5,0.1168,298,2551
12,2,101,-6,0.0756,194,2567
12,2,101,-7,0.053,131,2473
12,2,101,-8,0.034,87,2560
12,2,101,-9,0.0246,64,2597
12,2,101,-10,0.012,30,2505
12,2,101,-11,0.0084,21,2511
12,2,101,-12,0.0023,6,2580
12,2,101,-13,0.0028,7,2511
12,2,101,-14,0.0004,1,2391
12,2,101,-15,0.0009,2,2301
12,2,101,-16,0.0009,2,2200
12,2,101,-17,0.0,0,1888
12,2,101,-18,0.0,0,1320
12,2,110,18,1.0,2728,2728
12,2,110,17,1.0,1583,1583
12,2,110,16,1.0,1513,1513
12,2,110,15,0.9994,1591,1592
12,2,110,14,0.9968,1562,1567
12,2,110,13,0.9968,1560,1565
12,2,110,12,0.9968,1582,1587
12,2,110,11,0.9922,1529,1541
12,2,110,10,0.991,1424,1437
12,2,110,9,0.9814,1319,1344
12,2,110,8,0.9682,1277,1319
12,2,110,7,0.9519,771,810
12,2,110,6,0.9068,778,858
12,2,110,5,0.8903,1444,1622
12,2,110,4,0.8471,2782,3284
12,2,110,3,0.7766,5394,6946
12,2,110,2,0.7031,9791,13925
12,2,110,1,0.6099,16478,27016
12,2,110,0,0.509,22116,43451
12,2,110,-1,0.4255,654,1537
12,2,110,-2,0.3132,482,1539
12,2,110,-3,0.2453,392,1598
12,2,110,-4,0.1854,295,1591
12,2,110,-5,0.1054,169,1603
12,2,110,-6,0.0712,114,1601
12,2,110,-7,0.0448,71,1586
12,2,110,-8,0.0336,52,1548
12,2,110,-9,0.0211,34,1610
12,2,110,-10,0.0122,19,1563
12,2,110,-11,0.0069,11,1597
12,2,110,-12,0.0087,14,1604
12,2,110,-13,0.0007,1,1514
12,2,110,-14,0.0025,4,1598
12,2,110,-15,0.002,3,1485
12,2,110,-16,0.0007,1,1357
12,2,110,-17,0.0,0,1243
12,2,110,-18,0.0,0,950
12,2,111,18,1.0,3940,3940
12,2,111,17,1.0,2177,2177
12,2,111,16,1.0,2158,2158
12,2,111,15,0.9991,2163,2165
12,2,111,14,0.9986,2153,2156
12,2,111,13,0.9981,2147,2151
12,2,111,12,0.9958,2140,2149
12,2,111,11,0.9911,2105,2124
12,2,111,10,0.9844,2020,2052
12,2,111,9,0.982,1852,1886
12,2,111,8,0.9684,1470,1518
12,2,111,7,0.9545,819,858
12,2,111,6,0.9359,963,1029
12,2,111,5,0.9001,1829,2032
12,2,111,4,0.8566,3799,4435
12,2,111,3,0.7826,7171,9163
12,2,111,2,0.7148,13128,18367
12,2,111,1,0.6208,22045,35509
12,2,111,0,0.5247,33075,63033
12,2,111,-1,0.4233,905,2138
12,2,111,-2,0.3382,720,2129
12,2,111,-3,0.2662,588,2209
12,2,111,-4,0.1968,437,2221
12,2,111,-5,0.137,302,2205
12,2,111,-6,0.0991,216,2179
12,2,111,-7,0.0592,128,2162
12,2,111,-8,0.0396,85,2146
12,2,111,-9,0.0299,64,2142
12,2,111,-10,0.0232,50,2151
12,2,111,-11,0.0133,29,2177
12,2,111,-12,0.0042,9,2120
12,2,111,-13,0.0019,4,2158
12,2,111,-14,0.0023,5,2145
12,2,111,-15,0.0015,3,2040
12,2,111,-16,0.0005,1,1962
12,2,111,-17,0.0,0,1690
12,2,111,-18,0.0016,2,1229
11,0,000,18,1.0,9217,9217
11,0,000,17,1.0,10290,10290
11,0,000,16,0.9999,11667,11668
11,0,000,15,0.9993,12474,12483
11,0,000,14,0.9991,13181,13193
11,0,000,13,0.999,13209,13222
11,0,000,12,0.9979,13289,13317
11,0,000,11,0.9968,13428,13471
11,0,000,10,0.9925,13309,13409
11,0,000,9,0.9882,13364,13524
11,0,000,8,0.9812,13243,13497
11,0,000,7,0.9684,12969,13392
11,0,000,6,0.9485,12428,13103
11,0,000,5,0.9242,12767,13814
11,0,000,4,0.8823,13904,15758
11,0,000,3,0.8301,17334,20881
11,0,000,2,0.7598,26277,34583
11,0,000,1,0.6703,48053,71689
11,0,000,0,0.5657,778308,1375785
11,0,000,-1,0.4564,143261,313889
11,0,000,-2,0.3524,62159,176386
11,0,000,-3,0.2654,24736,93207
11,0,000,-4,0.1918,8818,45983
11,0,000,-5,0.1336,2974,22253
11,0,000,-6,0.091,1061,11653
11,0,000,-7,0.0587,481,8192
11,0,000,-8,0.0367,341,9283
11,0,000,-9,0.0251,268,10667
11,0,000,-10,0.0151,174,11502
11,0,000,-11,0.0102,132,12973
11,0,000,-12,0.0052,70,13335
11,0,000,-13,0.0031,42,13415
11,0,000,-14,0.0014,19,13404
11,0,000,-15,0.0012,16,13390
11,0,000,-16,0.0009,12,13309
11,0,000,-17,0.0005,6,13097
11,0,000,-18,0.0001,2,25546
11,0,001,18,1.0,3293,3293
11,0,001,17,1.0,3436,3436
11,0,001,16,1.0,3695,3695
11,0,001,15,0.9992,3870,3873
11,0,001,14,0.9998,4078,4079
11,0,001,13,0.999,4047,4051
11,0,001,12,0.9981,4147,4155
11,0,001,11,0.9974,4147,4158
11,0,001,10,0.9926,4010,4040
11,0,001,9,0.9896,4104,4147
11,0,001,8,0.985,4131,4194
11,0,001,7,0.9665,4041,4181
11,0,001,6,0.9527,3806,3995
11,0,001,5,0.9362,3505,3744
11,0,001,4,0.891,3941,4423
11,0,001,3,0.8528,5203,6101
11,0,001,2,0.778,8468,10885
11,0,001,1,0.6964,16461,23637
11,0,001,0,0.5955,211857,355740
11,0,001,-1,0.4933,40170,81424
11,0,001,-2,0.3873,17762,45867
11,0,001,-3,0.2996,7250,24202
11,0,001,-4,0.2254,2687,11920
11,0,001,-5,0.1614,953,5903
11,0,001,-6,0.1082,342,3160
11,0,001,-7,0.0678,158,2330
11,0,001,-8,0.0412,107,2600
11,0,001,-9,0.0347,103,2966
11,0,001,-10,0.0189,69,3648
11,0,001,-11,0.012,48,3997
11,0,001,-12,0.0065,27,4142
11,0,001,-13,0.0047,19,4025
11,0,001,-14,0.0012,5,4139
11,0,001,-15,0.0012,5,4053
11,0,001,-16,0.001,4,4101
11,0,001,-17,0.001,4,4054
11,0,001,-18,0.0001,1,7077
11,0,010,18,1.0,1688,1688
11,0,010,17,1.0,1383,1383
11,0,010,16,1.0,1471,1471
11,0,010,15,1.0,1579,1579
11,0,010,14,1.0,1536,1536
11,0,010,13,1.0,1554,1554
11,0,010,12,0.998,1521,1524
11,0,010,11,0.9955,1557,1564
11,0,010,10,0.9968,1567,1572
11,0,010,9,0.9924,1562,1574
11,0,010,8,0.9853,1541,1564
11,0,010,7,0.9728,1467,1508
11,0,010,6,0.9683,1464,1512
11,0,010,5,0.9346,1015,1086
11,0,010,4,0.896,1301,1452
11,0,010,3,0.8515,2259,2653
11,0,010,2,0.7971,4498,5643
11,0,010,1,0.7191,10040,13961
11,0,010,0,0.624,52663,84395
11,0,010,-1,0.5165,10285,19914
11,0,010,-2,0.4179,4717,11287
11,0,010,-3,0.3135,1870,5965
11,0,010,-4,0.2349,697,2967
11,0,010,-5,0.1675,249,1487
11,0,010,-6,0.1323,118,892
11,0,010,-7,0.0926,65,702
11,0,010,-8,0.0676,89,1316
11,0,010,-9,0.0351,48,1367
11,0,010,-10,0.0215,31,1444
11,0,010,-11,0.0204,33,1620
11,0,010,-12,0.0079,12,1514
11,0,010,-13,0.0057,9,1575
11,0,010,-14,0.0013,2,1564
11,0,010,-15,0.0038,6,1586
11,0,010,-16,0.0013,2,1513
11,0,010,-17,0.0,0,1424
11,0,010,-18,0.0,0,2099
11,0,011,18,1.0,1774,1774
11,0,011,17,1.0,1578,1578
11,0,011,16,1.0,1659,1659
11,0,011,15,0.9994,1668,1669
11,0,011,14,1.0,1768,1768
11,0,011,13,0.9994,1725,1726
11,0,011,12,0.997,1689,1694
11,0,011,11,0.9989,1798,1800
11,0,011,10,0.9932,1761,1773
11,0,011,9,0.9913,1831,1847
11,0,011,8,0.9859,1754,1779
11,0,011,7,0.9697,1731,1785
11,0,011,6,0.963,1664,1728
11,0,011,5,0.9283,1450,1562
11,0,011,4,0.9075,1227,1352
11,0,011,3,0.8825,1915,2170
11,0,011,2,0.8021,3413,4255
11,0,011,1,0.7376,7535,10216
11,0,011,0,0.6424,58378,90871
11,0,011,-1,0.5533,11734,21208
11,0,011,-2,0.4505,5440,12076
11,0,011,-3,0.3477,2208,6351
11,0,011,-4,0.2722,873,3207
11,0,011,-5,0.2182,372,1705
11,0,011,-6,0.1469,140,953
11,0,011,-7,0.0822,62,754
11,0,011,-8,0.0771,107,1388
11,0,011,-9,0.0398,60,1509
11,0,011,-10,0.0396,65,1643
11,0,011,-11,0.0184,32,1735
11,0,011,-12,0.0112,20,1786
11,0,011,-13,0.0078,14,1805
11,0,011,-14,0.0022,4,1792
11,0,011,-15,0.0005,1,1830
11,0,011,-16,0.0017,3,1742
11,0,011,-17,0.0024,4,1675
11,0,011,-18,0.0,0,2422
11,0,100,18,1.0,942,942
11,0,100,17,1.0,745,745
11,0,100,16,1.0,757,757
11,0,100,15,1.0,775,775
11,0,100,14,1.0,803,803
11,0,100,13,0.9962,791,794
11,0,100,12,0.9987,783,784
11,0,100,11,0.9927,821,827
11,0,100,10,0.9961,772,775
11,0,100,9,0.9925,794,800
11,0,100,8,0.9849,782,794
11,0,100,7,0.9832,762,775
11,0,100,6,0.9719,761,783
11,0,100,5,0.9395,792,843
11,0,100,4,0.9224,535,580
11,0,100,3,0.8803,971,1103
11,0,100,2,0.802,2106,2626
11,0,100,1,0.7424,5026,6770
11,0,100,0,0.6437,11479,17833
11,0,100,-1,0.5427,2446,4507
11,0,100,-2,0.4307,1121,2603
11,0,100,-3,0.359,490,1365
11,0,100,-4,0.2623,181,690
11,0,100,-5,0.1646,66,401
11,0,100,-6,0.1282,94,733
11,0,100,-7,0.0901,64,710
11,0,100,-8,0.0448,33,736
11,0,100,-9,0.0266,21,790
11,0,100,-10,0.0317,25,789
11,0,100,-11,0.0136,11,809
11,0,100,-12,0.0152,12,792
11,0,100,-13,0.0051,4,780
11,0,100,-14,0.005,4,804
11,0,100,-15,0.0013,1,793
11,0,100,-16,0.0,0,751
11,0,100,-17,0.0,0,732
11,0,100,-18,0.0,0,884
11,0,101,18,1.0,1497,1497
11,0,101,17,1.0,1073,1073
11,0,101,16,1.0,1112,1112
11,0,101,15,1.0,1142,1142
11,0,101,14,1.0,1089,1089
11,0,101,13,1.0,1146,1146
11,0,101,12,0.9982,1126,1128
11,0,101,11,0.9965,1152,1156
11,0,101,10,0.9948,1140,1146
11,0,101,9,0.9947,1117,1123
11,0,101,8,0.989,1079,1091
11,0,101,7,0.975,1090,1118
11,0,101,6,0.9658,1100,1139
11,0,101,5,0.9421,960,1019
11,0,101,4,0.9161,699,763
11,0,101,3,0.8584,1218,1419
11,0,101,2,0.8302,2919,3516
11,0,101,1,0.7533,6750,8961
11,0,101,0,0.6698,15850,23664
11,0,101,-1,0.5666,3402,6004
11,0,101,-2,0.4728,1608,3401
11,0,101,-3,0.3627,626,1726
11,0,101,-4,0.3279,302,921
11,0,101,-5,0.2175,117,538
11,0,101,-6,0.1577,144,913
11,0,101,-7,0.111,104,937
11,0,101,-8,0.0769,82,1067
11,0,101,-9,0.05,52,1041
11,0,101,-10,0.0309,34,1100
11,0,101,-11,0.0244,29,1189
11,0,101,-12,0.0089,10,1121
11,0,101,-13,0.0051,6,1175
11,0,101,-14,0.0053,6,1136
11,0,101,-15,0.0036,4,1110
11,0,101,-16,0.0009,1,1106
11,0,101,-17,0.001,1,1037
11,0,101,-18,0.0,0,1125
11,0,110,18,1.0,1272,1272
11,0,110,17,1.0,873,873
11,0,110,16,1.0,890,890
11,0,110,15,1.0,916,916
11,0,110,14,0.999,957,958
11,0,110,13,1.0,920,920
11,0,110,12,1.0,946,946
11,0,110,11,0.9959,964,968
11,0,110,10,0.9968,928,931
11,0,110,9,0.9969,973,976
11,0,110,8,0.9912,899,907
11,0,110,7,0.9792,894,913
11,0,110,6,0.9658,846,876
11,0,110,5,0.9518,868,912
11,0,110,4,0.9161,557,608
11,0,110,3,0.9022,1116,1237
11,0,110,2,0.849,2525,2974
11,0,110,1,0.7872,5899,7494
11,0,110,0,0.6954,14040,20191
11,0,110,-1,0.6099,3129,5130
11,0,110,-2,0.4891,1415,2893
11,0,110,-3,0.3968,604,1522
11,0,110,-4,0.2954,226,765
11,0,110,-5,0.2082,102,490
11,0,110,-6,0.1843,148,803
11,0,110,-7,0.1055,88,834
11,0,110,-8,0.0838,71,847
11,0,110,-9,0.0631,54,856
11,0,110,-10,0.0287,26,906
11,0,110,-11,0.0317,29,916
11,0,110,-12,0.0124,12,971
11,0,110,-13,0.0117,11,937
11,0,110,-14,0.0032,3,928
11,0,110,-15,0.0043,4,926
11,0,110,-16,0.0021,2,941
11,0,110,-17,0.0,0,820
11,0,110,-18,0.0,0,949
11,0,111,18,1.0,1951,1951
11,0,111,17,1.0,1396,1396
11,0,111,16,1.0,1406,1406
11,0,111,15,1.0,1412,1412
11,0,111,14,1.0,1476,1476
11,0,111,13,1.0,1428,1428
11,0,111,12,0.9993,1423,1424
11,0,111,11,0.9979,1439,1442
11,0,111,10,0.9922,1406,1417
11,0,111,9,0.9937,1409,1418
11,0,111,8,0.987,1437,1456
11,0,111,7,0.975,1406,1442
11,0,111,6,0.9757,1324,1357
11,0,111,5,0.9547,1160,1215
11,0,111,4,0.9301,759,816
11,0,111,3,0.8982,1544,1719
11,0,111,2,0.8442,3364,3985
11,0,111,1,0.7907,7923,10020
11,0,111,0,0.7152,19028,26605
11,0,111,-1,0.6353,4351,6849
11,0,111,-2,0.5352,2046,3823
11,0,111,-3,0.4392,881,2006
11,0,111,-4,0.3416,370,1083
11,0,111,-5,0.2833,185,653
11,0,111,-6,0.1958,120,613
11,0,111,-7,0.1377,154,1118
11,0,111,-8,0.0932,120,1288
11,0,111,-9,0.0595,80,1345
11,0,111,-10,0.0352,50,1419
11,0,111,-11,0.0301,41,1364
11,0,111,-12,0.0194,28,1440
11,0,111,-13,0.0147,21,1432
11,0,111,-14,0.0069,10,1446
11,0,111,-15,0.0028,4,1433
11,0,111,-16,0.0029,4,1381
11,0,111,-17,0.0015,2,1303
11,0,111,-18,0.0,0,1331
11,1,000,18,1.0,10215,10215
11,1,000,17,1.0,8184,8184
11,1,000,16,0.9998,9113,9115
11,1,000,15,0.9993,9685,9692
11,1,000,14,0.9989,10156,10167
11,1,000,13,0.9988,10170,10182
11,1,000,12,0.9979,10230,10252
11,1,000,11,0.9973,10241,10269
11,1,000,10,0.9914,10254,10343
11,1,000,9,0.988,10078,10200
11,1,000,8,0.9793,9442,9642
11,1,000,7,0.968,9567,9883
11,1,000,6,0.9444,9868,10449
11,1,000,5,0.9175,11523,12559
11,1,000,4,0.8756,15437,17631
11,1,000,3,0.8154,23165,28410
11,1,000,2,0.7444,37791,50767
11,1,000,1,0.6479,58058,89611
11,1,000,0,0.54,475460,880552
11,1,000,-1,0.4268,87576,205176
11,1,000,-2,0.3236,37100,114639
11,1,000,-3,0.2394,14524,60660
11,1,000,-4,0.1675,5071,30283
11,1,000,-5,0.1161,1752,15086
11,1,000,-6,0.0773,646,8354
11,1,000,-7,0.0511,319,6241
11,1,000,-8,0.0287,201,7015
11,1,000,-9,0.0198,156,7860
11,1,000,-10,0.0117,100,8566
11,1,000,-11,0.0073,72,9925
11,1,000,-12,0.0036,37,10279
11,1,000,-13,0.0026,27,10334
11,1,000,-14,0.0013,13,10147
11,1,000,-15,0.001,10,10060
11,1,000,-16,0.0007,7,9658
11,1,000,-17,0.0002,2,9337
11,1,000,-18,0.0001,1,17181
11,1,001,18,1.0,5744,5744
11,1,001,17,1.0,4592,4592
11,1,001,16,0.9998,4987,4988
11,1,001,15,0.9994,5210,5213
11,1,001,14,0.9993,5502,5506
11,1,001,13,0.9991,5557,5562
11,1,001,12,0.9984,5547,5556
11,1,001,11,0.9979,5633,5645
11,1,001,10,0.9937,5490,5525
11,1,001,9,0.9893,5467,5526
11,1,001,8,0.9824,5248,5342
11,1,001,7,0.971,4654,4793
11,1,001,6,0.9505,4668,4911
11,1,001,5,0.927,5228,5640
11,1,001,4,0.8844,6763,7647
11,1,001,3,0.8324,10363,12449
11,1,001,2,0.7579,17410,22970
11,1,001,1,0.6663,29181,43796
11,1,001,0,0.5633,223136,396113
11,1,001,-1,0.4569,42353,92698
11,1,001,-2,0.3493,18160,51997
11,1,001,-3,0.2653,7234,27270
11,1,001,-4,0.1846,2467,13363
11,1,001,-5,0.1287,891,6924
11,1,001,-6,0.0872,346,3970
11,1,001,-7,0.0711,218,3065
11,1,001,-8,0.0307,104,3391
11,1,001,-9,0.0251,95,3790
11,1,001,-10,0.0128,63,4919
11,1,001,-11,0.0083,45,5390
11,1,001,-12,0.0043,24,5533
11,1,001,-13,0.0031,17,5479
11,1,001,-14,0.002,11,5488
11,1,001,-15,0.0019,10,5304
11,1,001,-16,0.0004,2,5226
11,1,001,-17,0.0002,1,5019
11,1,001,-18,0.0002,2,8229
11,1,010,18,1.0,3505,3505
11,1,010,17,1.0,2333,2333
11,1,010,16,1.0,2490,2490
11,1,010,15,0.9992,2542,2544
11,1,010,14,0.9992,2636,2638
11,1,010,13,0.9996,2588,2589
11,1,010,12,0.9976,2535,2541
11,1,010,11,0.9959,2660,2671
11,1,010,10,0.99,2487,2512
11,1,010,9,0.9897,2490,2516
11,1,010,8,0.9809,2470,2518
11,1,010,7,0.9682,2434,2514
11,1,010,6,0.9583,1975,2061
11,1,010,5,0.9279,2059,2219
11,1,010,4,0.8816,3254,3691
11,1,010,3,0.834,5679,6809
11,1,010,2,0.7736,10727,13866
11,1,010,1,0.6836,19101,27940
11,1,010,0,0.5829,64580,110796
11,1,010,-1,0.4732,12894,27248
11,1,010,-2,0.3713,5631,15165
11,1,010,-3,0.2762,2241,8114
11,1,010,-4,0.1973,798,4045
11,1,010,-5,0.1352,298,2204
11,1,010,-6,0.1008,145,1438
11,1,010,-7,0.0705,94,1333
11,1,010,-8,0.0426,94,2205
11,1,010,-9,0.0277,66,2380
11,1,010,-10,0.016,40,2493
11,1,010,-11,0.0147,39,2660
11,1,010,-12,0.0078,20,2557
11,1,010,-13,0.0028,7,2536
11,1,010,-14,0.0012,3,2596
11,1,010,-15,0.002,5,2526
11,1,010,-16,0.0012,3,2444
11,1,010,-17,0.0,0,2305
11,1,010,-18,0.0,0,2992
11,1,011,18,1.0,3820,3820
11,1,011,17,1.0,2742,2742
11,1,011,16,1.0,2939,2939
11,1,011,15,0.9997,3035,3036
11,1,011,14,0.999,3150,3153
11,1,011,13,0.9993,3041,3043
11,1,011,12,0.9974,3115,3123
11,1,011,11,0.9987,3123,3127
11,1,011,10,0.9949,3152,3168
11,1,011,9,0.9909,3035,3063
11,1,011,8,0.9856,3012,3056
11,1,011,7,0.9779,2790,2853
11,1,011,6,0.9563,2190,2290
11,1,011,5,0.9284,2397,2582
11,1,011,4,0.8965,3033,3383
11,1,011,3,0.8516,5148,6045
11,1,011,2,0.7823,9368,11975
11,1,011,1,0.7016,17848,25439
11,1,011,0,0.5979,83493,139639
11,1,011,-1,0.4988,16557,33191
11,1,011,-2,0.3916,7296,18632
11,1,011,-3,0.3001,2961,9868
11,1,011,-4,0.2236,1099,4914
11,1,011,-5,0.1597,421,2637
11,1,011,-6,0.0987,173,1752
11,1,011,-7,0.0801,127,1586
11,1,011,-8,0.0484,94,1943
11,1,011,-9,0.0326,84,2574
11,1,011,-10,0.0219,64,2922
11,1,011,-11,0.0122,38,3112
11,1,011,-12,0.0051,16,3125
11,1,011,-13,0.0046,14,3059
11,1,011,-14,0.0029,9,3135
11,1,011,-15,0.0016,5,3068
11,1,011,-16,0.0003,1,2941
11,1,011,-17,0.0004,1,2827
11,1,011,-18,0.0005,2,3699
11,1,100,18,1.0,2021,2021
11,1,100,17,1.0,1374,1374
11,1,100,16,1.0,1400,1400
11,1,100,15,1.0,1474,1474
11,1,100,14,0.9993,1387,1388
11,1,100,13,0.9958,1426,1432
11,1,100,12,0.9986,1477,1479
11,1,100,11,0.9945,1455,1463
11,1,100,10,0.9965,1439,1444
11,1,100,9,0.9944,1424,1432
11,1,100,8,0.9807,1371,1398
11,1,100,7,0.9742,1322,1357
11,1,100,6,0.9709,901,928
11,1,100,5,0.9391,1095,1166
11,1,100,4,0.9205,1517,1648
11,1,100,3,0.8508,2875,3379
11,1,100,2,0.7959,5515,6929
11,1,100,1,0.7069,10430,14755
11,1,100,0,0.6098,17156,28136
11,1,100,-1,0.4871,3742,7682
11,1,100,-2,0.3885,1648,4242
11,1,100,-3,0.2972,652,2194
11,1,100,-4,0.2192,251,1145
11,1,100,-5,0.1526,107,701
11,1,100,-6,0.1019,81,795
11,1,100,-7,0.0643,78,1213
11,1,100,-8,0.0416,55,1321
11,1,100,-9,0.037,51,1379
11,1,100,-10,0.0216,31,1435
11,1,100,-11,0.007,10,1422
11,1,100,-12,0.0096,14,1455
11,1,100,-13,0.0034,5,1469
11,1,100,-14,0.0007,1,1417
11,1,100,-15,0.0021,3,1435
11,1,100,-16,0.0,0,1352
11,1,100,-17,0.0,0,1226
11,1,100,-18,0.0,0,1409
11,1,101,18,1.0,3255,3255
11,1,101,17,1.0,2039,2039
11,1,101,16,1.0,2140,2140
11,1,101,15,0.9995,2144,2145
11,1,101,14,0.9986,2141,2144
11,1,101,13,0.9986,2124,2127
11,1,101,12,0.9991,2153,2155
11,1,101,11,0.9963,2179,2187
11,1,101,10,0.9967,2109,2116
11,1,101,9,0.993,2139,2154
11,1,101,8,0.9853,2005,2035
11,1,101,7,0.9748,1933,1983
11,1,101,6,0.9676,1342,1387
11,1,101,5,0.9264,1486,1604
11,1,101,4,0.9014,2030,2252
11,1,101,3,0.861,3958,4597
11,1,101,2,0.7899,7691,9737
11,1,101,1,0.7171,14695,20491
11,1,101,0,0.6211,28038,45143
11,1,101,-1,0.5197,6227,11981
11,1,101,-2,0.4214,2868,6806
11,1,101,-3,0.3115,1066,3422
11,1,101,-4,0.2368,421,1778
11,1,101,-5,0.1709,197,1153
11,1,101,-6,0.1212,142,1172
11,1,101,-7,0.0789,132,1672
11,1,101,-8,0.0596,113,1897
11,1,101,-9,0.0347,69,1987
11,1,101,-10,0.0288,60,2080
11,1,101,-11,0.0125,26,2080
11,1,101,-12,0.0079,17,2146
11,1,101,-13,0.006,13,2181
11,1,101,-14,0.0033,7,2121
11,1,101,-15,0.0024,5,2070
11,1,101,-16,0.002,4,1980
11,1,101,-17,0.0006,1,1795
11,1,101,-18,0.0,0,1960
11,1,110,18,1.0,2740,2740
11,1,110,17,1.0,1595,1595
11,1,110,16,1.0,1687,1687
11,1,110,15,0.9994,1692,1693
11,1,110,14,0.9988,1704,1706
11,1,110,13,0.9988,1734,1736
11,1,110,12,0.9983,1742,1745
11,1,110,11,0.996,1745,1752
11,1,110,10,0.9923,1677,1690
11,1,110,9,0.9925,1721,1734
11,1,110,8,0.9853,1608,1632
11,1,110,7,0.9767,1466,1501
11,1,110,6,0.9589,1049,1094
11,1,110,5,0.9417,1211,1286
11,1,110,4,0.9019,1784,1978
11,1,110,3,0.8673,3254,3752
11,1,110,2,0.8158,6584,8071
11,1,110,1,0.733,12857,17540
11,1,110,0,0.6446,22328,34640
11,1,110,-1,0.5406,4976,9204
11,1,110,-2,0.4227,2234,5285
11,1,110,-3,0.352,974,2767
11,1,110,-4,0.2641,365,1382
11,1,110,-5,0.1704,159,933
11,1,110,-6,0.1429,134,938
11,1,110,-7,0.0958,137,1430
11,1,110,-8,0.0634,95,1498
11,1,110,-9,0.0413,66,1600
11,1,110,-10,0.0195,33,1693
11,1,110,-11,0.0208,35,1683
11,1,110,-12,0.0058,10,1724
11,1,110,-13,0.0101,17,1682
11,1,110,-14,0.0029,5,1705
11,1,110,-15,0.0024,4,1696
11,1,110,-16,0.0019,3,1574
11,1,110,-17,0.0,0,1419
11,1,110,-18,0.0,0,1497
11,1,111,18,1.0,4075,4075
11,1,111,17,0.9996,2419,2420
11,1,111,16,0.9996,2520,2521
11,1,111,15,0.9996,2616,2617
11,1,111,14,0.9996,2613,2614
11,1,111,13,1.0,2615,2615
11,1,111,12,0.9985,2577,2581
11,1,111,11,0.9969,2589,2597
11,1,111,10,0.9931,2600,2618
11,1,111,9,0.9919,2563,2584
11,1,111,8,0.9862,2437,2471
11,1,111,7,0.9735,2200,2260
11,1,111,6,0.974,1533,1574
11,1,111,5,0.9398,1716,1826
11,1,111,4,0.9165,2383,2600
11,1,111,3,0.878,4520,5148
11,1,111,2,0.8162,9066,11107
11,1,111,1,0.7443,17871,24011
11,1,111,0,0.6532,32955,50452
11,1,111,-1,0.5628,7554,13423
11,1,111,-2,0.4607,3489,7573
11,1,111,-3,0.3666,1430,3901
11,1,111,-4,0.2885,596,2066
11,1,111,-5,0.2183,279,1278
11,1,111,-6,0.1385,165,1191
11,1,111,-7,0.1085,212,1954
11,1,111,-8,0.0729,160,2195
11,1,111,-9,0.053,127,2395
11,1,111,-10,0.0319,81,2540
11,1,111,-11,0.025,64,2565
11,1,111,-12,0.0145,38,2629
11,1,111,-13,0.0088,23,2612
11,1,111,-14,0.0034,9,2624
11,1,111,-15,0.0031,8,2553
11,1,111,-16,0.0016,4,2484
11,1,111,-17,0.0004,1,2240
11,1,111,-18,0.0004,1,2232
11,2,000,18,0.9999,13173,13174
11,2,000,17,1.0,7835,7835
11,2,000,16,0.9999,8460,8461
11,2,000,15,0.9993,8818,8824
11,2,000,14,0.9988,9074,9085
11,2,000,13,0.9985,9062,9076
11,2,000,12,0.9974,9216,9240
11,2,000,11,0.9962,8971,9005
11,2,000,10,0.991,8980,9062
11,2,000,9,0.9867,8253,8364
11,2,000,8,0.9773,8152,8341
11,2,000,7,0.9641,8670,8993
11,2,000,6,0.9411,10309,10954
11,2,000,5,0.9155,13424,14663
11,2,000,4,0.8683,20206,23272
11,2,000,3,0.8053,31137,38664
11,2,000,2,0.7282,46230,63486
11,2,000,1,0.6279,60881,96960
11,2,000,0,0.5174,319064,616644
11,2,000,-1,0.4013,58960,146939
11,2,000,-2,0.3008,24603,81805
11,2,000,-3,0.2184,9495,43482
11,2,000,-4,0.1536,3405,22164
11,2,000,-5,0.1057,1208,11427
11,2,000,-6,0.0648,459,7085
11,2,000,-7,0.0365,207,5664
11,2,000,-8,0.0262,167,6374
11,2,000,-9,0.0174,122,7010
11,2,000,-10,0.0084,67,8003
11,2,000,-11,0.006,53,8906
11,2,000,-12,0.0037,34,9129
11,2,000,-13,0.0021,19,9067
11,2,000,-14,0.0009,8,8976
11,2,000,-15,0.0006,5,8730
11,2,000,-16,0.0005,4,8026
11,2,000,-17,0.0,0,7661
11,2,000,-18,0.0001,1,12885
11,2,001,18,1.0,9618,9618
11,2,001,17,1.0,5730,5730
11,2,001,16,0.9998,6100,6101
11,2,001,15,0.9997,6203,6205
11,2,001,14,0.9994,6472,6476
11,2,001,13,0.9988,6616,6624
11,2,001,12,0.9978,6484,6498
11,2,001,11,0.9969,6445,6465
11,2,001,10,0.9926,6344,6391
11,2,001,9,0.9866,6104,6187
11,2,001,8,0.9778,5318,5439
11,2,001,7,0.9613,5116,5322
11,2,001,6,0.9442,5911,6260
11,2,001,5,0.911,7605,8348
11,2,001,4,0.8773,11596,13218
11,2,001,3,0.8109,18457,22761
11,2,001,2,0.7409,29497,39811
11,2,001,1,0.6425,43124,67119
11,2,001,0,0.5334,187002,350568
11,2,001,-1,0.4229,35864,84796
11,2,001,-2,0.3154,14813,46966
11,2,001,-3,0.2282,5658,24796
11,2,001,-4,0.1638,2050,12513
11,2,001,-5,0.1108,753,6796
11,2,001,-6,0.0795,371,4666
11,2,001,-7,0.0527,199,3775
11,2,001,-8,0.0285,121,4248
11,2,001,-9,0.0203,94,4627
11,2,001,-10,0.0095,56,5925
11,2,001,-11,0.0076,49,6458
11,2,001,-12,0.0034,22,6562
11,2,001,-13,0.002,13,6577
11,2,001,-14,0.0011,7,6363
11,2,001,-15,0.0008,5,6207
11,2,001,-16,0.0005,3,5965
11,2,001,-17,0.0002,1,5453
11,2,001,-18,0.0,0,8006
11,2,010,18,1.0,6986,6986
11,2,010,17,1.0,3691,3691
11,2,010,16,1.0,3806,3806
11,2,010,15,0.9982,3984,3991
11,2,010,14,1.0,3974,3974
11,2,010,13,0.9997,3952,3953
11,2,010,12,0.9969,3895,3907
11,2,010,11,0.9936,3898,3923
11,2,010,10,0.9913,3753,3786
11,2,010,9,0.9887,3680,3722
11,2,010,8,0.9798,3006,3068
11,2,010,7,0.9626,3241,3367
11,2,010,6,0.9529,3558,3734
11,2,010,5,0.9206,4705,5111
11,2,010,4,0.8672,7692,8870
11,2,010,3,0.8167,12885,15777
11,2,010,2,0.7447,21305,28610
11,2,010,1,0.6514,32188,49413
11,2,010,0,0.5433,66016,121504
11,2,010,-1,0.4292,13572,31624
11,2,010,-2,0.3296,5751,17450
11,2,010,-3,0.2324,2181,9384
11,2,010,-4,0.1716,837,4879
11,2,010,-5,0.1218,355,2914
11,2,010,-6,0.0765,176,2302
11,2,010,-7,0.0528,121,2292
11,2,010,-8,0.0285,95,3335
11,2,010,-9,0.0184,66,3586
11,2,010,-10,0.0113,42,3731
11,2,010,-11,0.0081,32,3938
11,2,010,-12,0.0048,19,3959
11,2,010,-13,0.0008,3,3864
11,2,010,-14,0.0018,7,3806
11,2,010,-15,0.0008,3,3702
11,2,010,-16,0.0014,5,3492
11,2,010,-17,0.0,0,3029
11,2,010,-18,0.0,0,3643
11,2,011,18,0.9998,5940,5941
11,2,011,17,1.0,3503,3503
11,2,011,16,0.9997,3626,3627
11,2,011,15,0.9997,3764,3765
11,2,011,14,0.9995,3773,3775
11,2,011,13,0.9989,3758,3762
11,2,011,12,0.9984,3807,3813
11,2,011,11,0.9961,3842,3857
11,2,011,10,0.9959,3686,3701
11,2,011,9,0.9888,3518,3558
11,2,011,8,0.9782,3269,3342
11,2,011,7,0.9701,2625,2706
11,2,011,6,0.9466,2782,2939
11,2,011,5,0.9177,3612,3936
11,2,011,4,0.8802,5518,6269
11,2,011,3,0.8261,9337,11303
11,2,011,2,0.7565,15884,20998
11,2,011,1,0.6616,25499,38540
11,2,011,0,0.5565,72620,130503
11,2,011,-1,0.4492,14668,32656
11,2,011,-2,0.3412,6152,18032
11,2,011,-3,0.2615,2515,9619
11,2,011,-4,0.1878,921,4903
11,2,011,-5,0.1278,365,2855
11,2,011,-6,0.0804,172,2138
11,2,011,-7,0.0653,133,2036
11,2,011,-8,0.0349,100,2863
11,2,011,-9,0.0237,77,3253
11,2,011,-10,0.0146,52,3569
11,2,011,-11,0.0102,39,3813
11,2,011,-12,0.0055,21,3848
11,2,011,-13,0.0032,12,3795
11,2,011,-14,0.0014,5,3701
11,2,011,-15,0.0011,4,3674
11,2,011,-16,0.0011,4,3498
11,2,011,-17,0.0,0,3226
11,2,011,-18,0.0005,2,3755
11,2,100,18,1.0,3876,3876
11,2,100,17,1.0,2174,2174
11,2,100,16,1.0,2236,2236
11,2,100,15,1.0,2303,2303
11,2,100,14,0.9996,2329,2330
11,2,100,13,0.9978,2276,2281
11,2,100,12,0.9991,2280,2282
11,2,100,11,0.994,2338,2352
11,2,100,10,0.9936,2179,2193
11,2,100,9,0.9881,2163,2189
11,2,100,8,0.9792,2162,2208
11,2,100,7,0.9667,1598,1653
11,2,100,6,0.9535,1517,1591
11,2,100,5,0.9333,2113,2264
11,2,100,4,0.8842,3054,3454
11,2,100,3,0.8235,5623,6828
11,2,100,2,0.7526,9673,12853
11,2,100,1,0.6578,15841,24081
11,2,100,0,0.5495,22928,41725
11,2,100,-1,0.4386,5133,11704
11,2,100,-2,0.3241,2090,6448
11,2,100,-3,0.2495,821,3290
11,2,100,-4,0.1747,322,1843
11,2,100,-5,0.1177,137,1164
11,2,100,-6,0.0723,85,1176
11,2,100,-7,0.0535,101,1887
11,2,100,-8,0.029,60,2070
11,2,100,-9,0.0185,40,2163
11,2,100,-10,0.0155,35,2265
11,2,100,-11,0.0057,13,2278
11,2,100,-12,0.0059,13,2218
11,2,100,-13,0.0013,3,2281
11,2,100,-14,0.0018,4,2227
11,2,100,-15,0.0009,2,2184
11,2,100,-16,0.0005,1,2100
11,2,100,-17,0.0,0,1898
11,2,100,-18,0.0,0,1953
11,2,101,18,1.0,6890,6890
11,2,101,17,1.0,3588,3588
11,2,101,16,1.0,3673,3673
11,2,101,15,0.9992,3776,3779
11,2,101,14,0.9989,3653,3657
11,2,101,13,0.9987,3749,3754
11,2,101,12,0.9976,3713,3722
11,2,101,11,0.9944,3719,3740
11,2,101,10,0.9951,3629,3647
11,2,101,9,0.9887,3486,3526
11,2,101,8,0.983,2543,2587
11,2,101,7,0.973,2592,2664
11,2,101,6,0.953,2698,2831
11,2,101,5,0.9225,3808,4128
11,2,101,4,0.8875,6288,7085
11,2,101,3,0.8374,10994,13129
11,2,101,2,0.7608,18612,24465
11,2,101,1,0.6705,29218,43574
11,2,101,0,0.5644,42843,75909
11,2,101,-1,0.461,9673,20981
11,2,101,-2,0.3553,4125,11609
11,2,101,-3,0.2591,1587,6126
11,2,101,-4,0.1964,648,3300
11,2,101,-5,0.12,268,2233
11,2,101,-6,0.0955,196,2053
11,2,101,-7,0.0601,143,2378
11,2,101,-8,0.0405,129,3185
11,2,101,-9,0.0278,95,3422
11,2,101,-10,0.0155,57,3679
11,2,101,-11,0.0097,36,3721
11,2,101,-12,0.0059,22,3742
11,2,101,-13,0.0032,12,3698
11,2,101,-14,0.0025,9,3603
11,2,101,-15,0.0022,8,3562
11,2,101,-16,0.0006,2,3434
11,2,101,-17,0.0,0,2889
11,2,101,-18,0.0007,2,2898
11,2,110,18,1.0,3573,3573
11,2,110,17,1.0,2003,2003
11,2,110,16,1.0,2097,2097
11,2,110,15,0.9995,2055,2056
11,2,110,14,0.9986,2125,2128
11,2,110,13,0.9981,2145,2149
11,2,110,12,0.9981,2093,2097
11,2,110,11,0.9963,2150,2158
11,2,110,10,0.9898,2041,2062
11,2,110,9,0.9887,2015,2038
11,2,110,8,0.9793,1942,1983
11,2,110,7,0.9682,1249,1290
11,2,110,6,0.9531,1219,1279
11,2,110,5,0.92,1680,1826
11,2,110,4,0.8839,2627,2972
11,2,110,3,0.8296,4826,5817
11,2,110,2,0.7663,8420,10988
11,2,110,1,0.6721,14336,21330
11,2,110,0,0.5729,19810,34576
11,2,110,-1,0.4679,4556,9738
11,2,110,-2,0.3506,1865,5319
11,2,110,-3,0.2754,762,2767
11,2,110,-4,0.1742,262,1504
11,2,110,-5,0.141,138,979
11,2,110,-6,0.1002,95,948
11,2,110,-7,0.0741,133,1796
11,2,110,-8,0.0495,90,1817
11,2,110,-9,0.0312,63,2017
11,2,110,-10,0.0152,32,2104
11,2,110,-11,0.0096,20,2090
11,2,110,-12,0.01,21,2098
11,2,110,-13,0.0038,8,2109
11,2,110,-14,0.0023,5,2180
11,2,110,-15,0.0005,1,2113
11,2,110,-16,0.0,0,1926
11,2,110,-17,0.0,0,1687
11,2,110,-18,0.0,0,1704
11,2,111,18,1.0,4853,4853
11,2,111,17,1.0,2734,2734
11,2,111,16,0.9997,2925,2926
11,2,111,15,0.999,2934,2937
11,2,111,14,0.9993,2914,2916
11,2,111,13,0.9997,2938,2939
11,2,111,12,0.9983,2887,2892
11,2,111,11,0.997,3018,3027
11,2,111,10,0.9918,2907,2931
11,2,111,9,0.9883,2785,2818
11,2,111,8,0.9821,2464,2509
11,2,111,7,0.9652,1720,1782
11,2,111,6,0.9572,1698,1774
11,2,111,5,0.9242,2219,2401
11,2,111,4,0.8921,3589,4023
11,2,111,3,0.8393,6420,7649
11,2,111,2,0.7763,11585,14923
11,2,111,1,0.6897,19199,27836
11,2,111,0,0.5913,28855,48796
11,2,111,-1,0.4915,6623,13474
11,2,111,-2,0.3793,2799,7380
11,2,111,-3,0.2979,1166,3914
11,2,111,-4,0.21,440,2095
11,2,111,-5,0.1579,211,1336
11,2,111,-6,0.1132,156,1378
11,2,111,-7,0.0819,181,2210
11,2,111,-8,0.0458,116,2531
11,2,111,-9,0.0304,83,2733
11,2,111,-10,0.0202,58,2867
11,2,111,-11,0.0138,40,2909
11,2,111,-12,0.0081,24,2958
11,2,111,-13,0.0048,14,2938
11,2,111,-14,0.0034,10,2972
11,2,111,-15,0.0021,6,2898
11,2,111,-16,0.0011,3,2727
11,2,111,-17,0.0,0,2405
11,2,111,-18,0.0004,1,2340
10,0,000,18,0.9999,30822,30824
10,0,000,17,1.0,21620,21621
10,0,000,16,0.9997,23523,23530
10,0,000,15,0.9995,25115,25128
10,0,000,14,0.999,25649,25675
10,0,000,13,0.999,25767,25794
10,0,000,12,0.9971,25812,25886
10,0,000,11,0.9949,25304,25434
10,0,000,10,0.9915,23268,23468
10,0,000,9,0.9843,20687,21016
10,0,000,8,0.9777,18823,19252
10,0,000,7,0.9603,15864,16519
10,0,000,6,0.9391,16414,17479
10,0,000,5,0.9051,22726,25108
10,0,000,4,0.858,38866,45299
10,0,000,3,0.7973,69260,86864
10,0,000,2,0.7164,115872,161747
10,0,000,1,0.614,176969,288236
10,0,000,0,0.4996,499939,1000693
10,0,000,-1,0.3857,99013,256717
10,0,000,-2,0.2825,41928,148438
10,0,000,-3,0.2028,16995,83783
10,0,000,-4,0.1393,6630,47582
10,0,000,-5,0.0921,2780,30197
10,0,000,-6,0.0603,1372,22738
10,0,000,-7,0.0378,792,20949
10,0,000,-8,0.0233,520,22314
10,0,000,-9,0.0141,337,23947
10,0,000,-10,0.0085,214,25104
10,0,000,-11,0.0047,122,25962
10,0,000,-12,0.0026,69,26049
10,0,000,-13,0.0017,44,25890
10,0,000,-14,0.001,27,25821
10,0,000,-15,0.0007,18,25304
10,0,000,-16,0.0002,4,24278
10,0,000,-17,0.0,1,23026
10,0,000,-18,0.0001,2,38465
10,0,001,18,1.0,9143,9143
10,0,001,17,1.0,6389,6389
10,0,001,16,0.9997,6842,6844
10,0,001,15,0.9997,7200,7202
10,0,001,14,0.9992,7311,7317
10,0,001,13,0.9991,7402,7409
10,0,001,12,0.9969,7461,7484
10,0,001,11,0.9958,7198,7228
10,0,001,10,0.9923,6709,6761
10,0,001,9,0.9884,5610,5676
10,0,001,8,0.9805,5086,5187
10,0,001,7,0.9673,4224,4367
10,0,001,6,0.9433,4509,4780
10,0,001,5,0.9093,6146,6759
10,0,001,4,0.8726,10861,12446
10,0,001,3,0.8175,19316,23627
10,0,001,2,0.7397,32456,43875
10,0,001,1,0.6428,49770,77432
10,0,001,0,0.536,138472,258322
10,0,001,-1,0.4271,28411,66525
10,0,001,-2,0.3224,12435,38571
10,0,001,-3,0.2395,5255,21938
10,0,001,-4,0.1687,2094,12410
10,0,001,-5,0.1093,870,7957
10,0,001,-6,0.0786,481,6123
10,0,001,-7,0.0519,286,5512
10,0,001,-8,0.031,184,5937
10,0,001,-9,0.0195,136,6962
10,0,001,-10,0.0123,89,7237
10,0,001,-11,0.007,53,7555
10,0,001,-12,0.0039,29,7429
10,0,001,-13,0.0026,19,7407
10,0,001,-14,0.0019,14,7181
10,0,001,-15,0.0005,4,7335
10,0,001,-16,0.0,0,6979
10,0,001,-17,0.0002,1,6576
10,0,001,-18,0.0001,1,10367
10,0,010,18,1.0,3445,3445
10,0,010,17,1.0,2201,2201
10,0,010,16,0.9996,2239,2240
10,0,010,15,0.9996,2379,2380
10,0,010,14,1.0,2336,2336
10,0,010,13,1.0,2458,2458
10,0,010,12,0.9971,2404,2411
10,0,010,11,0.9954,2388,2399
10,0,010,10,0.9932,2196,2211
10,0,010,9,0.9863,1944,1971
10,0,010,8,0.9789,1348,1377
10,0,010,7,0.9642,1184,1228
10,0,010,6,0.9574,1372,1433
10,0,010,5,0.9245,2070,2239
10,0,010,4,0.8779,3430,3907
10,0,010,3,0.836,6322,7562
10,0,010,2,0.7619,10625,13946
10,0,010,1,0.6672,16149,24204
10,0,010,0,0.5603,34775,62068
10,0,010,-1,0.4495,7447,16567
10,0,010,-2,0.339,3256,9604
10,0,010,-3,0.2555,1365,5342
10,0,010,-4,0.1879,601,3198
10,0,010,-5,0.1323,275,2078
10,0,010,-6,0.0863,145,1680
10,0,010,-7,0.0559,89,1592
10,0,010,-8,0.047,103,2191
10,0,010,-9,0.0202,45,2228
10,0,010,-10,0.0112,26,2321
10,0,010,-11,0.0075,18,2411
10,0,010,-12,0.004,10,2472
10,0,010,-13,0.0033,8,2427
10,0,010,-14,0.0008,2,2463
10,0,010,-15,0.0013,3,2308
10,0,010,-16,0.0,0,2272
10,0,010,-17,0.0,0,2187
10,0,010,-18,0.0,0,3003
10,0,011,18,1.0,3361,3361
10,0,011,17,1.0,2392,2392
10,0,011,16,0.9992,2522,2524
10,0,011,15,0.9996,2685,2686
10,0,011,14,0.9993,2726,2728
10,0,011,13,0.9985,2710,2714
10,0,011,12,0.9958,2636,2647
10,0,011,11,0.9966,2643,2652
10,0,011,10,0.993,2422,2439
10,0,011,9,0.9916,2121,2139
10,0,011,8,0.9889,1878,1899
10,0,011,7,0.9672,1179,1219
10,0,011,6,0.9515,1276,1341
10,0,011,5,0.92,1897,2062
10,0,011,4,0.8836,3303,3738
10,0,011,3,0.8485,6031,7108
10,0,011,2,0.7724,9972,12910
10,0,011,1,0.6862,15477,22556
10,0,011,0,0.591,39616,67029
10,0,011,-1,0.4848,8432,17392
10,0,011,-2,0.3807,3874,10175
10,0,011,-3,0.2888,1694,5865
10,0,011,-4,0.2141,716,3345
10,0,011,-5,0.1363,299,2194
10,0,011,-6,0.099,170,1717
10,0,011,-7,0.0695,115,1655
10,0,011,-8,0.0515,117,2270
10,0,011,-9,0.0323,80,2474
10,0,011,-10,0.022,58,2640
10,0,011,-11,0.0096,25,2613
10,0,011,-12,0.0047,13,2745
10,0,011,-13,0.0058,15,2576
10,0,011,-14,0.0039,10,2576
10,0,011,-15,0.0015,4,2686
10,0,011,-16,0.0,0,2481
10,0,011,-17,0.0004,1,2412
10,0,011,-18,0.0,0,3264
10,0,100,18,1.0,1444,1444
10,0,100,17,1.0,945,945
10,0,100,16,1.0,994,994
10,0,100,15,1.0,1047,1047
10,0,100,14,1.0,1016,1016
10,0,100,13,0.9971,1041,1044
10,0,100,12,0.999,1017,1018
10,0,100,11,0.9959,975,979
10,0,100,10,0.9969,965,968
10,0,100,9,0.9919,857,864
10,0,100,8,0.986,848,860
10,0,100,7,0.9635,793,823
10,0,100,6,0.9474,432,456
10,0,100,5,0.928,696,750
10,0,100,4,0.8897,1234,1387
10,0,100,3,0.8329,2118,2543
10,0,100,2,0.7751,3477,4486
10,0,100,1,0.701,5464,7795
10,0,100,0,0.595,7935,13337
10,0,100,-1,0.4898,1830,3736
10,0,100,-2,0.3698,802,2169
10,0,100,-3,0.2864,370,1292
10,0,100,-4,0.1944,147,756
10,0,100,-5,0.1109,60,541
10,0,100,-6,0.0808,73,903
10,0,100,-7,0.0485,45,928
10,0,100,-8,0.0315,30,953
10,0,100,-9,0.0195,20,1027
10,0,100,-10,0.0102,10,977
10,0,100,-11,0.0086,9,1045
10,0,100,-12,0.0085,9,1054
10,0,100,-13,0.003,3,1008
10,0,100,-14,0.001,1,1027
10,0,100,-15,0.001,1,977
10,0,100,-16,0.001,1,994
10,0,100,-17,0.0,0,882
10,0,100,-18,0.0,0,1040
10,0,101,18,1.0,2074,2074
10,0,101,17,1.0,1389,1389
10,0,101,16,1.0,1376,1376
10,0,101,15,0.9986,1444,1446
10,0,101,14,0.9993,1431,1432
10,0,101,13,0.9993,1430,1431
10,0,101,12,0.9949,1353,1360
10,0,101,11,0.9985,1368,1370
10,0,101,10,0.9941,1339,1347
10,0,101,9,0.9907,1178,1189
10,0,101,8,0.9842,1058,1075
10,0,101,7,0.9795,477,487
10,0,101,6,0.952,595,625
10,0,101,5,0.9357,859,918
10,0,101,4,0.9063,1635,1804
10,0,101,3,0.8621,2882,3343
10,0,101,2,0.7985,4786,5994
10,0,101,1,0.7123,7397,10385
10,0,101,0,0.6109,10763,17618
10,0,101,-1,0.5066,2522,4978
10,0,101,-2,0.4061,1153,2839
10,0,101,-3,0.2981,483,1620
10,0,101,-4,0.2476,257,1038
10,0,101,-5,0.14,112,800
10,0,101,-6,0.1099,130,1183
10,0,101,-7,0.0683,86,1260
10,0,101,-8,0.055,73,1327
10,0,101,-9,0.0311,44,1415
10,0,101,-10,0.0265,37,1396
10,0,101,-11,0.0117,17,1451
10,0,101,-12,0.0084,12,1435
10,0,101,-13,0.0072,10,1382
10,0,101,-14,0.0022,3,1358
10,0,101,-15,0.0021,3,1415
10,0,101,-16,0.0,0,1341
10,0,101,-17,0.0,0,1239
10,0,101,-18,0.0,0,1389
10,0,110,18,1.0,1769,1769
10,0,110,17,1.0,1107,1107
10,0,110,16,1.0,1158,1158
10,0,110,15,1.0,1179,1179
10,0,110,14,1.0,1158,1158
10,0,110,13,0.9983,1183,1185
10,0,110,12,0.9992,1205,1206
10,0,110,11,0.9973,1122,1125
10,0,110,10,0.9973,1114,1117
10,0,110,9,0.9928,967,974
10,0,110,8,0.9872,846,857
10,0,110,7,0.9737,853,876
10,0,110,6,0.972,521,536
10,0,110,5,0.9307,819,880
10,0,110,4,0.9192,1354,1473
10,0,110,3,0.878,2410,2745
10,0,110,2,0.8059,4097,5084
10,0,110,1,0.7397,6431,8694
10,0,110,0,0.6461,9551,14782
10,0,110,-1,0.5523,2386,4320
10,0,110,-2,0.4406,1068,2424
10,0,110,-3,0.3414,482,1412
10,0,110,-4,0.2398,217,905
10,0,110,-5,0.1619,97,599
10,0,110,-6,0.1245,131,1052
10,0,110,-7,0.0644,68,1056
10,0,110,-8,0.0494,57,1153
10,0,110,-9,0.0337,40,1186
10,0,110,-10,0.02,24,1202
10,0,110,-11,0.0133,16,1207
10,0,110,-12,0.0083,10,1205
10,0,110,-13,0.0043,5,1151
10,0,110,-14,0.0009,1,1169
10,0,110,-15,0.0026,3,1151
10,0,110,-16,0.0,0,1121
10,0,110,-17,0.0,0,1019
10,0,110,-18,0.0,0,1150
10,0,111,18,1.0,2748,2748
10,0,111,17,1.0,1715,1715
10,0,111,16,1.0,1753,1753
10,0,111,15,1.0,1768,1768
10,0,111,14,0.9994,1802,1803
10,0,111,13,0.9983,1795,1798
10,0,111,12,0.9983,1766,1769
10,0,111,11,0.9989,1750,1752
10,0,111,10,0.9981,1616,1619
10,0,111,9,0.9945,1459,1467
10,0,111,8,0.9912,1238,1249
10,0,111,7,0.9766,542,555
10,0,111,6,0.9642,647,671
10,0,111,5,0.9431,1061,1125
10,0,111,4,0.9195,1815,1974
10,0,111,3,0.8784,3273,3726
10,0,111,2,0.8148,5526,6782
10,0,111,1,0.7539,8722,11569
10,0,111,0,0.6675,13269,19879
10,0,111,-1,0.57,3243,5689
10,0,111,-2,0.4824,1547,3207
10,0,111,-3,0.3796,730,1923
10,0,111,-4,0.2976,341,1146
10,0,111,-5,0.1914,188,982
10,0,111,-6,0.1554,225,1448
10,0,111,-7,0.1023,156,1525
10,0,111,-8,0.0784,131,1670
10,0,111,-9,0.0552,93,1685
10,0,111,-10,0.0384,67,1743
10,0,111,-11,0.0136,24,1762
10,0,111,-12,0.0109,19,1736
10,0,111,-13,0.0075,13,1724
10,0,111,-14,0.0051,9,1769
10,0,111,-15,0.0028,5,1765
10,0,111,-16,0.0012,2,1709
10,0,111,-17,0.0006,1,1547
10,0,111,-18,0.0006,1,1563
10,1,000,18,0.9999,26502,26505
10,1,000,17,0.9999,16044,16045
10,1,000,16,0.9997,17332,17337
10,1,000,15,0.9992,18330,18345
10,1,000,14,0.9987,18738,18762
10,1,000,13,0.9986,18598,18624
10,1,000,12,0.997,18522,18578
10,1,000,11,0.9943,17459,17559
10,1,000,10,0.9909,15978,16125
10,1,000,9,0.9819,14331,14595
10,1,000,8,0.976,13404,13733
10,1,000,7,0.9576,12336,12882
10,1,000,6,0.9358,14003,14963
10,1,000,5,0.9005,20664,22946
10,1,000,4,0.8477,34186,40327
10,1,000,3,0.7808,57547,73703
10,1,000,2,0.696,90253,129666
10,1,000,1,0.5898,127101,215499
10,1,000,0,0.4698,301473,641723
10,1,000,-1,0.354,59557,168258
10,1,000,-2,0.2528,24586,97255
10,1,000,-3,0.1769,9734,55011
10,1,000,-4,0.1177,3755,31890
10,1,000,-5,0.0781,1622,20781
10,1,000,-6,0.0481,774,16100
10,1,000,-7,0.0279,425,15217
10,1,000,-8,0.0165,267,16156
10,1,000,-9,0.0104,179,17242
10,1,000,-10,0.0063,116,18405
10,1,000,-11,0.0034,64,18856
10,1,000,-12,0.0021,40,18903
10,1,000,-13,0.0012,22,18800
10,1,000,-14,0.0006,12,18665
10,1,000,-15,0.0006,11,18115
10,1,000,-16,0.0002,4,17080
10,1,000,-17,0.0,0,15846
10,1,000,-18,0.0,0,25543
10,1,001,18,0.9998,13136,13138
10,1,001,17,1.0,8189,8189
10,1,001,16,0.9998,8719,8721
10,1,001,15,0.9993,9128,9134
10,1,001,14,0.999,9271,9280
10,1,001,13,0.9985,9257,9271
10,1,001,12,0.9972,9571,9598
10,1,001,11,0.9948,8854,8900
10,1,001,10,0.9916,7630,7695
10,1,001,9,0.9843,6717,6824
10,1,001,8,0.9759,6155,6307
10,1,001,7,0.9605,5468,5693
10,1,001,6,0.9367,6260,6683
10,1,001,5,0.908,9184,10114
10,1,001,4,0.8594,15601,18153
10,1,001,3,0.7964,26480,33249
10,1,001,2,0.7142,42087,58927
10,1,001,1,0.6127,60772,99180
10,1,001,0,0.4969,143376,288546
10,1,001,-1,0.3854,29169,75682
10,1,001,-2,0.283,12364,43688
10,1,001,-3,0.2025,5023,24803
10,1,001,-4,0.137,1952,14248
10,1,001,-5,0.0963,929,9651
10,1,001,-6,0.064,493,7702
10,1,001,-7,0.034,238,7000
10,1,001,-8,0.0189,143,7547
10,1,001,-9,0.0137,121,8805
10,1,001,-10,0.0084,78,9255
10,1,001,-11,0.0051,50,9719
10,1,001,-12,0.003,28,9408
10,1,001,-13,0.0012,11,9397
10,1,001,-14,0.0005,5,9358
10,1,001,-15,0.0008,7,8998
10,1,001,-16,0.0,0,8639
10,1,001,-17,0.0,0,7947
10,1,001,-18,0.0,0,12015
10,1,010,18,1.0,6343,6343
10,1,010,17,1.0,3451,3451
10,1,010,16,0.9997,3728,3729
10,1,010,15,1.0,3868,3868
10,1,010,14,0.9997,3707,3708
10,1,010,13,0.999,3878,3882
10,1,010,12,0.9971,3760,3771
10,1,010,11,0.9956,3647,3663
10,1,010,10,0.9927,3276,3300
10,1,010,9,0.9859,2524,2560
10,1,010,8,0.9775,2086,2134
10,1,010,7,0.9703,2057,2120
10,1,010,6,0.9452,2571,2720
10,1,010,5,0.9169,4048,4415
10,1,010,4,0.8693,6684,7689
10,1,010,3,0.8058,11060,13726
10,1,010,2,0.7283,17393,23883
10,1,010,1,0.6328,24534,38771
10,1,010,0,0.5148,41752,81098
10,1,010,-1,0.3973,8902,22407
10,1,010,-2,0.29,3771,13003
10,1,010,-3,0.2175,1610,7402
10,1,010,-4,0.1447,650,4491
10,1,010,-5,0.1137,362,3184
10,1,010,-6,0.0587,161,2742
10,1,010,-7,0.039,102,2613
10,1,010,-8,0.0254,89,3502
10,1,010,-9,0.0154,57,3706
10,1,010,-10,0.0078,29,3712
10,1,010,-11,0.0075,29,3884
10,1,010,-12,0.0038,15,3900
10,1,010,-13,0.0016,6,3814
10,1,010,-14,0.001,4,3845
10,1,010,-15,0.0003,1,3643
10,1,010,-16,0.0,0,3463
10,1,010,-17,0.0,0,3146
10,1,010,-18,0.0,0,4137
10,1,011,18,1.0,6879,6879
10,1,011,17,0.9998,4188,4189
10,1,011,16,0.9991,4395,4399
10,1,011,15,0.9993,4594,4597
10,1,011,14,0.9991,4587,4591
10,1,011,13,0.9982,4507,4515
10,1,011,12,0.9969,4517,4531
10,1,011,11,0.9964,4393,4409
10,1,011,10,0.9917,3939,3972
10,1,011,9,0.9835,2804,2851
10,1,011,8,0.9856,2610,2648
10,1,011,7,0.9652,2133,2210
10,1,011,6,0.9457,2697,2852
10,1,011,5,0.9128,4053,4440
10,1,011,4,0.8774,7009,7988
10,1,011,3,0.8161,11520,14116
10,1,011,2,0.7389,18495,25029
10,1,011,1,0.6481,27130,41859
10,1,011,0,0.5378,54952,102177
10,1,011,-1,0.4261,11590,27199
10,1,011,-2,0.3235,5173,15991
10,1,011,-3,0.2472,2246,9085
10,1,011,-4,0.1639,865,5276
10,1,011,-5,0.1213,448,3693
10,1,011,-6,0.0806,257,3187
10,1,011,-7,0.042,127,3025
10,1,011,-8,0.0324,129,3987
10,1,011,-9,0.021,91,4338
10,1,011,-10,0.0136,62,4544
10,1,011,-11,0.0086,39,4541
10,1,011,-12,0.0042,20,4732
10,1,011,-13,0.0024,11,4537
10,1,011,-14,0.0018,8,4550
10,1,011,-15,0.0005,2,4413
10,1,011,-16,0.0,0,4305
10,1,011,-17,0.0,0,3841
10,1,011,-18,0.0,0,4977
10,1,100,18,1.0,3107,3107
10,1,100,17,1.0,1797,1797
10,1,100,16,0.9994,1771,1772
10,1,100,15,1.0,1845,1845
10,1,100,14,0.9995,1865,1866
10,1,100,13,0.9968,1870,1876
10,1,100,12,0.9989,1798,1800
10,1,100,11,0.9972,1753,1758
10,1,100,10,0.9908,1621,1636
10,1,100,9,0.9866,1472,1492
10,1,100,8,0.9791,984,1005
10,1,100,7,0.9503,917,965
10,1,100,6,0.9506,1077,1133
10,1,100,5,0.9231,1717,1860
10,1,100,4,0.8752,2932,3350
10,1,100,3,0.8263,4767,5769
10,1,100,2,0.7477,7069,9454
10,1,100,1,0.6632,9898,14924
10,1,100,0,0.5459,11464,21002
10,1,100,-1,0.4368,2725,6238
10,1,100,-2,0.3033,1090,3594
10,1,100,-3,0.2261,491,2172
10,1,100,-4,0.1712,225,1314
10,1,100,-5,0.1121,119,1062
10,1,100,-6,0.0706,112,1586
10,1,100,-7,0.0427,73,1708
10,1,100,-8,0.0302,53,1755
10,1,100,-9,0.0105,19,1817
10,1,100,-10,0.0071,13,1830
10,1,100,-11,0.0042,8,1891
10,1,100,-12,0.0043,8,1874
10,1,100,-13,0.0011,2,1855
10,1,100,-14,0.0005,1,1847
10,1,100,-15,0.0006,1,1808
10,1,100,-16,0.0012,2,1690
10,1,100,-17,0.0,0,1562
10,1,100,-18,0.0,0,1700
10,1,101,18,1.0,4645,4645
10,1,101,17,1.0,2637,2637
10,1,101,16,0.9989,2644,2647
10,1,101,15,0.9993,2723,2725
10,1,101,14,0.9996,2707,2708
10,1,101,13,0.9996,2810,2811
10,1,101,12,0.9974,2651,2658
10,1,101,11,0.9996,2580,2581
10,1,101,10,0.9953,2315,2326
10,1,101,9,0.988,2057,2082
10,1,101,8,0.9799,1416,1445
10,1,101,7,0.9805,1156,1179
10,1,101,6,0.958,1506,1572
10,1,101,5,0.9289,2455,2643
10,1,101,4,0.8939,4204,4703
10,1,101,3,0.8345,7047,8445
10,1,101,2,0.7648,10697,13987
10,1,101,1,0.6729,14684,21822
10,1,101,0,0.5605,18558,33107
10,1,101,-1,0.4525,4438,9807
10,1,101,-2,0.3396,1947,5733
10,1,101,-3,0.2418,784,3242
10,1,101,-4,0.1959,406,2072
10,1,101,-5,0.1385,222,1603
10,1,101,-6,0.0792,139,1755
10,1,101,-7,0.0546,128,2344
10,1,101,-8,0.0358,91,2539
10,1,101,-9,0.0222,60,2697
10,1,101,-10,0.0145,39,2684
10,1,101,-11,0.0097,27,2789
10,1,101,-12,0.004,11,2763
10,1,101,-13,0.0015,4,2685
10,1,101,-14,0.0023,6,2605
10,1,101,-15,0.0004,1,2695
10,1,101,-16,0.0,0,2508
10,1,101,-17,0.0,0,2277
10,1,101,-18,0.0,0,2401
10,1,110,18,1.0,3870,3870
10,1,110,17,1.0,2093,2093
10,1,110,16,1.0,2187,2187
10,1,110,15,0.9995,2209,2210
10,1,110,14,1.0,2132,2132
10,1,110,13,0.9986,2181,2184
10,1,110,12,0.9995,2206,2207
10,1,110,11,0.997,2023,2029
10,1,110,10,0.9946,1858,1868
10,1,110,9,0.9927,1642,1654
10,1,110,8,0.9803,996,1016
10,1,110,7,0.967,1143,1182
10,1,110,6,0.9667,1277,1321
10,1,110,5,0.9271,2047,2208
10,1,110,4,0.8882,3472,3909
10,1,110,3,0.848,5808,6849
10,1,110,2,0.7758,8823,11373
10,1,110,1,0.6901,12506,18122
10,1,110,0,0.5867,15072,25691
10,1,110,-1,0.4811,3704,7699
10,1,110,-2,0.3701,1628,4399
10,1,110,-3,0.2667,669,2508
10,1,110,-4,0.188,308,1638
10,1,110,-5,0.1345,171,1271
10,1,110,-6,0.0896,130,1451
10,1,110,-7,0.0536,108,2014
10,1,110,-8,0.0341,69,2025
10,1,110,-9,0.0322,73,2269
10,1,110,-10,0.0159,35,2207
10,1,110,-11,0.0082,18,2189
10,1,110,-12,0.005,11,2193
10,1,110,-13,0.004,9,2276
10,1,110,-14,0.0018,4,2239
10,1,110,-15,0.0014,3,2078
10,1,110,-16,0.0,0,2003
10,1,110,-17,0.0,0,1750
10,1,110,-18,0.0,0,1870
10,1,111,18,1.0,5893,5893
10,1,111,17,1.0,3116,3116
10,1,111,16,0.9994,3262,3264
10,1,111,15,0.9994,3272,3274
10,1,111,14,0.9997,3284,3285
10,1,111,13,0.9991,3240,3243
10,1,111,12,0.9972,3154,3163
10,1,111,11,0.997,2993,3002
10,1,111,10,0.9935,2762,2780
10,1,111,9,0.9889,2309,2335
10,1,111,8,0.9823,1447,1473
10,1,111,7,0.9745,1260,1293
10,1,111,6,0.9536,1684,1766
10,1,111,5,0.9279,2806,3024
10,1,111,4,0.8974,4836,5389
10,1,111,3,0.8501,8118,9549
10,1,111,2,0.7768,12479,16064
10,1,111,1,0.6979,17877,25614
10,1,111,0,0.5967,22396,37533
10,1,111,-1,0.4942,5538,11206
10,1,111,-2,0.3877,2546,6567
10,1,111,-3,0.3012,1126,3739
10,1,111,-4,0.2316,539,2327
10,1,111,-5,0.1567,298,1902
10,1,111,-6,0.1166,247,2118
10,1,111,-7,0.0641,176,2747
10,1,111,-8,0.0491,152,3097
10,1,111,-9,0.0325,104,3197
10,1,111,-10,0.0226,74,3271
10,1,111,-11,0.0121,40,3297
10,1,111,-12,0.0078,26,3341
10,1,111,-13,0.0037,12,3238
10,1,111,-14,0.0025,8,3180
10,1,111,-15,0.0009,3,3279
10,1,111,-16,0.0006,2,3114
10,1,111,-17,0.0,0,2715
10,1,111,-18,0.0,0,2642
10,2,000,18,1.0,27372,27373
10,2,000,17,0.9999,13967,13968
10,2,000,16,0.9995,14813,14820
10,2,000,15,0.9992,15412,15425
10,2,000,14,0.9985,15621,15644
10,2,000,13,0.9988,15250,15268
10,2,000,12,0.9963,14362,14415
10,2,000,11,0.9935,13559,13648
10,2,000,10,0.9901,12714,12841
10,2,000,9,0.9814,11416,11632
10,2,000,8,0.975,11353,11644
10,2,000,7,0.9535,11654,12222
10,2,000,6,0.9338,14930,15989
10,2,000,5,0.8912,22347,25074
10,2,000,4,0.8406,35418,42132
10,2,000,3,0.7699,55089,71549
10,2,000,2,0.6793,78449,115477
10,2,000,1,0.5668,98980,174621
10,2,000,0,0.4458,200700,450157
10,2,000,-1,0.3285,39682,120799
10,2,000,-2,0.2299,16161,70290
10,2,000,-3,0.1595,6384,40027
10,2,000,-4,0.1001,2388,23863
10,2,000,-5,0.0633,1027,16215
10,2,000,-6,0.0391,513,13123
10,2,000,-7,0.0261,332,12700
10,2,000,-8,0.0145,194,13341
10,2,000,-9,0.0086,123,14249
10,2,000,-10,0.0047,73,15396
10,2,000,-11,0.0024,37,15700
10,2,000,-12,0.0019,30,15834
10,2,000,-13,0.001,15,15736
10,2,000,-14,0.0007,11,15424
10,2,000,-15,0.0004,6,14757
10,2,000,-16,0.0003,4,13542
10,2,000,-17,0.0,0,12289
10,2,000,-18,0.0001,1,18726
10,2,001,18,0.9999,17872,17874
10,2,001,17,0.9999,9334,9335
10,2,001,16,0.9995,9859,9864
10,2,001,15,0.9995,10158,10163
10,2,001,14,0.9987,10333,10346
10,2,001,13,0.9988,10083,10095
10,2,001,12,0.9968,9998,10030
10,2,001,11,0.9939,8635,8688
10,2,001,10,0.9905,7934,8010
10,2,001,9,0.982,6891,7017
10,2,001,8,0.9746,6598,6770
10,2,001,7,0.9586,6667,6955
10,2,001,6,0.9343,8512,9111
10,2,001,5,0.8946,13072,14612
10,2,001,4,0.8465,21143,24978
10,2,001,3,0.776,33342,42965
10,2,001,2,0.6914,48171,69675
10,2,001,1,0.5824,62443,107223
10,2,001,0,0.4622,118169,255645
10,2,001,-1,0.349,24190,69309
10,2,001,-2,0.2486,10028,40344
10,2,001,-3,0.1766,4093,23180
10,2,001,-4,0.1124,1542,13719
10,2,001,-5,0.0743,728,9793
10,2,001,-6,0.0482,403,8355
10,2,001,-7,0.0309,244,7908
10,2,001,-8,0.0177,148,8374
10,2,001,-9,0.0097,94,9720
10,2,001,-10,0.0054,56,10353
10,2,001,-11,0.0029,31,10587
10,2,001,-12,0.002,21,10444
10,2,001,-13,0.0008,8,10391
10,2,001,-14,0.0004,4,10192
10,2,001,-15,0.0003,3,9827
10,2,001,-16,0.0,0,9157
10,2,001,-17,0.0,0,8169
10,2,001,-18,0.0,0,11219
10,2,010,18,1.0,11413,11413
10,2,010,17,0.9998,5248,5249
10,2,010,16,1.0,5475,5475
10,2,010,15,0.9996,5538,5540
10,2,010,14,0.9989,5589,5595
10,2,010,13,0.9985,5436,5444
10,2,010,12,0.996,5239,5260
10,2,010,11,0.9945,4920,4947
10,2,010,10,0.9926,3903,3932
10,2,010,9,0.985,3419,3471
10,2,010,8,0.9749,3150,3231
10,2,010,7,0.9584,3452,3602
10,2,010,6,0.9334,5088,5451
10,2,010,5,0.8959,7795,8701
10,2,010,4,0.849,12573,14809
10,2,010,3,0.7851,19009,24212
10,2,010,2,0.6956,26762,38471
10,2,010,1,0.5928,32807,55338
10,2,010,0,0.4748,42462,89431
10,2,010,-1,0.3551,9380,26416
10,2,010,-2,0.2537,3903,15385
10,2,010,-3,0.1838,1641,8929
10,2,010,-4,0.1176,675,5738
10,2,010,-5,0.083,357,4301
10,2,010,-6,0.0461,182,3951
10,2,010,-7,0.0307,119,3878
10,2,010,-8,0.0182,93,5122
10,2,010,-9,0.0092,50,5454
10,2,010,-10,0.0057,31,5445
10,2,010,-11,0.0035,20,5634
10,2,010,-12,0.002,11,5567
10,2,010,-13,0.0002,1,5554
10,2,010,-14,0.0007,4,5428
10,2,010,-15,0.0006,3,5095
10,2,010,-16,0.0004,2,4698
10,2,010,-17,0.0002,1,4051
10,2,010,-18,0.0,0,4808
10,2,011,18,1.0,9708,9708
10,2,011,17,0.9998,4987,4988
10,2,011,16,0.9994,5242,5245
10,2,011,15,0.9998,5332,5333
10,2,011,14,0.9991,5433,5438
10,2,011,13,0.9974,5271,5285
10,2,011,12,0.9973,5258,5272
10,2,011,11,0.9938,4648,4677
10,2,011,10,0.9918,3864,3896
10,2,011,9,0.9828,2974,3026
10,2,011,8,0.9783,2881,2945
10,2,011,7,0.9618,2923,3039
10,2,011,6,0.936,3975,4247
10,2,011,5,0.9012,6251,6936
10,2,011,4,0.8577,9993,11651
10,2,011,3,0.7914,15594,19704
10,2,011,2,0.7095,22942,32337
10,2,011,1,0.6061,30062,49597
10,2,011,0,0.49,46946,95817
10,2,011,-1,0.3752,10025,26717
10,2,011,-2,0.2733,4296,15720
10,2,011,-3,0.2019,1831,9070
10,2,011,-4,0.1271,711,5595
10,2,011,-5,0.0933,377,4039
10,2,011,-6,0.0568,214,3770
10,2,011,-7,0.032,116,3628
10,2,011,-8,0.0213,105,4933
10,2,011,-9,0.0149,77,5152
10,2,011,-10,0.0087,47,5377
10,2,011,-11,0.0064,35,5452
10,2,011,-12,0.0031,17,5479
10,2,011,-13,0.0004,2,5385
10,2,011,-14,0.0007,4,5396
10,2,011,-15,0.0002,1,5115
10,2,011,-16,0.0,0,4793
10,2,011,-17,0.0,0,4261
10,2,011,-18,0.0,0,4960
10,2,100,18,1.0,5611,5611
10,2,100,17,1.0,2813,2813
10,2,100,16,0.9993,2848,2850
10,2,100,15,0.9993,2950,2952
10,2,100,14,0.9986,2921,2925
10,2,100,13,0.998,2952,2958
10,2,100,12,0.9947,2831,2846
10,2,100,11,0.9981,2619,2624
10,2,100,10,0.9897,2498,2524
10,2,100,9,0.988,1722,1743
10,2,100,8,0.969,1438,1484
10,2,100,7,0.9465,1485,1569
10,2,100,6,0.9267,2047,2209
10,2,100,5,0.9025,3165,3507
10,2,100,4,0.8491,5271,6208
10,2,100,3,0.7878,8231,10448
10,2,100,2,0.706,11396,16142
10,2,100,1,0.6059,14376,23726
10,2,100,0,0.4843,15167,31315
10,2,100,-1,0.3666,3497,9539
10,2,100,-2,0.2573,1441,5600
10,2,100,-3,0.1766,583,3302
10,2,100,-4,0.1196,259,2166
10,2,100,-5,0.0815,146,1792
10,2,100,-6,0.0502,102,2031
10,2,100,-7,0.0351,92,2619
10,2,100,-8,0.02,55,2752
10,2,100,-9,0.0116,34,2922
10,2,100,-10,0.006,18,3003
10,2,100,-11,0.0037,11,2983
10,2,100,-12,0.0034,10,2945
10,2,100,-13,0.001,3,2882
10,2,100,-14,0.0,0,2893
10,2,100,-15,0.0004,1,2794
10,2,100,-16,0.0,0,2583
10,2,100,-17,0.0,0,2278
10,2,100,-18,0.0,0,2418
10,2,101,18,1.0,10124,10124
10,2,101,17,1.0,4843,4843
10,2,101,16,0.9998,4836,4837
10,2,101,15,0.9996,4891,4893
10,2,101,14,0.9996,4909,4911
10,2,101,13,0.999,4886,4891
10,2,101,12,0.9959,4624,4643
10,2,101,11,0.9967,4197,4211
10,2,101,10,0.9936,3125,3145
10,2,101,9,0.9815,2806,2859
10,2,101,8,0.9753,2492,2555
10,2,101,7,0.9654,2735,2833
10,2,101,6,0.9325,4019,4310
10,2,101,5,0.9063,6430,7095
10,2,101,4,0.8615,10338,12000
10,2,101,3,0.7977,15657,19628
10,2,101,2,0.7163,21816,30458
10,2,101,1,0.6131,26588,43368
10,2,101,0,0.4993,28154,56392
10,2,101,-1,0.3815,6671,17488
10,2,101,-2,0.2873,2931,10202
10,2,101,-3,0.1986,1186,5971
10,2,101,-4,0.139,550,3956
10,2,101,-5,0.0972,314,3229
10,2,101,-6,0.0635,207,3259
10,2,101,-7,0.0347,143,4126
10,2,101,-8,0.0219,99,4527
10,2,101,-9,0.0114,55,4819
10,2,101,-10,0.0083,41,4949
10,2,101,-11,0.0036,18,4984
10,2,101,-12,0.0036,18,4938
10,2,101,-13,0.0008,4,4785
10,2,101,-14,0.0006,3,4677
10,2,101,-15,0.0,0,4625
10,2,101,-16,0.0,0,4228
10,2,101,-17,0.0003,1,3575
10,2,101,-18,0.0,0,3667
10,2,110,18,1.0,5053,5053
10,2,110,17,1.0,2578,2578
10,2,110,16,1.0,2604,2604
10,2,110,15,0.9996,2606,2607
10,2,110,14,1.0,2645,2645
10,2,110,13,0.9981,2658,2663
10,2,110,12,0.9977,2618,2624
10,2,110,11,0.9956,2281,2291
10,2,110,10,0.9908,2156,2176
10,2,110,9,0.9851,1392,1413
10,2,110,8,0.9683,1100,1136
10,2,110,7,0.9579,1319,1377
10,2,110,6,0.9487,1814,1912
10,2,110,5,0.8989,2817,3134
10,2,110,4,0.8568,4637,5412
10,2,110,3,0.8082,7270,8995
10,2,110,2,0.7201,10254,14240
10,2,110,1,0.6209,12990,20921
10,2,110,0,0.5103,13261,25988
10,2,110,-1,0.397,3232,8142
10,2,110,-2,0.2883,1340,4648
10,2,110,-3,0.216,599,2773
10,2,110,-4,0.1314,230,1750
10,2,110,-5,0.0853,131,1535
10,2,110,-6,0.0596,95,1593
10,2,110,-7,0.0404,100,2475
10,2,110,-8,0.0223,56,2512
10,2,110,-9,0.0161,43,2675
10,2,110,-10,0.0067,18,2697
10,2,110,-11,0.0032,9,2774
10,2,110,-12,0.0011,3,2753
10,2,110,-13,0.0023,6,2655
10,2,110,-14,0.0011,3,2723
10,2,110,-15,0.0,0,2518
10,2,110,-16,0.0,0,2271
10,2,110,-17,0.0,0,2037
10,2,110,-18,0.0,0,2109
10,2,111,18,0.9999,7147,7148
10,2,111,17,1.0,3604,3604
10,2,111,16,0.9994,3611,3613
10,2,111,15,0.9986,3661,3666
10,2,111,14,0.9987,3710,3715
10,2,111,13,0.9983,3612,3618
10,2,111,12,0.9977,3510,3518
10,2,111,11,0.9938,3218,3238
10,2,111,10,0.991,2738,2763
10,2,111,9,0.9808,1791,1826
10,2,111,8,0.9743,1517,1557
10,2,111,7,0.9572,1631,1704
10,2,111,6,0.9368,2388,2549
10,2,111,5,0.9086,3897,4289
10,2,111,4,0.8726,6272,7188
10,2,111,3,0.8097,9559,11806
10,2,111,2,0.728,13731,18862
10,2,111,1,0.6388,17973,28134
10,2,111,0,0.5284,19358,36632
10,2,111,-1,0.4186,4792,11449
10,2,111,-2,0.3063,2056,6712
10,2,111,-3,0.2323,897,3862
10,2,111,-4,0.1603,408,2546
10,2,111,-5,0.1146,242,2111
10,2,111,-6,0.0841,188,2236
10,2,111,-7,0.0452,141,3118
10,2,111,-8,0.0307,108,3519
10,2,111,-9,0.0169,62,3672
10,2,111,-10,0.0125,47,3751
10,2,111,-11,0.0078,29,3741
10,2,111,-12,0.0052,19,3639
10,2,111,-13,0.0017,6,3602
10,2,111,-14,0.0014,5,3658
10,2,111,-15,0.0009,3,3515
10,2,111,-16,0.0003,1,3295
10,2,111,-17,0.0,0,2853
10,2,111,-18,0.0,0,2777
9,0,000,18,1.0,41999,42000
9,0,000,17,1.0,30035,30035
9,0,000,16,0.9999,33805,33809
9,0,000,15,0.9998,36145,36152
9,0,000,14,0.9995,37465,37482
9,0,000,13,0.9994,38014,38036
9,0,000,12,0.9986,38527,38582
9,0,000,11,0.9979,38291,38372
9,0,000,10,0.9959,36969,37122
9,0,000,9,0.9929,35222,35475
9,0,000,8,0.9879,32209,32602
9,0,000,7,0.9781,29121,29772
9,0,000,6,0.9639,28039,29088
9,0,000,5,0.9407,31781,33785
9,0,000,4,0.9092,43823,48199
9,0,000,3,0.8557,68338,79861
9,0,000,2,0.7858,108290,137815
9,0,000,1,0.6913,163506,236533
9,0,000,0,0.5724,425187,742753
9,0,000,-1,0.4479,159797,356749
9,0,000,-2,0.3348,78922,235730
9,0,000,-3,0.2395,35032,146266
9,0,000,-4,0.1673,14452,86407
9,0,000,-5,0.1142,5843,51176
9,0,000,-6,0.0727,2359,32442
9,0,000,-7,0.0476,1149,24145
9,0,000,-8,0.028,650,23180
9,0,000,-9,0.0184,457,24858
9,0,000,-10,0.0107,315,29306
9,0,000,-11,0.006,201,33261
9,0,000,-12,0.0036,131,35986
9,0,000,-13,0.002,74,37457
9,0,000,-14,0.0012,45,37991
9,0,000,-15,0.0007,25,37521
9,0,000,-16,0.0005,19,36049
9,0,000,-17,0.0001,3,34722
9,0,000,-18,0.0001,4,65981
9,0,001,18,1.0,12074,12074
9,0,001,17,1.0,8655,8655
9,0,001,16,1.0,9535,9535
9,0,001,15,0.9999,10069,10070
9,0,001,14,0.9994,10413,10419
9,0,001,13,0.9993,10792,10800
9,0,001,12,0.9982,10704,10723
9,0,001,11,0.9991,10817,10827
9,0,001,10,0.9964,10246,10283
9,0,001,9,0.9936,9853,9916
9,0,001,8,0.9896,8553,8643
9,0,001,7,0.9813,7784,7932
9,0,001,6,0.9673,7537,7792
9,0,001,5,0.9446,8510,9009
9,0,001,4,0.9161,11984,13081
9,0,001,3,0.8692,18776,21602
9,0,001,2,0.806,29780,36950
9,0,001,1,0.7161,45802,63961
9,0,001,0,0.6061,116580,192346
9,0,001,-1,0.4887,45363,92815
9,0,001,-2,0.3769,23263,61727
9,0,001,-3,0.2727,10350,37947
9,0,001,-4,0.1982,4462,22515
9,0,001,-5,0.1415,1900,13427
9,0,001,-6,0.093,793,8527
9,0,001,-7,0.0593,386,6507
9,0,001,-8,0.0365,226,6193
9,0,001,-9,0.026,174,6691
9,0,001,-10,0.0129,103,8014
9,0,001,-11,0.0076,67,8847
9,0,001,-12,0.0049,50,10117
9,0,001,-13,0.0032,34,10535
9,0,001,-14,0.0016,17,10634
9,0,001,-15,0.0007,7,10236
9,0,001,-16,0.0007,7,9924
9,0,001,-17,0.0003,3,9513
9,0,001,-18,0.0001,1,17590
9,0,010,18,1.0,4284,4284
9,0,010,17,1.0,2700,2700
9,0,010,16,1.0,3014,3014
9,0,010,15,1.0,3151,3151
9,0,010,14,0.9997,3172,3173
9,0,010,13,1.0,3247,3247
9,0,010,12,0.9988,3338,3342
9,0,010,11,0.9988,3264,3268
9,0,010,10,0.9975,3143,3151
9,0,010,9,0.9966,2964,2974
9,0,010,8,0.9917,2746,2769
9,0,010,7,0.9848,2068,2100
9,0,010,6,0.9686,2127,2196
9,0,010,5,0.9539,2585,2710
9,0,010,4,0.9277,3759,4052
9,0,010,3,0.8821,6062,6872
9,0,010,2,0.8216,9527,11596
9,0,010,1,0.7371,14661,19889
9,0,010,0,0.6347,30141,47490
9,0,010,-1,0.5154,11967,23218
9,0,010,-2,0.3932,6023,15319
9,0,010,-3,0.2954,2859,9679
9,0,010,-4,0.2105,1148,5454
9,0,010,-5,0.1467,505,3442
9,0,010,-6,0.0969,219,2260
9,0,010,-7,0.0671,119,1773
9,0,010,-8,0.035,62,1770
9,0,010,-9,0.0282,66,2339
9,0,010,-10,0.0164,44,2687
9,0,010,-11,0.0069,21,3037
9,0,010,-12,0.0041,13,3144
9,0,010,-13,0.0032,11,3434
9,0,010,-14,0.0024,8,3281
9,0,010,-15,0.0015,5,3255
9,0,010,-16,0.002,6,3024
9,0,010,-17,0.0,0,2887
9,0,010,-18,0.0,0,4765
9,0,011,18,1.0,4281,4281
9,0,011,17,1.0,3042,3042
9,0,011,16,1.0,3166,3166
9,0,011,15,1.0,3348,3348
9,0,011,14,0.9994,3483,3485
9,0,011,13,0.9992,3550,3553
9,0,011,12,0.9975,3560,3569
9,0,011,11,0.9991,3523,3526
9,0,011,10,0.9959,3395,3409
9,0,011,9,0.9951,3233,3249
9,0,011,8,0.989,2877,2909
9,0,011,7,0.9852,2058,2089
9,0,011,6,0.9767,2058,2107
9,0,011,5,0.9513,2461,2587
9,0,011,4,0.9282,3501,3772
9,0,011,3,0.8977,5634,6276
9,0,011,2,0.8346,9035,10825
9,0,011,1,0.7561,14181,18755
9,0,011,0,0.6606,33064,50052
9,0,011,-1,0.5534,13443,24291
9,0,011,-2,0.4363,7029,16111
9,0,011,-3,0.3294,3309,10047
9,0,011,-4,0.2525,1509,5976
9,0,011,-5,0.1853,660,3562
9,0,011,-6,0.1203,274,2278
9,0,011,-7,0.0812,145,1785
9,0,011,-8,0.0579,102,1761
9,0,011,-9,0.0406,80,1972
9,0,011,-10,0.0203,58,2864
9,0,011,-11,0.0135,43,3188
9,0,011,-12,0.0076,26,3413
9,0,011,-13,0.0058,20,3455
9,0,011,-14,0.0028,10,3554
9,0,011,-15,0.0012,4,3405
9,0,011,-16,0.0022,7,3223
9,0,011,-17,0.0,0,3227
9,0,011,-18,0.0002,1,5053
9,0,100,18,1.0,1736,1736
9,0,100,17,1.0,1126,1126
9,0,100,16,1.0,1145,1145
9,0,100,15,1.0,1227,1227
9,0,100,14,1.0,1223,1223
9,0,100,13,1.0,1262,1262
9,0,100,12,0.9992,1228,1229
9,0,100,11,0.9983,1196,1198
9,0,100,10,0.9992,1187,1188
9,0,100,9,0.9972,1078,1081
9,0,100,8,0.9841,1050,1067
9,0,100,7,0.9829,1034,1052
9,0,100,6,0.9778,616,630
9,0,100,5,0.9541,749,785
9,0,100,4,0.9196,1246,1355
9,0,100,3,0.8981,2054,2287
9,0,100,2,0.838,3062,3654
9,0,100,1,0.7656,4804,6275
9,0,100,0,0.6595,7047,10685
9,0,100,-1,0.5478,2956,5396
9,0,100,-2,0.4415,1543,3495
9,0,100,-3,0.3288,725,2205
9,0,100,-4,0.2211,298,1348
9,0,100,-5,0.1421,109,767
9,0,100,-6,0.1071,60,560
9,0,100,-7,0.0659,65,987
9,0,100,-8,0.0504,50,993
9,0,100,-9,0.0248,25,1007
9,0,100,-10,0.0199,22,1108
9,0,100,-11,0.0075,9,1194
9,0,100,-12,0.0094,11,1173
9,0,100,-13,0.0056,7,1245
9,0,100,-14,0.0016,2,1246
9,0,100,-15,0.0026,3,1175
9,0,100,-16,0.0018,2,1121
9,0,100,-17,0.0,0,1093
9,0,100,-18,0.0,0,1486
9,0,101,18,1.0,2487,2487
9,0,101,17,1.0,1562,1562
9,0,101,16,1.0,1623,1623
9,0,101,15,1.0,1697,1697
9,0,101,14,1.0,1693,1693
9,0,101,13,1.0,1744,1744
9,0,101,12,1.0,1763,1763
9,0,101,11,0.9988,1699,1701
9,0,101,10,0.997,1663,1668
9,0,101,9,0.9962,1582,1588
9,0,101,8,0.989,1444,1460
9,0,101,7,0.99,1281,1294
9,0,101,6,0.97,777,801
9,0,101,5,0.9665,1040,1076
9,0,101,4,0.944,1618,1714
9,0,101,3,0.9036,2607,2885
9,0,101,2,0.8488,4178,4922
9,0,101,1,0.7843,6566,8372
9,0,101,0,0.6823,9670,14172
9,0,101,-1,0.5761,4204,7297
9,0,101,-2,0.4541,2076,4572
9,0,101,-3,0.3571,1027,2876
9,0,101,-4,0.2662,459,1724
9,0,101,-5,0.1832,192,1048
9,0,101,-6,0.1308,110,841
9,0,101,-7,0.0998,81,812
9,0,101,-8,0.057,73,1281
9,0,101,-9,0.0388,55,1419
9,0,101,-10,0.0285,45,1580
9,0,101,-11,0.0103,17,1658
9,0,101,-12,0.0065,11,1681
9,0,101,-13,0.0073,13,1787
9,0,101,-14,0.003,5,1662
9,0,101,-15,0.0018,3,1634
9,0,101,-16,0.0006,1,1595
9,0,101,-17,0.0014,2,1427
9,0,101,-18,0.0,0,1877
9,0,110,18,1.0,2156,2156
9,0,110,17,1.0,1315,1315
9,0,110,16,1.0,1343,1343
9,0,110,15,1.0,1391,1391
9,0,110,14,1.0,1436,1436
9,0,110,13,1.0,1430,1430
9,0,110,12,1.0,1421,1421
9,0,110,11,1.0,1445,1445
9,0,110,10,0.9985,1355,1357
9,0,110,9,0.9938,1281,1289
9,0,110,8,0.9974,1146,1149
9,0,110,7,0.9884,1108,1121
9,0,110,6,0.9831,699,711
9,0,110,5,0.9587,882,920
9,0,110,4,0.9467,1403,1482
9,0,110,3,0.9084,2152,2369
9,0,110,2,0.8663,3564,4114
9,0,110,1,0.8108,5664,6986
9,0,110,0,0.7155,8465,11831
9,0,110,-1,0.6163,3762,6104
9,0,110,-2,0.5032,2060,4094
9,0,110,-3,0.3884,941,2423
9,0,110,-4,0.2847,418,1468
9,0,110,-5,0.1947,192,986
9,0,110,-6,0.1452,89,613
9,0,110,-7,0.0935,99,1059
9,0,110,-8,0.0562,62,1104
9,0,110,-9,0.0373,42,1126
9,0,110,-10,0.0315,41,1303
9,0,110,-11,0.016,21,1313
9,0,110,-12,0.0076,11,1454
9,0,110,-13,0.0068,10,1470
9,0,110,-14,0.0043,6,1395
9,0,110,-15,0.0007,1,1376
9,0,110,-16,0.0,0,1320
9,0,110,-17,0.0008,1,1177
9,0,110,-18,0.0,0,1601
9,0,111,18,1.0,3186,3186
9,0,111,17,1.0,1903,1903
9,0,111,16,1.0,1947,1947
9,0,111,15,1.0,2025,2025
9,0,111,14,0.9995,2116,2117
9,0,111,13,1.0,2158,2158
9,0,111,12,0.999,2099,2101
9,0,111,11,0.9995,2075,2076
9,0,111,10,0.999,1997,1999
9,0,111,9,0.9963,1900,1907
9,0,111,8,0.9953,1710,1718
9,0,111,7,0.993,1409,1419
9,0,111,6,0.9869,905,917
9,0,111,5,0.9707,1194,1230
9,0,111,4,0.949,1750,1844
9,0,111,3,0.9172,2848,3105
9,0,111,2,0.875,4908,5609
9,0,111,1,0.8119,7673,9451
9,0,111,0,0.7311,11796,16134
9,0,111,-1,0.6359,5160,8114
9,0,111,-2,0.5169,2819,5454
9,0,111,-3,0.4058,1327,3270
9,0,111,-4,0.3228,655,2029
9,0,111,-5,0.2475,299,1208
9,0,111,-6,0.1682,149,886
9,0,111,-7,0.1258,113,898
9,0,111,-8,0.0887,129,1455
9,0,111,-9,0.0596,96,1612
9,0,111,-10,0.0313,61,1946
9,0,111,-11,0.0153,30,1960
9,0,111,-12,0.0133,28,2103
9,0,111,-13,0.012,25,2079
9,0,111,-14,0.0048,10,2093
9,0,111,-15,0.0049,10,2025
9,0,111,-16,0.002,4,1959
9,0,111,-17,0.0,0,1863
9,0,111,-18,0.0,0,2161
9,1,000,18,1.0,35059,35060
9,1,000,17,1.0,22032,22032
9,1,000,16,0.9998,24440,24446
9,1,000,15,0.9998,26137,26143
9,1,000,14,0.9995,27026,27039
9,1,000,13,0.9994,27069,27085
9,1,000,12,0.9988,27402,27435
9,1,000,11,0.9972,26251,26324
9,1,000,10,0.9955,25571,25686
9,1,000,9,0.9922,24271,24463
9,1,000,8,0.9865,22490,22797
9,1,000,7,0.9757,20893,21413
9,1,000,6,0.9602,21357,22242
9,1,000,5,0.9366,25897,27650
9,1,000,4,0.9002,36550,40601
9,1,000,3,0.8429,55643,66016
9,1,000,2,0.7683,84785,110353
9,1,000,1,0.6685,118974,177962
9,1,000,0,0.5433,262991,484084
9,1,000,-1,0.4154,97708,235208
9,1,000,-2,0.3033,46790,154272
9,1,000,-3,0.2128,20338,95564
9,1,000,-4,0.1455,8292,56985
9,1,000,-5,0.0962,3284,34140
9,1,000,-6,0.0587,1306,22244
9,1,000,-7,0.0389,664,17079
9,1,000,-8,0.0232,391,16839
9,1,000,-9,0.0142,258,18110
9,1,000,-10,0.0089,185,20890
9,1,000,-11,0.005,118,23507
9,1,000,-12,0.0026,67,25331
9,1,000,-13,0.0012,31,26563
9,1,000,-14,0.0009,25,26892
9,1,000,-15,0.0004,11,26613
9,1,000,-16,0.0002,5,25183
9,1,000,-17,0.0,1,23844
9,1,000,-18,0.0001,3,43474
9,1,001,18,1.0,17028,17028
9,1,001,17,1.0,10939,10939
9,1,001,16,0.9997,11932,11935
9,1,001,15,0.9998,12656,12659
9,1,001,14,0.9995,13021,13027
9,1,001,13,0.9992,13232,13242
9,1,001,12,0.9986,13067,13085
9,1,001,11,0.9983,12986,13008
9,1,001,10,0.9964,12616,12661
9,1,001,9,0.9934,11441,11517
9,1,001,8,0.9882,10291,10414
9,1,001,7,0.9776,9416,9632
9,1,001,6,0.9622,9731,10113
9,1,001,5,0.9424,11607,12317
9,1,001,4,0.9044,16561,18312
9,1,001,3,0.8529,25293,29655
9,1,001,2,0.7851,39118,49823
9,1,001,1,0.6898,56378,81733
9,1,001,0,0.5698,124649,218760
9,1,001,-1,0.4469,47607,106516
9,1,001,-2,0.3342,23418,70069
9,1,001,-3,0.2369,10194,43033
9,1,001,-4,0.1651,4240,25674
9,1,001,-5,0.1127,1722,15279
9,1,001,-6,0.073,742,10169
9,1,001,-7,0.0499,396,7940
9,1,001,-8,0.0277,221,7975
9,1,001,-9,0.0169,144,8498
9,1,001,-10,0.0104,103,9881
9,1,001,-11,0.0059,64,10832
9,1,001,-12,0.0041,51,12567
9,1,001,-13,0.0016,21,13077
9,1,001,-14,0.001,13,13006
9,1,001,-15,0.0006,8,12871
9,1,001,-16,0.0005,6,12262
9,1,001,-17,0.0,0,11479
9,1,001,-18,0.0001,2,20202
9,1,010,18,1.0,7841,7841
9,1,010,17,1.0,4338,4338
9,1,010,16,0.9998,4801,4802
9,1,010,15,0.9998,4961,4962
9,1,010,14,0.9992,5063,5067
9,1,010,13,0.9998,5145,5146
9,1,010,12,0.9988,5196,5202
9,1,010,11,0.9986,4967,4974
9,1,010,10,0.9973,4767,4780
9,1,010,9,0.9961,4056,4072
9,1,010,8,0.9887,3662,3704
9,1,010,7,0.9819,3247,3307
9,1,010,6,0.9713,3482,3585
9,1,010,5,0.9458,4639,4905
9,1,010,4,0.9129,6834,7486
9,1,010,3,0.861,10516,12214
9,1,010,2,0.7922,15790,19933
9,1,010,1,0.7015,22607,32226
9,1,010,0,0.5914,37683,63713
9,1,010,-1,0.4672,14787,31650
9,1,010,-2,0.3504,7349,20975
9,1,010,-3,0.2584,3388,13111
9,1,010,-4,0.1702,1306,7672
9,1,010,-5,0.127,596,4693
9,1,010,-6,0.0717,246,3432
9,1,010,-7,0.0463,129,2789
9,1,010,-8,0.0265,75,2827
9,1,010,-9,0.0197,66,3355
9,1,010,-10,0.0101,43,4272
9,1,010,-11,0.0059,28,4725
9,1,010,-12,0.0024,12,4899
9,1,010,-13,0.0025,13,5138
9,1,010,-14,0.0016,8,5018
9,1,010,-15,0.0014,7,4882
9,1,010,-16,0.0006,3,4709
9,1,010,-17,0.0002,1,4272
9,1,010,-18,0.0,0,6683
9,1,011,18,1.0,8276,8276
9,1,011,17,1.0,5285,5285
9,1,011,16,1.0,5428,5428
9,1,011,15,1.0,5778,5778
9,1,011,14,0.9995,5961,5964
9,1,011,13,0.9993,6135,6139
9,1,011,12,0.9984,6054,6064
9,1,011,11,0.9988,6002,6009
9,1,011,10,0.9958,5635,5659
9,1,011,9,0.9925,5182,5221
9,1,011,8,0.9868,4255,4312
9,1,011,7,0.9812,3650,3720
9,1,011,6,0.9689,3768,3889
9,1,011,5,0.9417,4761,5056
9,1,011,4,0.9132,7101,7776
9,1,011,3,0.8686,10898,12546
9,1,011,2,0.8058,16740,20775
9,1,011,1,0.7168,24798,34594
9,1,011,0,0.6072,47557,78322
9,1,011,-1,0.4899,19079,38943
9,1,011,-2,0.3778,9581,25363
9,1,011,-3,0.2765,4327,15648
9,1,011,-4,0.2002,1871,9345
9,1,011,-5,0.1458,836,5735
9,1,011,-6,0.0982,369,3756
9,1,011,-7,0.0637,202,3171
9,1,011,-8,0.0333,111,3331
9,1,011,-9,0.0305,110,3603
9,1,011,-10,0.0165,80,4838
9,1,011,-11,0.007,37,5308
9,1,011,-12,0.0054,31,5699
9,1,011,-13,0.0026,16,6049
9,1,011,-14,0.0015,9,5954
9,1,011,-15,0.0012,7,5905
9,1,011,-16,0.0009,5,5479
9,1,011,-17,0.0,0,5159
9,1,011,-18,0.0001,1,7970
9,1,100,18,1.0,3660,3660
9,1,100,17,1.0,2139,2139
9,1,100,16,1.0,2113,2113
9,1,100,15,1.0,2247,2247
9,1,100,14,0.9995,2196,2197
9,1,100,13,0.9996,2303,2304
9,1,100,12,0.9982,2210,2214
9,1,100,11,0.9986,2216,2219
9,1,100,10,0.9963,2143,2151
9,1,100,9,0.9949,1939,1949
9,1,100,8,0.9854,1890,1918
9,1,100,7,0.9825,1292,1315
9,1,100,6,0.9728,1286,1322
9,1,100,5,0.9513,1856,1951
9,1,100,4,0.9133,2751,3012
9,1,100,3,0.8786,4315,4911
9,1,100,2,0.8188,6539,7986
9,1,100,1,0.7281,9137,12549
9,1,100,0,0.6231,10922,17529
9,1,100,-1,0.5028,4666,9280
9,1,100,-2,0.37,2174,5876
9,1,100,-3,0.2702,1001,3705
9,1,100,-4,0.1895,424,2238
9,1,100,-5,0.1245,177,1422
9,1,100,-6,0.0674,76,1128
9,1,100,-7,0.0522,65,1245
9,1,100,-8,0.0333,57,1714
9,1,100,-9,0.0197,38,1930
9,1,100,-10,0.0154,31,2015
9,1,100,-11,0.0057,12,2103
9,1,100,-12,0.0067,15,2223
9,1,100,-13,0.0009,2,2184
9,1,100,-14,0.0009,2,2193
9,1,100,-15,0.0009,2,2151
9,1,100,-16,0.001,2,2035
9,1,100,-17,0.0,0,1891
9,1,100,-18,0.0,0,2423
9,1,101,18,1.0,5570,5570
9,1,101,17,1.0,3081,3081
9,1,101,16,1.0,3207,3207
9,1,101,15,1.0,3266,3266
9,1,101,14,0.9997,3304,3305
9,1,101,13,0.9997,3334,3335
9,1,101,12,0.9991,3348,3351
9,1,101,11,0.9973,3358,3367
9,1,101,10,0.9971,3096,3105
9,1,101,9,0.9954,2811,2824
9,1,101,8,0.9869,2115,2143
9,1,101,7,0.9838,1877,1908
9,1,101,6,0.9698,1925,1985
9,1,101,5,0.9543,2633,2759
9,1,101,4,0.9272,4074,4394
9,1,101,3,0.8852,6323,7143
9,1,101,2,0.8193,9532,11635
9,1,101,1,0.7474,13768,18422
9,1,101,0,0.6346,17477,27542
9,1,101,-1,0.5202,7470,14361
9,1,101,-2,0.4054,3849,9494
9,1,101,-3,0.3092,1756,5680
9,1,101,-4,0.2135,713,3340
9,1,101,-5,0.1559,341,2187
9,1,101,-6,0.0981,165,1682
9,1,101,-7,0.0656,107,1630
9,1,101,-8,0.0439,84,1915
9,1,101,-9,0.0287,76,2651
9,1,101,-10,0.0182,54,2961
9,1,101,-11,0.0117,38,3258
9,1,101,-12,0.0051,16,3165
9,1,101,-13,0.0028,9,3249
9,1,101,-14,0.0024,8,3268
9,1,101,-15,0.0012,4,3223
9,1,101,-16,0.0013,4,3135
9,1,101,-17,0.0004,1,2714
9,1,101,-18,0.0,0,3487
9,1,110,18,1.0,4617,4617
9,1,110,17,1.0,2456,2456
9,1,110,16,1.0,2557,2557
9,1,110,15,0.9996,2618,2619
9,1,110,14,0.9996,2682,2683
9,1,110,13,0.9993,2679,2681
9,1,110,12,0.9996,2647,2648
9,1,110,11,0.9989,2636,2639
9,1,110,10,0.9984,2470,2474
9,1,110,9,0.994,2312,2326
9,1,110,8,0.9909,2069,2088
9,1,110,7,0.9863,1511,1532
9,1,110,6,0.976,1544,1582
9,1,110,5,0.958,2192,2288
9,1,110,4,0.9423,3298,3500
9,1,110,3,0.8865,5188,5852
9,1,110,2,0.8317,7810,9390
9,1,110,1,0.7637,11266,14752
9,1,110,0,0.6601,14123,21396
9,1,110,-1,0.5523,6227,11274
9,1,110,-2,0.4297,3141,7310
9,1,110,-3,0.3296,1452,4406
9,1,110,-4,0.236,634,2687
9,1,110,-5,0.1582,267,1688
9,1,110,-6,0.1171,148,1264
9,1,110,-7,0.0711,103,1448
9,1,110,-8,0.0435,89,2045
9,1,110,-9,0.026,58,2231
9,1,110,-10,0.0182,45,2472
9,1,110,-11,0.0102,26,2542
9,1,110,-12,0.01,27,2691
9,1,110,-13,0.0034,9,2628
9,1,110,-14,0.0019,5,2680
9,1,110,-15,0.0008,2,2531
9,1,110,-16,0.0004,1,2424
9,1,110,-17,0.0005,1,2137
9,1,110,-18,0.0007,2,2793
9,1,111,18,1.0,6809,6809
9,1,111,17,1.0,3690,3690
9,1,111,16,1.0,3844,3844
9,1,111,15,1.0,3902,3902
9,1,111,14,0.9993,4090,4093
9,1,111,13,0.9998,4099,4100
9,1,111,12,0.9997,3978,3979
9,1,111,11,0.9992,3911,3914
9,1,111,10,0.9967,3649,3661
9,1,111,9,0.994,3291,3311
9,1,111,8,0.9925,2394,2412
9,1,111,7,0.9914,2180,2199
9,1,111,6,0.9744,2204,2262
9,1,111,5,0.9513,2988,3141
9,1,111,4,0.9291,4590,4940
9,1,111,3,0.8891,7331,8245
9,1,111,2,0.836,11059,13228
9,1,111,1,0.7628,16247,21300
9,1,111,0,0.6652,20746,31188
9,1,111,-1,0.5613,9114,16236
9,1,111,-2,0.442,4701,10635
9,1,111,-3,0.3422,2226,6505
9,1,111,-4,0.2466,981,3978
9,1,111,-5,0.1772,455,2568
9,1,111,-6,0.1375,255,1855
9,1,111,-7,0.0948,177,1868
9,1,111,-8,0.0588,135,2295
9,1,111,-9,0.0451,141,3124
9,1,111,-10,0.022,79,3597
9,1,111,-11,0.0117,44,3750
9,1,111,-12,0.0066,26,3934
9,1,111,-13,0.0045,18,4022
9,1,111,-14,0.0023,9,3968
9,1,111,-15,0.0024,9,3786
9,1,111,-16,0.0017,6,3620
9,1,111,-17,0.0003,1,3200
9,1,111,-18,0.0005,2,3865
9,2,000,18,1.0,35322,35323
9,2,000,17,0.9999,18607,18608
9,2,000,16,0.9999,20518,20521
9,2,000,15,0.9998,21658,21663
9,2,000,14,0.9996,22025,22034
9,2,000,13,0.9994,21947,21961
9,2,000,12,0.9987,21961,21990
9,2,000,11,0.9967,20483,20551
9,2,000,10,0.995,19799,19899
9,2,000,9,0.9904,19074,19259
9,2,000,8,0.9856,18173,18439
9,2,000,7,0.9744,18006,18479
9,2,000,6,0.959,19720,20563
9,2,000,5,0.9323,25152,26977
9,2,000,4,0.8949,36009,40240
9,2,000,3,0.8339,52539,63006
9,2,000,2,0.7528,74106,98440
9,2,000,1,0.6485,95325,146983
9,2,000,0,0.5186,179594,346303
9,2,000,-1,0.3861,65611,169951
9,2,000,-2,0.2784,30977,111266
9,2,000,-3,0.1898,13112,69096
9,2,000,-4,0.1289,5358,41561
9,2,000,-5,0.0808,2061,25493
9,2,000,-6,0.0504,870,17256
9,2,000,-7,0.031,435,14037
9,2,000,-8,0.0188,265,14069
9,2,000,-9,0.0118,177,15039
9,2,000,-10,0.0065,112,17207
9,2,000,-11,0.0036,69,19074
9,2,000,-12,0.0017,36,20843
9,2,000,-13,0.0008,17,21545
9,2,000,-14,0.0006,13,21865
9,2,000,-15,0.0001,3,21129
9,2,000,-16,0.0002,4,19634
9,2,000,-17,0.0001,1,18169
9,2,000,-18,0.0,1,31682
9,2,001,18,1.0,22901,22901
9,2,001,17,1.0,12197,12197
9,2,001,16,0.9999,13119,13120
9,2,001,15,0.9999,13760,13762
9,2,001,14,0.9994,13989,13997
9,2,001,13,0.999,14065,14079
9,2,001,12,0.9988,13895,13912
9,2,001,11,0.9976,13523,13555
9,2,001,10,0.9955,12360,12416
9,2,001,9,0.9913,11417,11517
9,2,001,8,0.9861,10546,10695
9,2,001,7,0.9751,10383,10648
9,2,001,6,0.9605,11615,12093
9,2,001,5,0.9384,14908,15886
9,2,001,4,0.8961,21149,23601
9,2,001,3,0.84,31403,37383
9,2,001,2,0.7638,45369,59399
9,2,001,1,0.6634,59487,89671
9,2,001,0,0.5374,106771,198678
9,2,001,-1,0.4087,40070,98036
9,2,001,-2,0.2993,19291,64443
9,2,001,-3,0.2071,8290,40029
9,2,001,-4,0.1409,3362,23856
9,2,001,-5,0.0889,1302,14651
9,2,001,-6,0.0571,585,10251
9,2,001,-7,0.0389,331,8499
9,2,001,-8,0.0203,175,8608
9,2,001,-9,0.0121,114,9392
9,2,001,-10,0.0072,76,10624
9,2,001,-11,0.0034,39,11470
9,2,001,-12,0.0024,33,13644
9,2,001,-13,0.0007,10,13874
9,2,001,-14,0.001,14,13865
9,2,001,-15,0.0002,3,13508
9,2,001,-16,0.0004,5,12598
9,2,001,-17,0.0,0,11555
9,2,001,-18,0.0,0,18868
9,2,010,18,0.9999,14074,14075
9,2,010,17,0.9998,6517,6518
9,2,010,16,0.9997,7040,7042
9,2,010,15,0.9997,7147,7149
9,2,010,14,0.9993,7341,7346
9,2,010,13,0.9997,7293,7295
9,2,010,12,0.9986,7108,7118
9,2,010,11,0.9985,6770,6780
9,2,010,10,0.9956,5944,5970
9,2,010,9,0.9923,5302,5343
9,2,010,8,0.9854,4934,5007
9,2,010,7,0.9778,4966,5079
9,2,010,6,0.964,6054,6280
9,2,010,5,0.9339,8221,8803
9,2,010,4,0.9029,12086,13386
9,2,010,3,0.8441,17851,21148
9,2,010,2,0.7683,24809,32289
9,2,010,1,0.6686,31580,47236
9,2,010,0,0.5501,40706,74000
9,2,010,-1,0.4223,15956,37784
9,2,010,-2,0.3021,7394,24475
9,2,010,-3,0.2109,3234,15331
9,2,010,-4,0.1407,1287,9145
9,2,010,-5,0.0981,571,5818
9,2,010,-6,0.0508,225,4430
9,2,010,-7,0.0373,149,3991
9,2,010,-8,0.0218,96,4413
9,2,010,-9,0.0132,67,5079
9,2,010,-10,0.0074,47,6332
9,2,010,-11,0.0047,32,6774
9,2,010,-12,0.0017,12,7205
9,2,010,-13,0.0013,9,7124
9,2,010,-14,0.0007,5,7079
9,2,010,-15,0.0006,4,6860
9,2,010,-16,0.0002,1,6351
9,2,010,-17,0.0002,1,5466
9,2,010,-18,0.0,0,7842
9,2,011,18,1.0,11568,11568
9,2,011,17,1.0,6245,6245
9,2,011,16,1.0,6553,6553
9,2,011,15,1.0,6771,6771
9,2,011,14,0.9996,6853,6856
9,2,011,13,0.999,7027,7034
9,2,011,12,0.9987,6882,6891
9,2,011,11,0.9985,6590,6600
9,2,011,10,0.9961,6112,6136
9,2,011,9,0.9906,5149,5198
9,2,011,8,0.9887,4469,4520
9,2,011,7,0.9778,4405,4505
9,2,011,6,0.964,4983,5169
9,2,011,5,0.9367,6675,7126
9,2,011,4,0.8968,9691,10806
9,2,011,3,0.8503,14703,17291
9,2,011,2,0.7808,21048,26957
9,2,011,1,0.6863,28159,41031
9,2,011,0,0.5645,43414,76902
9,2,011,-1,0.4368,16782,38416
9,2,011,-2,0.3229,8058,24952
9,2,011,-3,0.2337,3588,15350
9,2,011,-4,0.1562,1440,9217
9,2,011,-5,0.1132,655,5788
9,2,011,-6,0.0672,273,4063
9,2,011,-7,0.044,159,3612
9,2,011,-8,0.0262,100,3824
9,2,011,-9,0.0149,64,4306
9,2,011,-10,0.0099,57,5759
9,2,011,-11,0.006,37,6143
9,2,011,-12,0.0028,19,6773
9,2,011,-13,0.0017,12,6955
9,2,011,-14,0.001,7,6706
9,2,011,-15,0.0012,8,6704
9,2,011,-16,0.0003,2,6124
9,2,011,-17,0.0,0,5473
9,2,011,-18,0.0,0,7997
9,2,100,18,1.0,6402,6402
9,2,100,17,1.0,3344,3344
9,2,100,16,1.0,3464,3464
9,2,100,15,1.0,3561,3561
9,2,100,14,0.9994,3487,3489
9,2,100,13,0.9989,3651,3655
9,2,100,12,0.9983,3571,3577
9,2,100,11,0.9982,3375,3381
9,2,100,10,0.9957,3280,3294
9,2,100,9,0.9921,2512,2532
9,2,100,8,0.9844,2337,2374
9,2,100,7,0.9766,2047,2096
9,2,100,6,0.9714,2380,2450
9,2,100,5,0.9376,3408,3635
9,2,100,4,0.9062,5079,5605
9,2,100,3,0.8493,7537,8874
9,2,100,2,0.7767,10672,13741
9,2,100,1,0.6763,13649,20182
9,2,100,0,0.5592,14798,26461
9,2,100,-1,0.4357,6174,14170
9,2,100,-2,0.3215,2889,8986
9,2,100,-3,0.2246,1218,5422
9,2,100,-4,0.1496,517,3455
9,2,100,-5,0.0978,229,2341
9,2,100,-6,0.0598,107,1788
9,2,100,-7,0.0435,82,1884
9,2,100,-8,0.0201,45,2238
9,2,100,-9,0.011,33,2994
9,2,100,-10,0.0091,30,3296
9,2,100,-11,0.0043,15,3494
9,2,100,-12,0.004,14,3489
9,2,100,-13,0.0014,5,3546
9,2,100,-14,0.0006,2,3429
9,2,100,-15,0.0009,3,3299
9,2,100,-16,0.0006,2,3173
9,2,100,-17,0.0,0,2738
9,2,100,-18,0.0003,1,3412
9,2,101,18,1.0,12285,12285
9,2,101,17,1.0,5605,5605
9,2,101,16,1.0,5871,5871
9,2,101,15,1.0,6073,6073
9,2,101,14,0.9998,6156,6157
9,2,101,13,0.9995,6133,6136
9,2,101,12,0.9985,6024,6033
9,2,101,11,0.9975,5607,5621
9,2,101,10,0.9952,4734,4757
9,2,101,9,0.9939,4228,4254
9,2,101,8,0.9865,3713,3764
9,2,101,7,0.9783,3876,3962
9,2,101,6,0.9662,4510,4668
9,2,101,5,0.9403,6437,6846
9,2,101,4,0.9069,9759,10761
9,2,101,3,0.8548,14367,16807
9,2,101,2,0.7835,20094,25647
9,2,101,1,0.6908,25599,37058
9,2,101,0,0.5709,27719,48557
9,2,101,-1,0.4513,11592,25683
9,2,101,-2,0.3326,5541,16658
9,2,101,-3,0.2463,2527,10258
9,2,101,-4,0.1641,1027,6257
9,2,101,-5,0.112,458,4091
9,2,101,-6,0.0745,239,3210
9,2,101,-7,0.0406,129,3176
9,2,101,-8,0.0264,96,3642
9,2,101,-9,0.0162,70,4310
9,2,101,-10,0.0109,59,5412
9,2,101,-11,0.0057,33,5762
9,2,101,-12,0.0038,23,6027
9,2,101,-13,0.0012,7,5970
9,2,101,-14,0.0015,9,5947
9,2,101,-15,0.0004,2,5696
9,2,101,-16,0.0004,2,5306
9,2,101,-17,0.0002,1,4611
9,2,101,-18,0.0,0,5770
9,2,110,18,1.0,5971,5971
9,2,110,17,1.0,2992,2992
9,2,110,16,1.0,3029,3029
9,2,110,15,0.9997,3192,3193
9,2,110,14,0.9994,3180,3182
9,2,110,13,0.9988,3316,3320
9,2,110,12,0.9997,3138,3139
9,2,110,11,0.9977,3062,3069
9,2,110,10,0.9956,2714,2726
9,2,110,9,0.9932,2636,2654
9,2,110,8,0.9855,1974,2003
9,2,110,7,0.9746,1801,1848
9,2,110,6,0.9673,2043,2112
9,2,110,5,0.9438,2939,3114
9,2,110,4,0.914,4370,4781
9,2,110,3,0.8616,6576,7632
9,2,110,2,0.7921,9453,11934
9,2,110,1,0.7005,12312,17577
9,2,110,0,0.5815,12910,22202
9,2,110,-1,0.4529,5325,11757
9,2,110,-2,0.3437,2650,7711
9,2,110,-3,0.2497,1162,4654
9,2,110,-4,0.1768,501,2834
9,2,110,-5,0.1118,205,1834
9,2,110,-6,0.062,85,1370
9,2,110,-7,0.0474,73,1541
9,2,110,-8,0.025,50,2000
9,2,110,-9,0.0166,46,2775
9,2,110,-10,0.0106,30,2832
9,2,110,-11,0.0063,19,3025
9,2,110,-12,0.0035,11,3180
9,2,110,-13,0.0013,4,3182
9,2,110,-14,0.0006,2,3210
9,2,110,-15,0.001,3,3041
9,2,110,-16,0.0007,2,2821
9,2,110,-17,0.0,0,2454
9,2,110,-18,0.0003,1,2979
9,2,111,18,1.0,8205,8205
9,2,111,17,1.0,4327,4327
9,2,111,16,1.0,4376,4376
9,2,111,15,0.9998,4420,4421
9,2,111,14,0.9993,4465,4468
9,2,111,13,0.9993,4460,4463
9,2,111,12,0.9989,4394,4399
9,2,111,11,0.9984,4282,4289
9,2,111,10,0.9956,3823,3840
9,2,111,9,0.9927,2868,2889
9,2,111,8,0.9884,2309,2336
9,2,111,7,0.9819,2388,2432
9,2,111,6,0.9683,2808,2900
9,2,111,5,0.9411,4026,4278
9,2,111,4,0.9117,5851,6418
9,2,111,3,0.865,8912,10303
9,2,111,2,0.7985,12616,15799
9,2,111,1,0.7118,16893,23732
9,2,111,0,0.5916,18572,31391
9,2,111,-1,0.4788,7973,16653
9,2,111,-2,0.3711,3963,10678
9,2,111,-3,0.2759,1812,6567
9,2,111,-4,0.1907,771,4042
9,2,111,-5,0.1405,371,2640
9,2,111,-6,0.0924,184,1992
9,2,111,-7,0.0523,110,2105
9,2,111,-8,0.0375,91,2428
9,2,111,-9,0.0249,86,3450
9,2,111,-10,0.013,52,3996
9,2,111,-11,0.0089,38,4251
9,2,111,-12,0.0036,16,4492
9,2,111,-13,0.0027,12,4497
9,2,111,-14,0.0014,6,4329
9,2,111,-15,0.0009,4,4220
9,2,111,-16,0.0008,3,3881
9,2,111,-17,0.0003,1,3340
9,2,111,-18,0.0,0,4025
8,0,000,18,1.0,66376,66377
8,0,000,17,0.9999,40710,40713
8,0,000,16,0.9997,45016,45028
8,0,000,15,0.9997,48098,48114
8,0,000,14,0.9996,49404,49423
8,0,000,13,0.9993,48578,48612
8,0,000,12,0.9982,47301,47387
8,0,000,11,0.9972,43388,43509
8,0,000,10,0.9947,39863,40076
8,0,000,9,0.9906,34094,34419
8,0,000,8,0.9842,29945,30427
8,0,000,7,0.9729,28625,29421
8,0,000,6,0.9562,33061,34575
8,0,000,5,0.9284,46126,49686
8,0,000,4,0.8855,70885,80053
8,0,000,3,0.8258,108263,131098
8,0,000,2,0.7411,154404,208339
8,0,000,1,0.6327,198574,313853
8,0,000,0,0.4995,293506,587619
8,0,000,-1,0.3665,110102,300429
8,0,000,-2,0.2582,51537,199629
8,0,000,-3,0.175,22338,127651
8,0,000,-4,0.1137,9217,81092
8,0,000,-5,0.0725,3923,54109
8,0,000,-6,0.0422,1709,40530
8,0,000,-7,0.0265,951,35940
8,0,000,-8,0.0155,570,36663
8,0,000,-9,0.0088,351,39970
8,0,000,-10,0.0054,238,43959
8,0,000,-11,0.0029,136,47227
8,0,000,-12,0.0015,73,49201
8,0,000,-13,0.0008,38,50389
8,0,000,-14,0.0005,25,49997
8,0,000,-15,0.0002,11,49065
8,0,000,-16,0.0001,6,46658
8,0,000,-17,0.0,1,43417
8,0,000,-18,0.0,2,81790
8,0,001,18,0.9999,18516,18517
8,0,001,17,0.9998,11300,11302
8,0,001,16,0.9999,12485,12486
8,0,001,15,1.0,13335,13335
8,0,001,14,0.9999,13587,13588
8,0,001,13,0.9993,13532,13542
8,0,001,12,0.998,13157,13184
8,0,001,11,0.9976,11438,11465
8,0,001,10,0.9952,10627,10678
8,0,001,9,0.992,9031,9104
8,0,001,8,0.9849,7850,7970
8,0,001,7,0.9765,7704,7889
8,0,001,6,0.9612,8997,9360
8,0,001,5,0.934,12476,13357
8,0,001,4,0.8957,19156,21386
8,0,001,3,0.8406,29517,35116
8,0,001,2,0.7631,42280,55404
8,0,001,1,0.662,54862,82869
8,0,001,0,0.5389,82062,152265
8,0,001,-1,0.4126,32236,78131
8,0,001,-2,0.3019,15691,51970
8,0,001,-3,0.2098,6987,33299
8,0,001,-4,0.1411,2981,21131
8,0,001,-5,0.0938,1337,14255
8,0,001,-6,0.0582,631,10834
8,0,001,-7,0.0376,358,9527
8,0,001,-8,0.0229,225,9815
8,0,001,-9,0.013,138,10621
8,0,001,-10,0.0077,90,11693
8,0,001,-11,0.0048,62,12904
8,0,001,-12,0.0024,33,13524
8,0,001,-13,0.0014,20,13934
8,0,001,-14,0.001,13,13653
8,0,001,-15,0.0002,3,13481
8,0,001,-16,0.0002,2,12778
8,0,001,-17,0.0,0,11878
8,0,001,-18,0.0,1,21933
8,0,010,18,1.0,6061,6061
8,0,010,17,1.0,3447,3447
8,0,010,16,0.9997,3754,3755
8,0,010,15,1.0,3949,3949
8,0,010,14,0.9995,4051,4053
8,0,010,13,0.999,3936,3940
8,0,010,12,0.9989,3784,3788
8,0,010,11,0.9986,3528,3533
8,0,010,10,0.9954,3257,3272
8,0,010,9,0.9904,2368,2391
8,0,010,8,0.9872,2153,2181
8,0,010,7,0.9827,2162,2200
8,0,010,6,0.9602,2651,2761
8,0,010,5,0.943,3822,4053
8,0,010,4,0.9116,5848,6415
8,0,010,3,0.8554,8915,10422
8,0,010,2,0.787,12609,16021
8,0,010,1,0.6886,16305,23679
8,0,010,0,0.5703,21310,37369
8,0,010,-1,0.4381,8650,19744
8,0,010,-2,0.32,4124,12886
8,0,010,-3,0.2328,1956,8403
8,0,010,-4,0.1558,827,5308
8,0,010,-5,0.1028,364,3542
8,0,010,-6,0.0676,191,2826
8,0,010,-7,0.0447,115,2570
8,0,010,-8,0.0254,69,2712
8,0,010,-9,0.0136,47,3446
8,0,010,-10,0.0077,28,3618
8,0,010,-11,0.0041,16,3862
8,0,010,-12,0.0036,14,3895
8,0,010,-13,0.0005,2,4228
8,0,010,-14,0.0002,1,4109
8,0,010,-15,0.0005,2,3969
8,0,010,-16,0.0003,1,3825
8,0,010,-17,0.0003,1,3499
8,0,010,-18,0.0,0,5664
8,0,011,18,1.0,6122,6122
8,0,011,17,1.0,3735,3735
8,0,011,16,1.0,4031,4031
8,0,011,15,1.0,4245,4245
8,0,011,14,0.9995,4294,4296
8,0,011,13,0.9986,4323,4329
8,0,011,12,0.9998,4035,4036
8,0,011,11,0.9979,3763,3771
8,0,011,10,0.998,3530,3537
8,0,011,9,0.9915,2448,2469
8,0,011,8,0.984,2153,2188
8,0,011,7,0.9792,2165,2211
8,0,011,6,0.9718,2515,2588
8,0,011,5,0.9457,3621,3829
8,0,011,4,0.908,5605,6173
8,0,011,3,0.8678,8560,9864
8,0,011,2,0.8018,12695,15833
8,0,011,1,0.7095,16439,23171
8,0,011,0,0.5976,23892,39978
8,0,011,-1,0.4802,9936,20692
8,0,011,-2,0.366,4945,13512
8,0,011,-3,0.2602,2286,8784
8,0,011,-4,0.1825,1005,5507
8,0,011,-5,0.1372,507,3694
8,0,011,-6,0.0918,272,2962
8,0,011,-7,0.0525,143,2724
8,0,011,-8,0.0332,90,2708
8,0,011,-9,0.0203,73,3590
8,0,011,-10,0.0126,49,3880
8,0,011,-11,0.0085,35,4098
8,0,011,-12,0.0049,21,4260
8,0,011,-13,0.0018,8,4469
8,0,011,-14,0.0014,6,4357
8,0,011,-15,0.0002,1,4231
8,0,011,-16,0.0002,1,4099
8,0,011,-17,0.0,0,3861
8,0,011,-18,0.0002,1,6224
8,0,100,18,1.0,2204,2204
8,0,100,17,1.0,1337,1337
8,0,100,16,1.0,1372,1372
8,0,100,15,1.0,1442,1442
8,0,100,14,1.0,1456,1456
8,0,100,13,0.9993,1446,1447
8,0,100,12,0.9985,1328,1330
8,0,100,11,0.9975,1209,1212
8,0,100,10,0.9974,1148,1151
8,0,100,9,0.9873,1089,1103
8,0,100,8,0.9894,1029,1040
8,0,100,7,0.9845,698,709
8,0,100,6,0.9689,873,901
8,0,100,5,0.9541,1186,1243
8,0,100,4,0.9215,1797,1950
8,0,100,3,0.8719,2669,3061
8,0,100,2,0.8006,3711,4635
8,0,100,1,0.7176,4725,6584
8,0,100,0,0.6098,5310,8708
8,0,100,-1,0.4753,2209,4648
8,0,100,-2,0.3485,1081,3102
8,0,100,-3,0.2391,486,2033
8,0,100,-4,0.1683,208,1236
8,0,100,-5,0.1011,94,930
8,0,100,-6,0.0527,38,721
8,0,100,-7,0.0477,59,1237
8,0,100,-8,0.0285,35,1228
8,0,100,-9,0.0136,18,1324
8,0,100,-10,0.0116,16,1375
8,0,100,-11,0.0056,8,1430
8,0,100,-12,0.0056,8,1441
8,0,100,-13,0.0035,5,1447
8,0,100,-14,0.0007,1,1398
8,0,100,-15,0.0,0,1415
8,0,100,-16,0.0,0,1367
8,0,100,-17,0.0,0,1263
8,0,100,-18,0.0,0,1720
8,0,101,18,1.0,3156,3156
8,0,101,17,1.0,1805,1805
8,0,101,16,0.9995,1844,1845
8,0,101,15,1.0,1947,1947
8,0,101,14,1.0,1931,1931
8,0,101,13,0.9984,1914,1917
8,0,101,12,0.9973,1853,1858
8,0,101,11,1.0,1743,1743
8,0,101,10,0.9987,1560,1562
8,0,101,9,0.9963,1338,1343
8,0,101,8,0.9923,774,780
8,0,101,7,0.9874,861,872
8,0,101,6,0.9741,1092,1121
8,0,101,5,0.946,1542,1630
8,0,101,4,0.9271,2403,2592
8,0,101,3,0.8722,3562,4084
8,0,101,2,0.8129,5053,6216
8,0,101,1,0.7376,6602,8951
8,0,101,0,0.6258,7209,11520
8,0,101,-1,0.5074,3160,6228
8,0,101,-2,0.3806,1501,3944
8,0,101,-3,0.3046,787,2584
8,0,101,-4,0.1942,319,1643
8,0,101,-5,0.1465,178,1215
8,0,101,-6,0.0861,92,1069
8,0,101,-7,0.0616,98,1590
8,0,101,-8,0.0363,59,1624
8,0,101,-9,0.0175,31,1773
8,0,101,-10,0.011,21,1909
8,0,101,-11,0.0094,18,1917
8,0,101,-12,0.005,10,1983
8,0,101,-13,0.0025,5,1992
8,0,101,-14,0.0005,1,1998
8,0,101,-15,0.0,0,1950
8,0,101,-16,0.0005,1,1912
8,0,101,-17,0.0012,2,1698
8,0,101,-18,0.0,0,2265
8,0,110,18,1.0,2676,2676
8,0,110,17,1.0,1546,1546
8,0,110,16,1.0,1594,1594
8,0,110,15,1.0,1609,1609
8,0,110,14,0.9994,1587,1588
8,0,110,13,1.0,1633,1633
8,0,110,12,0.9994,1564,1565
8,0,110,11,0.9986,1421,1423
8,0,110,10,0.9953,1275,1281
8,0,110,9,0.9929,1126,1134
8,0,110,8,0.997,661,663
8,0,110,7,0.9884,683,691
8,0,110,6,0.9735,919,944
8,0,110,5,0.9609,1303,1356
8,0,110,4,0.938,2073,2210
8,0,110,3,0.8883,3015,3394
8,0,110,2,0.8441,4403,5216
8,0,110,1,0.7577,5609,7403
8,0,110,0,0.6647,6360,9568
8,0,110,-1,0.5458,2763,5062
8,0,110,-2,0.4241,1455,3431
8,0,110,-3,0.309,656,2123
8,0,110,-4,0.2247,338,1504
8,0,110,-5,0.1318,136,1032
8,0,110,-6,0.1191,108,907
8,0,110,-7,0.0607,83,1368
8,0,110,-8,0.0439,61,1389
8,0,110,-9,0.025,37,1480
8,0,110,-10,0.0175,27,1544
8,0,110,-11,0.0091,15,1653
8,0,110,-12,0.0065,11,1683
8,0,110,-13,0.0018,3,1660
8,0,110,-14,0.0031,5,1598
8,0,110,-15,0.0006,1,1655
8,0,110,-16,0.0006,1,1551
8,0,110,-17,0.0,0,1346
8,0,110,-18,0.0,0,1890
8,0,111,18,1.0,4006,4006
8,0,111,17,1.0,2220,2220
8,0,111,16,1.0,2331,2331
8,0,111,15,1.0,2395,2395
8,0,111,14,1.0,2363,2363
8,0,111,13,0.9974,2315,2321
8,0,111,12,1.0,2200,2200
8,0,111,11,0.9981,2132,2136
8,0,111,10,0.9953,1926,1935
8,0,111,9,0.994,1499,1508
8,0,111,8,0.9917,834,841
8,0,111,7,0.9874,941,953
8,0,111,6,0.9769,1224,1253
8,0,111,5,0.9622,1805,1876
8,0,111,4,0.9431,2851,3023
8,0,111,3,0.9026,4122,4567
8,0,111,2,0.8496,5992,7053
8,0,111,1,0.7736,7617,9846
8,0,111,0,0.6876,8819,12826
8,0,111,-1,0.5689,3968,6975
8,0,111,-2,0.4516,2032,4500
8,0,111,-3,0.3361,948,2821
8,0,111,-4,0.2406,442,1837
8,0,111,-5,0.2025,277,1368
8,0,111,-6,0.1494,185,1238
8,0,111,-7,0.0853,117,1372
8,0,111,-8,0.0539,102,1891
8,0,111,-9,0.0334,73,2184
8,0,111,-10,0.0216,50,2319
8,0,111,-11,0.0175,41,2339
8,0,111,-12,0.0074,18,2432
8,0,111,-13,0.0033,8,2426
8,0,111,-14,0.0017,4,2414
8,0,111,-15,0.0009,2,2336
8,0,111,-16,0.0013,3,2239
8,0,111,-17,0.0005,1,2051
8,0,111,-18,0.0,0,2501
8,1,000,18,1.0,53371,53372
8,1,000,17,1.0,29487,29488
8,1,000,16,0.9997,32212,32223
8,1,000,15,0.9996,34116,34131
8,1,000,14,0.9995,34857,34873
8,1,000,13,0.9993,33315,33339
8,1,000,12,0.9982,32231,32290
8,1,000,11,0.9968,29831,29926
8,1,000,10,0.994,27184,27347
8,1,000,9,0.9897,23750,23997
8,1,000,8,0.9826,21513,21893
8,1,000,7,0.9697,21538,22210
8,1,000,6,0.9532,25820,27089
8,1,000,5,0.9231,36916,39990
8,1,000,4,0.8764,55499,63324
8,1,000,3,0.8119,81151,99948
8,1,000,2,0.7222,110819,153446
8,1,000,1,0.6066,134195,221213
8,1,000,0,0.4662,179127,384187
8,1,000,-1,0.3302,65396,198044
8,1,000,-2,0.2252,29641,131624
8,1,000,-3,0.1477,12427,84127
8,1,000,-4,0.0944,5108,54092
8,1,000,-5,0.0567,2074,36561
8,1,000,-6,0.0324,912,28186
8,1,000,-7,0.0189,480,25449
8,1,000,-8,0.0106,278,26153
8,1,000,-9,0.0067,191,28504
8,1,000,-10,0.0039,121,31275
8,1,000,-11,0.0019,65,33389
8,1,000,-12,0.0008,29,35155
8,1,000,-13,0.0004,14,35310
8,1,000,-14,0.0004,14,35224
8,1,000,-15,0.0002,7,34273
8,1,000,-16,0.0001,3,32218
8,1,000,-17,0.0,0,29453
8,1,000,-18,0.0,1,53745
8,1,001,18,0.9999,25322,25324
8,1,001,17,0.9999,14133,14135
8,1,001,16,0.9996,15533,15539
8,1,001,15,0.9997,16405,16410
8,1,001,14,0.9996,16513,16520
8,1,001,13,0.9994,16130,16140
8,1,001,12,0.9982,15718,15747
8,1,001,11,0.9974,13888,13924
8,1,001,10,0.9944,12550,12621
8,1,001,9,0.9906,10751,10853
8,1,001,8,0.9837,9651,9811
8,1,001,7,0.973,9802,10074
8,1,001,6,0.9555,11869,12422
8,1,001,5,0.9281,16762,18061
8,1,001,4,0.8837,25145,28454
8,1,001,3,0.8248,37147,45038
8,1,001,2,0.7361,51322,69719
8,1,001,1,0.6275,63245,100789
8,1,001,0,0.4979,86050,172818
8,1,001,-1,0.364,32631,89653
8,1,001,-2,0.2589,15481,59792
8,1,001,-3,0.1726,6500,37660
8,1,001,-4,0.1133,2733,24123
8,1,001,-5,0.072,1194,16588
8,1,001,-6,0.0417,539,12938
8,1,001,-7,0.0262,306,11665
8,1,001,-8,0.0152,184,12133
8,1,001,-9,0.0083,108,12963
8,1,001,-10,0.0044,63,14374
8,1,001,-11,0.003,49,16177
8,1,001,-12,0.0015,26,16816
8,1,001,-13,0.001,17,17006
8,1,001,-14,0.0008,13,16684
8,1,001,-15,0.0001,2,16503
8,1,001,-16,0.0001,2,15570
8,1,001,-17,0.0,0,14062
8,1,001,-18,0.0,1,24709
8,1,010,18,1.0,10851,10851
8,1,010,17,0.9998,5534,5535
8,1,010,16,0.9998,5877,5878
8,1,010,15,0.9998,6155,6156
8,1,010,14,0.9997,6211,6213
8,1,010,13,0.9997,5986,5988
8,1,010,12,0.9984,5752,5761
8,1,010,11,0.9977,5274,5286
8,1,010,10,0.9942,4298,4323
8,1,010,9,0.9901,3506,3541
8,1,010,8,0.9868,3362,3407
8,1,010,7,0.9776,3536,3617
8,1,010,6,0.9536,4297,4506
8,1,010,5,0.9315,6635,7123
8,1,010,4,0.8966,9853,10989
8,1,010,3,0.8332,14506,17411
8,1,010,2,0.7557,19134,25319
8,1,010,1,0.648,22893,35329
8,1,010,0,0.5217,26621,51027
8,1,010,-1,0.3835,10291,26831
8,1,010,-2,0.2696,4765,17677
8,1,010,-3,0.1873,2150,11479
8,1,010,-4,0.114,853,7483
8,1,010,-5,0.0756,390,5156
8,1,010,-6,0.0417,177,4243
8,1,010,-7,0.0295,117,3967
8,1,010,-8,0.0174,75,4303
8,1,010,-9,0.0105,53,5035
8,1,010,-10,0.005,29,5842
8,1,010,-11,0.0037,23,6177
8,1,010,-12,0.0011,7,6235
8,1,010,-13,0.0009,6,6358
8,1,010,-14,0.0005,3,6311
8,1,010,-15,0.0003,2,6013
8,1,010,-16,0.0003,2,5780
8,1,010,-17,0.0,0,5069
8,1,010,-18,0.0,0,7870
8,1,011,18,0.9999,11841,11842
8,1,011,17,0.9998,6388,6389
8,1,011,16,0.9999,6942,6943
8,1,011,15,0.9996,7225,7228
8,1,011,14,0.9995,7320,7324
8,1,011,13,0.9992,7128,7134
8,1,011,12,0.9983,6916,6928
8,1,011,11,0.997,6309,6328
8,1,011,10,0.9958,5004,5025
8,1,011,9,0.9898,4088,4130
8,1,011,8,0.9819,3744,3813
8,1,011,7,0.9764,3887,3981
8,1,011,6,0.9594,4752,4953
8,1,011,5,0.9383,7068,7533
8,1,011,4,0.892,10423,11685
8,1,011,3,0.8428,15468,18353
8,1,011,2,0.7647,21247,27786
8,1,011,1,0.6641,26347,39676
8,1,011,0,0.54,33596,62214
8,1,011,-1,0.4174,13612,32611
8,1,011,-2,0.3043,6567,21583
8,1,011,-3,0.2165,2980,13764
8,1,011,-4,0.1488,1325,8904
8,1,011,-5,0.0973,602,6186
8,1,011,-6,0.0577,289,5009
8,1,011,-7,0.0349,160,4579
8,1,011,-8,0.021,101,4807
8,1,011,-9,0.0132,75,5681
8,1,011,-10,0.007,46,6574
8,1,011,-11,0.0044,32,7231
8,1,011,-12,0.0029,21,7293
8,1,011,-13,0.0015,11,7438
8,1,011,-14,0.0004,3,7387
8,1,011,-15,0.0,0,7093
8,1,011,-16,0.0,0,6858
8,1,011,-17,0.0,0,6226
8,1,011,-18,0.0001,1,9770
8,1,100,18,1.0,4575,4575
8,1,100,17,1.0,2421,2421
8,1,100,16,1.0,2557,2557
8,1,100,15,0.9996,2576,2577
8,1,100,14,1.0,2652,2652
8,1,100,13,0.9992,2513,2515
8,1,100,12,0.9983,2350,2354
8,1,100,11,0.9968,2171,2178
8,1,100,10,0.9946,2036,2047
8,1,100,9,0.9887,1311,1326
8,1,100,8,0.9891,1269,1283
8,1,100,7,0.9769,1310,1341
8,1,100,6,0.9643,1812,1879
8,1,100,5,0.9396,2536,2699
8,1,100,4,0.9013,3807,4224
8,1,100,3,0.8511,5548,6519
8,1,100,2,0.7777,7237,9306
8,1,100,1,0.6756,8228,12179
8,1,100,0,0.5522,7721,13982
8,1,100,-1,0.4204,3265,7766
8,1,100,-2,0.291,1488,5114
8,1,100,-3,0.2013,683,3393
8,1,100,-4,0.123,265,2154
8,1,100,-5,0.0731,118,1614
8,1,100,-6,0.0497,72,1448
8,1,100,-7,0.0218,37,1697
8,1,100,-8,0.0149,34,2284
8,1,100,-9,0.0128,31,2421
8,1,100,-10,0.0044,11,2476
8,1,100,-11,0.0043,11,2580
8,1,100,-12,0.0027,7,2601
8,1,100,-13,0.0019,5,2647
8,1,100,-14,0.0008,2,2553
8,1,100,-15,0.0004,1,2550
8,1,100,-16,0.0,0,2339
8,1,100,-17,0.0,0,2079
8,1,100,-18,0.0,0,2797
8,1,101,18,0.9999,7103,7104
8,1,101,17,1.0,3621,3621
8,1,101,16,0.9997,3694,3695
8,1,101,15,1.0,3830,3830
8,1,101,14,0.9997,3778,3779
8,1,101,13,0.9987,3704,3709
8,1,101,12,0.9978,3549,3557
8,1,101,11,0.9979,3299,3306
8,1,101,10,0.9965,2822,2832
8,1,101,9,0.9925,1992,2007
8,1,101,8,0.9898,1750,1768
8,1,101,7,0.981,1859,1895
8,1,101,6,0.9649,2583,2677
8,1,101,5,0.9388,3740,3984
8,1,101,4,0.9076,5567,6134
8,1,101,3,0.8487,8071,9510
8,1,101,2,0.7844,10684,13620
8,1,101,1,0.6924,12752,18418
8,1,101,0,0.5752,12709,22094
8,1,101,-1,0.4439,5397,12157
8,1,101,-2,0.3326,2616,7865
8,1,101,-3,0.2436,1290,5295
8,1,101,-4,0.1595,547,3429
8,1,101,-5,0.0966,236,2444
8,1,101,-6,0.0711,154,2166
8,1,101,-7,0.0457,110,2407
8,1,101,-8,0.0239,63,2637
8,1,101,-9,0.0179,63,3514
8,1,101,-10,0.0085,32,3746
8,1,101,-11,0.0044,17,3884
8,1,101,-12,0.0034,13,3855
8,1,101,-13,0.0016,6,3817
8,1,101,-14,0.0008,3,3891
8,1,101,-15,0.0003,1,3829
8,1,101,-16,0.0003,1,3559
8,1,101,-17,0.0,0,3073
8,1,101,-18,0.0,0,3966
8,1,110,18,1.0,5784,5784
8,1,110,17,0.9997,2944,2945
8,1,110,16,1.0,2985,2985
8,1,110,15,1.0,3185,3185
8,1,110,14,1.0,3100,3100
8,1,110,13,1.0,3009,3009
8,1,110,12,0.9996,2830,2831
8,1,110,11,0.9992,2512,2514
8,1,110,10,0.9974,2266,2272
8,1,110,9,0.9898,1553,1569
8,1,110,8,0.9889,1339,1354
8,1,110,7,0.9811,1509,1538
8,1,110,6,0.9693,2055,2120
8,1,110,5,0.9453,3182,3366
8,1,110,4,0.9166,4745,5177
8,1,110,3,0.8672,6659,7679
8,1,110,2,0.7996,8976,11225
8,1,110,1,0.7114,10387,14601
8,1,110,0,0.6019,10380,17246
8,1,110,-1,0.471,4396,9333
8,1,110,-2,0.3498,2237,6395
8,1,110,-3,0.2379,963,4048
8,1,110,-4,0.1685,463,2747
8,1,110,-5,0.1087,210,1932
8,1,110,-6,0.0725,129,1779
8,1,110,-7,0.0467,94,2013
8,1,110,-8,0.0263,69,2622
8,1,110,-9,0.0159,45,2832
8,1,110,-10,0.0113,33,2910
8,1,110,-11,0.0061,19,3097
8,1,110,-12,0.0013,4,3197
8,1,110,-13,0.0006,2,3082
8,1,110,-14,0.001,3,3030
8,1,110,-15,0.0013,4,2997
8,1,110,-16,0.0004,1,2736
8,1,110,-17,0.0,0,2412
8,1,110,-18,0.0,0,3309
8,1,111,18,0.9998,8537,8539
8,1,111,17,1.0,4203,4203
8,1,111,16,1.0,4439,4439
8,1,111,15,0.9998,4633,4634
8,1,111,14,0.9998,4545,4546
8,1,111,13,0.9991,4456,4460
8,1,111,12,0.9993,4241,4244
8,1,111,11,0.9979,3718,3726
8,1,111,10,0.9967,2681,2690
8,1,111,9,0.9903,2239,2261
8,1,111,8,0.9869,1961,1987
8,1,111,7,0.9835,2272,2310
8,1,111,6,0.9706,2942,3031
8,1,111,5,0.9508,4408,4636
8,1,111,4,0.9127,6541,7167
8,1,111,3,0.8651,9431,10901
8,1,111,2,0.8015,12661,15796
8,1,111,1,0.715,15081,21092
8,1,111,0,0.6106,15242,24962
8,1,111,-1,0.493,6816,13826
8,1,111,-2,0.3828,3458,9033
8,1,111,-3,0.2839,1649,5808
8,1,111,-4,0.2007,784,3906
8,1,111,-5,0.1355,388,2863
8,1,111,-6,0.0919,230,2503
8,1,111,-7,0.0551,144,2615
8,1,111,-8,0.0328,106,3232
8,1,111,-9,0.0236,99,4188
8,1,111,-10,0.0142,61,4306
8,1,111,-11,0.0062,29,4697
8,1,111,-12,0.003,14,4592
8,1,111,-13,0.0017,8,4645
8,1,111,-14,0.0002,1,4571
8,1,111,-15,0.0005,2,4400
8,1,111,-16,0.0,0,4091
8,1,111,-17,0.0003,1,3680
8,1,111,-18,0.0,0,4552
8,2,000,18,1.0,50548,50548
8,2,000,17,1.0,24372,24373
8,2,000,16,0.9998,26179,26185
8,2,000,15,0.9997,27540,27548
8,2,000,14,0.9995,27696,27710
8,2,000,13,0.9991,25797,25819
8,2,000,12,0.9978,24860,24916
8,2,000,11,0.9964,22688,22769
8,2,000,10,0.9936,20733,20867
8,2,000,9,0.9887,18870,19085
8,2,000,8,0.9817,18008,18343
8,2,000,7,0.9675,19415,20067
8,2,000,6,0.9503,24389,25664
8,2,000,5,0.918,34508,37591
8,2,000,4,0.8694,50147,57681
8,2,000,3,0.7988,69692,87242
8,2,000,2,0.7058,88962,126040
8,2,000,1,0.5846,100227,171452
8,2,000,0,0.4379,120709,275673
8,2,000,-1,0.3014,43285,143626
8,2,000,-2,0.1991,18997,95393
8,2,000,-3,0.1278,7890,61720
8,2,000,-4,0.0814,3255,39995
8,2,000,-5,0.045,1255,27913
8,2,000,-6,0.0261,580,22259
8,2,000,-7,0.0149,307,20617
8,2,000,-8,0.0081,173,21400
8,2,000,-9,0.0049,112,23072
8,2,000,-10,0.0029,73,24877
8,2,000,-11,0.001,27,26393
8,2,000,-12,0.0005,15,28359
8,2,000,-13,0.0001,3,28137
8,2,000,-14,0.0001,3,28174
8,2,000,-15,0.0001,3,26774
8,2,000,-16,0.0,1,24588
8,2,000,-17,0.0,0,22258
8,2,000,-18,0.0,0,39428
8,2,001,18,1.0,31499,31499
8,2,001,17,0.9999,15366,15368
8,2,001,16,0.9996,16662,16669
8,2,001,15,0.9999,17300,17301
8,2,001,14,0.9995,17078,17087
8,2,001,13,0.9996,16422,16429
8,2,001,12,0.9981,15399,15428
8,2,001,11,0.9971,13480,13519
8,2,001,10,0.9927,12274,12364
8,2,001,9,0.9902,10950,11058
8,2,001,8,0.9835,10385,10559
8,2,001,7,0.9701,11446,11799
8,2,001,6,0.9536,14561,15270
8,2,001,5,0.9194,20336,22118
8,2,001,4,0.8716,29855,34253
8,2,001,3,0.8044,41640,51763
8,2,001,2,0.7142,53778,75298
8,2,001,1,0.5976,61605,103080
8,2,001,0,0.4591,72598,158142
8,2,001,-1,0.3219,26898,83563
8,2,001,-2,0.2219,12322,55530
8,2,001,-3,0.1419,5030,35454
8,2,001,-4,0.091,2085,22920
8,2,001,-5,0.0536,877,16353
8,2,001,-6,0.0313,411,13140
8,2,001,-7,0.018,225,12491
8,2,001,-8,0.0111,144,12957
8,2,001,-9,0.0052,71,13750
8,2,001,-10,0.0037,57,15235
8,2,001,-11,0.0017,29,16977
8,2,001,-12,0.001,18,17736
8,2,001,-13,0.0005,9,17817
8,2,001,-14,0.0006,11,17494
8,2,001,-15,0.0,0,17006
8,2,001,-16,0.0001,2,15730
8,2,001,-17,0.0,0,13841
8,2,001,-18,0.0,1,22955
8,2,010,18,1.0,18669,18669
8,2,010,17,1.0,8128,8128
8,2,010,16,1.0,8362,8362
8,2,010,15,0.9999,8518,8519
8,2,010,14,0.9995,8505,8509
8,2,010,13,0.9989,8041,8050
8,2,010,12,0.9979,7125,7140
8,2,010,11,0.9974,6404,6421
8,2,010,10,0.9929,5491,5530
8,2,010,9,0.9898,4835,4885
8,2,010,8,0.9818,5003,5096
8,2,010,7,0.9713,5793,5964
8,2,010,6,0.9524,7709,8094
8,2,010,5,0.9232,11343,12287
8,2,010,4,0.8793,15876,18055
8,2,010,3,0.8179,22157,27090
8,2,010,2,0.7212,26869,37254
8,2,010,1,0.609,29014,47644
8,2,010,0,0.4718,27956,59260
8,2,010,-1,0.3317,10671,32168
8,2,010,-2,0.2231,4719,21153
8,2,010,-3,0.1515,2090,13799
8,2,010,-4,0.0928,857,9237
8,2,010,-5,0.059,401,6792
8,2,010,-6,0.0348,206,5915
8,2,010,-7,0.0196,113,5763
8,2,010,-8,0.0106,68,6390
8,2,010,-9,0.0057,40,6973
8,2,010,-10,0.0032,26,8147
8,2,010,-11,0.002,17,8579
8,2,010,-12,0.0003,3,8731
8,2,010,-13,0.0002,2,8862
8,2,010,-14,0.0001,1,8782
8,2,010,-15,0.0004,3,8137
8,2,010,-16,0.0,0,7589
8,2,010,-17,0.0,0,6389
8,2,010,-18,0.0,0,9349
8,2,011,18,1.0,15869,15869
8,2,011,17,1.0,7514,7514
8,2,011,16,0.9995,7931,7935
8,2,011,15,0.9998,8120,8122
8,2,011,14,0.9993,8147,8153
8,2,011,13,0.9992,7839,7845
8,2,011,12,0.998,7513,7528
8,2,011,11,0.9965,5998,6019
8,2,011,10,0.9931,5145,5181
8,2,011,9,0.9904,4563,4607
8,2,011,8,0.9818,4418,4500
8,2,011,7,0.9759,4974,5097
8,2,011,6,0.9576,6459,6745
8,2,011,5,0.923,9046,9801
8,2,011,4,0.8794,13456,15301
8,2,011,3,0.8194,18957,23136
8,2,011,2,0.7351,24038,32702
8,2,011,1,0.6255,27559,44058
8,2,011,0,0.4879,29682,60836
8,2,011,-1,0.358,11601,32405
8,2,011,-2,0.2501,5372,21478
8,2,011,-3,0.167,2307,13814
8,2,011,-4,0.1111,1001,9006
8,2,011,-5,0.0658,429,6519
8,2,011,-6,0.0394,209,5300
8,2,011,-7,0.0233,125,5354
8,2,011,-8,0.0134,76,5666
8,2,011,-9,0.0086,55,6390
8,2,011,-10,0.0055,41,7521
8,2,011,-11,0.002,16,8040
8,2,011,-12,0.0013,11,8420
8,2,011,-13,0.0005,4,8429
8,2,011,-14,0.0006,5,8318
8,2,011,-15,0.0,0,7983
8,2,011,-16,0.0,0,7440
8,2,011,-17,0.0,0,6533
8,2,011,-18,0.0001,1,9530
8,2,100,18,1.0,8512,8512
8,2,100,17,1.0,3863,3863
8,2,100,16,0.9998,4022,4023
8,2,100,15,1.0,4196,4196
8,2,100,14,0.9998,4106,4107
8,2,100,13,0.9997,3821,3822
8,2,100,12,0.9976,3748,3757
8,2,100,11,0.9971,3408,3418
8,2,100,10,0.9919,2570,2591
8,2,100,9,0.9875,1893,1917
8,2,100,8,0.9836,2038,2072
8,2,100,7,0.9738,2300,2362
8,2,100,6,0.9598,3202,3336
8,2,100,5,0.9242,4550,4923
8,2,100,4,0.8812,6712,7617
8,2,100,3,0.818,9108,11134
8,2,100,2,0.7324,11464,15652
8,2,100,1,0.6242,12139,19447
8,2,100,0,0.4833,10437,21594
8,2,100,-1,0.3465,4143,11956
8,2,100,-2,0.2247,1777,7908
8,2,100,-3,0.1523,772,5069
8,2,100,-4,0.0945,318,3365
8,2,100,-5,0.0578,152,2629
8,2,100,-6,0.032,76,2376
8,2,100,-7,0.0193,52,2688
8,2,100,-8,0.0106,37,3477
8,2,100,-9,0.0051,19,3729
8,2,100,-10,0.0045,18,4025
8,2,100,-11,0.0014,6,4221
8,2,100,-12,0.0005,2,4167
8,2,100,-13,0.0005,2,4180
8,2,100,-14,0.0,0,4233
8,2,100,-15,0.0003,1,3849
8,2,100,-16,0.0003,1,3732
8,2,100,-17,0.0,0,3175
8,2,100,-18,0.0,0,4047
8,2,101,18,0.9999,15613,15614
8,2,101,17,1.0,6671,6671
8,2,101,16,0.9997,6998,7000
8,2,101,15,0.9999,7011,7012
8,2,101,14,0.9999,6895,6896
8,2,101,13,0.9989,6580,6587
8,2,101,12,0.9982,6017,6028
8,2,101,11,0.9969,4883,4898
8,2,101,10,0.9931,4176,4205
8,2,101,9,0.9905,3554,3588
8,2,101,8,0.9831,3730,3794
8,2,101,7,0.974,4389,4506
8,2,101,6,0.9534,6097,6395
8,2,101,5,0.9254,8918,9637
8,2,101,4,0.8863,12594,14209
8,2,101,3,0.825,17169,20811
8,2,101,2,0.7391,20988,28398
8,2,101,1,0.6392,22598,35354
8,2,101,0,0.5025,19550,38906
8,2,101,-1,0.3656,7983,21838
8,2,101,-2,0.2598,3694,14216
8,2,101,-3,0.1775,1670,9410
8,2,101,-4,0.1106,697,6301
8,2,101,-5,0.0643,306,4759
8,2,101,-6,0.0393,168,4271
8,2,101,-7,0.027,122,4523
8,2,101,-8,0.0173,88,5085
8,2,101,-9,0.0092,59,6409
8,2,101,-10,0.0054,37,6840
8,2,101,-11,0.0026,18,7046
8,2,101,-12,0.001,7,7152
8,2,101,-13,0.0004,3,7216
8,2,101,-14,0.0,0,6988
8,2,101,-15,0.0002,1,6614
8,2,101,-16,0.0003,2,6294
8,2,101,-17,0.0,0,5233
8,2,101,-18,0.0,0,6640
8,2,110,18,0.9999,7545,7546
8,2,110,17,0.9994,3552,3554
8,2,110,16,0.9997,3637,3638
8,2,110,15,0.9997,3772,3773
8,2,110,14,0.9994,3617,3619
8,2,110,13,0.9983,3545,3551
8,2,110,12,0.9985,3240,3245
8,2,110,11,0.9972,2856,2864
8,2,110,10,0.9926,2137,2153
8,2,110,9,0.9888,1674,1693
8,2,110,8,0.987,1593,1614
8,2,110,7,0.973,1985,2040
8,2,110,6,0.9583,2687,2804
8,2,110,5,0.9228,3980,4313
8,2,110,4,0.8875,5885,6631
8,2,110,3,0.8326,7958,9558
8,2,110,2,0.7479,9920,13263
8,2,110,1,0.6393,10661,16675
8,2,110,0,0.5131,9283,18092
8,2,110,-1,0.3712,3694,9951
8,2,110,-2,0.2684,1796,6691
8,2,110,-3,0.1736,747,4303
8,2,110,-4,0.1197,350,2923
8,2,110,-5,0.0734,162,2208
8,2,110,-6,0.0418,84,2011
8,2,110,-7,0.0315,69,2190
8,2,110,-8,0.0136,44,3234
8,2,110,-9,0.0063,21,3330
8,2,110,-10,0.0037,13,3502
8,2,110,-11,0.0027,10,3704
8,2,110,-12,0.0011,4,3692
8,2,110,-13,0.0,0,3776
8,2,110,-14,0.0008,3,3607
8,2,110,-15,0.0003,1,3487
8,2,110,-16,0.0,0,3214
8,2,110,-17,0.0,0,2810
8,2,110,-18,0.0,0,3496
8,2,111,18,0.9997,10233,10236
8,2,111,17,1.0,4841,4841
8,2,111,16,0.9996,5000,5002
8,2,111,15,0.9998,5064,5065
8,2,111,14,1.0,5065,5065
8,2,111,13,0.9988,4836,4842
8,2,111,12,0.9987,4512,4518
8,2,111,11,0.9973,3719,3729
8,2,111,10,0.9944,2678,2693
8,2,111,9,0.9904,2276,2298
8,2,111,8,0.9834,2311,2350
8,2,111,7,0.9753,2807,2878
8,2,111,6,0.9656,3737,3870
8,2,111,5,0.9318,5393,5788
8,2,111,4,0.8851,7857,8877
8,2,111,3,0.8326,10955,13157
8,2,111,2,0.7571,13612,17978
8,2,111,1,0.6565,15155,23083
8,2,111,0,0.5293,13353,25230
8,2,111,-1,0.4026,5636,13999
8,2,111,-2,0.2995,2802,9356
8,2,111,-3,0.2077,1282,6172
8,2,111,-4,0.1393,572,4105
8,2,111,-5,0.0924,277,2998
8,2,111,-6,0.0584,159,2723
8,2,111,-7,0.0355,103,2899
8,2,111,-8,0.0169,57,3367
8,2,111,-9,0.0137,62,4530
8,2,111,-10,0.0067,32,4802
8,2,111,-11,0.0035,18,5123
8,2,111,-12,0.0006,3,5176
8,2,111,-13,0.001,5,5104
8,2,111,-14,0.0006,3,4942
8,2,111,-15,0.0002,1,4844
8,2,111,-16,0.0002,1,4488
8,2,111,-17,0.0,0,3976
8,2,111,-18,0.0,0,4666
7,0,000,18,1.0,80064,80065
7,0,000,17,1.0,48629,48629
7,0,000,16,1.0,54680,54681
7,0,000,15,0.9999,58625,58629
7,0,000,14,0.9998,61064,61078
7,0,000,13,0.9997,61824,61841
7,0,000,12,0.9995,60923,60956
7,0,000,11,0.9989,58392,58455
7,0,000,10,0.9979,54443,54556
7,0,000,9,0.996,49350,49547
7,0,000,8,0.9934,44749,45045
7,0,000,7,0.9873,41211,41743
7,0,000,6,0.9777,43222,44207
7,0,000,5,0.96,52192,54366
7,0,000,4,0.93,71330,76701
7,0,000,3,0.8857,103286,116617
7,0,000,2,0.8185,146450,178933
7,0,000,1,0.7207,192067,266516
7,0,000,0,0.5826,276349,474376
7,0,000,-1,0.4333,142251,328296
7,0,000,-2,0.3093,76156,246206
7,0,000,-3,0.2106,36286,172268
7,0,000,-4,0.1381,15744,114009
7,0,000,-5,0.0889,6682,75197
7,0,000,-6,0.0526,2703,51362
7,0,000,-7,0.0332,1305,39269
7,0,000,-8,0.0195,696,35652
7,0,000,-9,0.0117,430,36732
7,0,000,-10,0.0073,306,41713
7,0,000,-11,0.0036,172,47777
7,0,000,-12,0.0021,113,53738
7,0,000,-13,0.001,59,57105
7,0,000,-14,0.0005,32,59933
7,0,000,-15,0.0003,20,59824
7,0,000,-16,0.0002,14,57666
7,0,000,-17,0.0001,4,53874
7,0,000,-18,0.0001,6,111492
7,0,001,18,1.0,22241,22241
7,0,001,17,1.0,13458,13458
7,0,001,16,1.0,14975,14975
7,0,001,15,0.9999,16007,16008
7,0,001,14,0.9998,16456,16459
7,0,001,13,0.9996,16735,16742
7,0,001,12,0.9992,16602,16615
7,0,001,11,0.9989,15930,15947
7,0,001,10,0.9974,14338,14375
7,0,001,9,0.9963,12926,12974
7,0,001,8,0.9937,11751,11825
7,0,001,7,0.9883,10774,10902
7,0,001,6,0.9804,11426,11654
7,0,001,5,0.9622,13966,14515
7,0,001,4,0.9342,19259,20615
7,0,001,3,0.8974,27780,30955
7,0,001,2,0.8371,39963,47742
7,0,001,1,0.7455,52710,70703
7,0,001,0,0.6188,76697,123939
7,0,001,-1,0.4794,40995,85507
7,0,001,-2,0.3612,23221,64289
7,0,001,-3,0.2551,11469,44955
7,0,001,-4,0.1724,5064,29379
7,0,001,-5,0.1166,2288,19620
7,0,001,-6,0.0703,942,13409
7,0,001,-7,0.0461,480,10408
7,0,001,-8,0.0288,274,9502
7,0,001,-9,0.0161,158,9800
7,0,001,-10,0.011,122,11063
7,0,001,-11,0.0054,70,12847
7,0,001,-12,0.0036,51,14277
7,0,001,-13,0.0019,30,15604
7,0,001,-14,0.0007,11,16484
7,0,001,-15,0.0005,8,16349
7,0,001,-16,0.0003,5,15818
7,0,001,-17,0.0002,3,14879
7,0,001,-18,0.0001,3,29728
7,0,010,18,1.0,7141,7141
7,0,010,17,1.0,4199,4199
7,0,010,16,1.0,4426,4426
7,0,010,15,1.0,4585,4585
7,0,010,14,1.0,4935,4935
7,0,010,13,0.9998,4832,4833
7,0,010,12,0.9998,4773,4774
7,0,010,11,0.9989,4575,4580
7,0,010,10,0.9986,4293,4299
7,0,010,9,0.9969,3502,3513
7,0,010,8,0.9925,3171,3195
7,0,010,7,0.9912,2915,2941
7,0,010,6,0.982,3271,3331
7,0,010,5,0.9628,4007,4162
7,0,010,4,0.9422,5620,5965
7,0,010,3,0.9098,8301,9124
7,0,010,2,0.8507,11705,13760
7,0,010,1,0.7699,15260,19822
7,0,010,0,0.6482,20340,31379
7,0,010,-1,0.5131,11062,21559
7,0,010,-2,0.3825,6171,16132
7,0,010,-3,0.2682,3012,11229
7,0,010,-4,0.1849,1386,7496
7,0,010,-5,0.1158,588,5077
7,0,010,-6,0.078,270,3463
7,0,010,-7,0.0503,142,2822
7,0,010,-8,0.025,66,2639
7,0,010,-9,0.016,43,2686
7,0,010,-10,0.0145,45,3097
7,0,010,-11,0.007,27,3880
7,0,010,-12,0.0027,12,4420
7,0,010,-13,0.0015,7,4529
7,0,010,-14,0.0013,6,4794
7,0,010,-15,0.0004,2,4725
7,0,010,-16,0.0002,1,4527
7,0,010,-17,0.0,0,4111
7,0,010,-18,0.0,0,7539
7,0,011,18,1.0,7377,7377
7,0,011,17,1.0,4373,4373
7,0,011,16,1.0,4611,4611
7,0,011,15,0.9998,4858,4859
7,0,011,14,0.9996,5224,5226
7,0,011,13,0.9994,5209,5212
7,0,011,12,0.9992,5116,5120
7,0,011,11,0.9986,4880,4887
7,0,011,10,0.998,4486,4495
7,0,011,9,0.997,4051,4063
7,0,011,8,0.9927,3274,3298
7,0,011,7,0.9904,3002,3031
7,0,011,6,0.9852,3252,3301
7,0,011,5,0.9694,4053,4181
7,0,011,4,0.9411,5547,5894
7,0,011,3,0.9175,8108,8837
7,0,011,2,0.8688,11676,13439
7,0,011,1,0.7903,15617,19760
7,0,011,0,0.6781,22079,32558
7,0,011,-1,0.5535,12434,22466
7,0,011,-2,0.4334,7363,16988
7,0,011,-3,0.3226,3799,11777
7,0,011,-4,0.2261,1758,7774
7,0,011,-5,0.1526,804,5268
7,0,011,-6,0.1029,365,3547
7,0,011,-7,0.0675,194,2872
7,0,011,-8,0.0393,105,2669
7,0,011,-9,0.0268,74,2757
7,0,011,-10,0.0174,56,3226
7,0,011,-11,0.007,29,4138
7,0,011,-12,0.0057,26,4577
7,0,011,-13,0.0033,16,4801
7,0,011,-14,0.0012,6,5111
7,0,011,-15,0.0004,2,4994
7,0,011,-16,0.0004,2,4834
7,0,011,-17,0.0,0,4529
7,0,011,-18,0.0001,1,8220
7,0,100,18,1.0,2595,2595
7,0,100,17,1.0,1476,1476
7,0,100,16,1.0,1529,1529
7,0,100,15,1.0,1654,1654
7,0,100,14,0.9994,1611,1612
7,0,100,13,1.0,1644,1644
7,0,100,12,0.9994,1636,1637
7,0,100,11,0.9993,1537,1538
7,0,100,10,1.0,1403,1403
7,0,100,9,0.9978,1369,1372
7,0,100,8,0.9944,1243,1250
7,0,100,7,0.9926,800,806
7,0,100,6,0.9823,941,958
7,0,100,5,0.9808,1176,1199
7,0,100,4,0.9554,1780,1863
7,0,100,3,0.9161,2491,2719
7,0,100,2,0.8632,3526,4085
7,0,100,1,0.7938,4326,5450
7,0,100,0,0.6801,5034,7402
7,0,100,-1,0.5574,2883,5172
7,0,100,-2,0.3985,1541,3867
7,0,100,-3,0.2998,777,2592
7,0,100,-4,0.1955,357,1826
7,0,100,-5,0.1434,164,1144
7,0,100,-6,0.0962,79,821
7,0,100,-7,0.0526,37,704
7,0,100,-8,0.0351,42,1197
7,0,100,-9,0.0195,24,1232
7,0,100,-10,0.0112,15,1343
7,0,100,-11,0.0035,5,1448
7,0,100,-12,0.0034,5,1476
7,0,100,-13,0.0025,4,1627
7,0,100,-14,0.0012,2,1609
7,0,100,-15,0.0,0,1553
7,0,100,-16,0.0,0,1509
7,0,100,-17,0.0,0,1422
7,0,100,-18,0.0,0,2185
7,0,101,18,1.0,3486,3486
7,0,101,17,1.0,2013,2013
7,0,101,16,1.0,2134,2134
7,0,101,15,1.0,2169,2169
7,0,101,14,1.0,2141,2141
7,0,101,13,1.0,2175,2175
7,0,101,12,1.0,2223,2223
7,0,101,11,0.9991,2145,2147
7,0,101,10,0.9995,2030,2031
7,0,101,9,0.9959,1707,1714
7,0,101,8,0.9974,1139,1142
7,0,101,7,0.9907,1066,1076
7,0,101,6,0.9848,1230,1249
7,0,101,5,0.9716,1576,1622
7,0,101,4,0.9555,2274,2380
7,0,101,3,0.9229,3351,3631
7,0,101,2,0.8831,4458,5048
7,0,101,1,0.8118,6061,7466
7,0,101,0,0.7019,6902,9833
7,0,101,-1,0.5881,4027,6848
7,0,101,-2,0.4653,2366,5085
7,0,101,-3,0.3418,1190,3482
7,0,101,-4,0.2364,539,2280
7,0,101,-5,0.1524,239,1568
7,0,101,-6,0.0988,114,1154
7,0,101,-7,0.0641,64,999
7,0,101,-8,0.0417,45,1080
7,0,101,-9,0.0229,37,1617
7,0,101,-10,0.0277,48,1732
7,0,101,-11,0.011,22,1998
7,0,101,-12,0.0024,5,2112
7,0,101,-13,0.0018,4,2213
7,0,101,-14,0.0027,6,2219
7,0,101,-15,0.0009,2,2151
7,0,101,-16,0.0,0,2045
7,0,101,-17,0.0,0,1920
7,0,101,-18,0.0,0,2803
7,0,110,18,1.0,3013,3013
7,0,110,17,1.0,1747,1747
7,0,110,16,1.0,1759,1759
7,0,110,15,1.0,1852,1852
7,0,110,14,1.0,1807,1807
7,0,110,13,1.0,1843,1843
7,0,110,12,0.9995,1924,1925
7,0,110,11,0.9994,1768,1769
7,0,110,10,0.9988,1621,1623
7,0,110,9,0.9967,1520,1525
7,0,110,8,0.9978,1373,1376
7,0,110,7,0.9925,928,935
7,0,110,6,0.9823,1056,1075
7,0,110,5,0.98,1326,1353
7,0,110,4,0.9597,1903,1983
7,0,110,3,0.9379,2780,2964
7,0,110,2,0.8901,4097,4603
7,0,110,1,0.8316,5268,6335
7,0,110,0,0.739,6180,8363
7,0,110,-1,0.6211,3636,5854
7,0,110,-2,0.4992,2131,4269
7,0,110,-3,0.3662,1067,2914
7,0,110,-4,0.2627,505,1922
7,0,110,-5,0.1863,236,1267
7,0,110,-6,0.1261,124,983
7,0,110,-7,0.0811,70,863
7,0,110,-8,0.0422,36,853
7,0,110,-9,0.0289,40,1386
7,0,110,-10,0.0162,25,1547
7,0,110,-11,0.0119,20,1678
7,0,110,-12,0.0062,11,1783
7,0,110,-13,0.0016,3,1830
7,0,110,-14,0.0011,2,1830
7,0,110,-15,0.0011,2,1759
7,0,110,-16,0.0,0,1692
7,0,110,-17,0.0,0,1543
7,0,110,-18,0.0004,1,2387
7,0,111,18,1.0,4312,4312
7,0,111,17,1.0,2461,2461
7,0,111,16,1.0,2468,2468
7,0,111,15,0.9996,2557,2558
7,0,111,14,1.0,2651,2651
7,0,111,13,0.9996,2664,2665
7,0,111,12,1.0,2674,2674
7,0,111,11,1.0,2504,2504
7,0,111,10,0.9991,2343,2345
7,0,111,9,0.999,1982,1984
7,0,111,8,0.9954,1293,1299
7,0,111,7,0.993,1273,1282
7,0,111,6,0.9896,1424,1439
7,0,111,5,0.9795,1867,1906
7,0,111,4,0.9614,2639,2745
7,0,111,3,0.9431,3743,3969
7,0,111,2,0.9024,5509,6105
7,0,111,1,0.8465,7212,8520
7,0,111,0,0.758,8361,11031
7,0,111,-1,0.6586,5039,7651
7,0,111,-2,0.5416,3157,5829
7,0,111,-3,0.4138,1645,3975
7,0,111,-4,0.301,792,2631
7,0,111,-5,0.2098,380,1811
7,0,111,-6,0.1494,192,1285
7,0,111,-7,0.1009,112,1110
7,0,111,-8,0.0658,81,1231
7,0,111,-9,0.0384,73,1902
7,0,111,-10,0.0246,54,2195
7,0,111,-11,0.0164,40,2436
7,0,111,-12,0.0069,17,2480
7,0,111,-13,0.0061,16,2626
7,0,111,-14,0.0037,10,2701
7,0,111,-15,0.0004,1,2679
7,0,111,-16,0.0008,2,2593
7,0,111,-17,0.0,0,2381
7,0,111,-18,0.0,0,3206
7,1,000,18,1.0,63751,63752
7,1,000,17,1.0,34909,34909
7,1,000,16,1.0,39128,39129
7,1,000,15,0.9999,41685,41689
7,1,000,14,0.9997,43129,43142
7,1,000,13,0.9997,43418,43430
7,1,000,12,0.9995,41750,41772
7,1,000,11,0.999,39995,40036
7,1,000,10,0.998,37138,37212
7,1,000,9,0.9955,33998,34152
7,1,000,8,0.9932,31205,31418
7,1,000,7,0.9854,29920,30364
7,1,000,6,0.9756,32477,33290
7,1,000,5,0.9576,40241,42021
7,1,000,4,0.9247,54720,59179
7,1,000,3,0.8747,77787,88932
7,1,000,2,0.8029,105715,131671
7,1,000,1,0.6985,132430,189587
7,1,000,0,0.5504,172549,313469
7,1,000,-1,0.395,86146,218094
7,1,000,-2,0.2719,44254,162756
7,1,000,-3,0.1796,20402,113616
7,1,000,-4,0.1138,8604,75583
7,1,000,-5,0.0709,3550,50045
7,1,000,-6,0.0409,1430,34945
7,1,000,-7,0.0247,676,27391
7,1,000,-8,0.0142,358,25253
7,1,000,-9,0.0086,227,26315
7,1,000,-10,0.0044,132,29733
7,1,000,-11,0.0023,79,33954
7,1,000,-12,0.0013,49,37747
7,1,000,-13,0.0006,24,39880
7,1,000,-14,0.0004,15,41342
7,1,000,-15,0.0002,7,41559
7,1,000,-16,0.0002,6,39417
7,1,000,-17,0.0,1,36318
7,1,000,-18,0.0,3,73499
7,1,001,18,1.0,29931,29932
7,1,001,17,1.0,16740,16740
7,1,001,16,1.0,18609,18609
7,1,001,15,0.9999,19657,19659
7,1,001,14,0.9999,20143,20145
7,1,001,13,0.9996,20550,20559
7,1,001,12,0.9993,19896,19909
7,1,001,11,0.9991,18637,18653
7,1,001,10,0.9976,16787,16827
7,1,001,9,0.9965,15281,15334
7,1,001,8,0.9936,14081,14172
7,1,001,7,0.9884,13414,13571
7,1,001,6,0.9779,14494,14821
7,1,001,5,0.9579,18012,18804
7,1,001,4,0.9288,24834,26737
7,1,001,3,0.8807,35199,39966
7,1,001,2,0.8166,48851,59825
7,1,001,1,0.7165,61814,86274
7,1,001,0,0.5794,82221,141909
7,1,001,-1,0.4321,42736,98901
7,1,001,-2,0.3086,22780,73818
7,1,001,-3,0.2098,10797,51467
7,1,001,-4,0.1363,4639,34032
7,1,001,-5,0.089,1987,22329
7,1,001,-6,0.0504,792,15713
7,1,001,-7,0.0332,411,12395
7,1,001,-8,0.0191,221,11594
7,1,001,-9,0.0122,150,12268
7,1,001,-10,0.0067,91,13594
7,1,001,-11,0.0036,57,15693
7,1,001,-12,0.0021,36,17394
7,1,001,-13,0.001,19,19173
7,1,001,-14,0.0005,10,19798
7,1,001,-15,0.0003,6,19757
7,1,001,-16,0.0004,7,18977
7,1,001,-17,0.0002,4,17605
7,1,001,-18,0.0001,2,33542
7,1,010,18,1.0,12752,12752
7,1,010,17,1.0,6408,6408
7,1,010,16,1.0,6966,6966
7,1,010,15,0.9999,7308,7309
7,1,010,14,1.0,7567,7567
7,1,010,13,0.9995,7278,7282
7,1,010,12,0.9997,7183,7185
7,1,010,11,0.999,6762,6769
7,1,010,10,0.9988,5844,5851
7,1,010,9,0.9962,4976,4995
7,1,010,8,0.9941,4686,4714
7,1,010,7,0.9879,4638,4695
7,1,010,6,0.9804,5408,5516
7,1,010,5,0.9607,6751,7027
7,1,010,4,0.9312,9554,10260
7,1,010,3,0.8938,13733,15364
7,1,010,2,0.827,18242,22059
7,1,010,1,0.7353,22371,30425
7,1,010,0,0.5971,25964,43487
7,1,010,-1,0.4536,13597,29973
7,1,010,-2,0.331,7385,22314
7,1,010,-3,0.2255,3527,15643
7,1,010,-4,0.1484,1537,10357
7,1,010,-5,0.0926,658,7103
7,1,010,-6,0.0586,295,5035
7,1,010,-7,0.0369,154,4168
7,1,010,-8,0.0172,70,4060
7,1,010,-9,0.0111,48,4320
7,1,010,-10,0.0078,38,4858
7,1,010,-11,0.0031,19,6171
7,1,010,-12,0.0025,17,6727
7,1,010,-13,0.0013,9,7034
7,1,010,-14,0.0001,1,7224
7,1,010,-15,0.0001,1,7102
7,1,010,-16,0.0003,2,6679
7,1,010,-17,0.0,0,5979
7,1,010,-18,0.0,0,10664
7,1,011,18,0.9999,13736,13737
7,1,011,17,1.0,7452,7452
7,1,011,16,1.0,7973,7973
7,1,011,15,1.0,8590,8590
7,1,011,14,1.0,8713,8713
7,1,011,13,0.9997,8809,8812
7,1,011,12,0.9994,8496,8501
7,1,011,11,0.9993,7995,8001
7,1,011,10,0.9974,6800,6818
7,1,011,9,0.9977,6143,6157
7,1,011,8,0.9941,5544,5577
7,1,011,7,0.9906,5260,5310
7,1,011,6,0.9785,5858,5987
7,1,011,5,0.9625,7325,7610
7,1,011,4,0.9378,10109,10780
7,1,011,3,0.8945,14687,16420
7,1,011,2,0.8384,20170,24057
7,1,011,1,0.7491,25314,33794
7,1,011,0,0.6193,32276,52119
7,1,011,-1,0.4832,17579,36383
7,1,011,-2,0.3616,9653,26698
7,1,011,-3,0.2577,4790,18585
7,1,011,-4,0.1766,2202,12470
7,1,011,-5,0.1176,982,8352
7,1,011,-6,0.0672,390,5801
7,1,011,-7,0.0487,234,4802
7,1,011,-8,0.0283,130,4594
7,1,011,-9,0.0177,90,5077
7,1,011,-10,0.0117,65,5571
7,1,011,-11,0.0049,32,6527
7,1,011,-12,0.0037,29,7764
7,1,011,-13,0.0018,15,8337
7,1,011,-14,0.0006,5,8619
7,1,011,-15,0.0005,4,8418
7,1,011,-16,0.0004,3,8028
7,1,011,-17,0.0,0,7314
7,1,011,-18,0.0001,1,12842
7,1,100,18,1.0,5483,5483
7,1,100,17,1.0,2777,2777
7,1,100,16,1.0,2805,2805
7,1,100,15,1.0,2831,2831
7,1,100,14,0.9997,3012,3013
7,1,100,13,0.9997,3005,3006
7,1,100,12,0.9996,2855,2856
7,1,100,11,0.9989,2707,2710
7,1,100,10,0.9988,2525,2528
7,1,100,9,0.9953,1923,1932
7,1,100,8,0.9949,1759,1768
7,1,100,7,0.9912,1580,1594
7,1,100,6,0.978,1915,1958
7,1,100,5,0.9709,2604,2682
7,1,100,4,0.9491,3614,3808
7,1,100,3,0.8999,5051,5613
7,1,100,2,0.8452,6868,8126
7,1,100,1,0.7658,8089,10563
7,1,100,0,0.6357,7936,12483
7,1,100,-1,0.5001,4464,8927
7,1,100,-2,0.3455,2254,6523
7,1,100,-3,0.2373,1053,4438
7,1,100,-4,0.161,497,3086
7,1,100,-5,0.1095,224,2046
7,1,100,-6,0.0678,106,1564
7,1,100,-7,0.0308,41,1330
7,1,100,-8,0.023,38,1649
7,1,100,-9,0.0126,29,2301
7,1,100,-10,0.0066,16,2422
7,1,100,-11,0.0037,10,2697
7,1,100,-12,0.0018,5,2819
7,1,100,-13,0.0014,4,2897
7,1,100,-14,0.001,3,2902
7,1,100,-15,0.0004,1,2781
7,1,100,-16,0.0,0,2713
7,1,100,-17,0.0,0,2407
7,1,100,-18,0.0,0,3498
7,1,101,18,1.0,8141,8141
7,1,101,17,1.0,4051,4051
7,1,101,16,1.0,4253,4253
7,1,101,15,0.9998,4417,4418
7,1,101,14,1.0,4480,4480
7,1,101,13,0.9995,4424,4426
7,1,101,12,0.9998,4228,4229
7,1,101,11,0.9988,4111,4116
7,1,101,10,0.9981,3595,3602
7,1,101,9,0.9974,2707,2714
7,1,101,8,0.9938,2395,2410
7,1,101,7,0.9885,2319,2346
7,1,101,6,0.9834,2778,2825
7,1,101,5,0.9647,3715,3851
7,1,101,4,0.9422,5310,5636
7,1,101,3,0.9099,7543,8290
7,1,101,2,0.8531,10056,11787
7,1,101,1,0.7718,12324,15968
7,1,101,0,0.6516,12710,19507
7,1,101,-1,0.5255,7241,13779
7,1,101,-2,0.3913,3876,9905
7,1,101,-3,0.2768,1939,7004
7,1,101,-4,0.1817,830,4567
7,1,101,-5,0.1122,354,3154
7,1,101,-6,0.0785,188,2394
7,1,101,-7,0.0433,89,2056
7,1,101,-8,0.0264,57,2161
7,1,101,-9,0.0227,60,2642
7,1,101,-10,0.009,31,3428
7,1,101,-11,0.0058,22,3826
7,1,101,-12,0.0036,15,4166
7,1,101,-13,0.0016,7,4336
7,1,101,-14,0.0009,4,4338
7,1,101,-15,0.0007,3,4222
7,1,101,-16,0.0005,2,4027
7,1,101,-17,0.0,0,3537
7,1,101,-18,0.0,0,5263
7,1,110,18,1.0,6698,6698
7,1,110,17,1.0,3331,3331
7,1,110,16,1.0,3373,3373
7,1,110,15,1.0,3496,3496
7,1,110,14,0.9994,3604,3606
7,1,110,13,1.0,3577,3577
7,1,110,12,1.0,3492,3492
7,1,110,11,0.9994,3125,3127
7,1,110,10,0.9986,2942,2946
7,1,110,9,0.9973,2206,2212
7,1,110,8,0.999,2007,2009
7,1,110,7,0.9925,1998,2013
7,1,110,6,0.9819,2281,2323
7,1,110,5,0.9743,3152,3235
7,1,110,4,0.9533,4393,4608
7,1,110,3,0.9161,6192,6759
7,1,110,2,0.8683,8293,9551
7,1,110,1,0.7885,10141,12861
7,1,110,0,0.6814,10539,15466
7,1,110,-1,0.5559,6005,10802
7,1,110,-2,0.4196,3350,7983
7,1,110,-3,0.3063,1698,5543
7,1,110,-4,0.1897,667,3517
7,1,110,-5,0.1325,323,2438
7,1,110,-6,0.0773,145,1876
7,1,110,-7,0.0434,72,1660
7,1,110,-8,0.036,62,1720
7,1,110,-9,0.02,42,2097
7,1,110,-10,0.0142,41,2881
7,1,110,-11,0.0071,23,3252
7,1,110,-12,0.003,10,3283
7,1,110,-13,0.0012,4,3458
7,1,110,-14,0.0012,4,3447
7,1,110,-15,0.0009,3,3405
7,1,110,-16,0.0009,3,3214
7,1,110,-17,0.0,0,2840
7,1,110,-18,0.0,0,3988
7,1,111,18,1.0,9684,9684
7,1,111,17,1.0,4750,4750
7,1,111,16,1.0,5068,5068
7,1,111,15,1.0,5213,5213
7,1,111,14,0.9996,5312,5314
7,1,111,13,0.9996,5271,5273
7,1,111,12,0.9994,5160,5163
7,1,111,11,0.9996,4684,4686
7,1,111,10,0.9982,3978,3985
7,1,111,9,0.999,3043,3046
7,1,111,8,0.9945,2717,2732
7,1,111,7,0.9899,2850,2879
7,1,111,6,0.9784,3306,3379
7,1,111,5,0.9714,4344,4472
7,1,111,4,0.9526,6135,6440
7,1,111,3,0.9205,8735,9489
7,1,111,2,0.8701,11881,13655
7,1,111,1,0.7939,14526,18297
7,1,111,0,0.6866,15418,22455
7,1,111,-1,0.5653,8794,15555
7,1,111,-2,0.4426,5052,11414
7,1,111,-3,0.3272,2580,7885
7,1,111,-4,0.2308,1221,5291
7,1,111,-5,0.1563,570,3646
7,1,111,-6,0.0915,240,2624
7,1,111,-7,0.0686,163,2375
7,1,111,-8,0.0477,122,2555
7,1,111,-9,0.0301,94,3120
7,1,111,-10,0.0186,76,4095
7,1,111,-11,0.0092,42,4552
7,1,111,-12,0.0056,28,5001
7,1,111,-13,0.0033,17,5196
7,1,111,-14,0.0015,8,5249
7,1,111,-15,0.001,5,5072
7,1,111,-16,0.0006,3,4756
7,1,111,-17,0.0,0,4191
7,1,111,-18,0.0002,1,5955
7,2,000,18,1.0,60018,60018
7,2,000,17,1.0,28789,28789
7,2,000,16,1.0,31807,31808
7,2,000,15,0.9999,33470,33474
7,2,000,14,0.9997,34281,34293
7,2,000,13,0.9998,33552,33558
7,2,000,12,0.9994,32301,32320
7,2,000,11,0.9988,30667,30703
7,2,000,10,0.9975,28603,28675
7,2,000,9,0.9947,26518,26659
7,2,000,8,0.992,24953,25155
7,2,000,7,0.9833,25099,25525
7,2,000,6,0.9734,28525,29304
7,2,000,5,0.9542,36067,37799
7,2,000,4,0.9188,48673,52975
7,2,000,3,0.8665,66552,76802
7,2,000,2,0.7897,86297,109280
7,2,000,1,0.6793,101402,149280
7,2,000,0,0.5228,119877,229297
7,2,000,-1,0.3623,57856,159711
7,2,000,-2,0.2432,28775,118326
7,2,000,-3,0.1557,12847,82509
7,2,000,-4,0.0972,5367,55208
7,2,000,-5,0.0597,2222,37231
7,2,000,-6,0.0329,872,26527
7,2,000,-7,0.0196,423,21587
7,2,000,-8,0.012,248,20656
7,2,000,-9,0.0064,138,21585
7,2,000,-10,0.0034,82,24372
7,2,000,-11,0.0017,47,27509
7,2,000,-12,0.0009,26,30037
7,2,000,-13,0.0004,12,31529
7,2,000,-14,0.0002,8,32786
7,2,000,-15,0.0001,3,32373
7,2,000,-16,0.0001,2,30193
7,2,000,-17,0.0,0,27391
7,2,000,-18,0.0,2,53794
7,2,001,18,1.0,37215,37215
7,2,001,17,1.0,18103,18103
7,2,001,16,1.0,19726,19726
7,2,001,15,0.9999,20756,20758
7,2,001,14,0.9999,21110,21113
7,2,001,13,0.9996,21146,21154
7,2,001,12,0.9993,19799,19813
7,2,001,11,0.9983,18093,18123
7,2,001,10,0.9977,16517,16555
7,2,001,9,0.9957,15214,15280
7,2,001,8,0.9926,14628,14737
7,2,001,7,0.987,14490,14681
7,2,001,6,0.9731,16777,17240
7,2,001,5,0.9537,21146,22173
7,2,001,4,0.9221,28973,31419
7,2,001,3,0.8735,40064,45867
7,2,001,2,0.7994,52195,65295
7,2,001,1,0.6916,61809,89369
7,2,001,0,0.5421,72032,132884
7,2,001,-1,0.3883,36104,92981
7,2,001,-2,0.2656,18286,68840
7,2,001,-3,0.1751,8406,48006
7,2,001,-4,0.11,3523,32014
7,2,001,-5,0.0672,1436,21358
7,2,001,-6,0.04,613,15341
7,2,001,-7,0.0246,314,12756
7,2,001,-8,0.0145,178,12294
7,2,001,-9,0.0083,108,12973
7,2,001,-10,0.0033,48,14729
7,2,001,-11,0.0019,31,16650
7,2,001,-12,0.0015,27,18251
7,2,001,-13,0.0006,12,19786
7,2,001,-14,0.0004,8,20525
7,2,001,-15,0.0001,3,20073
7,2,001,-16,0.0002,3,18797
7,2,001,-17,0.0003,5,16964
7,2,001,-18,0.0001,2,31324
7,2,010,18,1.0,21330,21330
7,2,010,17,1.0,9158,9158
7,2,010,16,1.0,9952,9952
7,2,010,15,0.9998,10255,10257
7,2,010,14,0.9995,10381,10386
7,2,010,13,0.9998,10010,10012
7,2,010,12,0.9993,9585,9592
7,2,010,11,0.9993,8518,8524
7,2,010,10,0.9985,7505,7516
7,2,010,9,0.9965,6849,6873
7,2,010,8,0.9921,6634,6687
7,2,010,7,0.9856,7098,7202
7,2,010,6,0.9774,8521,8718
7,2,010,5,0.9569,11275,11783
7,2,010,4,0.9249,15451,16706
7,2,010,3,0.8743,20428,23365
7,2,010,2,0.8057,26187,32503
7,2,010,1,0.6997,29128,41630
7,2,010,0,0.5519,28869,52313
7,2,010,-1,0.3974,14544,36600
7,2,010,-2,0.2771,7491,27036
7,2,010,-3,0.1787,3275,18323
7,2,010,-4,0.1147,1446,12603
7,2,010,-5,0.073,641,8785
7,2,010,-6,0.0386,252,6535
7,2,010,-7,0.0302,176,5822
7,2,010,-8,0.0113,66,5824
7,2,010,-9,0.0069,45,6486
7,2,010,-10,0.0048,35,7223
7,2,010,-11,0.0023,19,8371
7,2,010,-12,0.0016,15,9411
7,2,010,-13,0.0006,6,9798
7,2,010,-14,0.0001,1,9794
7,2,010,-15,0.0001,1,9483
7,2,010,-16,0.0,0,8693
7,2,010,-17,0.0,0,7637
7,2,010,-18,0.0001,1,12734
7,2,011,18,1.0,18157,18157
7,2,011,17,1.0,8692,8692
7,2,011,16,1.0,9260,9260
7,2,011,15,0.9999,9932,9933
7,2,011,14,0.9998,9657,9659
7,2,011,13,0.9999,9719,9720
7,2,011,12,0.9994,9313,9319
7,2,011,11,0.999,7949,7957
7,2,011,10,0.997,6993,7014
7,2,011,9,0.9969,6408,6428
7,2,011,8,0.9939,6077,6114
7,2,011,7,0.9863,6193,6279
7,2,011,6,0.9766,7315,7490
7,2,011,5,0.957,9411,9834
7,2,011,4,0.9281,13018,14026
7,2,011,3,0.8806,17843,20263
7,2,011,2,0.8117,23048,28396
7,2,011,1,0.7146,27211,38081
7,2,011,0,0.566,29757,52572
7,2,011,-1,0.4205,15540,36955
7,2,011,-2,0.2986,7977,26716
7,2,011,-3,0.2032,3803,18712
7,2,011,-4,0.1299,1641,12637
7,2,011,-5,0.0885,758,8565
7,2,011,-6,0.0501,313,6250
7,2,011,-7,0.0295,156,5290
7,2,011,-8,0.0174,93,5360
7,2,011,-9,0.0109,64,5863
7,2,011,-10,0.0054,35,6480
7,2,011,-11,0.0034,25,7399
7,2,011,-12,0.002,18,8812
7,2,011,-13,0.0007,7,9361
7,2,011,-14,0.0003,3,9513
7,2,011,-15,0.0008,7,9270
7,2,011,-16,0.0001,1,8578
7,2,011,-17,0.0,0,7727
7,2,011,-18,0.0,0,12919
7,2,100,18,1.0,9638,9638
7,2,100,17,1.0,4337,4337
7,2,100,16,1.0,4581,4581
7,2,100,15,1.0,4673,4673
7,2,100,14,0.9998,4781,4782
7,2,100,13,0.9996,4552,4554
7,2,100,12,0.9998,4422,4423
7,2,100,11,0.9981,4210,4218
7,2,100,10,0.9979,3340,3347
7,2,100,9,0.9944,2849,2865
7,2,100,8,0.9936,2653,2670
7,2,100,7,0.9853,2754,2795
7,2,100,6,0.976,3409,3493
7,2,100,5,0.9632,4586,4761
7,2,100,4,0.927,6333,6832
7,2,100,3,0.8854,8609,9723
7,2,100,2,0.8187,11083,13538
7,2,100,1,0.7106,12138,17081
7,2,100,0,0.564,11044,19582
7,2,100,-1,0.4216,5811,13783
7,2,100,-2,0.2835,2836,10005
7,2,100,-3,0.1884,1313,6969
7,2,100,-4,0.1206,560,4643
7,2,100,-5,0.0669,217,3246
7,2,100,-6,0.0422,106,2514
7,2,100,-7,0.0187,42,2241
7,2,100,-8,0.0129,33,2559
7,2,100,-9,0.0098,30,3063
7,2,100,-10,0.0045,17,3808
7,2,100,-11,0.0024,10,4252
7,2,100,-12,0.0007,3,4569
7,2,100,-13,0.0002,1,4549
7,2,100,-14,0.0004,2,4601
7,2,100,-15,0.0002,1,4499
7,2,100,-16,0.0002,1,4151
7,2,100,-17,0.0,0,3576
7,2,100,-18,0.0,0,5124
7,2,101,18,1.0,18020,18020
7,2,101,17,1.0,7538,7538
7,2,101,16,1.0,8010,8010
7,2,101,15,0.9999,8313,8314
7,2,101,14,0.9998,8465,8467
7,2,101,13,0.9995,8018,8022
7,2,101,12,0.9995,7610,7614
7,2,101,11,0.9988,6445,6453
7,2,101,10,0.9973,5625,5640
7,2,101,9,0.9952,5003,5027
7,2,101,8,0.9923,4872,4910
7,2,101,7,0.9845,5084,5164
7,2,101,6,0.9751,6410,6574
7,2,101,5,0.9591,8616,8983
7,2,101,4,0.9304,11778,12659
7,2,101,3,0.8853,16034,18112
7,2,101,2,0.8181,20308,24824
7,2,101,1,0.7171,22477,31346
7,2,101,0,0.5802,20856,35949
7,2,101,-1,0.4352,10888,25021
7,2,101,-2,0.3041,5523,18162
7,2,101,-3,0.208,2623,12612
7,2,101,-4,0.1348,1137,8432
7,2,101,-5,0.0787,464,5898
7,2,101,-6,0.0534,243,4551
7,2,101,-7,0.0376,157,4174
7,2,101,-8,0.0161,71,4415
7,2,101,-9,0.0089,45,5071
7,2,101,-10,0.0058,35,6043
7,2,101,-11,0.0042,30,7104
7,2,101,-12,0.0012,9,7784
7,2,101,-13,0.0009,7,8078
7,2,101,-14,0.0005,4,7991
7,2,101,-15,0.0,0,7524
7,2,101,-16,0.0003,2,7009
7,2,101,-17,0.0,0,6034
7,2,101,-18,0.0,0,8875
7,2,110,18,1.0,8843,8843
7,2,110,17,1.0,3874,3874
7,2,110,16,1.0,3942,3942
7,2,110,15,0.9998,4155,4156
7,2,110,14,1.0,4277,4277
7,2,110,13,0.9998,4125,4126
7,2,110,12,0.9995,3992,3994
7,2,110,11,0.9992,3624,3627
7,2,110,10,0.9982,3296,3302
7,2,110,9,0.9962,2338,2347
7,2,110,8,0.9946,2223,2235
7,2,110,7,0.9868,2398,2430
7,2,110,6,0.9749,2951,3027
7,2,110,5,0.9567,3953,4132
7,2,110,4,0.9339,5413,5796
7,2,110,3,0.8888,7266,8175
7,2,110,2,0.8248,9441,11447
7,2,110,1,0.7276,10857,14921
7,2,110,0,0.5927,9724,16407
7,2,110,-1,0.4447,5168,11621
7,2,110,-2,0.3168,2713,8564
7,2,110,-3,0.2207,1301,5896
7,2,110,-4,0.1364,535,3923
7,2,110,-5,0.0798,207,2595
7,2,110,-6,0.0491,102,2076
7,2,110,-7,0.0281,54,1923
7,2,110,-8,0.0237,48,2023
7,2,110,-9,0.0119,29,2432
7,2,110,-10,0.0077,26,3394
7,2,110,-11,0.0023,9,3869
7,2,110,-12,0.0012,5,4023
7,2,110,-13,0.0005,2,4105
7,2,110,-14,0.0007,3,4141
7,2,110,-15,0.0005,2,3996
7,2,110,-16,0.0005,2,3700
7,2,110,-17,0.0,0,3148
7,2,110,-18,0.0,0,4302
7,2,111,18,1.0,11645,11645
7,2,111,17,1.0,5492,5492
7,2,111,16,1.0,5628,5628
7,2,111,15,0.9998,5886,5887
7,2,111,14,0.9995,5878,5881
7,2,111,13,0.9997,5729,5731
7,2,111,12,0.9995,5573,5576
7,2,111,11,0.9994,4777,4780
7,2,111,10,0.9979,3718,3726
7,2,111,9,0.9972,3186,3195
7,2,111,8,0.9919,2939,2963
7,2,111,7,0.9894,3161,3195
7,2,111,6,0.9733,3900,4007
7,2,111,5,0.9586,5166,5389
7,2,111,4,0.9369,7523,8030
7,2,111,3,0.8938,10159,11366
7,2,111,2,0.8318,13140,15798
7,2,111,1,0.7427,14995,20189
7,2,111,0,0.6054,14037,23187
7,2,111,-1,0.4706,7704,16372
7,2,111,-2,0.3532,4144,11733
7,2,111,-3,0.2467,1981,8029
7,2,111,-4,0.1621,868,5355
7,2,111,-5,0.1061,404,3807
7,2,111,-6,0.0656,190,2897
7,2,111,-7,0.0432,114,2638
7,2,111,-8,0.0243,70,2884
7,2,111,-9,0.0165,54,3275
7,2,111,-10,0.01,46,4586
7,2,111,-11,0.0042,21,4942
7,2,111,-12,0.0024,13,5411
7,2,111,-13,0.0019,11,5686
7,2,111,-14,0.0004,2,5623
7,2,111,-15,0.0013,7,5470
7,2,111,-16,0.0004,2,5041
7,2,111,-17,0.0,0,4475
7,2,111,-18,0.0,0,6168
6,0,000,18,1.0,106858,106861
6,0,000,17,0.9999,58311,58314
6,0,000,16,0.9999,64693,64698
6,0,000,15,0.9999,68930,68937
6,0,000,14,0.9998,69360,69374
6,0,000,13,0.9996,67799,67828
6,0,000,12,0.9993,64070,64113
6,0,000,11,0.9986,57906,57985
6,0,000,10,0.9975,50770,50899
6,0,000,9,0.9948,44008,44236
6,0,000,8,0.9903,40932,41331
6,0,000,7,0.9827,41963,42701
6,0,000,6,0.971,50074,51572
6,0,000,5,0.9479,67388,71091
6,0,000,4,0.9146,95329,104235
6,0,000,3,0.8606,132668,154154
6,0,000,2,0.7774,170298,219059
6,0,000,1,0.661,193089,292135
6,0,000,0,0.5001,201939,403809
6,0,000,-1,0.3375,96784,286761
6,0,000,-2,0.22,47215,214601
6,0,000,-3,0.141,21341,151301
6,0,000,-4,0.0858,8996,104829
6,0,000,-5,0.05,3703,74075
6,0,000,-6,0.0288,1653,57370
6,0,000,-7,0.0163,802,49147
6,0,000,-8,0.0084,407,48456
6,0,000,-9,0.005,257,51039
6,0,000,-10,0.0026,145,56484
6,0,000,-11,0.0013,83,62935
6,0,000,-12,0.0006,43,67867
6,0,000,-13,0.0003,21,70801
6,0,000,-14,0.0003,23,72284
6,0,000,-15,0.0001,9,71442
6,0,000,-16,0.0,1,67887
6,0,000,-17,0.0,0,62152
6,0,000,-18,0.0,1,129904
6,0,001,18,1.0,29145,29145
6,0,001,17,0.9999,15978,15979
6,0,001,16,0.9999,17673,17674
6,0,001,15,0.9999,18984,18986
6,0,001,14,0.9997,18924,18930
6,0,001,13,0.9996,18405,18412
6,0,001,12,0.9994,16924,16934
6,0,001,11,0.9985,15069,15092
6,0,001,10,0.9977,13570,13601
6,0,001,9,0.9945,11526,11590
6,0,001,8,0.9921,10817,10903
6,0,001,7,0.9845,11112,11287
6,0,001,6,0.9738,13422,13783
6,0,001,5,0.9518,18254,19178
6,0,001,4,0.9256,25733,27801
6,0,001,3,0.8726,35547,40736
6,0,001,2,0.7977,46346,58097
6,0,001,1,0.6895,53076,76972
6,0,001,0,0.5456,57396,105204
6,0,001,-1,0.3927,29446,74974
6,0,001,-2,0.2726,15264,55997
6,0,001,-3,0.1797,7077,39381
6,0,001,-4,0.1145,3145,27465
6,0,001,-5,0.0709,1363,19217
6,0,001,-6,0.0429,642,14963
6,0,001,-7,0.0251,328,13043
6,0,001,-8,0.0144,187,12963
6,0,001,-9,0.0077,104,13447
6,0,001,-10,0.0044,66,14984
6,0,001,-11,0.002,33,16733
6,0,001,-12,0.001,18,17996
6,0,001,-13,0.0005,9,19352
6,0,001,-14,0.0006,11,19480
6,0,001,-15,0.0004,7,19378
6,0,001,-16,0.0,0,18463
6,0,001,-17,0.0,0,16813
6,0,001,-18,0.0,0,34194
6,0,010,18,1.0,9249,9249
6,0,010,17,1.0,4757,4757
6,0,010,16,1.0,5164,5164
6,0,010,15,1.0,5432,5432
6,0,010,14,0.9998,5454,5455
6,0,010,13,0.9998,5221,5222
6,0,010,12,0.9994,4940,4943
6,0,010,11,0.9991,4453,4457
6,0,010,10,0.9977,3410,3418
6,0,010,9,0.9951,3025,3040
6,0,010,8,0.9916,2940,2965
6,0,010,7,0.9853,3075,3121
6,0,010,6,0.9753,3833,3930
6,0,010,5,0.9557,5286,5531
6,0,010,4,0.9302,7467,8027
6,0,010,3,0.8936,10389,11626
6,0,010,2,0.8185,13096,16000
6,0,010,1,0.7209,14894,20660
6,0,010,0,0.5793,15277,26371
6,0,010,-1,0.4231,7939,18763
6,0,010,-2,0.3024,4268,14116
6,0,010,-3,0.1969,1952,9916
6,0,010,-4,0.1254,875,6976
6,0,010,-5,0.0717,356,4962
6,0,010,-6,0.0446,177,3969
6,0,010,-7,0.0287,102,3554
6,0,010,-8,0.0148,52,3523
6,0,010,-9,0.0084,31,3708
6,0,010,-10,0.0029,12,4200
6,0,010,-11,0.0028,14,4948
6,0,010,-12,0.0017,9,5354
6,0,010,-13,0.0007,4,5548
6,0,010,-14,0.0002,1,5475
6,0,010,-15,0.0002,1,5506
6,0,010,-16,0.0,0,5251
6,0,010,-17,0.0,0,4699
6,0,010,-18,0.0,0,8800
6,0,011,18,1.0,9241,9241
6,0,011,17,1.0,4981,4981
6,0,011,16,1.0,5468,5468
6,0,011,15,0.9998,5723,5724
6,0,011,14,0.9997,5794,5796
6,0,011,13,0.9995,5694,5697
6,0,011,12,0.999,5226,5231
6,0,011,11,0.9989,4567,4572
6,0,011,10,0.9989,3663,3667
6,0,011,9,0.9954,3049,3063
6,0,011,8,0.9935,2923,2942
6,0,011,7,0.9872,3016,3055
6,0,011,6,0.9785,3739,3821
6,0,011,5,0.9566,5135,5368
6,0,011,4,0.9386,7337,7817
6,0,011,3,0.8928,10266,11499
6,0,011,2,0.8308,13327,16042
6,0,011,1,0.7375,15447,20945
6,0,011,0,0.6086,16922,27807
6,0,011,-1,0.4709,9367,19891
6,0,011,-2,0.3479,5119,14713
6,0,011,-3,0.2468,2548,10324
6,0,011,-4,0.1632,1180,7230
6,0,011,-5,0.1059,547,5164
6,0,011,-6,0.0669,267,3992
6,0,011,-7,0.0346,122,3526
6,0,011,-8,0.0268,99,3697
6,0,011,-9,0.0122,46,3780
6,0,011,-10,0.0081,35,4299
6,0,011,-11,0.0027,14,5263
6,0,011,-12,0.0015,8,5500
6,0,011,-13,0.0008,5,5940
6,0,011,-14,0.0005,3,5872
6,0,011,-15,0.0009,5,5788
6,0,011,-16,0.0,0,5513
6,0,011,-17,0.0,0,5046
6,0,011,-18,0.0,0,9343
6,0,100,18,1.0,3116,3116
6,0,100,17,1.0,1657,1657
6,0,100,16,1.0,1749,1749
6,0,100,15,1.0,1818,1818
6,0,100,14,1.0,1708,1708
6,0,100,13,1.0,1731,1731
6,0,100,12,0.9994,1566,1567
6,0,100,11,1.0,1519,1519
6,0,100,10,0.9985,1359,1361
6,0,100,9,0.9984,1282,1284
6,0,100,8,0.9928,830,836
6,0,100,7,0.9906,839,847
6,0,100,6,0.9762,1149,1177
6,0,100,5,0.9567,1525,1594
6,0,100,4,0.9404,2257,2400
6,0,100,3,0.908,2960,3260
6,0,100,2,0.8406,3691,4391
6,0,100,1,0.7549,4171,5525
6,0,100,0,0.6202,3918,6317
6,0,100,-1,0.4695,2177,4637
6,0,100,-2,0.3178,1068,3361
6,0,100,-3,0.2222,512,2304
6,0,100,-4,0.1312,212,1616
6,0,100,-5,0.086,105,1221
6,0,100,-6,0.0571,58,1016
6,0,100,-7,0.0305,28,917
6,0,100,-8,0.0221,31,1405
6,0,100,-9,0.0041,6,1464
6,0,100,-10,0.0043,7,1643
6,0,100,-11,0.0024,4,1677
6,0,100,-12,0.0006,1,1802
6,0,100,-13,0.0022,4,1778
6,0,100,-14,0.0005,1,1890
6,0,100,-15,0.0,0,1796
6,0,100,-16,0.0006,1,1736
6,0,100,-17,0.0,0,1496
6,0,100,-18,0.0,0,2359
6,0,101,18,1.0,4352,4352
6,0,101,17,1.0,2303,2303
6,0,101,16,1.0,2349,2349
6,0,101,15,1.0,2472,2472
6,0,101,14,1.0,2470,2470
6,0,101,13,1.0,2399,2399
6,0,101,12,1.0,2209,2209
6,0,101,11,0.999,2027,2029
6,0,101,10,0.9971,1749,1754
6,0,101,9,0.9982,1122,1124
6,0,101,8,0.996,1001,1005
6,0,101,7,0.9941,1179,1186
6,0,101,6,0.9775,1523,1558
6,0,101,5,0.9703,2153,2219
6,0,101,4,0.9459,3023,3196
6,0,101,3,0.9131,3940,4315
6,0,101,2,0.8459,5028,5944
6,0,101,1,0.7686,5612,7302
6,0,101,0,0.657,5465,8318
6,0,101,-1,0.5074,3062,6035
6,0,101,-2,0.3607,1597,4427
6,0,101,-3,0.266,846,3181
6,0,101,-4,0.1781,388,2179
6,0,101,-5,0.1022,163,1595
6,0,101,-6,0.0656,87,1327
6,0,101,-7,0.0307,39,1272
6,0,101,-8,0.0208,29,1397
6,0,101,-9,0.0106,21,1975
6,0,101,-10,0.0051,11,2152
6,0,101,-11,0.0051,12,2370
6,0,101,-12,0.0012,3,2443
6,0,101,-13,0.0012,3,2480
6,0,101,-14,0.0016,4,2528
6,0,101,-15,0.0,0,2549
6,0,101,-16,0.0,0,2275
6,0,101,-17,0.0,0,2006
6,0,101,-18,0.0,0,3173
6,0,110,18,1.0,3638,3638
6,0,110,17,1.0,1887,1887
6,0,110,16,1.0,1967,1967
6,0,110,15,1.0,2076,2076
6,0,110,14,1.0,2060,2060
6,0,110,13,0.9985,1951,1954
6,0,110,12,1.0,1805,1805
6,0,110,11,0.9982,1672,1675
6,0,110,10,0.9993,1483,1484
6,0,110,9,0.9955,880,884
6,0,110,8,0.9979,968,970
6,0,110,7,0.9921,1010,1018
6,0,110,6,0.9824,1284,1307
6,0,110,5,0.9732,1780,1829
6,0,110,4,0.9486,2436,2568
6,0,110,3,0.921,3415,3708
6,0,110,2,0.8712,4275,4907
6,0,110,1,0.7966,4930,6189
6,0,110,0,0.694,4981,7177
6,0,110,-1,0.554,2762,4986
6,0,110,-2,0.4047,1518,3751
6,0,110,-3,0.2994,771,2575
6,0,110,-4,0.2031,387,1905
6,0,110,-5,0.1175,155,1319
6,0,110,-6,0.0667,73,1095
6,0,110,-7,0.0573,60,1048
6,0,110,-8,0.0243,39,1608
6,0,110,-9,0.0134,23,1711
6,0,110,-10,0.0066,12,1830
6,0,110,-11,0.0047,9,1920
6,0,110,-12,0.0044,9,2059
6,0,110,-13,0.0019,4,2085
6,0,110,-14,0.0019,4,2094
6,0,110,-15,0.0005,1,2038
6,0,110,-16,0.0,0,1927
6,0,110,-17,0.0,0,1698
6,0,110,-18,0.0,0,2774
6,0,111,18,1.0,5239,5239
6,0,111,17,1.0,2672,2672
6,0,111,16,1.0,2851,2851
6,0,111,15,1.0,2869,2869
6,0,111,14,1.0,2940,2940
6,0,111,13,1.0,2782,2782
6,0,111,12,0.9996,2618,2619
6,0,111,11,0.9996,2322,2323
6,0,111,10,0.9979,1928,1932
6,0,111,9,0.9974,1173,1176
6,0,111,8,0.9983,1170,1172
6,0,111,7,0.9948,1328,1335
6,0,111,6,0.99,1687,1704
6,0,111,5,0.9688,2394,2471
6,0,111,4,0.9518,3277,3443
6,0,111,3,0.9248,4614,4989
6,0,111,2,0.8804,5898,6699
6,0,111,1,0.8,6719,8399
6,0,111,0,0.706,6612,9366
6,0,111,-1,0.5928,4027,6793
6,0,111,-2,0.459,2271,4948
6,0,111,-3,0.346,1236,3572
6,0,111,-4,0.2378,578,2431
6,0,111,-5,0.1657,300,1810
6,0,111,-6,0.1118,167,1494
6,0,111,-7,0.0559,75,1341
6,0,111,-8,0.0336,57,1698
6,0,111,-9,0.021,50,2379
6,0,111,-10,0.0114,29,2554
6,0,111,-11,0.0046,13,2836
6,0,111,-12,0.0041,12,2937
6,0,111,-13,0.001,3,3076
6,0,111,-14,0.002,6,2971
6,0,111,-15,0.001,3,2867
6,0,111,-16,0.0,0,2729
6,0,111,-17,0.0,0,2495
6,0,111,-18,0.0,0,3593
6,1,000,18,1.0,83653,83656
6,1,000,17,1.0,41648,41649
6,1,000,16,0.9999,45645,45649
6,1,000,15,0.9999,47919,47923
6,1,000,14,0.9999,47690,47697
6,1,000,13,0.9995,46258,46279
6,1,000,12,0.9993,43668,43698
6,1,000,11,0.9986,39515,39570
6,1,000,10,0.9974,34680,34772
6,1,000,9,0.9947,30809,30972
6,1,000,8,0.9891,29249,29570
6,1,000,7,0.9814,31105,31695
6,1,000,6,0.9682,37820,39062
6,1,000,5,0.9442,50969,53981
6,1,000,4,0.906,70985,78347
6,1,000,3,0.8478,96035,113273
6,1,000,2,0.7578,118335,156166
6,1,000,1,0.6349,128820,202907
6,1,000,0,0.4614,123659,267980
6,1,000,-1,0.2933,55858,190417
6,1,000,-2,0.1818,25864,142250
6,1,000,-3,0.1133,11367,100300
6,1,000,-4,0.0661,4613,69821
6,1,000,-5,0.0369,1853,50267
6,1,000,-6,0.02,790,39445
6,1,000,-7,0.0107,366,34320
6,1,000,-8,0.0051,173,34098
6,1,000,-9,0.0036,130,36278
6,1,000,-10,0.0017,68,39939
6,1,000,-11,0.0007,32,44356
6,1,000,-12,0.0004,17,47327
6,1,000,-13,0.0002,8,49159
6,1,000,-14,0.0002,9,50473
6,1,000,-15,0.0,2,49455
6,1,000,-16,0.0,0,46244
6,1,000,-17,0.0,0,41996
6,1,000,-18,0.0,1,85743
6,1,001,18,0.9999,38792,38794
6,1,001,17,1.0,19744,19744
6,1,001,16,0.9999,21746,21748
6,1,001,15,0.9999,22794,22796
6,1,001,14,0.9998,22815,22820
6,1,001,13,0.9995,21293,21304
6,1,001,12,0.9992,20029,20045
6,1,001,11,0.9984,17955,17983
6,1,001,10,0.9968,15762,15812
6,1,001,9,0.9954,13942,14007
6,1,001,8,0.9901,13296,13429
6,1,001,7,0.9822,14035,14290
6,1,001,6,0.9687,17056,17607
6,1,001,5,0.9498,23131,24353
6,1,001,4,0.9123,32413,35528
6,1,001,3,0.8594,44002,51199
6,1,001,2,0.7747,54779,70710
6,1,001,1,0.6583,60635,92102
6,1,001,0,0.4975,60366,121343
6,1,001,-1,0.3364,29093,86472
6,1,001,-2,0.2227,14398,64639
6,1,001,-3,0.1415,6398,45201
6,1,001,-4,0.0857,2695,31449
6,1,001,-5,0.0477,1074,22502
6,1,001,-6,0.0284,502,17684
6,1,001,-7,0.0161,248,15409
6,1,001,-8,0.007,110,15688
6,1,001,-9,0.0053,89,16700
6,1,001,-10,0.0019,35,18168
6,1,001,-11,0.0013,26,20257
6,1,001,-12,0.0005,11,21686
6,1,001,-13,0.0002,5,23245
6,1,001,-14,0.0002,4,23745
6,1,001,-15,0.0001,2,23460
6,1,001,-16,0.0,1,21915
6,1,001,-17,0.0,0,19848
6,1,001,-18,0.0,0,39164
6,1,010,18,1.0,15947,15947
6,1,010,17,1.0,7369,7369
6,1,010,16,1.0,7902,7902
6,1,010,15,1.0,8051,8051
6,1,010,14,0.9997,7955,7957
6,1,010,13,0.9996,7873,7876
6,1,010,12,0.999,7192,7199
6,1,010,11,0.999,5918,5924
6,1,010,10,0.997,5036,5051
6,1,010,9,0.995,4609,4632
6,1,010,8,0.9879,4499,4554
6,1,010,7,0.984,4974,5055
6,1,010,6,0.9748,6506,6674
6,1,010,5,0.9467,8666,9154
6,1,010,4,0.92,11973,13014
6,1,010,3,0.8689,16023,18441
6,1,010,2,0.788,19387,24603
6,1,010,1,0.6777,20760,30633
6,1,010,0,0.5212,19041,36536
6,1,010,-1,0.3572,9396,26307
6,1,010,-2,0.2398,4635,19328
6,1,010,-3,0.1478,2018,13649
6,1,010,-4,0.0894,862,9642
6,1,010,-5,0.0601,433,7207
6,1,010,-6,0.0306,180,5890
6,1,010,-7,0.0196,105,5366
6,1,010,-8,0.0103,56,5456
6,1,010,-9,0.0058,34,5825
6,1,010,-10,0.0025,16,6463
6,1,010,-11,0.0016,12,7625
6,1,010,-12,0.0011,9,8127
6,1,010,-13,0.0005,4,8362
6,1,010,-14,0.0004,3,8409
6,1,010,-15,0.0,0,8180
6,1,010,-16,0.0,0,7685
6,1,010,-17,0.0,0,6923
6,1,010,-18,0.0001,1,12208
6,1,011,18,0.9999,17149,17151
6,1,011,17,1.0,8659,8659
6,1,011,16,0.9999,9347,9348
6,1,011,15,0.9999,9697,9698
6,1,011,14,0.9996,9654,9658
6,1,011,13,0.9991,9215,9223
6,1,011,12,0.9996,8424,8427
6,1,011,11,0.9981,6983,6996
6,1,011,10,0.9986,5908,5916
6,1,011,9,0.9962,5276,5296
6,1,011,8,0.9924,5189,5229
6,1,011,7,0.9845,5472,5558
6,1,011,6,0.9732,6835,7023
6,1,011,5,0.952,9341,9812
6,1,011,4,0.9268,13360,14415
6,1,011,3,0.872,17692,20290
6,1,011,2,0.7974,22159,27788
6,1,011,1,0.6964,24647,35393
6,1,011,0,0.5475,24373,44519
6,1,011,-1,0.3895,12375,31774
6,1,011,-2,0.2782,6624,23806
6,1,011,-3,0.1885,3093,16410
6,1,011,-4,0.1232,1419,11514
6,1,011,-5,0.0709,599,8449
6,1,011,-6,0.0409,275,6716
6,1,011,-7,0.0231,139,6024
6,1,011,-8,0.0143,91,6351
6,1,011,-9,0.0083,55,6606
6,1,011,-10,0.0043,32,7491
6,1,011,-11,0.0017,15,8804
6,1,011,-12,0.001,9,9322
6,1,011,-13,0.0004,4,9774
6,1,011,-14,0.0003,3,9921
6,1,011,-15,0.0002,2,9758
6,1,011,-16,0.0,0,9072
6,1,011,-17,0.0,0,8196
6,1,011,-18,0.0,0,14814
6,1,100,18,1.0,6508,6508
6,1,100,17,1.0,3053,3053
6,1,100,16,1.0,3129,3129
6,1,100,15,1.0,3256,3256
6,1,100,14,1.0,3084,3084
6,1,100,13,1.0,3015,3015
6,1,100,12,1.0,2773,2773
6,1,100,11,0.9988,2600,2603
6,1,100,10,0.9966,1761,1767
6,1,100,9,0.9976,1683,1687
6,1,100,8,0.9926,1618,1630
6,1,100,7,0.9854,1817,1844
6,1,100,6,0.9743,2426,2490
6,1,100,5,0.9538,3201,3356
6,1,100,4,0.9299,4536,4878
6,1,100,3,0.8877,5762,6491
6,1,100,2,0.8164,6952,8515
6,1,100,1,0.7177,7299,10170
6,1,100,0,0.5634,6035,10712
6,1,100,-1,0.4009,3139,7829
6,1,100,-2,0.2573,1461,5678
6,1,100,-3,0.1638,668,4079
6,1,100,-4,0.1017,289,2841
6,1,100,-5,0.0579,126,2175
6,1,100,-6,0.0371,67,1807
6,1,100,-7,0.015,27,1801
6,1,100,-8,0.0087,18,2067
6,1,100,-9,0.0042,11,2640
6,1,100,-10,0.0041,12,2960
6,1,100,-11,0.0016,5,3114
6,1,100,-12,0.0012,4,3248
6,1,100,-13,0.0003,1,3376
6,1,100,-14,0.0,0,3283
6,1,100,-15,0.0,0,3264
6,1,100,-16,0.0,0,2938
6,1,100,-17,0.0004,1,2587
6,1,100,-18,0.0,0,3927
6,1,101,18,1.0,9771,9771
6,1,101,17,1.0,4564,4564
6,1,101,16,1.0,4701,4701
6,1,101,15,1.0,4736,4736
6,1,101,14,1.0,4740,4740
6,1,101,13,0.9998,4554,4555
6,1,101,12,0.9988,4231,4236
6,1,101,11,0.9997,3238,3239
6,1,101,10,0.9981,2664,2669
6,1,101,9,0.9969,2252,2259
6,1,101,8,0.9935,2308,2323
6,1,101,7,0.9899,2654,2681
6,1,101,6,0.9754,3494,3582
6,1,101,5,0.9572,4791,5005
6,1,101,4,0.9333,6608,7080
6,1,101,3,0.8868,8696,9806
6,1,101,2,0.8187,10465,12783
6,1,101,1,0.7176,11065,15420
6,1,101,0,0.5877,9665,16446
6,1,101,-1,0.4243,5121,12069
6,1,101,-2,0.2981,2614,8769
6,1,101,-3,0.2056,1287,6259
6,1,101,-4,0.1335,600,4496
6,1,101,-5,0.0771,256,3319
6,1,101,-6,0.0479,130,2716
6,1,101,-7,0.0227,60,2643
6,1,101,-8,0.0133,39,2939
6,1,101,-9,0.0072,25,3491
6,1,101,-10,0.0049,21,4266
6,1,101,-11,0.003,14,4660
6,1,101,-12,0.001,5,4863
6,1,101,-13,0.0006,3,4987
6,1,101,-14,0.0006,3,4951
6,1,101,-15,0.0002,1,4806
6,1,101,-16,0.0,0,4481
6,1,101,-17,0.0,0,3907
6,1,101,-18,0.0,0,5943
6,1,110,18,1.0,8027,8027
6,1,110,17,1.0,3599,3599
6,1,110,16,0.9997,3802,3803
6,1,110,15,1.0,3987,3987
6,1,110,14,1.0,3883,3883
6,1,110,13,0.9986,3558,3563
6,1,110,12,1.0,3171,3171
6,1,110,11,0.998,2965,2971
6,1,110,10,0.9977,2193,2198
6,1,110,9,0.9972,1753,1758
6,1,110,8,0.9943,1905,1916
6,1,110,7,0.9869,2113,2141
6,1,110,6,0.972,2815,2896
6,1,110,5,0.9618,3879,4033
6,1,110,4,0.9406,5511,5859
6,1,110,3,0.8954,7094,7923
6,1,110,2,0.832,8546,10272
6,1,110,1,0.7454,9069,12166
6,1,110,0,0.6119,8172,13355
6,1,110,-1,0.4725,4395,9302
6,1,110,-2,0.3279,2314,7057
6,1,110,-3,0.2291,1108,4836
6,1,110,-4,0.1458,508,3484
6,1,110,-5,0.0852,221,2594
6,1,110,-6,0.044,96,2184
6,1,110,-7,0.0325,69,2123
6,1,110,-8,0.0168,42,2502
6,1,110,-9,0.008,26,3252
6,1,110,-10,0.0035,12,3396
6,1,110,-11,0.0032,12,3705
6,1,110,-12,0.0013,5,3817
6,1,110,-13,0.0003,1,3970
6,1,110,-14,0.0003,1,3910
6,1,110,-15,0.0003,1,3874
6,1,110,-16,0.0,0,3516
6,1,110,-17,0.0,0,3063
6,1,110,-18,0.0,0,4875
6,1,111,18,1.0,11583,11583
6,1,111,17,1.0,5267,5267
6,1,111,16,1.0,5727,5727
6,1,111,15,1.0,5754,5754
6,1,111,14,0.9998,5747,5748
6,1,111,13,0.9994,5338,5341
6,1,111,12,0.9996,4798,4800
6,1,111,11,0.9994,3618,3620
6,1,111,10,0.999,2934,2937
6,1,111,9,0.998,2501,2506
6,1,111,8,0.9937,2668,2685
6,1,111,7,0.9918,3028,3053
6,1,111,6,0.9795,4021,4105
6,1,111,5,0.9621,5604,5825
6,1,111,4,0.9404,7639,8123
6,1,111,3,0.8966,10184,11359
6,1,111,2,0.8359,12319,14737
6,1,111,1,0.7497,13245,17666
6,1,111,0,0.6217,11939,19204
6,1,111,-1,0.4809,6637,13800
6,1,111,-2,0.3579,3647,10189
6,1,111,-3,0.2564,1801,7025
6,1,111,-4,0.1709,857,5015
6,1,111,-5,0.105,398,3792
6,1,111,-6,0.0677,215,3176
6,1,111,-7,0.039,116,2975
6,1,111,-8,0.0212,73,3447
6,1,111,-9,0.0147,59,4000
6,1,111,-10,0.0076,37,4880
6,1,111,-11,0.0038,20,5330
6,1,111,-12,0.0012,7,5658
6,1,111,-13,0.0012,7,5861
6,1,111,-14,0.0007,4,5719
6,1,111,-15,0.0002,1,5658
6,1,111,-16,0.0,0,5251
6,1,111,-17,0.0,0,4600
6,1,111,-18,0.0,0,6684
6,2,000,18,1.0,76130,76132
6,2,000,17,0.9999,33979,33982
6,2,000,16,0.9999,36448,36451
6,2,000,15,0.9999,37860,37863
6,2,000,14,0.9998,36840,36847
6,2,000,13,0.9996,35335,35350
6,2,000,12,0.9993,33244,33266
6,2,000,11,0.9984,30176,30223
6,2,000,10,0.9975,26810,26878
6,2,000,9,0.9939,24407,24556
6,2,000,8,0.9896,24210,24465
6,2,000,7,0.9794,26869,27434
6,2,000,6,0.9668,33644,34801
6,2,000,5,0.9392,44835,47735
6,2,000,4,0.9005,60314,66977
6,2,000,3,0.8366,78648,94006
6,2,000,2,0.741,92554,124896
6,2,000,1,0.6112,95358,156016
6,2,000,0,0.4285,84182,196455
6,2,000,-1,0.2585,36054,139454
6,2,000,-2,0.1539,15971,103793
6,2,000,-3,0.0932,6866,73667
6,2,000,-4,0.0512,2651,51729
6,2,000,-5,0.028,1057,37791
6,2,000,-6,0.0146,447,30521
6,2,000,-7,0.0072,199,27616
6,2,000,-8,0.0037,101,27455
6,2,000,-9,0.0021,61,29347
6,2,000,-10,0.0011,34,32137
6,2,000,-11,0.0004,15,35468
6,2,000,-12,0.0003,10,37458
6,2,000,-13,0.0001,5,39184
6,2,000,-14,0.0001,3,39554
6,2,000,-15,0.0001,2,38178
6,2,000,-16,0.0,0,35497
6,2,000,-17,0.0,0,31563
6,2,000,-18,0.0,0,62358
6,2,001,18,1.0,47102,47102
6,2,001,17,1.0,20812,20813
6,2,001,16,0.9999,22454,22457
6,2,001,15,0.9998,23300,23304
6,2,001,14,0.9999,23093,23096
6,2,001,13,0.9995,21256,21266
6,2,001,12,0.9993,19514,19527
6,2,001,11,0.9983,17485,17515
6,2,001,10,0.997,15643,15690
6,2,001,9,0.9949,14219,14292
6,2,001,8,0.9891,14179,14335
6,2,001,7,0.9805,15567,15877
6,2,001,6,0.9692,19886,20519
6,2,001,5,0.9441,26518,28087
6,2,001,4,0.9032,35476,39280
6,2,001,3,0.8463,47291,55877
6,2,001,2,0.7528,55404,73601
6,2,001,1,0.6252,57492,91952
6,2,001,0,0.4548,51632,113515
6,2,001,-1,0.2844,23015,80927
6,2,001,-2,0.1786,10765,60265
6,2,001,-3,0.1078,4615,42819
6,2,001,-4,0.0613,1843,30051
6,2,001,-5,0.0332,729,21974
6,2,001,-6,0.0187,328,17580
6,2,001,-7,0.0096,157,16430
6,2,001,-8,0.005,82,16376
6,2,001,-9,0.0027,48,17706
6,2,001,-10,0.0009,17,19275
6,2,001,-11,0.0009,19,21311
6,2,001,-12,0.0002,5,22554
6,2,001,-13,0.0001,3,24137
6,2,001,-14,0.0001,2,24378
6,2,001,-15,0.0,0,23566
6,2,001,-16,0.0,0,21863
6,2,001,-17,0.0,0,19313
6,2,001,-18,0.0,0,36542
6,2,010,18,1.0,26317,26317
6,2,010,17,1.0,10605,10605
6,2,010,16,1.0,11147,11147
6,2,010,15,0.9999,11260,11261
6,2,010,14,0.9997,10685,10688
6,2,010,13,0.9996,9719,9723
6,2,010,12,0.9989,9022,9032
6,2,010,11,0.9986,7819,7830
6,2,010,10,0.9964,6652,6676
6,2,010,9,0.9933,6338,6381
6,2,010,8,0.9879,6593,6674
6,2,010,7,0.9811,7738,7887
6,2,010,6,0.9695,10193,10514
6,2,010,5,0.9441,13638,14446
6,2,010,4,0.9094,18261,20081
6,2,010,3,0.8487,23073,27187
6,2,010,2,0.7618,26435,34701
6,2,010,1,0.6398,26191,40938
6,2,010,0,0.4631,20797,44907
6,2,010,-1,0.2964,9494,32036
6,2,010,-2,0.185,4338,23454
6,2,010,-3,0.1096,1842,16800
6,2,010,-4,0.0603,719,11926
6,2,010,-5,0.0387,350,9054
6,2,010,-6,0.0207,158,7644
6,2,010,-7,0.0127,93,7301
6,2,010,-8,0.0048,37,7713
6,2,010,-9,0.0031,26,8329
6,2,010,-10,0.0011,10,9223
6,2,010,-11,0.0008,9,10714
6,2,010,-12,0.0005,6,11242
6,2,010,-13,0.0004,5,11562
6,2,010,-14,0.0002,2,11564
6,2,010,-15,0.0,0,10843
6,2,010,-16,0.0001,1,10051
6,2,010,-17,0.0,0,8514
6,2,010,-18,0.0,0,14455
6,2,011,18,1.0,22316,22316
6,2,011,17,1.0,9959,9959
6,2,011,16,1.0,10509,10509
6,2,011,15,0.9999,10659,10660
6,2,011,14,0.9995,10602,10607
6,2,011,13,0.9991,9759,9768
6,2,011,12,0.9993,8201,8207
6,2,011,11,0.9985,7322,7333
6,2,011,10,0.9972,6338,6356
6,2,011,9,0.9965,5761,5781
6,2,011,8,0.9914,6009,6061
6,2,011,7,0.9826,6794,6914
6,2,011,6,0.9733,8717,8956
6,2,011,5,0.951,11777,12384
6,2,011,4,0.9107,15846,17400
6,2,011,3,0.8561,20771,24261
6,2,011,2,0.7698,24107,31314
6,2,011,1,0.6537,25022,38280
6,2,011,0,0.488,21830,44736
6,2,011,-1,0.3213,10317,32111
6,2,011,-2,0.2133,5016,23514
6,2,011,-3,0.137,2292,16736
6,2,011,-4,0.081,949,11713
6,2,011,-5,0.0504,443,8781
6,2,011,-6,0.0257,183,7121
6,2,011,-7,0.0149,102,6833
6,2,011,-8,0.0086,62,7221
6,2,011,-9,0.0039,29,7497
6,2,011,-10,0.002,17,8430
6,2,011,-11,0.0018,18,10082
6,2,011,-12,0.0005,5,10543
6,2,011,-13,0.0003,3,11010
6,2,011,-14,0.0,0,11001
6,2,011,-15,0.0001,1,10704
6,2,011,-16,0.0001,1,9825
6,2,011,-17,0.0,0,8498
6,2,011,-18,0.0,0,14883
6,2,100,18,1.0,11553,11553
6,2,100,17,1.0,4845,4845
6,2,100,16,1.0,4959,4959
6,2,100,15,1.0,5240,5240
6,2,100,14,0.9996,4853,4855
6,2,100,13,0.9998,4851,4852
6,2,100,12,0.9993,4283,4286
6,2,100,11,0.9985,3343,3348
6,2,100,10,0.9978,2667,2673
6,2,100,9,0.9966,2620,2629
6,2,100,8,0.9894,2608,2636
6,2,100,7,0.9791,3133,3200
6,2,100,6,0.9637,4066,4219
6,2,100,5,0.9448,5561,5886
6,2,100,4,0.9059,7513,8293
6,2,100,3,0.8558,9422,11010
6,2,100,2,0.7748,10890,14056
6,2,100,1,0.6487,10542,16251
6,2,100,0,0.4788,7974,16653
6,2,100,-1,0.3162,3822,12088
6,2,100,-2,0.1929,1701,8816
6,2,100,-3,0.123,764,6211
6,2,100,-4,0.0717,320,4464
6,2,100,-5,0.0371,128,3448
6,2,100,-6,0.0285,85,2982
6,2,100,-7,0.0121,35,2901
6,2,100,-8,0.0057,19,3349
6,2,100,-9,0.0026,10,3776
6,2,100,-10,0.0017,8,4740
6,2,100,-11,0.0004,2,4961
6,2,100,-12,0.0006,3,5121
6,2,100,-13,0.0,0,5228
6,2,100,-14,0.0,0,5272
6,2,100,-15,0.0,0,5062
6,2,100,-16,0.0,0,4561
6,2,100,-17,0.0,0,3923
6,2,100,-18,0.0,0,5791
6,2,101,18,1.0,21575,21576
6,2,101,17,1.0,8537,8537
6,2,101,16,0.9999,8903,8904
6,2,101,15,1.0,8890,8890
6,2,101,14,1.0,8449,8449
6,2,101,13,0.9997,7958,7960
6,2,101,12,0.9991,6604,6610
6,2,101,11,0.9993,5574,5578
6,2,101,10,0.998,4892,4902
6,2,101,9,0.9961,4566,4584
6,2,101,8,0.9876,4998,5061
6,2,101,7,0.983,5846,5947
6,2,101,6,0.9687,7621,7867
6,2,101,5,0.9482,10405,10973
6,2,101,4,0.917,14174,15457
6,2,101,3,0.8603,17894,20800
6,2,101,2,0.7762,20024,25796
6,2,101,1,0.6616,19835,29979
6,2,101,0,0.5044,15370,30474
6,2,101,-1,0.3323,7297,21959
6,2,101,-2,0.2231,3573,16017
6,2,101,-3,0.1444,1644,11387
6,2,101,-4,0.087,724,8320
6,2,101,-5,0.0449,281,6252
6,2,101,-6,0.0298,160,5376
6,2,101,-7,0.015,80,5350
6,2,101,-8,0.0086,51,5930
6,2,101,-9,0.0037,24,6524
6,2,101,-10,0.0013,10,7621
6,2,101,-11,0.0008,7,8665
6,2,101,-12,0.0006,5,9084
6,2,101,-13,0.0002,2,8998
6,2,101,-14,0.0002,2,9331
6,2,101,-15,0.0,0,8777
6,2,101,-16,0.0,0,7892
6,2,101,-17,0.0,0,6646
6,2,101,-18,0.0,0,10102
6,2,110,18,1.0,10193,10193
6,2,110,17,1.0,4334,4334
6,2,110,16,0.9998,4544,4545
6,2,110,15,1.0,4632,4632
6,2,110,14,0.9998,4375,4376
6,2,110,13,0.9993,4083,4086
6,2,110,12,0.9994,3583,3585
6,2,110,11,0.9979,2791,2797
6,2,110,10,0.9971,2388,2395
6,2,110,9,0.9948,2099,2110
6,2,110,8,0.99,2370,2394
6,2,110,7,0.9861,2691,2729
6,2,110,6,0.9668,3492,3612
6,2,110,5,0.9497,4895,5154
6,2,110,4,0.9153,6655,7271
6,2,110,3,0.8621,8175,9483
6,2,110,2,0.7853,9500,12097
6,2,110,1,0.6671,9086,13621
6,2,110,0,0.5066,7283,14377
6,2,110,-1,0.3577,3646,10192
6,2,110,-2,0.2396,1823,7609
6,2,110,-3,0.1622,881,5433
6,2,110,-4,0.084,330,3930
6,2,110,-5,0.047,133,2832
6,2,110,-6,0.0309,79,2553
6,2,110,-7,0.0137,34,2480
6,2,110,-8,0.0085,24,2809
6,2,110,-9,0.0064,25,3902
6,2,110,-10,0.0014,6,4176
6,2,110,-11,0.0009,4,4473
6,2,110,-12,0.0009,4,4468
6,2,110,-13,0.0002,1,4726
6,2,110,-14,0.0002,1,4575
6,2,110,-15,0.0002,1,4505
6,2,110,-16,0.0,0,4141
6,2,110,-17,0.0,0,3431
6,2,110,-18,0.0,0,5141
6,2,111,18,1.0,13977,13977
6,2,111,17,1.0,5927,5927
6,2,111,16,1.0,6131,6131
6,2,111,15,1.0,6072,6072
6,2,111,14,0.9998,6122,6123
6,2,111,13,0.9998,5625,5626
6,2,111,12,0.9992,4785,4789
6,2,111,11,0.9983,3572,3578
6,2,111,10,0.9987,3045,3049
6,2,111,9,0.9965,2826,2836
6,2,111,8,0.9946,3132,3149
6,2,111,7,0.988,3720,3765
6,2,111,6,0.9797,4917,5019
6,2,111,5,0.957,6739,7042
6,2,111,4,0.9205,8908,9677
6,2,111,3,0.8676,11287,13009
6,2,111,2,0.7923,13002,16411
6,2,111,1,0.6909,13108,18972
6,2,111,0,0.5408,10598,19597
6,2,111,-1,0.3728,5255,14095
6,2,111,-2,0.268,2780,10375
6,2,111,-3,0.1786,1321,7397
6,2,111,-4,0.1191,647,5432
6,2,111,-5,0.0623,254,4079
6,2,111,-6,0.038,132,3472
6,2,111,-7,0.0171,57,3338
6,2,111,-8,0.011,41,3724
6,2,111,-9,0.007,30,4285
6,2,111,-10,0.0036,20,5527
6,2,111,-11,0.0018,11,5968
6,2,111,-12,0.0003,2,6258
6,2,111,-13,0.0003,2,6377
6,2,111,-14,0.0,0,6324
6,2,111,-15,0.0002,1,6161
6,2,111,-16,0.0002,1,5652
6,2,111,-17,0.0,0,4868
6,2,111,-18,0.0,0,6960
5,0,000,18,1.0,123309,123309
5,0,000,17,1.0,65462,65462
5,0,000,16,1.0,74055,74055
5,0,000,15,1.0,79792,79793
5,0,000,14,1.0,82035,82038
5,0,000,13,0.9999,81559,81566
5,0,000,12,0.9999,77860,77871
5,0,000,11,0.9996,73572,73602
5,0,000,10,0.9992,66036,66087
5,0,000,9,0.9983,59010,59110
5,0,000,8,0.9972,54297,54448
5,0,000,7,0.9941,53243,53559
5,0,000,6,0.9881,57909,58605
5,0,000,5,0.9771,70344,71991
5,0,000,4,0.958,93541,97645
5,0,000,3,0.9211,126775,137632
5,0,000,2,0.8638,166102,192302
5,0,000,1,0.7672,197002,256765
5,0,000,0,0.5971,208234,348731
5,0,000,-1,0.4072,119007,292289
5,0,000,-2,0.2716,64629,237921
5,0,000,-3,0.1712,31073,181522
5,0,000,-4,0.1053,13832,131385
5,0,000,-5,0.0639,5996,93824
5,0,000,-6,0.036,2458,68205
5,0,000,-7,0.0219,1161,53095
5,0,000,-8,0.0116,549,47419
5,0,000,-9,0.0062,294,47060
5,0,000,-10,0.0032,163,51118
5,0,000,-11,0.0017,98,58532
5,0,000,-12,0.0008,55,66452
5,0,000,-13,0.0005,37,72834
5,0,000,-14,0.0003,24,77489
5,0,000,-15,0.0001,7,79100
5,0,000,-16,0.0001,7,77067
5,0,000,-17,0.0,3,71908
5,0,000,-18,0.0,5,161087
5,0,001,18,1.0,33544,33544
5,0,001,17,1.0,17848,17848
5,0,001,16,1.0,19996,19996
5,0,001,15,1.0,21520,21520
5,0,001,14,1.0,22029,22029
5,0,001,13,0.9999,21999,22002
5,0,001,12,0.9999,21066,21069
5,0,001,11,0.9999,19304,19306
5,0,001,10,0.9993,17326,17338
5,0,001,9,0.9983,15430,15457
5,0,001,8,0.9973,14273,14312
5,0,001,7,0.9943,14062,14142
5,0,001,6,0.9898,15499,15658
5,0,001,5,0.9791,18581,18977
5,0,001,4,0.9626,25315,26299
5,0,001,3,0.9277,34086,36743
5,0,001,2,0.8758,44994,51375
5,0,001,1,0.7888,53550,67885
5,0,001,0,0.6359,58126,91412
5,0,001,-1,0.4635,35337,76244
5,0,001,-2,0.3282,20438,62275
5,0,001,-3,0.217,10238,47183
5,0,001,-4,0.1366,4640,33962
5,0,001,-5,0.0883,2158,24442
5,0,001,-6,0.0506,903,17851
5,0,001,-7,0.0321,453,14105
5,0,001,-8,0.0182,228,12511
5,0,001,-9,0.0102,126,12338
5,0,001,-10,0.0043,58,13632
5,0,001,-11,0.0028,44,15640
5,0,001,-12,0.0013,22,17587
5,0,001,-13,0.0007,14,19280
5,0,001,-14,0.0005,11,20943
5,0,001,-15,0.0001,2,21492
5,0,001,-16,0.0002,5,20655
5,0,001,-17,0.0001,2,19360
5,0,001,-18,0.0001,3,42472
5,0,010,18,1.0,10392,10392
5,0,010,17,1.0,5253,5253
5,0,010,16,1.0,5795,5795
5,0,010,15,1.0,6139,6139
5,0,010,14,1.0,6279,6279
5,0,010,13,1.0,6210,6210
5,0,010,12,1.0,5989,5989
5,0,010,11,0.9993,5532,5536
5,0,010,10,0.9998,4495,4496
5,0,010,9,0.9985,4020,4026
5,0,010,8,0.9981,3705,3712
5,0,010,7,0.9972,3850,3861
5,0,010,6,0.9906,4319,4360
5,0,010,5,0.9811,5347,5450
5,0,010,4,0.9622,7042,7319
5,0,010,3,0.9362,9676,10335
5,0,010,2,0.8874,12416,13991
5,0,010,1,0.8167,15071,18454
5,0,010,0,0.6774,15718,23204
5,0,010,-1,0.5087,9961,19582
5,0,010,-2,0.3552,5598,15761
5,0,010,-3,0.2387,2848,11933
5,0,010,-4,0.16,1385,8658
5,0,010,-5,0.0948,593,6255
5,0,010,-6,0.0586,269,4594
5,0,010,-7,0.0354,127,3589
5,0,010,-8,0.0192,66,3431
5,0,010,-9,0.013,45,3464
5,0,010,-10,0.0056,21,3782
5,0,010,-11,0.0014,6,4231
5,0,010,-12,0.0023,12,5313
5,0,010,-13,0.0016,9,5655
5,0,010,-14,0.0005,3,5985
5,0,010,-15,0.0002,1,5961
5,0,010,-16,0.0,0,5739
5,0,010,-17,0.0006,3,5346
5,0,010,-18,0.0,0,10927
5,0,011,18,1.0,10353,10353
5,0,011,17,1.0,5438,5438
5,0,011,16,1.0,6034,6034
5,0,011,15,1.0,6448,6448
5,0,011,14,1.0,6570,6570
5,0,011,13,0.9998,6562,6563
5,0,011,12,0.9997,6305,6307
5,0,011,11,0.9997,5764,5766
5,0,011,10,0.9996,4680,4682
5,0,011,9,0.9974,4172,4183
5,0,011,8,0.9984,3845,3851
5,0,011,7,0.9961,3814,3829
5,0,011,6,0.9931,4327,4357
5,0,011,5,0.9823,5263,5358
5,0,011,4,0.9722,7160,7365
5,0,011,3,0.9366,9604,10254
5,0,011,2,0.899,12715,14143
5,0,011,1,0.8237,15201,18455
5,0,011,0,0.7018,17001,24226
5,0,011,-1,0.5476,11061,20198
5,0,011,-2,0.4057,6684,16476
5,0,011,-3,0.2947,3690,12522
5,0,011,-4,0.1921,1718,8941
5,0,011,-5,0.1263,826,6538
5,0,011,-6,0.0847,401,4734
5,0,011,-7,0.0495,186,3756
5,0,011,-8,0.0316,108,3421
5,0,011,-9,0.0136,48,3536
5,0,011,-10,0.0069,26,3770
5,0,011,-11,0.0046,20,4392
5,0,011,-12,0.0029,16,5457
5,0,011,-13,0.0015,9,5819
5,0,011,-14,0.001,6,6219
5,0,011,-15,0.0002,1,6471
5,0,011,-16,0.0002,1,6202
5,0,011,-17,0.0004,2,5683
5,0,011,-18,0.0001,1,11635
5,0,100,18,1.0,3476,3476
5,0,100,17,1.0,1797,1797
5,0,100,16,1.0,1932,1932
5,0,100,15,1.0,1959,1959
5,0,100,14,1.0,2039,2039
5,0,100,13,1.0,1897,1897
5,0,100,12,1.0,1841,1841
5,0,100,11,0.9994,1771,1772
5,0,100,10,1.0,1655,1655
5,0,100,9,0.9994,1545,1546
5,0,100,8,0.998,1016,1018
5,0,100,7,0.9981,1044,1046
5,0,100,6,0.9927,1230,1239
5,0,100,5,0.981,1553,1583
5,0,100,4,0.9707,2054,2116
5,0,100,3,0.9521,2741,2879
5,0,100,2,0.9087,3584,3944
5,0,100,1,0.8457,4230,5002
5,0,100,0,0.7297,4243,5815
5,0,100,-1,0.5549,2629,4738
5,0,100,-2,0.3795,1439,3792
5,0,100,-3,0.2451,696,2840
5,0,100,-4,0.1779,365,2052
5,0,100,-5,0.0939,135,1438
5,0,100,-6,0.0583,68,1167
5,0,100,-7,0.046,44,956
5,0,100,-8,0.017,15,884
5,0,100,-9,0.0071,7,991
5,0,100,-10,0.0054,8,1488
5,0,100,-11,0.0035,6,1692
5,0,100,-12,0.0005,1,1825
5,0,100,-13,0.0016,3,1866
5,0,100,-14,0.0005,1,1893
5,0,100,-15,0.0015,3,1941
5,0,100,-16,0.0006,1,1809
5,0,100,-17,0.0,0,1661
5,0,100,-18,0.0,0,2933
5,0,101,18,1.0,4845,4845
5,0,101,17,1.0,2502,2502
5,0,101,16,1.0,2667,2667
5,0,101,15,1.0,2741,2741
5,0,101,14,1.0,2776,2776
5,0,101,13,1.0,2645,2645
5,0,101,12,1.0,2543,2543
5,0,101,11,1.0,2386,2386
5,0,101,10,1.0,2074,2074
5,0,101,9,1.0,1433,1433
5,0,101,8,0.9954,1289,1295
5,0,101,7,0.9972,1419,1423
5,0,101,6,0.9893,1566,1583
5,0,101,5,0.9878,2024,2049
5,0,101,4,0.9677,2668,2757
5,0,101,3,0.9532,3765,3950
5,0,101,2,0.9134,4852,5312
5,0,101,1,0.8505,5666,6662
5,0,101,0,0.7421,5569,7504
5,0,101,-1,0.5973,3788,6342
5,0,101,-2,0.4355,2135,4902
5,0,101,-3,0.301,1122,3728
5,0,101,-4,0.2115,577,2728
5,0,101,-5,0.1332,263,1974
5,0,101,-6,0.0825,123,1491
5,0,101,-7,0.0721,93,1290
5,0,101,-8,0.0309,37,1199
5,0,101,-9,0.0159,21,1318
5,0,101,-10,0.0091,18,1975
5,0,101,-11,0.0024,5,2126
5,0,101,-12,0.0025,6,2405
5,0,101,-13,0.0024,6,2546
5,0,101,-14,0.0004,1,2605
5,0,101,-15,0.0004,1,2637
5,0,101,-16,0.0,0,2442
5,0,101,-17,0.0,0,2298
5,0,101,-18,0.0,0,3880
5,0,110,18,1.0,4083,4083
5,0,110,17,1.0,2013,2013
5,0,110,16,1.0,2193,2193
5,0,110,15,1.0,2304,2304
5,0,110,14,1.0,2296,2296
5,0,110,13,1.0,2331,2331
5,0,110,12,1.0,2131,2131
5,0,110,11,1.0,1928,1928
5,0,110,10,1.0,1712,1712
5,0,110,9,0.9994,1643,1644
5,0,110,8,0.9972,1078,1081
5,0,110,7,0.9942,1198,1205
5,0,110,6,0.9942,1372,1380
5,0,110,5,0.9888,1764,1784
5,0,110,4,0.9732,2249,2311
5,0,110,3,0.9615,3144,3270
5,0,110,2,0.9165,4082,4454
5,0,110,1,0.8702,4914,5647
5,0,110,0,0.7836,4976,6350
5,0,110,-1,0.6418,3406,5307
5,0,110,-2,0.4844,2032,4195
5,0,110,-3,0.3362,1044,3105
5,0,110,-4,0.2348,522,2223
5,0,110,-5,0.164,276,1683
5,0,110,-6,0.0771,102,1323
5,0,110,-7,0.0636,66,1038
5,0,110,-8,0.0338,36,1066
5,0,110,-9,0.0192,21,1093
5,0,110,-10,0.0075,13,1725
5,0,110,-11,0.0078,15,1916
5,0,110,-12,0.0015,3,1970
5,0,110,-13,0.0024,5,2113
5,0,110,-14,0.0014,3,2190
5,0,110,-15,0.0005,1,2207
5,0,110,-16,0.0005,1,2121
5,0,110,-17,0.0005,1,1866
5,0,110,-18,0.0003,1,3258
5,0,111,18,1.0,5705,5705
5,0,111,17,1.0,2834,2834
5,0,111,16,1.0,3041,3041
5,0,111,15,1.0,3172,3172
5,0,111,14,1.0,3214,3214
5,0,111,13,1.0,3205,3205
5,0,111,12,0.9993,3037,3039
5,0,111,11,1.0,2790,2790
5,0,111,10,1.0,2345,2345
5,0,111,9,1.0,1632,1632
5,0,111,8,0.9986,1448,1450
5,0,111,7,0.9961,1546,1552
5,0,111,6,0.993,1857,1870
5,0,111,5,0.9878,2269,2297
5,0,111,4,0.9818,3077,3134
5,0,111,3,0.9636,4153,4310
5,0,111,2,0.9286,5372,5785
5,0,111,1,0.8762,6540,7464
5,0,111,0,0.7926,6753,8520
5,0,111,-1,0.6675,4719,7070
5,0,111,-2,0.5299,2934,5537
5,0,111,-3,0.3984,1682,4222
5,0,111,-4,0.2839,866,3050
5,0,111,-5,0.1875,445,2373
5,0,111,-6,0.1284,215,1675
5,0,111,-7,0.092,125,1359
5,0,111,-8,0.0553,76,1374
5,0,111,-9,0.0268,42,1569
5,0,111,-10,0.0142,33,2321
5,0,111,-11,0.0091,24,2633
5,0,111,-12,0.0041,12,2914
5,0,111,-13,0.003,9,3007
5,0,111,-14,0.001,3,3148
5,0,111,-15,0.0003,1,3141
5,0,111,-16,0.0003,1,2988
5,0,111,-17,0.0004,1,2628
5,0,111,-18,0.0002,1,4439
5,1,000,18,1.0,95776,95776
5,1,000,17,1.0,46864,46864
5,1,000,16,1.0,52424,52424
5,1,000,15,1.0,56223,56224
5,1,000,14,0.9999,56697,56700
5,1,000,13,0.9999,55954,55958
5,1,000,12,0.9998,53090,53098
5,1,000,11,0.9995,50403,50428
5,1,000,10,0.9991,45236,45276
5,1,000,9,0.9982,40757,40831
5,1,000,8,0.997,38172,38285
5,1,000,7,0.9936,38319,38565
5,1,000,6,0.9869,42782,43349
5,1,000,5,0.9755,52762,54089
5,1,000,4,0.9538,69317,72673
5,1,000,3,0.9134,92363,101118
5,1,000,2,0.8511,116966,137426
5,1,000,1,0.7455,133700,179335
5,1,000,0,0.5604,131233,234186
5,1,000,-1,0.3603,70515,195701
5,1,000,-2,0.2296,36322,158165
5,1,000,-3,0.1395,16836,120700
5,1,000,-4,0.0819,7176,87609
5,1,000,-5,0.0479,3008,62815
5,1,000,-6,0.0255,1173,45969
5,1,000,-7,0.0146,534,36525
5,1,000,-8,0.0074,248,33395
5,1,000,-9,0.0037,125,33528
5,1,000,-10,0.0026,93,36275
5,1,000,-11,0.0011,44,41537
5,1,000,-12,0.0005,23,46741
5,1,000,-13,0.0003,15,50959
5,1,000,-14,0.0002,11,53633
5,1,000,-15,0.0001,4,54107
5,1,000,-16,0.0,1,52892
5,1,000,-17,0.0,0,48534
5,1,000,-18,0.0,0,106078
5,1,001,18,1.0,44066,44066
5,1,001,17,1.0,22121,22121
5,1,001,16,1.0,24574,24574
5,1,001,15,1.0,26133,26133
5,1,001,14,0.9999,26785,26787
5,1,001,13,0.9998,26357,26361
5,1,001,12,0.9999,24546,24549
5,1,001,11,0.9998,22659,22664
5,1,001,10,0.9989,20431,20454
5,1,001,9,0.9982,18386,18420
5,1,001,8,0.9969,17245,17298
5,1,001,7,0.9934,17339,17454
5,1,001,6,0.9874,19290,19536
5,1,001,5,0.9779,23896,24437
5,1,001,4,0.9568,31552,32976
5,1,001,3,0.9193,42358,46075
5,1,001,2,0.8615,54186,62896
5,1,001,1,0.7625,62071,81408
5,1,001,0,0.5916,62899,106325
5,1,001,-1,0.4038,35720,88464
5,1,001,-2,0.2726,19527,71630
5,1,001,-3,0.1715,9337,54446
5,1,001,-4,0.1038,4099,39503
5,1,001,-5,0.063,1777,28215
5,1,001,-6,0.0348,722,20761
5,1,001,-7,0.0205,344,16781
5,1,001,-8,0.01,150,15012
5,1,001,-9,0.0061,93,15221
5,1,001,-10,0.0034,56,16655
5,1,001,-11,0.0017,33,19106
5,1,001,-12,0.0009,19,21262
5,1,001,-13,0.0006,13,23426
5,1,001,-14,0.0002,6,25351
5,1,001,-15,0.0,0,25573
5,1,001,-16,0.0001,3,24740
5,1,001,-17,0.0,1,22901
5,1,001,-18,0.0,1,48454
5,1,010,18,1.0,17871,17871
5,1,010,17,1.0,8097,8097
5,1,010,16,1.0,9062,9062
5,1,010,15,1.0,9368,9368
5,1,010,14,1.0,9275,9275
5,1,010,13,1.0,9144,9144
5,1,010,12,0.9999,8741,8742
5,1,010,11,0.9995,7537,7541
5,1,010,10,0.9997,6677,6679
5,1,010,9,0.9985,5926,5935
5,1,010,8,0.9972,5796,5812
5,1,010,7,0.996,5973,5997
5,1,010,6,0.991,6904,6967
5,1,010,5,0.9796,8611,8790
5,1,010,4,0.9592,11497,11986
5,1,010,3,0.9255,15007,16215
5,1,010,2,0.8726,19117,21908
5,1,010,1,0.7831,21634,27627
5,1,010,0,0.62,20439,32967
5,1,010,-1,0.4349,11884,27326
5,1,010,-2,0.2902,6419,22120
5,1,010,-3,0.1915,3200,16711
5,1,010,-4,0.1176,1416,12040
5,1,010,-5,0.0688,607,8817
5,1,010,-6,0.04,266,6642
5,1,010,-7,0.0207,112,5423
5,1,010,-8,0.0126,65,5145
5,1,010,-9,0.0061,33,5401
5,1,010,-10,0.0037,22,5875
5,1,010,-11,0.0013,9,6817
5,1,010,-12,0.0017,14,8185
5,1,010,-13,0.0006,5,8760
5,1,010,-14,0.0004,4,8954
5,1,010,-15,0.0003,3,9094
5,1,010,-16,0.0,0,8455
5,1,010,-17,0.0001,1,7656
5,1,010,-18,0.0,0,14990
5,1,011,18,1.0,19399,19399
5,1,011,17,1.0,9470,9470
5,1,011,16,0.9999,10367,10368
5,1,011,15,1.0,11140,11140
5,1,011,14,0.9999,11092,11093
5,1,011,13,0.9999,10961,10962
5,1,011,12,0.9998,10419,10421
5,1,011,11,0.9998,8838,8840
5,1,011,10,0.9992,7772,7778
5,1,011,9,0.9981,6871,6884
5,1,011,8,0.998,6479,6492
5,1,011,7,0.9954,6766,6797
5,1,011,6,0.9905,7703,7777
5,1,011,5,0.9817,9658,9838
5,1,011,4,0.9613,12792,13307
5,1,011,3,0.9272,17081,18423
5,1,011,2,0.8768,21495,24516
5,1,011,1,0.7872,24713,31395
5,1,011,0,0.6389,25586,40045
5,1,011,-1,0.4596,15025,32688
5,1,011,-2,0.3325,8801,26466
5,1,011,-3,0.2271,4578,20157
5,1,011,-4,0.1449,2095,14455
5,1,011,-5,0.089,930,10455
5,1,011,-6,0.0516,396,7667
5,1,011,-7,0.0301,188,6248
5,1,011,-8,0.0155,89,5733
5,1,011,-9,0.0104,64,6176
5,1,011,-10,0.0061,41,6761
5,1,011,-11,0.0035,26,7520
5,1,011,-12,0.0018,16,8652
5,1,011,-13,0.0008,8,10008
5,1,011,-14,0.0005,5,10647
5,1,011,-15,0.0001,1,10700
5,1,011,-16,0.0001,1,10221
5,1,011,-17,0.0001,1,9394
5,1,011,-18,0.0,0,18441
5,1,100,18,1.0,7340,7340
5,1,100,17,1.0,3312,3312
5,1,100,16,1.0,3450,3450
5,1,100,15,1.0,3607,3607
5,1,100,14,1.0,3661,3661
5,1,100,13,1.0,3509,3509
5,1,100,12,1.0,3313,3313
5,1,100,11,0.9997,3053,3054
5,1,100,10,0.9996,2322,2323
5,1,100,9,0.9995,2125,2126
5,1,100,8,0.9989,1895,1897
5,1,100,7,0.9966,2053,2060
5,1,100,6,0.989,2419,2446
5,1,100,5,0.979,3123,3190
5,1,100,4,0.9615,4117,4282
5,1,100,3,0.9367,5415,5781
5,1,100,2,0.8905,6703,7527
5,1,100,1,0.809,7508,9281
5,1,100,0,0.6705,6695,9985
5,1,100,-1,0.4754,3947,8302
5,1,100,-2,0.3137,2072,6604
5,1,100,-3,0.2067,1032,4993
5,1,100,-4,0.1257,458,3643
5,1,100,-5,0.0731,188,2571
5,1,100,-6,0.046,94,2043
5,1,100,-7,0.0238,40,1681
5,1,100,-8,0.0129,22,1711
5,1,100,-9,0.007,13,1860
5,1,100,-10,0.0033,9,2766
5,1,100,-11,0.002,6,3044
5,1,100,-12,0.0006,2,3257
5,1,100,-13,0.0006,2,3373
5,1,100,-14,0.0009,3,3451
5,1,100,-15,0.0003,1,3476
5,1,100,-16,0.0,0,3255
5,1,100,-17,0.0007,2,2894
5,1,100,-18,0.0,0,4845
5,1,101,18,1.0,10925,10925
5,1,101,17,1.0,4884,4884
5,1,101,16,1.0,5342,5342
5,1,101,15,0.9998,5545,5546
5,1,101,14,1.0,5481,5481
5,1,101,13,1.0,5291,5291
5,1,101,12,1.0,4932,4932
5,1,101,11,1.0,4450,4450
5,1,101,10,0.9997,3490,3491
5,1,101,9,0.999,2945,2948
5,1,101,8,0.9979,2879,2885
5,1,101,7,0.9955,3098,3112
5,1,101,6,0.9908,3573,3606
5,1,101,5,0.9806,4559,4649
5,1,101,4,0.9647,6223,6451
5,1,101,3,0.9394,8128,8652
5,1,101,2,0.889,10164,11433
5,1,101,1,0.8167,11213,13730
5,1,101,0,0.6845,10611,15501
5,1,101,-1,0.5062,6404,12652
5,1,101,-2,0.3449,3463,10040
5,1,101,-3,0.2425,1845,7608
5,1,101,-4,0.162,898,5542
5,1,101,-5,0.0945,383,4052
5,1,101,-6,0.0681,215,3158
5,1,101,-7,0.0302,81,2686
5,1,101,-8,0.0218,57,2610
5,1,101,-9,0.0104,29,2791
5,1,101,-10,0.006,21,3480
5,1,101,-11,0.0016,7,4397
5,1,101,-12,0.0025,12,4854
5,1,101,-13,0.0002,1,5079
5,1,101,-14,0.0002,1,5118
5,1,101,-15,0.0002,1,5030
5,1,101,-16,0.0002,1,4731
5,1,101,-17,0.0002,1,4302
5,1,101,-18,0.0001,1,7266
5,1,110,18,1.0,8929,8929
5,1,110,17,1.0,3931,3931
5,1,110,16,1.0,4196,4196
5,1,110,15,1.0,4313,4313
5,1,110,14,0.9998,4347,4348
5,1,110,13,1.0,4257,4257
5,1,110,12,1.0,3907,3907
5,1,110,11,1.0,3529,3529
5,1,110,10,1.0,2640,2640
5,1,110,9,0.9992,2534,2536
5,1,110,8,0.9969,2218,2225
5,1,110,7,0.9964,2488,2497
5,1,110,6,0.9933,2953,2973
5,1,110,5,0.9878,3819,3866
5,1,110,4,0.9687,4895,5053
5,1,110,3,0.9458,6631,7011
5,1,110,2,0.8951,8327,9303
5,1,110,1,0.8349,9308,11148
5,1,110,0,0.7131,8639,12114
5,1,110,-1,0.5494,5515,10038
5,1,110,-2,0.4012,3139,7825
5,1,110,-3,0.2651,1591,6002
5,1,110,-4,0.1674,715,4272
5,1,110,-5,0.123,393,3195
5,1,110,-6,0.0654,162,2476
5,1,110,-7,0.0427,87,2038
5,1,110,-8,0.0228,47,2059
5,1,110,-9,0.0136,30,2199
5,1,110,-10,0.0061,17,2784
5,1,110,-11,0.0022,8,3596
5,1,110,-12,0.001,4,3891
5,1,110,-13,0.0012,5,4147
5,1,110,-14,0.0005,2,4216
5,1,110,-15,0.0,0,4165
5,1,110,-16,0.0,0,3958
5,1,110,-17,0.0003,1,3483
5,1,110,-18,0.0,0,5672
5,1,111,18,1.0,12995,12995
5,1,111,17,1.0,5771,5771
5,1,111,16,1.0,6188,6188
5,1,111,15,1.0,6476,6476
5,1,111,14,1.0,6348,6348
5,1,111,13,1.0,6160,6160
5,1,111,12,0.9998,5817,5818
5,1,111,11,0.9996,4976,4978
5,1,111,10,1.0,3887,3887
5,1,111,9,0.9991,3370,3373
5,1,111,8,0.9981,3171,3177
5,1,111,7,0.9961,3550,3564
5,1,111,6,0.9919,4187,4221
5,1,111,5,0.9845,5472,5558
5,1,111,4,0.9674,7295,7541
5,1,111,3,0.9451,9447,9996
5,1,111,2,0.9024,11748,13018
5,1,111,1,0.8352,13234,15846
5,1,111,0,0.7182,12642,17602
5,1,111,-1,0.5595,8115,14505
5,1,111,-2,0.4262,4853,11386
5,1,111,-3,0.308,2631,8542
5,1,111,-4,0.2027,1224,6037
5,1,111,-5,0.1341,627,4677
5,1,111,-6,0.0932,323,3466
5,1,111,-7,0.0562,167,2969
5,1,111,-8,0.032,95,2966
5,1,111,-9,0.0212,70,3296
5,1,111,-10,0.0091,36,3956
5,1,111,-11,0.0059,29,4957
5,1,111,-12,0.0029,16,5538
5,1,111,-13,0.0008,5,5991
5,1,111,-14,0.0008,5,6109
5,1,111,-15,0.0003,2,6070
5,1,111,-16,0.0002,1,5710
5,1,111,-17,0.0002,1,4973
5,1,111,-18,0.0,0,8130
5,2,000,18,1.0,87181,87181
5,2,000,17,1.0,38105,38105
5,2,000,16,1.0,41863,41863
5,2,000,15,1.0,44435,44436
5,2,000,14,1.0,43760,43762
5,2,000,13,0.9999,42892,42895
5,2,000,12,0.9999,40693,40699
5,2,000,11,0.9994,38401,38424
5,2,000,10,0.9992,34656,34685
5,2,000,9,0.9982,31848,31907
5,2,000,8,0.9969,30605,30701
5,2,000,7,0.9929,31756,31984
5,2,000,6,0.9854,36370,36907
5,2,000,5,0.9727,44956,46219
5,2,000,4,0.9502,59180,62282
5,2,000,3,0.9075,76415,84205
5,2,000,2,0.8398,92585,110249
5,2,000,1,0.729,101703,139516
5,2,000,0,0.5271,91621,173830
5,2,000,-1,0.3196,46169,144473
5,2,000,-2,0.1957,22763,116339
5,2,000,-3,0.1146,10113,88232
5,2,000,-4,0.0645,4146,64314
5,2,000,-5,0.0369,1722,46642
5,2,000,-6,0.0184,639,34808
5,2,000,-7,0.0106,299,28200
5,2,000,-8,0.0054,143,26621
5,2,000,-9,0.0026,69,27057
5,2,000,-10,0.0018,52,29621
5,2,000,-11,0.0005,16,33369
5,2,000,-12,0.0003,10,37215
5,2,000,-13,0.0001,5,40121
5,2,000,-14,0.0001,5,41920
5,2,000,-15,0.0001,3,42062
5,2,000,-16,0.0,1,40343
5,2,000,-17,0.0,0,36470
5,2,000,-18,0.0,0,77320
5,2,001,18,1.0,52992,52992
5,2,001,17,1.0,23593,23593
5,2,001,16,1.0,25965,25965
5,2,001,15,1.0,27077,27078
5,2,001,14,1.0,27080,27080
5,2,001,13,1.0,25807,25808
5,2,001,12,0.9998,24114,24118
5,2,001,11,0.9995,22265,22276
5,2,001,10,0.999,20045,20065
5,2,001,9,0.9981,18399,18434
5,2,001,8,0.9971,17694,17745
5,2,001,7,0.9931,18585,18714
5,2,001,6,0.9856,21266,21577
5,2,001,5,0.9748,26618,27306
5,2,001,4,0.9519,34944,36710
5,2,001,3,0.9091,45463,50007
5,2,001,2,0.8471,55881,65970
5,2,001,1,0.7404,61076,82489
5,2,001,0,0.5475,55381,101144
5,2,001,-1,0.35,29433,84089
5,2,001,-2,0.2223,15010,67516
5,2,001,-3,0.1339,6832,51040
5,2,001,-4,0.0741,2761,37237
5,2,001,-5,0.0458,1233,26918
5,2,001,-6,0.0227,459,20259
5,2,001,-7,0.0122,204,16758
5,2,001,-8,0.0067,103,15481
5,2,001,-9,0.0035,57,16150
5,2,001,-10,0.0022,39,17827
5,2,001,-11,0.0005,11,20150
5,2,001,-12,0.0006,14,22355
5,2,001,-13,0.0002,5,24109
5,2,001,-14,0.0001,3,25744
5,2,001,-15,0.0,1,25749
5,2,001,-16,0.0,1,24778
5,2,001,-17,0.0,1,22247
5,2,001,-18,0.0,0,45214
5,2,010,18,1.0,29383,29383
5,2,010,17,1.0,11510,11510
5,2,010,16,1.0,12697,12697
5,2,010,15,1.0,12836,12836
5,2,010,14,1.0,12605,12605
5,2,010,13,1.0,12154,12154
5,2,010,12,0.9998,10784,10786
5,2,010,11,0.9996,9585,9589
5,2,010,10,0.9991,8701,8709
5,2,010,9,0.9982,8112,8127
5,2,010,8,0.997,8326,8351
5,2,010,7,0.993,8801,8863
5,2,010,6,0.9877,10510,10641
5,2,010,5,0.9756,13454,13791
5,2,010,4,0.9545,17522,18358
5,2,010,3,0.9121,22215,24355
5,2,010,2,0.8514,26391,30997
5,2,010,1,0.7486,27855,37208
5,2,010,0,0.5604,23133,41279
5,2,010,-1,0.3657,12378,33845
5,2,010,-2,0.2349,6352,27044
5,2,010,-3,0.1414,2871,20304
5,2,010,-4,0.0808,1205,14912
5,2,010,-5,0.0471,510,10827
5,2,010,-6,0.0243,201,8270
5,2,010,-7,0.0146,104,7136
5,2,010,-8,0.007,50,7155
5,2,010,-9,0.0036,28,7722
5,2,010,-10,0.0023,20,8679
5,2,010,-11,0.0009,9,9828
5,2,010,-12,0.0005,6,11053
5,2,010,-13,0.0002,2,12156
5,2,010,-14,0.0002,2,12366
5,2,010,-15,0.0,0,12341
5,2,010,-16,0.0,0,10958
5,2,010,-17,0.0,0,9737
5,2,010,-18,0.0,0,17699
5,2,011,18,1.0,25053,25053
5,2,011,17,1.0,10966,10966
5,2,011,16,0.9999,11973,11974
5,2,011,15,1.0,12174,12174
5,2,011,14,0.9999,12342,12343
5,2,011,13,1.0,11801,11801
5,2,011,12,0.9998,10411,10413
5,2,011,11,0.9997,9202,9205
5,2,011,10,0.9993,8215,8221
5,2,011,9,0.9985,7531,7542
5,2,011,8,0.9977,7463,7480
5,2,011,7,0.9937,7918,7968
5,2,011,6,0.9882,9340,9452
5,2,011,5,0.978,11670,11933
5,2,011,4,0.954,15229,15963
5,2,011,3,0.9171,19959,21764
5,2,011,2,0.8563,24083,28123
5,2,011,1,0.7573,26112,34480
5,2,011,0,0.5757,23680,41131
5,2,011,-1,0.3881,12936,33330
5,2,011,-2,0.2644,7039,26620
5,2,011,-3,0.1687,3421,20284
5,2,011,-4,0.1003,1512,15068
5,2,011,-5,0.0608,653,10743
5,2,011,-6,0.0275,220,7997
5,2,011,-7,0.0178,122,6863
5,2,011,-8,0.0102,66,6457
5,2,011,-9,0.0048,33,6945
5,2,011,-10,0.0027,21,7709
5,2,011,-11,0.0017,15,8642
5,2,011,-12,0.0006,6,9838
5,2,011,-13,0.0004,4,11389
5,2,011,-14,0.0002,2,11764
5,2,011,-15,0.0,0,11474
5,2,011,-16,0.0,0,11068
5,2,011,-17,0.0001,1,9886
5,2,011,-18,0.0,0,18485
5,2,100,18,1.0,12789,12789
5,2,100,17,1.0,5462,5462
5,2,100,16,1.0,5572,5572
5,2,100,15,1.0,5691,5691
5,2,100,14,1.0,5704,5704
5,2,100,13,0.9998,5473,5474
5,2,100,12,1.0,5187,5187
5,2,100,11,0.9998,4111,4112
5,2,100,10,1.0,3441,3441
5,2,100,9,0.9975,3206,3214
5,2,100,8,0.9975,3134,3142
5,2,100,7,0.9945,3416,3435
5,2,100,6,0.9866,4357,4416
5,2,100,5,0.9738,5281,5423
5,2,100,4,0.954,7138,7482
5,2,100,3,0.9129,9127,9998
5,2,100,2,0.8598,10880,12654
5,2,100,1,0.7595,11258,14823
5,2,100,0,0.5799,9091,15677
5,2,100,-1,0.376,4822,12824
5,2,100,-2,0.2442,2484,10171
5,2,100,-3,0.1477,1112,7528
5,2,100,-4,0.0911,507,5567
5,2,100,-5,0.046,185,4020
5,2,100,-6,0.0207,67,3231
5,2,100,-7,0.013,37,2842
5,2,100,-8,0.0078,22,2825
5,2,100,-9,0.0036,11,3083
5,2,100,-10,0.0016,6,3860
5,2,100,-11,0.0008,4,4791
5,2,100,-12,0.0004,2,5267
5,2,100,-13,0.0004,2,5377
5,2,100,-14,0.0004,2,5455
5,2,100,-15,0.0002,1,5442
5,2,100,-16,0.0,0,5028
5,2,100,-17,0.0,0,4358
5,2,100,-18,0.0,0,7229
5,2,101,18,1.0,24016,24016
5,2,101,17,1.0,9446,9446
5,2,101,16,1.0,10079,10079
5,2,101,15,1.0,10032,10032
5,2,101,14,1.0,9851,9851
5,2,101,13,0.9999,9403,9404
5,2,101,12,0.9998,8195,8197
5,2,101,11,0.9999,7168,7169
5,2,101,10,0.9988,6489,6497
5,2,101,9,0.9985,5855,5864
5,2,101,8,0.9978,5862,5875
5,2,101,7,0.9952,6574,6606
5,2,101,6,0.9879,8050,8149
5,2,101,5,0.9751,10315,10578
5,2,101,4,0.9541,13589,14242
5,2,101,3,0.9214,17034,18488
5,2,101,2,0.8588,19890,23161
5,2,101,1,0.766,20683,27003
5,2,101,0,0.5935,17212,29003
5,2,101,-1,0.4028,9452,23465
5,2,101,-2,0.2681,4980,18574
5,2,101,-3,0.1706,2380,13951
5,2,101,-4,0.0988,1005,10173
5,2,101,-5,0.0576,437,7590
5,2,101,-6,0.0377,225,5962
5,2,101,-7,0.0156,81,5203
5,2,101,-8,0.01,52,5178
5,2,101,-9,0.0058,33,5704
5,2,101,-10,0.0025,17,6749
5,2,101,-11,0.0013,10,7750
5,2,101,-12,0.0008,7,9041
5,2,101,-13,0.0003,3,9496
5,2,101,-14,0.0,0,9659
5,2,101,-15,0.0,0,9319
5,2,101,-16,0.0,0,8573
5,2,101,-17,0.0,0,7521
5,2,101,-18,0.0,0,12597
5,2,110,18,1.0,11394,11394
5,2,110,17,1.0,4709,4709
5,2,110,16,1.0,4947,4947
5,2,110,15,1.0,5097,5097
5,2,110,14,1.0,4966,4966
5,2,110,13,1.0,4818,4818
5,2,110,12,1.0,4393,4393
5,2,110,11,1.0,4069,4069
5,2,110,10,0.9993,2892,2894
5,2,110,9,0.9986,2789,2793
5,2,110,8,0.9966,2625,2634
5,2,110,7,0.9926,3085,3108
5,2,110,6,0.991,3646,3679
5,2,110,5,0.9766,4709,4822
5,2,110,4,0.9585,6101,6365
5,2,110,3,0.9203,7854,8534
5,2,110,2,0.8619,9265,10749
5,2,110,1,0.7698,9751,12667
5,2,110,0,0.6058,7976,13165
5,2,110,-1,0.4164,4460,10710
5,2,110,-2,0.2834,2458,8674
5,2,110,-3,0.1839,1170,6362
5,2,110,-4,0.1139,546,4794
5,2,110,-5,0.0701,244,3481
5,2,110,-6,0.0288,80,2780
5,2,110,-7,0.0225,53,2354
5,2,110,-8,0.0137,33,2404
5,2,110,-9,0.0044,12,2698
5,2,110,-10,0.0045,14,3088
5,2,110,-11,0.0012,5,4312
5,2,110,-12,0.0007,3,4615
5,2,110,-13,0.0,0,4829
5,2,110,-14,0.0,0,4794
5,2,110,-15,0.0,0,4891
5,2,110,-16,0.0,0,4451
5,2,110,-17,0.0,0,3900
5,2,110,-18,0.0,0,6077
5,2,111,18,1.0,15463,15463
5,2,111,17,1.0,6536,6536
5,2,111,16,1.0,6950,6950
5,2,111,15,1.0,7099,7099
5,2,111,14,1.0,6990,6990
5,2,111,13,1.0,6625,6625
5,2,111,12,0.9997,5999,6001
5,2,111,11,0.9996,4707,4709
5,2,111,10,0.9998,4053,4054
5,2,111,9,0.9984,3697,3703
5,2,111,8,0.9981,3641,3648
5,2,111,7,0.9938,4142,4168
5,2,111,6,0.9883,4903,4961
5,2,111,5,0.9808,6474,6601
5,2,111,4,0.9545,8367,8766
5,2,111,3,0.9273,10743,11585
5,2,111,2,0.8707,12691,14576
5,2,111,1,0.7799,13547,17371
5,2,111,0,0.6209,11599,18682
5,2,111,-1,0.449,6811,15170
5,2,111,-2,0.323,3841,11892
5,2,111,-3,0.2174,1959,9011
5,2,111,-4,0.1385,903,6520
5,2,111,-5,0.0864,411,4757
5,2,111,-6,0.0463,171,3692
5,2,111,-7,0.022,71,3227
5,2,111,-8,0.0169,55,3252
5,2,111,-9,0.0093,33,3563
5,2,111,-10,0.0048,21,4355
5,2,111,-11,0.0025,14,5534
5,2,111,-12,0.0014,9,6332
5,2,111,-13,0.0009,6,6780
5,2,111,-14,0.0003,2,6658
5,2,111,-15,0.0002,1,6655
5,2,111,-16,0.0002,1,6070
5,2,111,-17,0.0004,2,5408
5,2,111,-18,0.0,0,8605
4,0,000,18,1.0,151174,151174
4,0,000,17,1.0,74524,74525
4,0,000,16,1.0,82846,82847
4,0,000,15,1.0,86746,86748
4,0,000,14,0.9999,86530,86537
4,0,000,13,0.9999,82668,82676
4,0,000,12,0.9998,76255,76269
4,0,000,11,0.9996,68135,68163
4,0,000,10,0.9989,59238,59303
4,0,000,9,0.9981,53315,53415
4,0,000,8,0.9958,51054,51271
4,0,000,7,0.9917,54216,54670
4,0,000,6,0.9849,65415,66418
4,0,000,5,0.9706,85385,87969
4,0,000,4,0.9449,114081,120730
4,0,000,3,0.901,147786,164021
4,0,000,2,0.8273,177583,214644
4,0,000,1,0.7112,188183,264588
4,0,000,0,0.5007,156967,313499
4,0,000,-1,0.2873,75570,263039
4,0,000,-2,0.1702,36052,211783
4,0,000,-3,0.0998,16226,162615
4,0,000,-4,0.0541,6548,121071
4,0,000,-5,0.0288,2616,90723
4,0,000,-6,0.0152,1087,71492
4,0,000,-7,0.0076,471,61797
4,0,000,-8,0.0035,203,58751
4,0,000,-9,0.002,122,60262
4,0,000,-10,0.0011,70,65994
4,0,000,-11,0.0005,35,73951
4,0,000,-12,0.0002,13,81370
4,0,000,-13,0.0001,9,87979
4,0,000,-14,0.0,4,90425
4,0,000,-15,0.0,1,90413
4,0,000,-16,0.0,1,87616
4,0,000,-17,0.0,0,79757
4,0,000,-18,0.0,0,181900
4,0,001,18,1.0,41433,41433
4,0,001,17,1.0,20242,20242
4,0,001,16,1.0,22386,22387
4,0,001,15,0.9999,23451,23453
4,0,001,14,0.9999,23145,23147
4,0,001,13,0.9999,21540,21542
4,0,001,12,0.9999,19887,19888
4,0,001,11,0.9999,17810,17812
4,0,001,10,0.9985,15571,15594
4,0,001,9,0.9981,13901,13927
4,0,001,8,0.9962,13597,13649
4,0,001,7,0.9922,14437,14551
4,0,001,6,0.9884,17431,17636
4,0,001,5,0.9737,22744,23359
4,0,001,4,0.9504,30724,32326
4,0,001,3,0.9125,39675,43480
4,0,001,2,0.8443,48091,56961
4,0,001,1,0.7372,51148,69377
4,0,001,0,0.5536,45434,82077
4,0,001,-1,0.3518,24104,68523
4,0,001,-2,0.2307,12744,55247
4,0,001,-3,0.14,5949,42479
4,0,001,-4,0.0809,2556,31608
4,0,001,-5,0.0452,1067,23615
4,0,001,-6,0.0251,472,18789
4,0,001,-7,0.0121,197,16308
4,0,001,-8,0.0064,99,15454
4,0,001,-9,0.0038,60,15967
4,0,001,-10,0.0018,31,17429
4,0,001,-11,0.0008,16,19603
4,0,001,-12,0.0004,8,21331
4,0,001,-13,0.0002,4,23415
4,0,001,-14,0.0001,3,24414
4,0,001,-15,0.0,0,24147
4,0,001,-16,0.0,1,23507
4,0,001,-17,0.0,0,21475
4,0,001,-18,0.0,0,48062
4,0,010,18,1.0,12365,12365
4,0,010,17,1.0,5874,5874
4,0,010,16,1.0,6396,6396
4,0,010,15,1.0,6539,6539
4,0,010,14,1.0,6617,6617
4,0,010,13,0.9998,6361,6362
4,0,010,12,0.9994,5281,5284
4,0,010,11,0.9989,4665,4670
4,0,010,10,0.9998,4207,4208
4,0,010,9,0.9997,3610,3611
4,0,010,8,0.9971,3737,3748
4,0,010,7,0.993,3964,3992
4,0,010,6,0.9875,4963,5026
4,0,010,5,0.9775,6427,6575
4,0,010,4,0.9595,8563,8924
4,0,010,3,0.9229,11029,11951
4,0,010,2,0.8653,13292,15361
4,0,010,1,0.7671,14288,18627
4,0,010,0,0.5971,12440,20834
4,0,010,-1,0.4039,7159,17724
4,0,010,-2,0.2562,3579,13970
4,0,010,-3,0.1565,1693,10818
4,0,010,-4,0.0924,739,7995
4,0,010,-5,0.0487,294,6031
4,0,010,-6,0.026,126,4854
4,0,010,-7,0.0152,66,4346
4,0,010,-8,0.0073,31,4253
4,0,010,-9,0.0035,15,4320
4,0,010,-10,0.0023,11,4775
4,0,010,-11,0.0011,6,5414
4,0,010,-12,0.0005,3,6439
4,0,010,-13,0.0004,3,6809
4,0,010,-14,0.0001,1,6875
4,0,010,-15,0.0,0,6893
4,0,010,-16,0.0,0,6491
4,0,010,-17,0.0,0,5887
4,0,010,-18,0.0,0,12377
4,0,011,18,1.0,12334,12334
4,0,011,17,1.0,6083,6083
4,0,011,16,1.0,6661,6661
4,0,011,15,1.0,6999,6999
4,0,011,14,1.0,6955,6955
4,0,011,13,0.9998,6546,6547
4,0,011,12,1.0,6011,6011
4,0,011,11,0.9994,4851,4854
4,0,011,10,0.9991,4274,4278
4,0,011,9,0.9992,3805,3808
4,0,011,8,0.9979,3754,3762
4,0,011,7,0.9936,4041,4067
4,0,011,6,0.9892,4838,4891
4,0,011,5,0.9788,6403,6542
4,0,011,4,0.9611,8777,9132
4,0,011,3,0.9284,11327,12201
4,0,011,2,0.8748,13776,15747
4,0,011,1,0.7788,14816,19023
4,0,011,0,0.6319,13866,21944
4,0,011,-1,0.4522,8280,18309
4,0,011,-2,0.3152,4655,14770
4,0,011,-3,0.2097,2373,11317
4,0,011,-4,0.1265,1065,8419
4,0,011,-5,0.0747,465,6226
4,0,011,-6,0.0433,220,5085
4,0,011,-7,0.0215,95,4425
4,0,011,-8,0.0128,55,4301
4,0,011,-9,0.007,31,4424
4,0,011,-10,0.0029,14,4837
4,0,011,-11,0.0015,8,5413
4,0,011,-12,0.0009,6,6428
4,0,011,-13,0.0003,2,7001
4,0,011,-14,0.0001,1,7288
4,0,011,-15,0.0,0,7189
4,0,011,-16,0.0001,1,6926
4,0,011,-17,0.0,0,6336
4,0,011,-18,0.0,0,13015
4,0,100,18,1.0,4088,4088
4,0,100,17,1.0,1952,1952
4,0,100,16,1.0,2068,2068
4,0,100,15,1.0,2046,2046
4,0,100,14,1.0,2042,2042
4,0,100,13,1.0,1965,1965
4,0,100,12,1.0,1771,1771
4,0,100,11,0.9994,1702,1703
4,0,100,10,1.0,1544,1544
4,0,100,9,1.0,1013,1013
4,0,100,8,0.996,1007,1011
4,0,100,7,0.992,1112,1121
4,0,100,6,0.9902,1421,1435
4,0,100,5,0.9839,1896,1927
4,0,100,4,0.9594,2413,2515
4,0,100,3,0.9367,3195,3411
4,0,100,2,0.8881,3690,4155
4,0,100,1,0.804,3864,4806
4,0,100,0,0.6674,3361,5036
4,0,100,-1,0.4656,1909,4100
4,0,100,-2,0.2608,884,3389
4,0,100,-3,0.1714,449,2619
4,0,100,-4,0.0932,185,1984
4,0,100,-5,0.0452,67,1482
4,0,100,-6,0.0358,42,1174
4,0,100,-7,0.0154,17,1103
4,0,100,-8,0.0064,7,1088
4,0,100,-9,0.0029,5,1709
4,0,100,-10,0.0005,1,1859
4,0,100,-11,0.0,0,1953
4,0,100,-12,0.001,2,2021
4,0,100,-13,0.0009,2,2134
4,0,100,-14,0.0005,1,2157
4,0,100,-15,0.0005,1,2155
4,0,100,-16,0.0,0,1940
4,0,100,-17,0.0,0,1785
4,0,100,-18,0.0,0,3284
4,0,101,18,1.0,5520,5520
4,0,101,17,1.0,2685,2685
4,0,101,16,1.0,2716,2716
4,0,101,15,1.0,2812,2812
4,0,101,14,1.0,2893,2893
4,0,101,13,1.0,2573,2573
4,0,101,12,0.9996,2384,2385
4,0,101,11,1.0,2120,2120
4,0,101,10,0.9972,1445,1449
4,0,101,9,0.9992,1210,1211
4,0,101,8,0.9985,1332,1334
4,0,101,7,0.9961,1530,1536
4,0,101,6,0.9915,1868,1884
4,0,101,5,0.9819,2390,2434
4,0,101,4,0.967,3220,3330
4,0,101,3,0.9408,4213,4478
4,0,101,2,0.8869,4955,5587
4,0,101,1,0.8151,5233,6420
4,0,101,0,0.677,4596,6789
4,0,101,-1,0.5003,2845,5687
4,0,101,-2,0.3363,1500,4460
4,0,101,-3,0.2296,775,3375
4,0,101,-4,0.1412,361,2556
4,0,101,-5,0.0833,167,2006
4,0,101,-6,0.047,76,1616
4,0,101,-7,0.0288,43,1492
4,0,101,-8,0.0138,22,1591
4,0,101,-9,0.0083,14,1691
4,0,101,-10,0.0056,13,2320
4,0,101,-11,0.0024,6,2468
4,0,101,-12,0.0004,1,2773
4,0,101,-13,0.001,3,2895
4,0,101,-14,0.0,0,2943
4,0,101,-15,0.0,0,2914
4,0,101,-16,0.0,0,2677
4,0,101,-17,0.0,0,2404
4,0,101,-18,0.0,0,4257
4,0,110,18,1.0,4642,4642
4,0,110,17,1.0,2178,2178
4,0,110,16,1.0,2333,2333
4,0,110,15,1.0,2387,2387
4,0,110,14,1.0,2295,2295
4,0,110,13,1.0,2124,2124
4,0,110,12,1.0,1953,1953
4,0,110,11,1.0,1857,1857
4,0,110,10,0.9992,1188,1189
4,0,110,9,0.997,1004,1007
4,0,110,8,0.9954,1073,1078
4,0,110,7,0.9975,1217,1220
4,0,110,6,0.995,1586,1594
4,0,110,5,0.9838,2071,2105
4,0,110,4,0.97,2780,2866
4,0,110,3,0.9512,3511,3691
4,0,110,2,0.9055,4186,4623
4,0,110,1,0.841,4469,5314
4,0,110,0,0.7254,4225,5824
4,0,110,-1,0.546,2593,4749
4,0,110,-2,0.4117,1556,3779
4,0,110,-3,0.2493,722,2896
4,0,110,-4,0.1525,324,2125
4,0,110,-5,0.0981,166,1692
4,0,110,-6,0.0554,78,1408
4,0,110,-7,0.028,35,1248
4,0,110,-8,0.0206,25,1211
4,0,110,-9,0.0071,13,1830
4,0,110,-10,0.0069,14,2028
4,0,110,-11,0.0027,6,2187
4,0,110,-12,0.0,0,2285
4,0,110,-13,0.0004,1,2426
4,0,110,-14,0.0004,1,2460
4,0,110,-15,0.0,0,2396
4,0,110,-16,0.0,0,2252
4,0,110,-17,0.0,0,1981
4,0,110,-18,0.0,0,3540
4,0,111,18,1.0,6447,6447
4,0,111,17,1.0,3037,3037
4,0,111,16,1.0,3300,3300
4,0,111,15,1.0,3299,3299
4,0,111,14,1.0,3332,3332
4,0,111,13,1.0,3040,3040
4,0,111,12,1.0,2813,2813
4,0,111,11,1.0,2367,2367
4,0,111,10,0.9994,1589,1590
4,0,111,9,1.0,1476,1476
4,0,111,8,0.9966,1485,1490
4,0,111,7,0.9965,1719,1725
4,0,111,6,0.9916,2132,2150
4,0,111,5,0.9855,2791,2832
4,0,111,4,0.9764,3771,3862
4,0,111,3,0.9562,4845,5067
4,0,111,2,0.9136,5740,6283
4,0,111,1,0.8515,6238,7326
4,0,111,0,0.7406,5805,7838
4,0,111,-1,0.5861,3790,6466
4,0,111,-2,0.434,2167,4993
4,0,111,-3,0.3138,1223,3897
4,0,111,-4,0.2085,625,2997
4,0,111,-5,0.1317,289,2195
4,0,111,-6,0.077,141,1830
4,0,111,-7,0.0414,71,1717
4,0,111,-8,0.0239,43,1797
4,0,111,-9,0.012,24,2002
4,0,111,-10,0.0072,20,2770
4,0,111,-11,0.0037,11,2940
4,0,111,-12,0.0018,6,3286
4,0,111,-13,0.0014,5,3522
4,0,111,-14,0.0003,1,3558
4,0,111,-15,0.0,0,3375
4,0,111,-16,0.0003,1,3227
4,0,111,-17,0.0,0,2966
4,0,111,-18,0.0,0,4840
4,1,000,18,1.0,115747,115747
4,1,000,17,1.0,52750,52751
4,1,000,16,1.0,58078,58078
4,1,000,15,1.0,59769,59769
4,1,000,14,0.9999,59468,59473
4,1,000,13,0.9999,56392,56398
4,1,000,12,0.9998,51943,51954
4,1,000,11,0.9995,46467,46490
4,1,000,10,0.9989,40613,40656
4,1,000,9,0.9978,37381,37464
4,1,000,8,0.9954,36288,36457
4,1,000,7,0.9913,39713,40062
4,1,000,6,0.983,48357,49191
4,1,000,5,0.9676,63067,65178
4,1,000,4,0.9398,82706,88002
4,1,000,3,0.8911,105103,117945
4,1,000,2,0.8111,122460,150986
4,1,000,1,0.6859,125475,182927
4,1,000,0,0.4535,95323,210202
4,1,000,-1,0.233,40998,175948
4,1,000,-2,0.1291,18247,141295
4,1,000,-3,0.0714,7725,108163
4,1,000,-4,0.0355,2867,80833
4,1,000,-5,0.0184,1128,61191
4,1,000,-6,0.0091,444,48829
4,1,000,-7,0.0047,203,42814
4,1,000,-8,0.0019,79,41429
4,1,000,-9,0.0009,39,42786
4,1,000,-10,0.0006,28,46731
4,1,000,-11,0.0002,13,52009
4,1,000,-12,0.0001,3,57085
4,1,000,-13,0.0,1,60890
4,1,000,-14,0.0,0,62432
4,1,000,-15,0.0,0,62242
4,1,000,-16,0.0,0,59849
4,1,000,-17,0.0,0,53689
4,1,000,-18,0.0,0,119763
4,1,001,18,1.0,53830,53830
4,1,001,17,1.0,24881,24882
4,1,001,16,1.0,27473,27474
4,1,001,15,0.9999,27880,27882
4,1,001,14,1.0,27366,27367
4,1,001,13,0.9999,25531,25534
4,1,001,12,0.9999,23601,23604
4,1,001,11,0.9995,21002,21013
4,1,001,10,0.999,18230,18249
4,1,001,9,0.9975,16708,16750
4,1,001,8,0.9952,16643,16723
4,1,001,7,0.9916,17956,18108
4,1,001,6,0.9858,22148,22468
4,1,001,5,0.9713,28601,29445
4,1,001,4,0.9452,37654,39836
4,1,001,3,0.8995,47817,53162
4,1,001,2,0.8256,56347,68253
4,1,001,1,0.7068,58664,82998
4,1,001,0,0.4921,46738,94974
4,1,001,-1,0.2855,22697,79495
4,1,001,-2,0.1737,11048,63602
4,1,001,-3,0.1012,4942,48851
4,1,001,-4,0.0532,1945,36557
4,1,001,-5,0.0279,775,27825
4,1,001,-6,0.0149,329,22061
4,1,001,-7,0.0075,145,19229
4,1,001,-8,0.0033,61,18675
4,1,001,-9,0.0018,36,19607
4,1,001,-10,0.0012,25,21486
4,1,001,-11,0.0003,7,23892
4,1,001,-12,0.0002,5,25957
4,1,001,-13,0.0,1,27752
4,1,001,-14,0.0001,2,28985
4,1,001,-15,0.0,0,28973
4,1,001,-16,0.0,0,27992
4,1,001,-17,0.0,0,25179
4,1,001,-18,0.0,0,55047
4,1,010,18,1.0,20959,20959
4,1,010,17,1.0,9102,9102
4,1,010,16,1.0,9710,9710
4,1,010,15,1.0,9876,9876
4,1,010,14,0.9999,9640,9641
4,1,010,13,0.9999,9146,9147
4,1,010,12,0.9999,7481,7482
4,1,010,11,0.9993,6841,6846
4,1,010,10,0.9992,6037,6042
4,1,010,9,0.9989,5492,5498
4,1,010,8,0.9957,5731,5756
4,1,010,7,0.9931,6360,6404
4,1,010,6,0.9839,8022,8153
4,1,010,5,0.9708,10420,10733
4,1,010,4,0.95,13637,14354
4,1,010,3,0.9081,16974,18691
4,1,010,2,0.8388,19441,23176
4,1,010,1,0.7303,20057,27465
4,1,010,0,0.5298,15753,29733
4,1,010,-1,0.3233,8059,24926
4,1,010,-2,0.1889,3739,19793
4,1,010,-3,0.1081,1630,15084
4,1,010,-4,0.0595,665,11169
4,1,010,-5,0.0264,228,8641
4,1,010,-6,0.013,92,7079
4,1,010,-7,0.0102,65,6380
4,1,010,-8,0.0036,23,6428
4,1,010,-9,0.0018,12,6744
4,1,010,-10,0.0012,9,7301
4,1,010,-11,0.0006,5,8218
4,1,010,-12,0.0003,3,9699
4,1,010,-13,0.0,0,10267
4,1,010,-14,0.0,0,10312
4,1,010,-15,0.0,0,10206
4,1,010,-16,0.0,0,9452
4,1,010,-17,0.0,0,8439
4,1,010,-18,0.0,0,16990
4,1,011,18,1.0,23015,23015
4,1,011,17,0.9999,10472,10473
4,1,011,16,1.0,11282,11282
4,1,011,15,0.9999,11525,11526
4,1,011,14,1.0,11401,11401
4,1,011,13,0.9998,10076,10078
4,1,011,12,0.9999,9307,9308
4,1,011,11,0.9994,7863,7868
4,1,011,10,0.9993,7007,7012
4,1,011,9,0.9986,6270,6279
4,1,011,8,0.9954,6462,6492
4,1,011,7,0.9928,7034,7085
4,1,011,6,0.9861,8801,8925
4,1,011,5,0.9744,11345,11643
4,1,011,4,0.9524,15046,15798
4,1,011,3,0.9095,18828,20701
4,1,011,2,0.8451,22534,26663
4,1,011,1,0.7427,23522,31672
4,1,011,0,0.5508,19322,35079
4,1,011,-1,0.3583,10506,29319
4,1,011,-2,0.2382,5672,23814
4,1,011,-3,0.152,2742,18035
4,1,011,-4,0.0829,1120,13503
4,1,011,-5,0.0498,509,10215
4,1,011,-6,0.0264,220,8329
4,1,011,-7,0.014,103,7383
4,1,011,-8,0.0054,39,7200
4,1,011,-9,0.004,30,7593
4,1,011,-10,0.0018,15,8487
4,1,011,-11,0.0009,8,9364
4,1,011,-12,0.0005,5,10367
4,1,011,-13,0.0003,3,11622
4,1,011,-14,0.0003,3,11936
4,1,011,-15,0.0001,1,11888
4,1,011,-16,0.0,0,11183
4,1,011,-17,0.0,0,10304
4,1,011,-18,0.0,0,20755
4,1,100,18,1.0,8492,8492
4,1,100,17,1.0,3555,3555
4,1,100,16,1.0,3759,3759
4,1,100,15,1.0,3706,3706
4,1,100,14,1.0,3636,3636
4,1,100,13,1.0,3453,3453
4,1,100,12,0.9997,3078,3079
4,1,100,11,1.0,2356,2356
4,1,100,10,1.0,2181,2181
4,1,100,9,0.9983,1812,1815
4,1,100,8,0.9964,1962,1969
4,1,100,7,0.9939,2281,2295
4,1,100,6,0.9877,2890,2926
4,1,100,5,0.9767,3724,3813
4,1,100,4,0.9569,4797,5013
4,1,100,3,0.9204,5882,6391
4,1,100,2,0.8602,6682,7768
4,1,100,1,0.7643,6707,8775
4,1,100,0,0.5961,5373,9014
4,1,100,-1,0.3767,2792,7412
4,1,100,-2,0.2021,1187,5872
4,1,100,-3,0.1177,544,4620
4,1,100,-4,0.0637,224,3515
4,1,100,-5,0.0282,74,2628
4,1,100,-6,0.0118,26,2202
4,1,100,-7,0.0063,13,2062
4,1,100,-8,0.0023,5,2151
4,1,100,-9,0.0023,6,2558
4,1,100,-10,0.0009,3,3248
4,1,100,-11,0.0,0,3524
4,1,100,-12,0.0005,2,3710
4,1,100,-13,0.0008,3,3840
4,1,100,-14,0.0003,1,3986
4,1,100,-15,0.0,0,3758
4,1,100,-16,0.0,0,3502
4,1,100,-17,0.0,0,3142
4,1,100,-18,0.0,0,5434
4,1,101,18,1.0,12690,12690
4,1,101,17,1.0,5386,5386
4,1,101,16,1.0,5499,5499
4,1,101,15,1.0,5647,5647
4,1,101,14,1.0,5519,5519
4,1,101,13,1.0,5143,5143
4,1,101,12,0.9995,4017,4019
4,1,101,11,1.0,3486,3486
4,1,101,10,0.9983,2977,2982
4,1,101,9,0.9996,2700,2701
4,1,101,8,0.9979,2848,2854
4,1,101,7,0.9946,3344,3362
4,1,101,6,0.9876,4310,4364
4,1,101,5,0.9782,5567,5691
4,1,101,4,0.9585,7214,7526
4,1,101,3,0.924,9002,9742
4,1,101,2,0.8608,10217,11869
4,1,101,1,0.7635,10321,13518
4,1,101,0,0.6002,8314,13853
4,1,101,-1,0.4033,4606,11420
4,1,101,-2,0.261,2326,8913
4,1,101,-3,0.1575,1089,6915
4,1,101,-4,0.0989,498,5034
4,1,101,-5,0.0497,199,4008
4,1,101,-6,0.0267,93,3480
4,1,101,-7,0.012,38,3164
4,1,101,-8,0.007,23,3279
4,1,101,-9,0.0022,8,3632
4,1,101,-10,0.0015,6,4058
4,1,101,-11,0.001,5,5058
4,1,101,-12,0.0005,3,5566
4,1,101,-13,0.0002,1,5879
4,1,101,-14,0.0002,1,5846
4,1,101,-15,0.0,0,5657
4,1,101,-16,0.0,0,5357
4,1,101,-17,0.0,0,4555
4,1,101,-18,0.0,0,8229
4,1,110,18,1.0,10125,10125
4,1,110,17,1.0,4308,4308
4,1,110,16,1.0,4532,4532
4,1,110,15,1.0,4559,4559
4,1,110,14,1.0,4280,4280
4,1,110,13,1.0,4010,4010
4,1,110,12,0.9997,3615,3616
4,1,110,11,0.9996,2775,2776
4,1,110,10,0.9991,2272,2274
4,1,110,9,0.9963,2155,2163
4,1,110,8,0.9944,2289,2302
4,1,110,7,0.996,2709,2720
4,1,110,6,0.9893,3424,3461
4,1,110,5,0.9808,4448,4535
4,1,110,4,0.9614,5906,6143
4,1,110,3,0.9322,7312,7844
4,1,110,2,0.8751,8320,9507
4,1,110,1,0.7933,8468,10674
4,1,110,0,0.6378,6977,10940
4,1,110,-1,0.4467,4059,9087
4,1,110,-2,0.2954,2103,7119
4,1,110,-3,0.1788,960,5370
4,1,110,-4,0.0987,405,4104
4,1,110,-5,0.0605,193,3190
4,1,110,-6,0.0324,88,2715
4,1,110,-7,0.0162,40,2463
4,1,110,-8,0.0069,17,2481
4,1,110,-9,0.0024,7,2951
4,1,110,-10,0.0024,9,3799
4,1,110,-11,0.0012,5,4161
4,1,110,-12,0.0002,1,4464
4,1,110,-13,0.0004,2,4642
4,1,110,-14,0.0,0,4671
4,1,110,-15,0.0,0,4664
4,1,110,-16,0.0,0,4277
4,1,110,-17,0.0,0,3640
4,1,110,-18,0.0,0,6459
4,1,111,18,1.0,14924,14924
4,1,111,17,0.9998,6272,6273
4,1,111,16,1.0,6703,6703
4,1,111,15,1.0,6666,6666
4,1,111,14,1.0,6393,6393
4,1,111,13,1.0,5639,5639
4,1,111,12,0.9998,4503,4504
4,1,111,11,0.9997,3814,3815
4,1,111,10,0.9997,3326,3327
4,1,111,9,0.999,3106,3109
4,1,111,8,0.9977,3417,3425
4,1,111,7,0.9955,3961,3979
4,1,111,6,0.9892,4963,5017
4,1,111,5,0.9788,6478,6618
4,1,111,4,0.963,8386,8708
4,1,111,3,0.9373,10301,10990
4,1,111,2,0.8818,12084,13704
4,1,111,1,0.7916,12267,15497
4,1,111,0,0.6368,9938,15607
4,1,111,-1,0.4606,5934,12883
4,1,111,-2,0.327,3346,10233
4,1,111,-3,0.2203,1718,7797
4,1,111,-4,0.1364,794,5823
4,1,111,-5,0.0831,383,4610
4,1,111,-6,0.0441,173,3924
4,1,111,-7,0.0253,90,3554
4,1,111,-8,0.0113,41,3620
4,1,111,-9,0.0052,21,4048
4,1,111,-10,0.003,15,5004
4,1,111,-11,0.0021,12,5771
4,1,111,-12,0.0014,9,6470
4,1,111,-13,0.0004,3,6858
4,1,111,-14,0.0001,1,6729
4,1,111,-15,0.0,0,6693
4,1,111,-16,0.0,0,6262
4,1,111,-17,0.0,0,5527
4,1,111,-18,0.0,0,9311
4,2,000,18,1.0,103614,103614
4,2,000,17,1.0,42305,42305
4,2,000,16,1.0,45263,45263
4,2,000,15,1.0,46396,46396
4,2,000,14,0.9999,45312,45318
4,2,000,13,0.9999,42753,42759
4,2,000,12,0.9998,39282,39291
4,2,000,11,0.9995,35324,35341
4,2,000,10,0.9987,31556,31597
4,2,000,9,0.9979,29864,29927
4,2,000,8,0.9948,29683,29838
4,2,000,7,0.9904,33616,33943
4,2,000,6,0.9816,41065,41836
4,2,000,5,0.9642,53114,55084
4,2,000,4,0.9341,68142,72952
4,2,000,3,0.883,84309,95482
4,2,000,2,0.7961,94872,119167
4,2,000,1,0.6622,92582,139817
4,2,000,0,0.4134,64467,155953
4,2,000,-1,0.1853,24121,130180
4,2,000,-2,0.0978,10216,104494
4,2,000,-3,0.0498,3984,79923
4,2,000,-4,0.024,1439,60048
4,2,000,-5,0.0121,554,45922
4,2,000,-6,0.0056,210,37386
4,2,000,-7,0.0028,93,33770
4,2,000,-8,0.001,33,32976
4,2,000,-9,0.0004,14,34399
4,2,000,-10,0.0002,9,37452
4,2,000,-11,0.0001,5,41584
4,2,000,-12,0.0,0,45041
4,2,000,-13,0.0,0,48063
4,2,000,-14,0.0,0,48568
4,2,000,-15,0.0,0,47944
4,2,000,-16,0.0,0,45721
4,2,000,-17,0.0,0,40332
4,2,000,-18,0.0,0,86978
4,2,001,18,1.0,63141,63141
4,2,001,17,1.0,26106,26106
4,2,001,16,1.0,28009,28010
4,2,001,15,1.0,27787,27788
4,2,001,14,1.0,27311,27312
4,2,001,13,0.9999,25077,25080
4,2,001,12,0.9998,23126,23131
4,2,001,11,0.9993,20576,20590
4,2,001,10,0.9988,18346,18368
4,2,001,9,0.9973,17300,17346
4,2,001,8,0.995,17598,17687
4,2,001,7,0.9901,19726,19923
4,2,001,6,0.9835,24445,24856
4,2,001,5,0.9655,31500,32624
4,2,001,4,0.9387,40856,43526
4,2,001,3,0.8886,50447,56773
4,2,001,2,0.8067,56507,70050
4,2,001,1,0.6747,55751,82632
4,2,001,0,0.4421,40147,90815
4,2,001,-1,0.2221,16817,75705
4,2,001,-2,0.1241,7465,60170
4,2,001,-3,0.0683,3152,46138
4,2,001,-4,0.0337,1178,34924
4,2,001,-5,0.0153,410,26833
4,2,001,-6,0.0078,172,21926
4,2,001,-7,0.0036,71,19655
4,2,001,-8,0.0017,33,19440
4,2,001,-9,0.0009,19,20578
4,2,001,-10,0.0006,13,22665
4,2,001,-11,0.0001,2,24897
4,2,001,-12,0.0001,2,26807
4,2,001,-13,0.0,0,28442
4,2,001,-14,0.0,0,29628
4,2,001,-15,0.0,0,28981
4,2,001,-16,0.0,0,27930
4,2,001,-17,0.0,0,24624
4,2,001,-18,0.0,0,50947
4,2,010,18,1.0,33674,33674
4,2,010,17,1.0,12625,12625
4,2,010,16,1.0,13248,13248
4,2,010,15,1.0,13255,13255
4,2,010,14,0.9998,12156,12158
4,2,010,13,1.0,11398,11398
4,2,010,12,0.9999,9740,9741
4,2,010,11,0.9991,8920,8928
4,2,010,10,0.9987,7841,7851
4,2,010,9,0.9976,7824,7843
4,2,010,8,0.9951,8281,8322
4,2,010,7,0.9926,9547,9618
4,2,010,6,0.9843,12070,12262
4,2,010,5,0.9669,15766,16306
4,2,010,4,0.9391,20036,21336
4,2,010,3,0.8939,23850,26680
4,2,010,2,0.8162,26166,32060
4,2,010,1,0.6875,24766,36022
4,2,010,0,0.4648,17202,37008
4,2,010,-1,0.2415,7339,30386
4,2,010,-2,0.1313,3216,24489
4,2,010,-3,0.0689,1279,18550
4,2,010,-4,0.0342,479,14021
4,2,010,-5,0.0177,194,10972
4,2,010,-6,0.0077,72,9331
4,2,010,-7,0.0048,42,8834
4,2,010,-8,0.0014,12,8875
4,2,010,-9,0.0009,9,9592
4,2,010,-10,0.0003,3,10466
4,2,010,-11,0.0001,1,11648
4,2,010,-12,0.0001,1,12918
4,2,010,-13,0.0,0,13937
4,2,010,-14,0.0,0,14126
4,2,010,-15,0.0,0,13563
4,2,010,-16,0.0,0,12409
4,2,010,-17,0.0,0,10572
4,2,010,-18,0.0,0,20191
4,2,011,18,1.0,29439,29439
4,2,011,17,1.0,11892,11892
4,2,011,16,1.0,12676,12676
4,2,011,15,1.0,12471,12471
4,2,011,14,1.0,12113,12113
4,2,011,13,0.9999,10494,10495
4,2,011,12,1.0,9430,9430
4,2,011,11,0.9995,8236,8240
4,2,011,10,0.9995,7402,7406
4,2,011,9,0.9983,7146,7158
4,2,011,8,0.9942,7499,7543
4,2,011,7,0.9916,8485,8557
4,2,011,6,0.984,10729,10904
4,2,011,5,0.9694,13821,14258
4,2,011,4,0.9436,17755,18817
4,2,011,3,0.8961,21698,24215
4,2,011,2,0.8199,24074,29363
4,2,011,1,0.7012,23941,34145
4,2,011,0,0.4858,17629,36290
4,2,011,-1,0.2707,8084,29858
4,2,011,-2,0.167,4035,24168
4,2,011,-3,0.0996,1848,18550
4,2,011,-4,0.0509,706,13882
4,2,011,-5,0.0232,249,10729
4,2,011,-6,0.0133,118,8889
4,2,011,-7,0.0064,52,8094
4,2,011,-8,0.0029,24,8197
4,2,011,-9,0.0017,15,8726
4,2,011,-10,0.0005,5,9618
4,2,011,-11,0.0002,2,10774
4,2,011,-12,0.0,0,12098
4,2,011,-13,0.0,0,13119
4,2,011,-14,0.0,0,13168
4,2,011,-15,0.0,0,12866
4,2,011,-16,0.0,0,12130
4,2,011,-17,0.0,0,10719
4,2,011,-18,0.0,0,20570
4,2,100,18,1.0,14825,14825
4,2,100,17,1.0,5830,5830
4,2,100,16,1.0,5897,5897
4,2,100,15,1.0,5886,5886
4,2,100,14,1.0,5675,5675
4,2,100,13,1.0,5270,5270
4,2,100,12,0.9998,4264,4265
4,2,100,11,1.0,3464,3464
4,2,100,10,0.9997,3241,3242
4,2,100,9,0.998,2953,2959
4,2,100,8,0.9962,3374,3387
4,2,100,7,0.9935,3998,4024
4,2,100,6,0.9832,4902,4986
4,2,100,5,0.9704,6298,6490
4,2,100,4,0.9448,8100,8573
4,2,100,3,0.8981,9714,10816
4,2,100,2,0.8222,10818,13157
4,2,100,1,0.6983,9940,14235
4,2,100,0,0.478,6749,14119
4,2,100,-1,0.2577,2993,11615
4,2,100,-2,0.1424,1300,9131
4,2,100,-3,0.0711,501,7050
4,2,100,-4,0.0349,186,5322
4,2,100,-5,0.0167,70,4189
4,2,100,-6,0.0103,36,3481
4,2,100,-7,0.0044,15,3413
4,2,100,-8,0.0011,4,3525
4,2,100,-9,0.0003,1,3985
4,2,100,-10,0.0009,4,4685
4,2,100,-11,0.0,0,5657
4,2,100,-12,0.0002,1,6061
4,2,100,-13,0.0,0,6188
4,2,100,-14,0.0,0,6220
4,2,100,-15,0.0,0,6002
4,2,100,-16,0.0,0,5403
4,2,100,-17,0.0,0,4748
4,2,100,-18,0.0,0,8009
4,2,101,18,1.0,27551,27551
4,2,101,17,1.0,10165,10165
4,2,101,16,1.0,10449,10449
4,2,101,15,0.9999,10382,10383
4,2,101,14,0.9998,9592,9594
4,2,101,13,0.9999,8241,8242
4,2,101,12,0.9997,7149,7151
4,2,101,11,0.9992,6276,6281
4,2,101,10,0.9986,5702,5710
4,2,101,9,0.9975,5612,5626
4,2,101,8,0.9962,6034,6057
4,2,101,7,0.9901,7321,7394
4,2,101,6,0.9834,9228,9384
4,2,101,5,0.9687,11954,12340
4,2,101,4,0.9448,15199,16087
4,2,101,3,0.9009,18004,19984
4,2,101,2,0.8247,19537,23691
4,2,101,1,0.7094,18441,25997
4,2,101,0,0.5054,13000,25723
4,2,101,-1,0.2892,6077,21010
4,2,101,-2,0.1745,2927,16778
4,2,101,-3,0.1017,1278,12567
4,2,101,-4,0.0504,497,9856
4,2,101,-5,0.0268,208,7765
4,2,101,-6,0.0114,76,6644
4,2,101,-7,0.0063,40,6345
4,2,101,-8,0.003,20,6702
4,2,101,-9,0.001,7,7215
4,2,101,-10,0.0009,7,7952
4,2,101,-11,0.0003,3,9089
4,2,101,-12,0.0001,1,10278
4,2,101,-13,0.0,0,10719
4,2,101,-14,0.0,0,10879
4,2,101,-15,0.0,0,10367
4,2,101,-16,0.0,0,9504
4,2,101,-17,0.0,0,8148
4,2,101,-18,0.0,0,14189
4,2,110,18,1.0,13057,13057
4,2,110,17,1.0,5188,5188
4,2,110,16,1.0,5336,5336
4,2,110,15,1.0,5157,5157
4,2,110,14,1.0,4887,4887
4,2,110,13,1.0,4412,4412
4,2,110,12,0.9994,3627,3629
4,2,110,11,0.9993,2992,2994
4,2,110,10,0.9988,2589,2592
4,2,110,9,0.9953,2530,2542
4,2,110,8,0.995,2795,2809
4,2,110,7,0.9938,3385,3406
4,2,110,6,0.9843,4318,4387
4,2,110,5,0.9719,5436,5593
4,2,110,4,0.9446,6969,7378
4,2,110,3,0.9047,8490,9384
4,2,110,2,0.8295,9140,11019
4,2,110,1,0.7196,8560,11895
4,2,110,0,0.5148,6211,12065
4,2,110,-1,0.3089,3052,9880
4,2,110,-2,0.1843,1417,7688
4,2,110,-3,0.1082,619,5723
4,2,110,-4,0.0511,234,4576
4,2,110,-5,0.0295,106,3592
4,2,110,-6,0.0136,42,3090
4,2,110,-7,0.0059,17,2905
4,2,110,-8,0.0053,16,3014
4,2,110,-9,0.0021,7,3410
4,2,110,-10,0.0004,2,4536
4,2,110,-11,0.0006,3,4815
4,2,110,-12,0.0002,1,5197
4,2,110,-13,0.0,0,5235
4,2,110,-14,0.0,0,5490
4,2,110,-15,0.0,0,5246
4,2,110,-16,0.0,0,4885
4,2,110,-17,0.0,0,4162
4,2,110,-18,0.0,0,6890
4,2,111,18,0.9999,17870,17871
4,2,111,17,0.9999,7017,7018
4,2,111,16,1.0,7209,7209
4,2,111,15,1.0,7094,7094
4,2,111,14,1.0,6767,6767
4,2,111,13,1.0,5861,5861
4,2,111,12,1.0,4659,4659
4,2,111,11,1.0,3986,3986
4,2,111,10,0.9997,3607,3608
4,2,111,9,0.9969,3548,3559
4,2,111,8,0.9956,3852,3869
4,2,111,7,0.9917,4564,4602
4,2,111,6,0.9838,5759,5854
4,2,111,5,0.9695,7538,7775
4,2,111,4,0.9475,9576,10107
4,2,111,3,0.9093,11305,12433
4,2,111,2,0.8368,12428,14851
4,2,111,1,0.7284,12072,16574
4,2,111,0,0.537,8864,16508
4,2,111,-1,0.3421,4633,13541
4,2,111,-2,0.2283,2462,10785
4,2,111,-3,0.1446,1197,8280
4,2,111,-4,0.0831,514,6182
4,2,111,-5,0.0424,209,4935
4,2,111,-6,0.0184,78,4230
4,2,111,-7,0.0127,50,3937
4,2,111,-8,0.0057,24,4189
4,2,111,-9,0.0029,13,4528
4,2,111,-10,0.0009,5,5429
4,2,111,-11,0.0002,1,6605
4,2,111,-12,0.0,0,7246
4,2,111,-13,0.0,0,7500
4,2,111,-14,0.0,0,7437
4,2,111,-15,0.0,0,7317
4,2,111,-16,0.0,0,6705
4,2,111,-17,0.0,0,5791
4,2,111,-18,0.0,0,9461
3,0,000,18,1.0,169764,169764
3,0,000,17,1.0,81793,81793
3,0,000,16,1.0,92565,92565
3,0,000,15,1.0,97127,97127
3,0,000,14,1.0,98938,98938
3,0,000,13,1.0,97316,97316
3,0,000,12,0.9999,91422,91428
3,0,000,11,0.9999,83400,83405
3,0,000,10,0.9998,74471,74484
3,0,000,9,0.9997,67074,67093
3,0,000,8,0.9992,63668,63716
3,0,000,7,0.9982,64369,64482
3,0,000,6,0.9961,71163,71442
3,0,000,5,0.9917,86528,87249
3,0,000,4,0.982,110177,112194
3,0,000,3,0.9611,143117,148908
3,0,000,2,0.9228,178240,193143
3,0,000,1,0.8478,202937,239363
3,0,000,0,0.6191,175343,283210
3,0,000,-1,0.3571,93231,261074
3,0,000,-2,0.2151,48374,224939
3,0,000,-3,0.1241,22650,182545
3,0,000,-4,0.0696,9819,140990
3,0,000,-5,0.0375,4016,107173
3,0,000,-6,0.0195,1597,81874
3,0,000,-7,0.0101,666,66177
3,0,000,-8,0.0054,315,58012
3,0,000,-9,0.0027,151,56636
3,0,000,-10,0.0014,83,59642
3,0,000,-11,0.0006,37,66699
3,0,000,-12,0.0003,21,75166
3,0,000,-13,0.0001,9,83968
3,0,000,-14,0.0001,8,90991
3,0,000,-15,0.0,3,93892
3,0,000,-16,0.0,1,92987
3,0,000,-17,0.0,0,86460
3,0,000,-18,0.0,1,213569
3,0,001,18,1.0,46089,46089
3,0,001,17,1.0,22333,22333
3,0,001,16,1.0,24697,24697
3,0,001,15,1.0,26204,26204
3,0,001,14,1.0,26654,26654
3,0,001,13,1.0,25706,25706
3,0,001,12,0.9999,24101,24103
3,0,001,11,1.0,21816,21817
3,0,001,10,1.0,19704,19704
3,0,001,9,0.9998,17587,17590
3,0,001,8,0.9991,16539,16554
3,0,001,7,0.9985,17004,17030
3,0,001,6,0.9965,18968,19034
3,0,001,5,0.9924,22904,23080
3,0,001,4,0.9848,29307,29759
3,0,001,3,0.9673,38230,39524
3,0,001,2,0.9312,47425,50928
3,0,001,1,0.8663,54473,62882
3,0,001,0,0.6653,49476,74369
3,0,001,-1,0.4338,29825,68758
3,0,001,-2,0.2865,16811,58669
3,0,001,-3,0.1734,8314,47959
3,0,001,-4,0.1048,3852,36771
3,0,001,-5,0.0577,1613,27957
3,0,001,-6,0.0299,634,21215
3,0,001,-7,0.0167,289,17322
3,0,001,-8,0.009,138,15358
3,0,001,-9,0.0045,67,14996
3,0,001,-10,0.0028,44,15938
3,0,001,-11,0.0009,15,17551
3,0,001,-12,0.0007,14,19954
3,0,001,-13,0.0,1,21861
3,0,001,-14,0.0003,6,23990
3,0,001,-15,0.0001,2,24585
3,0,001,-16,0.0,1,25038
3,0,001,-17,0.0,0,23168
3,0,001,-18,0.0,1,56010
3,0,010,18,1.0,13747,13747
3,0,010,17,1.0,6406,6406
3,0,010,16,1.0,7040,7040
3,0,010,15,1.0,7391,7391
3,0,010,14,1.0,7455,7455
3,0,010,13,1.0,7317,7317
3,0,010,12,0.9999,6777,6778
3,0,010,11,0.9998,5769,5770
3,0,010,10,1.0,5013,5013
3,0,010,9,0.9998,4735,4736
3,0,010,8,0.9993,4471,4474
3,0,010,7,0.9983,4641,4649
3,0,010,6,0.9971,5226,5241
3,0,010,5,0.9948,6337,6370
3,0,010,4,0.9845,8240,8370
3,0,010,3,0.9689,10470,10806
3,0,010,2,0.9383,13016,13872
3,0,010,1,0.8782,14973,17049
3,0,010,0,0.7142,13893,19453
3,0,010,-1,0.4903,8648,17637
3,0,010,-2,0.3195,4845,15165
3,0,010,-3,0.195,2379,12199
3,0,010,-4,0.1154,1085,9402
3,0,010,-5,0.0623,454,7287
3,0,010,-6,0.0365,204,5584
3,0,010,-7,0.0171,77,4503
3,0,010,-8,0.0076,31,4102
3,0,010,-9,0.0063,26,4132
3,0,010,-10,0.0009,4,4351
3,0,010,-11,0.0008,4,4916
3,0,010,-12,0.0004,2,5450
3,0,010,-13,0.0003,2,6544
3,0,010,-14,0.0001,1,6842
3,0,010,-15,0.0,0,7139
3,0,010,-16,0.0,0,6946
3,0,010,-17,0.0,0,6463
3,0,010,-18,0.0,0,14464
3,0,011,18,1.0,13906,13906
3,0,011,17,1.0,6764,6764
3,0,011,16,1.0,7232,7232
3,0,011,15,1.0,7774,7774
3,0,011,14,1.0,7805,7805
3,0,011,13,1.0,7623,7623
3,0,011,12,1.0,7154,7154
3,0,011,11,0.9998,5856,5857
3,0,011,10,1.0,5340,5340
3,0,011,9,0.9998,4776,4777
3,0,011,8,0.9991,4474,4478
3,0,011,7,0.9998,4780,4781
3,0,011,6,0.9978,5369,5381
3,0,011,5,0.9927,6429,6476
3,0,011,4,0.9866,8098,8208
3,0,011,3,0.9726,10594,10893
3,0,011,2,0.9458,13160,13914
3,0,011,1,0.8922,15199,17036
3,0,011,0,0.7322,14571,19899
3,0,011,-1,0.5367,9877,18404
3,0,011,-2,0.3844,6027,15677
3,0,011,-3,0.2635,3388,12860
3,0,011,-4,0.165,1623,9836
3,0,011,-5,0.092,683,7427
3,0,011,-6,0.0484,267,5518
3,0,011,-7,0.0311,145,4657
3,0,011,-8,0.0182,78,4285
3,0,011,-9,0.0085,35,4100
3,0,011,-10,0.0056,25,4446
3,0,011,-11,0.0025,12,4859
3,0,011,-12,0.0009,5,5494
3,0,011,-13,0.0002,1,6601
3,0,011,-14,0.0005,4,7299
3,0,011,-15,0.0001,1,7397
3,0,011,-16,0.0,0,7441
3,0,011,-17,0.0,0,6858
3,0,011,-18,0.0,0,15264
3,0,100,18,1.0,4552,4552
3,0,100,17,1.0,2071,2071
3,0,100,16,1.0,2181,2181
3,0,100,15,1.0,2274,2274
3,0,100,14,1.0,2268,2268
3,0,100,13,1.0,2303,2303
3,0,100,12,1.0,2044,2044
3,0,100,11,1.0,1921,1921
3,0,100,10,1.0,1775,1775
3,0,100,9,1.0,1163,1163
3,0,100,8,1.0,1122,1122
3,0,100,7,0.9992,1210,1211
3,0,100,6,0.9979,1420,1423
3,0,100,5,0.9951,1822,1831
3,0,100,4,0.9923,2329,2347
3,0,100,3,0.9777,2931,2998
3,0,100,2,0.95,3648,3840
3,0,100,1,0.9037,4052,4484
3,0,100,0,0.7902,3726,4715
3,0,100,-1,0.5674,2480,4371
3,0,100,-2,0.3351,1231,3674
3,0,100,-3,0.2013,599,2975
3,0,100,-4,0.1061,241,2271
3,0,100,-5,0.0775,131,1690
3,0,100,-6,0.0371,49,1319
3,0,100,-7,0.0164,19,1162
3,0,100,-8,0.0138,14,1016
3,0,100,-9,0.0046,5,1096
3,0,100,-10,0.0024,4,1660
3,0,100,-11,0.0016,3,1825
3,0,100,-12,0.001,2,1994
3,0,100,-13,0.0,0,2134
3,0,100,-14,0.0,0,2196
3,0,100,-15,0.0,0,2286
3,0,100,-16,0.0,0,2134
3,0,100,-17,0.0,0,1947
3,0,100,-18,0.0,0,3744
3,0,101,18,1.0,6285,6285
3,0,101,17,1.0,2904,2904
3,0,101,16,1.0,3061,3061
3,0,101,15,1.0,3054,3054
3,0,101,14,1.0,3102,3102
3,0,101,13,1.0,2946,2946
3,0,101,12,1.0,2861,2861
3,0,101,11,1.0,2529,2529
3,0,101,10,1.0,2242,2242
3,0,101,9,0.9994,1589,1590
3,0,101,8,1.0,1570,1570
3,0,101,7,0.9982,1680,1683
3,0,101,6,0.9995,1869,1870
3,0,101,5,0.9962,2329,2338
3,0,101,4,0.9849,3066,3113
3,0,101,3,0.9797,3865,3945
3,0,101,2,0.9489,4750,5006
3,0,101,1,0.9083,5448,5998
3,0,101,0,0.801,5019,6266
3,0,101,-1,0.593,3383,5705
3,0,101,-2,0.4278,2096,4900
3,0,101,-3,0.2735,1060,3876
3,0,101,-4,0.1664,504,3028
3,0,101,-5,0.09,207,2300
3,0,101,-6,0.0506,89,1758
3,0,101,-7,0.0326,49,1502
3,0,101,-8,0.0208,28,1348
3,0,101,-9,0.0098,15,1530
3,0,101,-10,0.0024,4,1672
3,0,101,-11,0.0034,8,2384
3,0,101,-12,0.0016,4,2568
3,0,101,-13,0.0004,1,2820
3,0,101,-14,0.0003,1,2897
3,0,101,-15,0.0,0,2966
3,0,101,-16,0.0,0,2976
3,0,101,-17,0.0004,1,2613
3,0,101,-18,0.0,0,4930
3,0,110,18,1.0,5238,5238
3,0,110,17,1.0,2346,2346
3,0,110,16,1.0,2525,2525
3,0,110,15,1.0,2542,2542
3,0,110,14,1.0,2616,2616
3,0,110,13,1.0,2473,2473
3,0,110,12,1.0,2314,2314
3,0,110,11,1.0,2125,2125
3,0,110,10,1.0,1962,1962
3,0,110,9,0.9993,1364,1365
3,0,110,8,0.9992,1280,1281
3,0,110,7,0.9986,1429,1431
3,0,110,6,0.9974,1537,1541
3,0,110,5,0.9956,2024,2033
3,0,110,4,0.9906,2537,2561
3,0,110,3,0.983,3304,3361
3,0,110,2,0.9664,4053,4194
3,0,110,1,0.9245,4605,4981
3,0,110,0,0.8306,4535,5460
3,0,110,-1,0.6703,3231,4820
3,0,110,-2,0.469,1962,4183
3,0,110,-3,0.3017,979,3245
3,0,110,-4,0.2073,522,2518
3,0,110,-5,0.106,200,1886
3,0,110,-6,0.0468,72,1538
3,0,110,-7,0.032,41,1282
3,0,110,-8,0.0137,16,1164
3,0,110,-9,0.0114,14,1223
3,0,110,-10,0.0047,9,1897
3,0,110,-11,0.002,4,1988
3,0,110,-12,0.0005,1,2127
3,0,110,-13,0.0004,1,2338
3,0,110,-14,0.0004,1,2504
3,0,110,-15,0.0,0,2443
3,0,110,-16,0.0,0,2410
3,0,110,-17,0.0,0,2267
3,0,110,-18,0.0002,1,4142
3,0,111,18,1.0,7246,7246
3,0,111,17,1.0,3442,3442
3,0,111,16,1.0,3497,3497
3,0,111,15,1.0,3682,3682
3,0,111,14,1.0,3629,3629
3,0,111,13,1.0,3425,3425
3,0,111,12,1.0,3248,3248
3,0,111,11,1.0,2687,2687
3,0,111,10,1.0,1961,1961
3,0,111,9,1.0,1800,1800
3,0,111,8,1.0,1747,1747
3,0,111,7,1.0,1959,1959
3,0,111,6,0.9982,2175,2179
3,0,111,5,0.9974,2693,2700
3,0,111,4,0.9929,3359,3383
3,0,111,3,0.9845,4498,4569
3,0,111,2,0.9675,5531,5717
3,0,111,1,0.9305,6262,6730
3,0,111,0,0.8447,6175,7310
3,0,111,-1,0.6837,4523,6615
3,0,111,-2,0.5191,2836,5463
3,0,111,-3,0.3832,1699,4434
3,0,111,-4,0.2586,867,3353
3,0,111,-5,0.161,415,2578
3,0,111,-6,0.0952,193,2028
3,0,111,-7,0.0539,92,1707
3,0,111,-8,0.0292,47,1611
3,0,111,-9,0.0207,34,1645
3,0,111,-10,0.0095,19,2009
3,0,111,-11,0.0064,17,2669
3,0,111,-12,0.0016,5,3039
3,0,111,-13,0.0006,2,3352
3,0,111,-14,0.0012,4,3477
3,0,111,-15,0.0,0,3523
3,0,111,-16,0.0,0,3462
3,0,111,-17,0.0,0,3000
3,0,111,-18,0.0,0,5714
3,1,000,18,1.0,129545,129545
3,1,000,17,1.0,58099,58099
3,1,000,16,1.0,65285,65285
3,1,000,15,1.0,67117,67117
3,1,000,14,1.0,67989,67989
3,1,000,13,1.0,66306,66306
3,1,000,12,1.0,62270,62273
3,1,000,11,0.9999,56922,56926
3,1,000,10,0.9997,50849,50865
3,1,000,9,0.9997,46207,46221
3,1,000,8,0.9994,44980,45009
3,1,000,7,0.9981,45887,45973
3,1,000,6,0.9958,51759,51978
3,1,000,5,0.9911,63347,63917
3,1,000,4,0.9797,80101,81764
3,1,000,3,0.956,102679,107404
3,1,000,2,0.9146,125140,136819
3,1,000,1,0.8314,137678,165603
3,1,000,0,0.5739,110074,191809
3,1,000,-1,0.2917,51088,175148
3,1,000,-2,0.1649,24803,150378
3,1,000,-3,0.0898,10911,121527
3,1,000,-4,0.047,4425,94101
3,1,000,-5,0.0238,1713,71967
3,1,000,-6,0.0125,692,55430
3,1,000,-7,0.0058,261,45255
3,1,000,-8,0.0031,125,40377
3,1,000,-9,0.0015,61,39966
3,1,000,-10,0.0006,24,42324
3,1,000,-11,0.0003,15,47361
3,1,000,-12,0.0001,6,52967
3,1,000,-13,0.0001,4,58891
3,1,000,-14,0.0,1,63217
3,1,000,-15,0.0,1,64586
3,1,000,-16,0.0,0,63037
3,1,000,-17,0.0,0,58139
3,1,000,-18,0.0,0,141294
3,1,001,18,1.0,59775,59775
3,1,001,17,1.0,27171,27171
3,1,001,16,1.0,30277,30277
3,1,001,15,1.0,31484,31484
3,1,001,14,1.0,31114,31114
3,1,001,13,1.0,30435,30435
3,1,001,12,0.9999,28342,28346
3,1,001,11,1.0,25571,25572
3,1,001,10,0.9997,23091,23097
3,1,001,9,0.9998,20698,20703
3,1,001,8,0.9994,20262,20275
3,1,001,7,0.9983,20681,20716
3,1,001,6,0.9956,23281,23383
3,1,001,5,0.9915,28802,29048
3,1,001,4,0.9823,36499,37158
3,1,001,3,0.9607,46461,48361
3,1,001,2,0.919,56816,61825
3,1,001,1,0.8455,63141,74682
3,1,001,0,0.6124,53102,86716
3,1,001,-1,0.3521,28087,79770
3,1,001,-2,0.2179,14849,68152
3,1,001,-3,0.1253,6912,55167
3,1,001,-4,0.0696,2951,42404
3,1,001,-5,0.0365,1181,32396
3,1,001,-6,0.0203,508,24979
3,1,001,-7,0.0091,185,20399
3,1,001,-8,0.0051,94,18304
3,1,001,-9,0.0019,35,18154
3,1,001,-10,0.001,20,19417
3,1,001,-11,0.0003,7,21483
3,1,001,-12,0.0003,8,24332
3,1,001,-13,0.0001,2,26821
3,1,001,-14,0.0001,2,28786
3,1,001,-15,0.0001,3,29418
3,1,001,-16,0.0,1,29835
3,1,001,-17,0.0,0,26935
3,1,001,-18,0.0,0,64588
3,1,010,18,1.0,23162,23162
3,1,010,17,1.0,9721,9721
3,1,010,16,1.0,10741,10741
3,1,010,15,1.0,11146,11146
3,1,010,14,1.0,11086,11086
3,1,010,13,1.0,10577,10577
3,1,010,12,0.9999,9403,9404
3,1,010,11,1.0,8306,8306
3,1,010,10,0.9999,7362,7363
3,1,010,9,1.0,6945,6945
3,1,010,8,0.9988,6711,6719
3,1,010,7,0.9982,7169,7182
3,1,010,6,0.9963,8239,8270
3,1,010,5,0.9926,10121,10196
3,1,010,4,0.9827,13074,13304
3,1,010,3,0.9634,16428,17052
3,1,010,2,0.9257,19607,21180
3,1,010,1,0.8587,21338,24850
3,1,010,0,0.6477,18007,27800
3,1,010,-1,0.3979,9953,25014
3,1,010,-2,0.2432,5124,21066
3,1,010,-3,0.1375,2340,17014
3,1,010,-4,0.0744,976,13113
3,1,010,-5,0.0409,421,10294
3,1,010,-6,0.0196,154,7860
3,1,010,-7,0.009,59,6562
3,1,010,-8,0.0041,25,6157
3,1,010,-9,0.0021,13,6116
3,1,010,-10,0.0007,5,6736
3,1,010,-11,0.0003,2,7503
3,1,010,-12,0.0001,1,8410
3,1,010,-13,0.0,0,9525
3,1,010,-14,0.0,0,10324
3,1,010,-15,0.0,0,10592
3,1,010,-16,0.0001,1,10128
3,1,010,-17,0.0,0,9212
3,1,010,-18,0.0,0,20045
3,1,011,18,1.0,25350,25350
3,1,011,17,1.0,11372,11372
3,1,011,16,1.0,12577,12577
3,1,011,15,1.0,12925,12925
3,1,011,14,1.0,12896,12896
3,1,011,13,1.0,12485,12485
3,1,011,12,0.9999,11030,11031
3,1,011,11,0.9999,9634,9635
3,1,011,10,0.9999,8663,8664
3,1,011,9,0.9999,7858,7859
3,1,011,8,0.9994,7810,7815
3,1,011,7,0.9988,8128,8138
3,1,011,6,0.9961,9220,9256
3,1,011,5,0.9926,11513,11599
3,1,011,4,0.9832,14403,14649
3,1,011,3,0.9656,18394,19050
3,1,011,2,0.9281,22290,24016
3,1,011,1,0.8646,24826,28713
3,1,011,0,0.6646,21507,32359
3,1,011,-1,0.4324,12790,29579
3,1,011,-2,0.2968,7454,25118
3,1,011,-3,0.1859,3815,20519
3,1,011,-4,0.1116,1756,15728
3,1,011,-5,0.0608,730,12000
3,1,011,-6,0.0347,323,9310
3,1,011,-7,0.018,141,7829
3,1,011,-8,0.0111,77,6968
3,1,011,-9,0.0036,25,7042
3,1,011,-10,0.0034,26,7621
3,1,011,-11,0.0005,4,8471
3,1,011,-12,0.0008,8,9776
3,1,011,-13,0.0001,1,10817
3,1,011,-14,0.0002,2,12107
3,1,011,-15,0.0001,1,12142
3,1,011,-16,0.0001,1,12127
3,1,011,-17,0.0,0,11107
3,1,011,-18,0.0,0,24237
3,1,100,18,1.0,9291,9291
3,1,100,17,1.0,3824,3824
3,1,100,16,1.0,4010,4010
3,1,100,15,1.0,4181,4181
3,1,100,14,1.0,4116,4116
3,1,100,13,1.0,3951,3951
3,1,100,12,1.0,3682,3682
3,1,100,11,1.0,3457,3457
3,1,100,10,1.0,2502,2502
3,1,100,9,1.0,2172,2172
3,1,100,8,1.0,2237,2237
3,1,100,7,0.9979,2404,2409
3,1,100,6,0.9963,2948,2959
3,1,100,5,0.9934,3620,3644
3,1,100,4,0.9853,4638,4707
3,1,100,3,0.971,5626,5794
3,1,100,2,0.931,6708,7205
3,1,100,1,0.8802,7361,8363
3,1,100,0,0.7293,6201,8503
3,1,100,-1,0.4585,3412,7441
3,1,100,-2,0.2561,1641,6408
3,1,100,-3,0.1524,789,5177
3,1,100,-4,0.0644,254,3942
3,1,100,-5,0.0401,119,2970
3,1,100,-6,0.0221,54,2446
3,1,100,-7,0.0073,15,2062
3,1,100,-8,0.0041,8,1929
3,1,100,-9,0.0023,5,2192
3,1,100,-10,0.0024,6,2500
3,1,100,-11,0.0006,2,3318
3,1,100,-12,0.0,0,3631
3,1,100,-13,0.0,0,3921
3,1,100,-14,0.0,0,4082
3,1,100,-15,0.0,0,3971
3,1,100,-16,0.0,0,3698
3,1,100,-17,0.0003,1,3402
3,1,100,-18,0.0,0,6187
3,1,101,18,1.0,13930,13930
3,1,101,17,1.0,5658,5658
3,1,101,16,1.0,6156,6156
3,1,101,15,1.0,6320,6320
3,1,101,14,1.0,6009,6009
3,1,101,13,1.0,5824,5824
3,1,101,12,1.0,5347,5347
3,1,101,11,1.0,4276,4276
3,1,101,10,1.0,3847,3847
3,1,101,9,1.0,3322,3322
3,1,101,8,1.0,3446,3446
3,1,101,7,0.9986,3681,3686
3,1,101,6,0.9974,4273,4284
3,1,101,5,0.9947,5404,5433
3,1,101,4,0.9855,6860,6961
3,1,101,3,0.9734,8562,8796
3,1,101,2,0.9416,10106,10733
3,1,101,1,0.8842,11046,12493
3,1,101,0,0.728,9557,13127
3,1,101,-1,0.4906,5752,11724
3,1,101,-2,0.3207,3129,9756
3,1,101,-3,0.2063,1606,7786
3,1,101,-4,0.1173,709,6043
3,1,101,-5,0.0614,301,4903
3,1,101,-6,0.0357,131,3665
3,1,101,-7,0.019,59,3112
3,1,101,-8,0.0093,28,3026
3,1,101,-9,0.0046,15,3229
3,1,101,-10,0.0017,6,3550
3,1,101,-11,0.0005,2,4283
3,1,101,-12,0.0004,2,5221
3,1,101,-13,0.0,0,5585
3,1,101,-14,0.0003,2,5947
3,1,101,-15,0.0003,2,5905
3,1,101,-16,0.0,0,5650
3,1,101,-17,0.0002,1,5000
3,1,101,-18,0.0,0,9541
3,1,110,18,1.0,11297,11297
3,1,110,17,1.0,4660,4660
3,1,110,16,1.0,4895,4895
3,1,110,15,1.0,4969,4969
3,1,110,14,1.0,4793,4793
3,1,110,13,1.0,4610,4610
3,1,110,12,1.0,4202,4202
3,1,110,11,1.0,3341,3341
3,1,110,10,0.9997,3103,3104
3,1,110,9,0.9996,2699,2700
3,1,110,8,0.9993,2724,2726
3,1,110,7,0.998,2984,2990
3,1,110,6,0.998,3502,3509
3,1,110,5,0.9941,4230,4255
3,1,110,4,0.9882,5551,5617
3,1,110,3,0.9753,6821,6994
3,1,110,2,0.9475,8246,8703
3,1,110,1,0.9009,8988,9977
3,1,110,0,0.7574,7983,10540
3,1,110,-1,0.561,5240,9340
3,1,110,-2,0.3601,2822,7836
3,1,110,-3,0.2282,1418,6215
3,1,110,-4,0.1339,635,4741
3,1,110,-5,0.069,257,3726
3,1,110,-6,0.0387,116,2995
3,1,110,-7,0.0183,46,2508
3,1,110,-8,0.0113,27,2383
3,1,110,-9,0.007,18,2563
3,1,110,-10,0.0029,9,3062
3,1,110,-11,0.0009,3,3407
3,1,110,-12,0.0005,2,4250
3,1,110,-13,0.0004,2,4543
3,1,110,-14,0.0,0,4663
3,1,110,-15,0.0002,1,4700
3,1,110,-16,0.0002,1,4513
3,1,110,-17,0.0,0,3985
3,1,110,-18,0.0,0,7444
3,1,111,18,1.0,16295,16295
3,1,111,17,1.0,6736,6736
3,1,111,16,1.0,7150,7150
3,1,111,15,1.0,7288,7288
3,1,111,14,1.0,7131,7131
3,1,111,13,1.0,6614,6614
3,1,111,12,1.0,5425,5425
3,1,111,11,1.0,4711,4711
3,1,111,10,1.0,4073,4073
3,1,111,9,1.0,3765,3765
3,1,111,8,0.9995,3918,3920
3,1,111,7,0.9983,4231,4238
3,1,111,6,0.9976,4947,4959
3,1,111,5,0.9958,6162,6188
3,1,111,4,0.9873,7830,7931
3,1,111,3,0.9753,9837,10086
3,1,111,2,0.9491,11832,12466
3,1,111,1,0.8974,12956,14437
3,1,111,0,0.7531,11280,14978
3,1,111,-1,0.5533,7359,13299
3,1,111,-2,0.391,4387,11220
3,1,111,-3,0.2808,2500,8902
3,1,111,-4,0.1794,1246,6946
3,1,111,-5,0.1085,587,5410
3,1,111,-6,0.0589,246,4178
3,1,111,-7,0.0304,112,3687
3,1,111,-8,0.0177,62,3504
3,1,111,-9,0.0089,32,3610
3,1,111,-10,0.0039,16,4112
3,1,111,-11,0.0012,6,4886
3,1,111,-12,0.0006,4,6166
3,1,111,-13,0.0,0,6583
3,1,111,-14,0.0006,4,6920
3,1,111,-15,0.0,0,6987
3,1,111,-16,0.0,0,6594
3,1,111,-17,0.0,0,5879
3,1,111,-18,0.0,0,10842
3,2,000,18,1.0,115661,115661
3,2,000,17,1.0,46859,46859
3,2,000,16,1.0,51531,51531
3,2,000,15,1.0,52067,52067
3,2,000,14,1.0,52539,52539
3,2,000,13,1.0,50509,50509
3,2,000,12,1.0,47347,47348
3,2,000,11,0.9999,43516,43521
3,2,000,10,0.9997,39066,39078
3,2,000,9,0.9997,36258,36270
3,2,000,8,0.9991,36078,36110
3,2,000,7,0.9979,37800,37880
3,2,000,6,0.9954,43237,43436
3,2,000,5,0.9899,52874,53414
3,2,000,4,0.9778,66095,67593
3,2,000,3,0.9523,83156,87319
3,2,000,2,0.9082,98398,108344
3,2,000,1,0.8168,104789,128285
3,2,000,0,0.5326,76909,144390
3,2,000,-1,0.2381,31045,130402
3,2,000,-2,0.1262,14041,111250
3,2,000,-3,0.0639,5733,89745
3,2,000,-4,0.0324,2258,69674
3,2,000,-5,0.0154,828,53671
3,2,000,-6,0.0072,303,41947
3,2,000,-7,0.0034,119,34795
3,2,000,-8,0.0019,60,31720
3,2,000,-9,0.001,33,32006
3,2,000,-10,0.0003,9,34378
3,2,000,-11,0.0001,5,38065
3,2,000,-12,0.0,2,42196
3,2,000,-13,0.0,1,46352
3,2,000,-14,0.0,0,49248
3,2,000,-15,0.0,0,49350
3,2,000,-16,0.0,0,47341
3,2,000,-17,0.0,0,43567
3,2,000,-18,0.0,0,102727
3,2,001,18,1.0,70157,70157
3,2,001,17,1.0,28811,28811
3,2,001,16,1.0,31428,31428
3,2,001,15,1.0,31688,31688
3,2,001,14,1.0,30687,30687
3,2,001,13,1.0,29849,29849
3,2,001,12,0.9999,28039,28041
3,2,001,11,0.9999,25334,25336
3,2,001,10,0.9997,22727,22734
3,2,001,9,0.9997,21305,21312
3,2,001,8,0.999,20954,20974
3,2,001,7,0.9982,21996,22035
3,2,001,6,0.9956,25398,25510
3,2,001,5,0.9903,31337,31643
3,2,001,4,0.9784,39091,39952
3,2,001,3,0.9549,48980,51293
3,2,001,2,0.9109,57939,63605
3,2,001,1,0.8256,61940,75023
3,2,001,0,0.56,47179,84242
3,2,001,-1,0.2772,21101,76129
3,2,001,-2,0.1573,10229,65008
3,2,001,-3,0.0824,4258,51684
3,2,001,-4,0.043,1732,40277
3,2,001,-5,0.0203,629,30933
3,2,001,-6,0.0102,248,24324
3,2,001,-7,0.0047,95,20020
3,2,001,-8,0.0025,46,18679
3,2,001,-9,0.0013,25,19037
3,2,001,-10,0.0003,6,20298
3,2,001,-11,0.0001,3,22604
3,2,001,-12,0.0001,3,25141
3,2,001,-13,0.0,1,27509
3,2,001,-14,0.0,0,29278
3,2,001,-15,0.0,0,30060
3,2,001,-16,0.0,0,29252
3,2,001,-17,0.0,0,26317
3,2,001,-18,0.0,0,59744
3,2,010,18,1.0,37314,37314
3,2,010,17,1.0,13858,13858
3,2,010,16,1.0,14884,14884
3,2,010,15,1.0,15019,15019
3,2,010,14,1.0,14761,14761
3,2,010,13,1.0,13236,13236
3,2,010,12,0.9999,12152,12153
3,2,010,11,0.9999,10885,10886
3,2,010,10,0.9999,9774,9775
3,2,010,9,0.9998,9253,9255
3,2,010,8,0.9988,9439,9450
3,2,010,7,0.9979,10381,10403
3,2,010,6,0.9962,12218,12265
3,2,010,5,0.9905,15179,15324
3,2,010,4,0.981,19161,19533
3,2,010,3,0.9577,23412,24445
3,2,010,2,0.9143,26856,29374
3,2,010,1,0.8331,27779,33346
3,2,010,0,0.5804,20379,35112
3,2,010,-1,0.301,9465,31444
3,2,010,-2,0.1658,4350,26238
3,2,010,-3,0.0883,1851,20958
3,2,010,-4,0.0445,721,16199
3,2,010,-5,0.0225,285,12669
3,2,010,-6,0.0113,113,9999
3,2,010,-7,0.0052,45,8682
3,2,010,-8,0.0022,18,8372
3,2,010,-9,0.0012,10,8566
3,2,010,-10,0.0006,6,9694
3,2,010,-11,0.0001,1,10893
3,2,010,-12,0.0,0,11842
3,2,010,-13,0.0,0,13145
3,2,010,-14,0.0,0,13971
3,2,010,-15,0.0,0,14025
3,2,010,-16,0.0,0,13108
3,2,010,-17,0.0,0,11547
3,2,010,-18,0.0,0,23750
3,2,011,18,1.0,32365,32365
3,2,011,17,1.0,13106,13106
3,2,011,16,1.0,14124,14124
3,2,011,15,1.0,14152,14152
3,2,011,14,1.0,13837,13837
3,2,011,13,1.0,12782,12782
3,2,011,12,0.9999,11554,11555
3,2,011,11,0.9999,10260,10261
3,2,011,10,0.9999,9401,9402
3,2,011,9,0.9999,8760,8761
3,2,011,8,0.9995,8845,8849
3,2,011,7,0.9983,9358,9374
3,2,011,6,0.996,10852,10896
3,2,011,5,0.9912,13537,13657
3,2,011,4,0.981,16815,17141
3,2,011,3,0.9597,20808,21682
3,2,011,2,0.9174,24733,26960
3,2,011,1,0.8385,26194,31238
3,2,011,0,0.6004,20352,33896
3,2,011,-1,0.3303,10128,30661
3,2,011,-2,0.2079,5397,25954
3,2,011,-3,0.1209,2504,20715
3,2,011,-4,0.06,972,16190
3,2,011,-5,0.0324,402,12390
3,2,011,-6,0.0156,154,9868
3,2,011,-7,0.008,67,8365
3,2,011,-8,0.0039,30,7678
3,2,011,-9,0.0015,12,7932
3,2,011,-10,0.0007,6,8700
3,2,011,-11,0.0002,2,9771
3,2,011,-12,0.0002,2,10939
3,2,011,-13,0.0001,1,12100
3,2,011,-14,0.0001,1,13357
3,2,011,-15,0.0001,1,13201
3,2,011,-16,0.0,0,13107
3,2,011,-17,0.0,0,11646
3,2,011,-18,0.0,0,24222
3,2,100,18,1.0,16300,16300
3,2,100,17,1.0,6291,6291
3,2,100,16,1.0,6454,6454
3,2,100,15,1.0,6608,6608
3,2,100,14,1.0,6410,6410
3,2,100,13,1.0,6086,6086
3,2,100,12,1.0,5145,5145
3,2,100,11,1.0,4633,4633
3,2,100,10,1.0,3864,3864
3,2,100,9,1.0,3631,3631
3,2,100,8,0.9992,3717,3720
3,2,100,7,0.9981,4177,4185
3,2,100,6,0.996,4944,4964
3,2,100,5,0.9916,6112,6164
3,2,100,4,0.9806,7952,8109
3,2,100,3,0.9605,9271,9652
3,2,100,2,0.9197,10821,11766
3,2,100,1,0.8456,11187,13230
3,2,100,0,0.6137,8362,13626
3,2,100,-1,0.3261,3874,11878
3,2,100,-2,0.1788,1781,9961
3,2,100,-3,0.0986,787,7985
3,2,100,-4,0.0444,281,6326
3,2,100,-5,0.0244,116,4757
3,2,100,-6,0.01,38,3818
3,2,100,-7,0.0045,15,3313
3,2,100,-8,0.0021,7,3324
3,2,100,-9,0.0008,3,3583
3,2,100,-10,0.0015,6,3983
3,2,100,-11,0.0006,3,4774
3,2,100,-12,0.0,0,5622
3,2,100,-13,0.0002,1,6242
3,2,100,-14,0.0002,1,6481
3,2,100,-15,0.0,0,6166
3,2,100,-16,0.0,0,5804
3,2,100,-17,0.0,0,5033
3,2,100,-18,0.0,0,9505
3,2,101,18,1.0,30205,30205
3,2,101,17,1.0,10979,10979
3,2,101,16,1.0,11580,11580
3,2,101,15,1.0,11606,11606
3,2,101,14,1.0,11057,11057
3,2,101,13,1.0,9901,9901
3,2,101,12,1.0,8866,8866
3,2,101,11,1.0,7703,7703
3,2,101,10,0.9997,7144,7146
3,2,101,9,0.9999,6755,6756
3,2,101,8,0.9994,6990,6994
3,2,101,7,0.9982,7700,7714
3,2,101,6,0.9966,9258,9290
3,2,101,5,0.9923,11693,11784
3,2,101,4,0.984,14419,14653
3,2,101,3,0.9623,17564,18252
3,2,101,2,0.9212,20189,21916
3,2,101,1,0.8469,20509,24216
3,2,101,0,0.6234,15467,24812
3,2,101,-1,0.3539,7664,21657
3,2,101,-2,0.2188,3974,18166
3,2,101,-3,0.1245,1800,14461
3,2,101,-4,0.0685,761,11114
3,2,101,-5,0.031,275,8866
3,2,101,-6,0.0166,119,7167
3,2,101,-7,0.0092,56,6111
3,2,101,-8,0.0049,30,6085
3,2,101,-9,0.0021,13,6327
3,2,101,-10,0.0007,5,7358
3,2,101,-11,0.0005,4,8199
3,2,101,-12,0.0001,1,9326
3,2,101,-13,0.0002,2,10661
3,2,101,-14,0.0,0,10926
3,2,101,-15,0.0001,1,10784
3,2,101,-16,0.0001,1,10135
3,2,101,-17,0.0,0,8709
3,2,101,-18,0.0,0,16618
3,2,110,18,1.0,14126,14126
3,2,110,17,1.0,5598,5598
3,2,110,16,1.0,5688,5688
3,2,110,15,1.0,5774,5774
3,2,110,14,1.0,5502,5502
3,2,110,13,1.0,5219,5219
3,2,110,12,1.0,4321,4321
3,2,110,11,1.0,3642,3642
3,2,110,10,0.9997,3292,3293
3,2,110,9,0.9994,3076,3078
3,2,110,8,0.9994,3185,3187
3,2,110,7,0.9972,3526,3536
3,2,110,6,0.9964,4185,4200
3,2,110,5,0.9893,5184,5240
3,2,110,4,0.9829,6723,6840
3,2,110,3,0.9598,7990,8325
3,2,110,2,0.9293,9405,10121
3,2,110,1,0.8552,9714,11359
3,2,110,0,0.6265,7185,11468
3,2,110,-1,0.3824,3926,10267
3,2,110,-2,0.2402,2031,8456
3,2,110,-3,0.1363,923,6771
3,2,110,-4,0.0705,365,5174
3,2,110,-5,0.0305,121,3969
3,2,110,-6,0.0187,61,3266
3,2,110,-7,0.0059,17,2881
3,2,110,-8,0.0064,18,2794
3,2,110,-9,0.0034,10,2958
3,2,110,-10,0.0012,4,3400
3,2,110,-11,0.0003,1,3969
3,2,110,-12,0.0,0,4951
3,2,110,-13,0.0006,3,5315
3,2,110,-14,0.0,0,5450
3,2,110,-15,0.0,0,5472
3,2,110,-16,0.0,0,5102
3,2,110,-17,0.0,0,4381
3,2,110,-18,0.0,0,8013
3,2,111,18,1.0,19682,19682
3,2,111,17,1.0,7650,7650
3,2,111,16,1.0,7878,7878
3,2,111,15,1.0,7846,7846
3,2,111,14,1.0,7514,7514
3,2,111,13,1.0,6946,6946
3,2,111,12,1.0,5678,5678
3,2,111,11,1.0,4880,4880
3,2,111,10,1.0,4445,4445
3,2,111,9,1.0,4197,4197
3,2,111,8,0.9991,4397,4401
3,2,111,7,0.9977,4813,4824
3,2,111,6,0.9966,5814,5834
3,2,111,5,0.9934,7345,7394
3,2,111,4,0.9832,9069,9224
3,2,111,3,0.9648,10894,11291
3,2,111,2,0.93,12497,13438
3,2,111,1,0.8562,13172,15385
3,2,111,0,0.6468,10307,15935
3,2,111,-1,0.4039,5613,13898
3,2,111,-2,0.2693,3158,11727
3,2,111,-3,0.1699,1596,9395
3,2,111,-4,0.1025,749,7310
3,2,111,-5,0.0536,302,5635
3,2,111,-6,0.0252,117,4648
3,2,111,-7,0.0153,63,4119
3,2,111,-8,0.0078,30,3864
3,2,111,-9,0.0035,14,4009
3,2,111,-10,0.0016,7,4501
3,2,111,-11,0.0009,5,5397
3,2,111,-12,0.0006,4,6737
3,2,111,-13,0.0007,5,7323
3,2,111,-14,0.0001,1,7496
3,2,111,-15,0.0001,1,7381
3,2,111,-16,0.0,0,7206
3,2,111,-17,0.0,0,6120
3,2,111,-18,0.0,0,11225
2,0,000,18,1.0,197773,197773
2,0,000,17,1.0,87792,87792
2,0,000,16,1.0,96429,96429
2,0,000,15,1.0,99722,99722
2,0,000,14,1.0,99130,99130
2,0,000,13,1.0,93067,93068
2,0,000,12,1.0,84551,84555
2,0,000,11,1.0,74913,74914
2,0,000,10,0.9998,67213,67224
2,0,000,9,0.9996,61842,61865
2,0,000,8,0.999,60784,60845
2,0,000,7,0.9978,66009,66156
2,0,000,6,0.9947,78782,79205
2,0,000,5,0.989,99810,100924
2,0,000,4,0.9762,127715,130830
2,0,000,3,0.9502,160744,169165
2,0,000,2,0.8984,190120,211613
2,0,000,1,0.8062,207785,257748
2,0,000,0,0.5008,350553,699924
2,0,000,-1,0.1944,46697,240160
2,0,000,-2,0.0994,20388,205185
2,0,000,-3,0.0502,8372,166635
2,0,000,-4,0.0235,3079,130800
2,0,000,-5,0.0108,1117,103431
2,0,000,-6,0.0051,428,83815
2,0,000,-7,0.0022,160,72313
2,0,000,-8,0.001,69,68957
2,0,000,-9,0.0003,22,68862
2,0,000,-10,0.0003,19,74043
2,0,000,-11,0.0001,9,82168
2,0,000,-12,0.0001,6,90832
2,0,000,-13,0.0,0,99254
2,0,000,-14,0.0,0,104407
2,0,000,-15,0.0,0,106198
2,0,000,-16,0.0,0,103777
2,0,000,-17,0.0,0,95837
2,0,000,-18,0.0,0,236188
2,0,001,18,1.0,53351,53351
2,0,001,17,1.0,24108,24108
2,0,001,16,1.0,25881,25881
2,0,001,15,1.0,26170,26170
2,0,001,14,1.0,26040,26040
2,0,001,13,1.0,24335,24335
2,0,001,12,1.0,22149,22150
2,0,001,11,1.0,19616,19616
2,0,001,10,0.9999,17573,17575
2,0,001,9,0.9996,16290,16296
2,0,001,8,0.9991,15923,15937
2,0,001,7,0.9983,17384,17414
2,0,001,6,0.9953,20668,20765
2,0,001,5,0.9906,26624,26877
2,0,001,4,0.9784,33804,34552
2,0,001,3,0.9546,42393,44411
2,0,001,2,0.9097,51372,56469
2,0,001,1,0.8301,57350,69084
2,0,001,0,0.5599,101442,181180
2,0,001,-1,0.2849,17961,63034
2,0,001,-2,0.1749,9344,53439
2,0,001,-3,0.0941,4083,43393
2,0,001,-4,0.0458,1569,34285
2,0,001,-5,0.0219,586,26765
2,0,001,-6,0.0101,222,21972
2,0,001,-7,0.0049,93,18929
2,0,001,-8,0.0023,41,17943
2,0,001,-9,0.0007,13,18046
2,0,001,-10,0.0005,9,19728
2,0,001,-11,0.0001,3,21762
2,0,001,-12,0.0001,3,24071
2,0,001,-13,0.0,0,26282
2,0,001,-14,0.0,0,27272
2,0,001,-15,0.0,0,28213
2,0,001,-16,0.0,0,27969
2,0,001,-17,0.0,0,25642
2,0,001,-18,0.0,0,62135
2,0,010,18,1.0,15825,15825
2,0,010,17,1.0,6757,6757
2,0,010,16,1.0,7472,7472
2,0,010,15,1.0,7458,7458
2,0,010,14,1.0,7509,7509
2,0,010,13,1.0,6884,6884
2,0,010,12,1.0,5696,5696
2,0,010,11,1.0,5017,5017
2,0,010,10,1.0,4741,4741
2,0,010,9,0.9998,4377,4378
2,0,010,8,0.9979,4347,4356
2,0,010,7,0.9975,4804,4816
2,0,010,6,0.9943,5765,5798
2,0,010,5,0.9911,7494,7561
2,0,010,4,0.981,9491,9675
2,0,010,3,0.9655,12088,12520
2,0,010,2,0.9198,14740,16025
2,0,010,1,0.8504,17560,20650
2,0,010,0,0.6325,27941,44173
2,0,010,-1,0.3555,5702,16039
2,0,010,-2,0.1948,2717,13951
2,0,010,-3,0.101,1120,11091
2,0,010,-4,0.0476,412,8663
2,0,010,-5,0.0234,163,6978
2,0,010,-6,0.01,56,5574
2,0,010,-7,0.0056,28,4963
2,0,010,-8,0.0033,16,4858
2,0,010,-9,0.001,5,5002
2,0,010,-10,0.0007,4,5340
2,0,010,-11,0.0005,3,5841
2,0,010,-12,0.0003,2,7012
2,0,010,-13,0.0,0,7597
2,0,010,-14,0.0,0,7868
2,0,010,-15,0.0,0,7973
2,0,010,-16,0.0,0,7616
2,0,010,-17,0.0,0,6895
2,0,010,-18,0.0,0,15924
2,0,011,18,1.0,15786,15786
2,0,011,17,1.0,7121,7121
2,0,011,16,1.0,7620,7620
2,0,011,15,1.0,7612,7612
2,0,011,14,1.0,7682,7682
2,0,011,13,1.0,7103,7103
2,0,011,12,0.9998,5830,5831
2,0,011,11,1.0,5189,5189
2,0,011,10,1.0,4766,4766
2,0,011,9,1.0,4369,4369
2,0,011,8,0.9986,4406,4412
2,0,011,7,0.9977,4855,4866
2,0,011,6,0.9953,5766,5793
2,0,011,5,0.994,7420,7465
2,0,011,4,0.9844,9503,9654
2,0,011,3,0.9647,11935,12372
2,0,011,2,0.9264,14881,16064
2,0,011,1,0.8612,17191,19962
2,0,011,0,0.6568,30983,47171
2,0,011,-1,0.4125,6853,16612
2,0,011,-2,0.2809,3987,14195
2,0,011,-3,0.1736,2002,11533
2,0,011,-4,0.0903,820,9081
2,0,011,-5,0.0461,327,7097
2,0,011,-6,0.0212,125,5897
2,0,011,-7,0.0109,56,5159
2,0,011,-8,0.0046,23,4955
2,0,011,-9,0.002,10,5027
2,0,011,-10,0.0015,8,5387
2,0,011,-11,0.0,0,6088
2,0,011,-12,0.0001,1,6679
2,0,011,-13,0.0,0,7734
2,0,011,-14,0.0,0,8044
2,0,011,-15,0.0,0,8245
2,0,011,-16,0.0,0,8006
2,0,011,-17,0.0,0,7508
2,0,011,-18,0.0,0,17122
2,0,100,18,1.0,4967,4967
2,0,100,17,1.0,2218,2218
2,0,100,16,1.0,2242,2242
2,0,100,15,1.0,2379,2379
2,0,100,14,1.0,2167,2167
2,0,100,13,1.0,2124,2124
2,0,100,12,1.0,1956,1956
2,0,100,11,1.0,1770,1770
2,0,100,10,1.0,1145,1145
2,0,100,9,1.0,1124,1124
2,0,100,8,1.0,1152,1152
2,0,100,7,1.0,1230,1230
2,0,100,6,0.9962,1594,1600
2,0,100,5,0.9941,2038,2050
2,0,100,4,0.9852,2591,2630
2,0,100,3,0.9713,3488,3591
2,0,100,2,0.9317,4259,4571
2,0,100,1,0.8821,5513,6250
2,0,100,0,0.7313,6974,9536
2,0,100,-1,0.4475,1761,3935
2,0,100,-2,0.1975,665,3367
2,0,100,-3,0.1005,273,2717
2,0,100,-4,0.0468,100,2137
2,0,100,-5,0.0213,36,1693
2,0,100,-6,0.0215,29,1351
2,0,100,-7,0.0046,6,1299
2,0,100,-8,0.0016,2,1259
2,0,100,-9,0.0007,1,1346
2,0,100,-10,0.0005,1,1960
2,0,100,-11,0.001,2,2061
2,0,100,-12,0.0,0,2223
2,0,100,-13,0.0,0,2365
2,0,100,-14,0.0,0,2378
2,0,100,-15,0.0,0,2422
2,0,100,-16,0.0,0,2345
2,0,100,-17,0.0,0,2021
2,0,100,-18,0.0,0,3952
2,0,101,18,1.0,6780,6780
2,0,101,17,1.0,2982,2982
2,0,101,16,1.0,3167,3167
2,0,101,15,1.0,3091,3091
2,0,101,14,1.0,3012,3012
2,0,101,13,1.0,2826,2826
2,0,101,12,1.0,2538,2538
2,0,101,11,1.0,1708,1708
2,0,101,10,1.0,1530,1530
2,0,101,9,1.0,1498,1498
2,0,101,8,0.998,1492,1495
2,0,101,7,0.9988,1700,1702
2,0,101,6,0.9963,2140,2148
2,0,101,5,0.9933,2960,2980
2,0,101,4,0.9859,3506,3556
2,0,101,3,0.9749,4576,4694
2,0,101,2,0.9387,5742,6117
2,0,101,1,0.8871,7357,8293
2,0,101,0,0.7273,9343,12846
2,0,101,-1,0.4884,2506,5131
2,0,101,-2,0.2897,1282,4426
2,0,101,-3,0.1778,629,3537
2,0,101,-4,0.0888,248,2794
2,0,101,-5,0.0463,103,2225
2,0,101,-6,0.0243,46,1891
2,0,101,-7,0.0099,17,1722
2,0,101,-8,0.0047,8,1703
2,0,101,-9,0.0021,4,1886
2,0,101,-10,0.0004,1,2465
2,0,101,-11,0.0011,3,2762
2,0,101,-12,0.0003,1,3015
2,0,101,-13,0.0,0,3303
2,0,101,-14,0.0,0,3213
2,0,101,-15,0.0,0,3263
2,0,101,-16,0.0,0,3082
2,0,101,-17,0.0,0,2748
2,0,101,-18,0.0,0,5331
2,0,110,18,1.0,5703,5703
2,0,110,17,1.0,2549,2549
2,0,110,16,1.0,2602,2602
2,0,110,15,1.0,2553,2553
2,0,110,14,1.0,2471,2471
2,0,110,13,1.0,2291,2291
2,0,110,12,1.0,2051,2051
2,0,110,11,1.0,1916,1916
2,0,110,10,1.0,1314,1314
2,0,110,9,0.9992,1257,1258
2,0,110,8,1.0,1289,1289
2,0,110,7,0.998,1511,1514
2,0,110,6,0.9978,1795,1799
2,0,110,5,0.9962,2378,2387
2,0,110,4,0.988,3038,3075
2,0,110,3,0.9759,3880,3976
2,0,110,2,0.9453,4836,5116
2,0,110,1,0.91,6247,6865
2,0,110,0,0.7846,8277,10549
2,0,110,-1,0.574,2600,4530
2,0,110,-2,0.3605,1350,3745
2,0,110,-3,0.1954,582,2979
2,0,110,-4,0.1057,261,2470
2,0,110,-5,0.0472,89,1885
2,0,110,-6,0.032,52,1625
2,0,110,-7,0.0131,19,1453
2,0,110,-8,0.0029,4,1400
2,0,110,-9,0.0014,2,1422
2,0,110,-10,0.0009,2,2188
2,0,110,-11,0.0009,2,2292
2,0,110,-12,0.0004,1,2541
2,0,110,-13,0.0,0,2679
2,0,110,-14,0.0,0,2686
2,0,110,-15,0.0,0,2691
2,0,110,-16,0.0,0,2593
2,0,110,-17,0.0,0,2258
2,0,110,-18,0.0,0,4542
2,0,111,18,1.0,8241,8241
2,0,111,17,1.0,3624,3624
2,0,111,16,1.0,3638,3638
2,0,111,15,1.0,3543,3543
2,0,111,14,1.0,3480,3480
2,0,111,13,0.9997,3207,3208
2,0,111,12,0.9996,2812,2813
2,0,111,11,1.0,2001,2001
2,0,111,10,1.0,1737,1737
2,0,111,9,1.0,1763,1763
2,0,111,8,0.9994,1701,1702
2,0,111,7,0.9985,1986,1989
2,0,111,6,0.998,2496,2501
2,0,111,5,0.9959,3141,3154
2,0,111,4,0.9892,4041,4085
2,0,111,3,0.9767,5276,5402
2,0,111,2,0.9569,6800,7106
2,0,111,1,0.9092,8607,9467
2,0,111,0,0.7965,11495,14432
2,0,111,-1,0.5992,3502,5844
2,0,111,-2,0.4039,2033,5034
2,0,111,-3,0.2766,1129,4081
2,0,111,-4,0.1682,538,3199
2,0,111,-5,0.0903,227,2515
2,0,111,-6,0.049,107,2185
2,0,111,-7,0.0215,42,1953
2,0,111,-8,0.0129,25,1936
2,0,111,-9,0.0039,8,2044
2,0,111,-10,0.0016,4,2525
2,0,111,-11,0.0006,2,3246
2,0,111,-12,0.0006,2,3505
2,0,111,-13,0.0,0,3789
2,0,111,-14,0.0,0,3840
2,0,111,-15,0.0,0,3824
2,0,111,-16,0.0,0,3624
2,0,111,-17,0.0,0,3369
2,0,111,-18,0.0,0,6262
2,1,000,18,1.0,149406,149406
2,1,000,17,1.0,61549,61549
2,1,000,16,1.0,66914,66914
2,1,000,15,1.0,68543,68543
2,1,000,14,1.0,67612,67612
2,1,000,13,1.0,63572,63573
2,1,000,12,0.9999,57717,57720
2,1,000,11,1.0,51135,51136
2,1,000,10,0.9998,46440,46449
2,1,000,9,0.9996,43199,43215
2,1,000,8,0.999,43365,43407
2,1,000,7,0.9975,48148,48268
2,1,000,6,0.9943,58063,58393
2,1,000,5,0.9876,72994,73914
2,1,000,4,0.9741,93913,96414
2,1,000,3,0.9449,117500,124355
2,1,000,2,0.8886,138247,155575
2,1,000,1,0.7856,147856,188202
2,1,000,0,0.4406,199939,453805
2,1,000,-1,0.1181,19077,161468
2,1,000,-2,0.0516,7089,137292
2,1,000,-3,0.0236,2643,111792
2,1,000,-4,0.0102,893,87927
2,1,000,-5,0.0043,298,70061
2,1,000,-6,0.0019,106,57249
2,1,000,-7,0.0006,30,50143
2,1,000,-8,0.0003,13,48313
2,1,000,-9,0.0001,3,48735
2,1,000,-10,0.0001,5,52218
2,1,000,-11,0.0,2,57951
2,1,000,-12,0.0,0,63606
2,1,000,-13,0.0,0,68798
2,1,000,-14,0.0,0,72624
2,1,000,-15,0.0,0,72735
2,1,000,-16,0.0,0,70226
2,1,000,-17,0.0,0,64769
2,1,000,-18,0.0,0,156170
2,1,001,18,1.0,69051,69051
2,1,001,17,1.0,29187,29187
2,1,001,16,1.0,31352,31352
2,1,001,15,1.0,31465,31465
2,1,001,14,1.0,30651,30651
2,1,001,13,1.0,28893,28893
2,1,001,12,0.9999,26204,26206
2,1,001,11,1.0,23051,23052
2,1,001,10,0.9998,20995,20999
2,1,001,9,0.9996,19628,19635
2,1,001,8,0.9993,19310,19323
2,1,001,7,0.9983,21588,21625
2,1,001,6,0.9948,26126,26262
2,1,001,5,0.9889,33121,33494
2,1,001,4,0.9762,42409,43443
2,1,001,3,0.9481,53022,55925
2,1,001,2,0.8988,63088,70191
2,1,001,1,0.8044,69238,86078
2,1,001,0,0.4869,99536,204422
2,1,001,-1,0.191,14037,73507
2,1,001,-2,0.1078,6673,61908
2,1,001,-3,0.0525,2655,50587
2,1,001,-4,0.022,879,39888
2,1,001,-5,0.0095,298,31356
2,1,001,-6,0.0036,94,25843
2,1,001,-7,0.0014,31,22463
2,1,001,-8,0.0009,19,21747
2,1,001,-9,0.0002,4,22105
2,1,001,-10,0.0002,5,23924
2,1,001,-11,0.0001,2,26432
2,1,001,-12,0.0,1,29179
2,1,001,-13,0.0,0,31330
2,1,001,-14,0.0,0,33107
2,1,001,-15,0.0,0,33962
2,1,001,-16,0.0,0,33071
2,1,001,-17,0.0,0,30142
2,1,001,-18,0.0,0,71493
2,1,010,18,1.0,26275,26275
2,1,010,17,1.0,10347,10347
2,1,010,16,1.0,11079,11079
2,1,010,15,1.0,11126,11126
2,1,010,14,1.0,10721,10721
2,1,010,13,1.0,9497,9497
2,1,010,12,1.0,8352,8352
2,1,010,11,1.0,7512,7512
2,1,010,10,1.0,6844,6844
2,1,010,9,0.9991,6425,6431
2,1,010,8,0.9982,6745,6757
2,1,010,7,0.9974,7682,7702
2,1,010,6,0.9953,9227,9271
2,1,010,5,0.988,11658,11800
2,1,010,4,0.9773,15171,15523
2,1,010,3,0.9548,18877,19771
2,1,010,2,0.9073,23256,25633
2,1,010,1,0.8185,26379,32227
2,1,010,0,0.5456,32293,59192
2,1,010,-1,0.2394,5421,22641
2,1,010,-2,0.1171,2284,19498
2,1,010,-3,0.0548,853,15575
2,1,010,-4,0.0224,276,12341
2,1,010,-5,0.0096,95,9879
2,1,010,-6,0.0044,36,8187
2,1,010,-7,0.0019,14,7247
2,1,010,-8,0.0006,4,7157
2,1,010,-9,0.0003,2,7659
2,1,010,-10,0.0005,4,8201
2,1,010,-11,0.0001,1,8981
2,1,010,-12,0.0001,1,10222
2,1,010,-13,0.0,0,11378
2,1,010,-14,0.0,0,11760
2,1,010,-15,0.0,0,11648
2,1,010,-16,0.0,0,11248
2,1,010,-17,0.0,0,9987
2,1,010,-18,0.0,0,22181
2,1,011,18,1.0,29204,29204
2,1,011,17,1.0,12054,12054
2,1,011,16,1.0,12842,12842
2,1,011,15,1.0,12709,12709
2,1,011,14,1.0,12105,12105
2,1,011,13,1.0,11122,11122
2,1,011,12,1.0,9774,9774
2,1,011,11,1.0,8723,8723
2,1,011,10,0.9997,7831,7833
2,1,011,9,0.9997,7474,7476
2,1,011,8,0.9993,7441,7446
2,1,011,7,0.9976,8405,8425
2,1,011,6,0.9957,10279,10323
2,1,011,5,0.991,13282,13402
2,1,011,4,0.9789,16600,16958
2,1,011,3,0.9565,21127,22087
2,1,011,2,0.911,25542,28038
2,1,011,1,0.8266,29328,35480
2,1,011,0,0.5567,40562,72861
2,1,011,-1,0.2836,7751,27328
2,1,011,-2,0.1873,4331,23125
2,1,011,-3,0.1121,2100,18736
2,1,011,-4,0.0477,710,14875
2,1,011,-5,0.0222,261,11769
2,1,011,-6,0.0088,85,9650
2,1,011,-7,0.003,25,8454
2,1,011,-8,0.0017,14,8406
2,1,011,-9,0.0002,2,8543
2,1,011,-10,0.0003,3,9269
2,1,011,-11,0.0001,1,10467
2,1,011,-12,0.0001,1,11390
2,1,011,-13,0.0,0,13064
2,1,011,-14,0.0,0,13625
2,1,011,-15,0.0,0,13723
2,1,011,-16,0.0,0,13342
2,1,011,-17,0.0,0,12010
2,1,011,-18,0.0,0,26979
2,1,100,18,1.0,10394,10394
2,1,100,17,1.0,4120,4120
2,1,100,16,1.0,4120,4120
2,1,100,15,1.0,4100,4100
2,1,100,14,1.0,3933,3933
2,1,100,13,1.0,3663,3663
2,1,100,12,1.0,2824,2824
2,1,100,11,1.0,2542,2542
2,1,100,10,1.0,2185,2185
2,1,100,9,1.0,2118,2118
2,1,100,8,1.0,2200,2200
2,1,100,7,0.9989,2673,2676
2,1,100,6,0.9947,3361,3379
2,1,100,5,0.9913,4322,4360
2,1,100,4,0.9825,5402,5498
2,1,100,3,0.9622,6827,7095
2,1,100,2,0.9198,8313,9038
2,1,100,1,0.8444,9931,11761
2,1,100,0,0.641,9991,15587
2,1,100,-1,0.3201,2255,7044
2,1,100,-2,0.1054,622,5899
2,1,100,-3,0.0506,236,4665
2,1,100,-4,0.0235,89,3782
2,1,100,-5,0.0126,39,3084
2,1,100,-6,0.0064,16,2519
2,1,100,-7,0.0016,4,2463
2,1,100,-8,0.0004,1,2382
2,1,100,-9,0.0,0,2514
2,1,100,-10,0.0003,1,3124
2,1,100,-11,0.0,0,3851
2,1,100,-12,0.0,0,4156
2,1,100,-13,0.0,0,4276
2,1,100,-14,0.0,0,4352
2,1,100,-15,0.0,0,4325
2,1,100,-16,0.0,0,4070
2,1,100,-17,0.0,0,3494
2,1,100,-18,0.0,0,6780
2,1,101,18,1.0,15231,15231
2,1,101,17,1.0,5901,5901
2,1,101,16,1.0,6209,6209
2,1,101,15,1.0,6044,6044
2,1,101,14,1.0,5738,5738
2,1,101,13,1.0,4759,4759
2,1,101,12,1.0,4306,4306
2,1,101,11,1.0,3461,3461
2,1,101,10,1.0,3299,3299
2,1,101,9,1.0,3169,3169
2,1,101,8,0.9982,3406,3412
2,1,101,7,0.999,3939,3943
2,1,101,6,0.996,4933,4953
2,1,101,5,0.9925,6228,6275
2,1,101,4,0.9834,8049,8185
2,1,101,3,0.9629,10202,10595
2,1,101,2,0.9247,12630,13658
2,1,101,1,0.8497,15179,17865
2,1,101,0,0.6349,15873,25001
2,1,101,-1,0.354,3798,10730
2,1,101,-2,0.1934,1736,8978
2,1,101,-3,0.1095,778,7106
2,1,101,-4,0.0523,297,5677
2,1,101,-5,0.0232,106,4575
2,1,101,-6,0.0074,29,3943
2,1,101,-7,0.0045,16,3539
2,1,101,-8,0.0014,5,3543
2,1,101,-9,0.0008,3,3967
2,1,101,-10,0.0007,3,4588
2,1,101,-11,0.0,0,5097
2,1,101,-12,0.0,0,6148
2,1,101,-13,0.0,0,6326
2,1,101,-14,0.0,0,6659
2,1,101,-15,0.0,0,6608
2,1,101,-16,0.0,0,6197
2,1,101,-17,0.0,0,5494
2,1,101,-18,0.0,0,10429
2,1,110,18,1.0,12390,12390
2,1,110,17,1.0,4789,4789
2,1,110,16,1.0,4902,4902
2,1,110,15,1.0,4907,4907
2,1,110,14,1.0,4535,4535
2,1,110,13,1.0,4321,4321
2,1,110,12,1.0,3337,3337
2,1,110,11,1.0,2996,2996
2,1,110,10,1.0,2718,2718
2,1,110,9,0.9992,2489,2491
2,1,110,8,0.9993,2850,2852
2,1,110,7,0.9982,3319,3325
2,1,110,6,0.9949,3893,3913
2,1,110,5,0.9932,5087,5122
2,1,110,4,0.9825,6459,6574
2,1,110,3,0.9669,8225,8507
2,1,110,2,0.9267,10142,10944
2,1,110,1,0.8708,12546,14407
2,1,110,0,0.6828,13046,19108
2,1,110,-1,0.4209,3562,8462
2,1,110,-2,0.2477,1743,7036
2,1,110,-3,0.116,660,5691
2,1,110,-4,0.0513,238,4641
2,1,110,-5,0.0209,75,3596
2,1,110,-6,0.0115,36,3130
2,1,110,-7,0.0034,10,2927
2,1,110,-8,0.001,3,2937
2,1,110,-9,0.001,3,2975
2,1,110,-10,0.0003,1,3635
2,1,110,-11,0.0,0,4471
2,1,110,-12,0.0,0,4984
2,1,110,-13,0.0,0,5208
2,1,110,-14,0.0,0,5224
2,1,110,-15,0.0,0,5247
2,1,110,-16,0.0,0,4866
2,1,110,-17,0.0,0,4305
2,1,110,-18,0.0,0,8234
2,1,111,18,1.0,18252,18252
2,1,111,17,1.0,6927,6927
2,1,111,16,1.0,7357,7357
2,1,111,15,1.0,7053,7053
2,1,111,14,1.0,6562,6562
2,1,111,13,1.0,5592,5592
2,1,111,12,1.0,4773,4773
2,1,111,11,0.9998,4130,4131
2,1,111,10,0.9995,3764,3766
2,1,111,9,0.9992,3682,3685
2,1,111,8,0.9987,3914,3919
2,1,111,7,0.9989,4538,4543
2,1,111,6,0.9961,5575,5597
2,1,111,5,0.9932,7110,7159
2,1,111,4,0.9845,9265,9411
2,1,111,3,0.9671,11785,12186
2,1,111,2,0.9327,14504,15550
2,1,111,1,0.8654,17855,20632
2,1,111,0,0.6737,18939,28110
2,1,111,-1,0.425,5201,12237
2,1,111,-2,0.2738,2834,10352
2,1,111,-3,0.1863,1526,8190
2,1,111,-4,0.11,735,6679
2,1,111,-5,0.0491,264,5380
2,1,111,-6,0.0179,80,4470
2,1,111,-7,0.0075,31,4106
2,1,111,-8,0.0048,20,4150
2,1,111,-9,0.0023,10,4338
2,1,111,-10,0.0014,7,4978
2,1,111,-11,0.0003,2,5858
2,1,111,-12,0.0001,1,6952
2,1,111,-13,0.0,0,7446
2,1,111,-14,0.0,0,7670
2,1,111,-15,0.0,0,7563
2,1,111,-16,0.0,0,7310
2,1,111,-17,0.0,0,6382
2,1,111,-18,0.0,0,11823
2,2,000,18,1.0,130355,130355
2,2,000,17,1.0,48156,48156
2,2,000,16,1.0,51879,51879
2,2,000,15,1.0,52330,52330
2,2,000,14,1.0,51860,51860
2,2,000,13,1.0,48362,48363
2,2,000,12,1.0,43813,43815
2,2,000,11,1.0,39012,39013
2,2,000,10,0.9998,36031,36040
2,2,000,9,0.9996,34490,34505
2,2,000,8,0.9989,35893,35933
2,2,000,7,0.9971,40223,40338
2,2,000,6,0.9938,49099,49405
2,2,000,5,0.9866,61869,62707
2,2,000,4,0.9711,78781,81128
2,2,000,3,0.9398,97241,103475
2,2,000,2,0.8787,112704,128261
2,2,000,1,0.7681,116164,151230
2,2,000,0,0.3867,124999,323264
2,2,000,-1,0.0517,6219,120177
2,2,000,-2,0.0183,1862,101930
2,2,000,-3,0.0069,567,82592
2,2,000,-4,0.0026,169,65420
2,2,000,-5,0.001,54,52626
2,2,000,-6,0.0003,14,43669
2,2,000,-7,0.0,1,39010
2,2,000,-8,0.0,1,38130
2,2,000,-9,0.0,0,39048
2,2,000,-10,0.0,0,41934
2,2,000,-11,0.0,0,46454
2,2,000,-12,0.0,0,50242
2,2,000,-13,0.0,0,54034
2,2,000,-14,0.0,0,55984
2,2,000,-15,0.0,0,55382
2,2,000,-16,0.0,0,53211
2,2,000,-17,0.0,0,48308
2,2,000,-18,0.0,0,113017
2,2,001,18,1.0,79296,79296
2,2,001,17,1.0,30025,30025
2,2,001,16,1.0,31219,31219
2,2,001,15,1.0,31276,31276
2,2,001,14,1.0,30425,30425
2,2,001,13,1.0,28308,28308
2,2,001,12,0.9999,25547,25550
2,2,001,11,1.0,22685,22686
2,2,001,10,0.9998,20993,20997
2,2,001,9,0.9996,20086,20094
2,2,001,8,0.999,20581,20601
2,2,001,7,0.9976,23631,23687
2,2,001,6,0.994,28939,29113
2,2,001,5,0.9873,36378,36845
2,2,001,4,0.9735,46413,47677
2,2,001,3,0.9413,57696,61291
2,2,001,2,0.884,67620,76489
2,2,001,1,0.7819,71859,91903
2,2,001,0,0.4189,77564,185162
2,2,001,-1,0.1027,7225,70327
2,2,001,-2,0.0498,2936,58990
2,2,001,-3,0.0193,929,48174
2,2,001,-4,0.007,267,38195
2,2,001,-5,0.0025,77,30520
2,2,001,-6,0.0007,18,25460
2,2,001,-7,0.0004,8,22633
2,2,001,-8,0.0,1,22083
2,2,001,-9,0.0,1,23111
2,2,001,-10,0.0,0,24893
2,2,001,-11,0.0,0,27421
2,2,001,-12,0.0,0,30101
2,2,001,-13,0.0,0,32185
2,2,001,-14,0.0,0,33384
2,2,001,-15,0.0,0,33701
2,2,001,-16,0.0,0,32370
2,2,001,-17,0.0,0,29238
2,2,001,-18,0.0,0,66130
2,2,010,18,1.0,41866,41866
2,2,010,17,1.0,14466,14466
2,2,010,16,1.0,15053,15053
2,2,010,15,1.0,14557,14557
2,2,010,14,0.9999,13514,13515
2,2,010,13,0.9999,12178,12179
2,2,010,12,1.0,10729,10729
2,2,010,11,1.0,9718,9718
2,2,010,10,0.9999,9194,9195
2,2,010,9,0.9992,9084,9091
2,2,010,8,0.9986,9722,9736
2,2,010,7,0.9969,11428,11463
2,2,010,6,0.9942,14133,14216
2,2,010,5,0.9889,17908,18109
2,2,010,4,0.974,22811,23420
2,2,010,3,0.9465,27933,29513
2,2,010,2,0.89,33369,37492
2,2,010,1,0.7894,35914,45493
2,2,010,0,0.4559,30984,67961
2,2,010,-1,0.129,3699,28664
2,2,010,-2,0.0515,1251,24278
2,2,010,-3,0.0199,392,19701
2,2,010,-4,0.0076,115,15186
2,2,010,-5,0.0031,38,12427
2,2,010,-6,0.0009,10,10974
2,2,010,-7,0.0002,2,9833
2,2,010,-8,0.0001,1,10020
2,2,010,-9,0.0,0,10609
2,2,010,-10,0.0,0,11506
2,2,010,-11,0.0,0,12782
2,2,010,-12,0.0,0,14107
2,2,010,-13,0.0,0,15423
2,2,010,-14,0.0,0,16023
2,2,010,-15,0.0,0,15493
2,2,010,-16,0.0,0,14533
2,2,010,-17,0.0,0,12500
2,2,010,-18,0.0,0,26274
2,2,011,18,1.0,36528,36528
2,2,011,17,1.0,13721,13721
2,2,011,16,1.0,14118,14118
2,2,011,15,1.0,13953,13953
2,2,011,14,1.0,12511,12511
2,2,011,13,1.0,11668,11668
2,2,011,12,1.0,10279,10279
2,2,011,11,1.0,9210,9210
2,2,011,10,0.9999,8624,8625
2,2,011,9,0.9995,8364,8368
2,2,011,8,0.9992,8582,8589
2,2,011,7,0.9978,10004,10026
2,2,011,6,0.9945,12628,12698
2,2,011,5,0.9888,15874,16053
2,2,011,4,0.9758,20226,20728
2,2,011,3,0.9479,24847,26213
2,2,011,2,0.8926,29384,32920
2,2,011,1,0.7973,32650,40952
2,2,011,0,0.4719,32970,69872
2,2,011,-1,0.1688,4791,28382
2,2,011,-2,0.1017,2398,23589
2,2,011,-3,0.0528,1002,18985
2,2,011,-4,0.0202,310,15322
2,2,011,-5,0.0061,76,12398
2,2,011,-6,0.0024,25,10310
2,2,011,-7,0.001,9,9306
2,2,011,-8,0.0002,2,9324
2,2,011,-9,0.0,0,9697
2,2,011,-10,0.0,0,10712
2,2,011,-11,0.0,0,11830
2,2,011,-12,0.0,0,12928
2,2,011,-13,0.0,0,13965
2,2,011,-14,0.0,0,14971
2,2,011,-15,0.0,0,14797
2,2,011,-16,0.0,0,14053
2,2,011,-17,0.0,0,12616
2,2,011,-18,0.0,0,26935
2,2,100,18,1.0,17775,17775
2,2,100,17,1.0,6390,6390
2,2,100,16,1.0,6468,6468
2,2,100,15,1.0,6497,6497
2,2,100,14,1.0,6117,6117
2,2,100,13,1.0,5182,5182
2,2,100,12,1.0,4265,4265
2,2,100,11,1.0,3936,3936
2,2,100,10,1.0,3570,3570
2,2,100,9,0.9997,3477,3478
2,2,100,8,0.9989,3804,3808
2,2,100,7,0.9978,4553,4563
2,2,100,6,0.9946,5698,5729
2,2,100,5,0.9886,7208,7291
2,2,100,4,0.9746,9202,9442
2,2,100,3,0.9484,11194,11803
2,2,100,2,0.8958,13713,15308
2,2,100,1,0.7983,15254,19107
2,2,100,0,0.4969,11833,23816
2,2,100,-1,0.1602,1751,10928
2,2,100,-2,0.0511,472,9239
2,2,100,-3,0.0181,133,7332
2,2,100,-4,0.0078,47,5998
2,2,100,-5,0.0027,13,4829
2,2,100,-6,0.0012,5,4114
2,2,100,-7,0.0003,1,3877
2,2,100,-8,0.0,0,3801
2,2,100,-9,0.0,0,4306
2,2,100,-10,0.0,0,4943
2,2,100,-11,0.0,0,5537
2,2,100,-12,0.0,0,6475
2,2,100,-13,0.0,0,6941
2,2,100,-14,0.0,0,6795
2,2,100,-15,0.0,0,6718
2,2,100,-16,0.0,0,6172
2,2,100,-17,0.0,0,5586
2,2,100,-18,0.0,0,10462
2,2,101,18,1.0,33269,33269
2,2,101,17,1.0,11368,11368
2,2,101,16,1.0,11492,11492
2,2,101,15,1.0,10876,10876
2,2,101,14,1.0,9929,9929
2,2,101,13,1.0,8615,8615
2,2,101,12,1.0,7956,7956
2,2,101,11,1.0,6781,6781
2,2,101,10,0.9999,6683,6684
2,2,101,9,0.9998,6558,6559
2,2,101,8,0.9988,7229,7238
2,2,101,7,0.9974,8415,8437
2,2,101,6,0.9956,10570,10617
2,2,101,5,0.9899,13421,13558
2,2,101,4,0.9752,17059,17492
2,2,101,3,0.9507,21372,22481
2,2,101,2,0.9014,25409,28189
2,2,101,1,0.8085,28149,34816
2,2,101,0,0.4965,21608,43520
2,2,101,-1,0.1904,3797,19947
2,2,101,-2,0.1022,1717,16793
2,2,101,-3,0.0528,715,13538
2,2,101,-4,0.0158,171,10825
2,2,101,-5,0.0076,66,8654
2,2,101,-6,0.0014,11,7596
2,2,101,-7,0.0012,9,7266
2,2,101,-8,0.0003,2,7248
2,2,101,-9,0.0001,1,7796
2,2,101,-10,0.0,0,8846
2,2,101,-11,0.0,0,9733
2,2,101,-12,0.0,0,10889
2,2,101,-13,0.0,0,12231
2,2,101,-14,0.0,0,12496
2,2,101,-15,0.0,0,11942
2,2,101,-16,0.0,0,11209
2,2,101,-17,0.0,0,9493
2,2,101,-18,0.0,0,18226
2,2,110,18,1.0,15431,15431
2,2,110,17,1.0,5648,5648
2,2,110,16,1.0,5665,5665
2,2,110,15,1.0,5504,5504
2,2,110,14,1.0,5271,5271
2,2,110,13,1.0,4405,4405
2,2,110,12,1.0,3601,3601
2,2,110,11,1.0,3272,3272
2,2,110,10,1.0,3029,3029
2,2,110,9,0.9997,2965,2966
2,2,110,8,0.9988,3234,3238
2,2,110,7,0.9975,4021,4031
2,2,110,6,0.9953,4833,4856
2,2,110,5,0.9889,6155,6224
2,2,110,4,0.976,7751,7942
2,2,110,3,0.9498,9910,10434
2,2,110,2,0.9005,11933,13251
2,2,110,1,0.8154,13586,16662
2,2,110,0,0.5146,10182,19785
2,2,110,-1,0.2277,2119,9308
2,2,110,-2,0.1275,989,7759
2,2,110,-3,0.055,351,6383
2,2,110,-4,0.0182,90,4953
2,2,110,-5,0.0062,25,4052
2,2,110,-6,0.0029,10,3497
2,2,110,-7,0.0009,3,3370
2,2,110,-8,0.0,0,3338
2,2,110,-9,0.0,0,3543
2,2,110,-10,0.0,0,4054
2,2,110,-11,0.0,0,5301
2,2,110,-12,0.0,0,5787
2,2,110,-13,0.0,0,5972
2,2,110,-14,0.0,0,6075
2,2,110,-15,0.0,0,6043
2,2,110,-16,0.0,0,5451
2,2,110,-17,0.0,0,4817
2,2,110,-18,0.0,0,8986
2,2,111,18,1.0,21387,21387
2,2,111,17,1.0,7746,7746
2,2,111,16,1.0,7875,7875
2,2,111,15,1.0,7694,7694
2,2,111,14,1.0,6951,6951
2,2,111,13,1.0,5622,5622
2,2,111,12,1.0,4956,4956
2,2,111,11,0.9998,4286,4287
2,2,111,10,1.0,4167,4167
2,2,111,9,0.9993,4115,4118
2,2,111,8,0.9984,4446,4453
2,2,111,7,0.9985,5314,5322
2,2,111,6,0.9946,6589,6625
2,2,111,5,0.988,8482,8585
2,2,111,4,0.9787,10653,10885
2,2,111,3,0.9544,13482,14126
2,2,111,2,0.909,16152,17768
2,2,111,1,0.8186,18531,22638
2,2,111,0,0.5416,15381,28397
2,2,111,-1,0.2571,3326,12939
2,2,111,-2,0.1638,1783,10888
2,2,111,-3,0.1028,885,8609
2,2,111,-4,0.051,363,7115
2,2,111,-5,0.0173,99,5713
2,2,111,-6,0.0059,28,4782
2,2,111,-7,0.0031,14,4574
2,2,111,-8,0.0011,5,4536
2,2,111,-9,0.0002,1,4981
2,2,111,-10,0.0,0,5534
2,2,111,-11,0.0,0,6346
2,2,111,-12,0.0,0,7659
2,2,111,-13,0.0,0,8081
2,2,111,-14,0.0,0,8330
2,2,111,-15,0.0,0,8320
2,2,111,-16,0.0,0,7764
2,2,111,-17,0.0,0,6554
2,2,111,-18,0.0,0,11975
1,0,000,18,1.0,500,500
1,0,000,17,1.0,500,500
1,0,000,16,1.0,500,500
1,0,000,15,1.0,500,500
1,0,000,14,1.0,500,500
1,0,000,13,1.0,500,500
1,0,000,12,1.0,500,500
1,0,000,11,1.0,500,500
1,0,000,10,1.0,500,500
1,0,000,9,1.0,500,500
1,0,000,8,1.0,500,500
1,0,000,7,1.0,500,500
1,0,000,6,1.0,500,500
1,0,000,5,1.0,500,500
1,0,000,4,1.0,500,500
1,0,000,3,1.0,500,500
1,0,000,2,1.0,500,500
1,0,000,1,1.0,500,500
1,0,000,0,0.6605,359816,544775
1,0,000,-1,0.246,74692,303603
1,0,000,-2,0.129,32191,249599
1,0,000,-3,0.0646,12888,199552
1,0,000,-4,0.0307,4788,156015
1,0,000,-5,0.0145,1754,120970
1,0,000,-6,0.0066,624,94915
1,0,000,-7,0.0029,228,78049
1,0,000,-8,0.0012,84,68225
1,0,000,-9,0.0005,34,65793
1,0,000,-10,0.0002,14,68300
1,0,000,-11,0.0001,4,73491
1,0,000,-12,0.0,4,82421
1,0,000,-13,0.0,1,92001
1,0,000,-14,0.0,1,100441
1,0,000,-15,0.0,0,104270
1,0,000,-16,0.0,0,104771
1,0,000,-17,0.0,0,98840
1,0,000,-18,0.0,0,264884
1,0,001,18,1.0,500,500
1,0,001,17,1.0,500,500
1,0,001,16,1.0,500,500
1,0,001,15,1.0,500,500
1,0,001,14,1.0,500,500
1,0,001,13,1.0,500,500
1,0,001,12,1.0,500,500
1,0,001,11,1.0,500,500
1,0,001,10,1.0,500,500
1,0,001,9,1.0,500,500
1,0,001,8,1.0,500,500
1,0,001,7,1.0,500,500
1,0,001,6,1.0,500,500
1,0,001,5,1.0,500,500
1,0,001,4,1.0,500,500
1,0,001,3,1.0,500,500
1,0,001,2,1.0,500,500
1,0,001,1,1.0,500,500
1,0,001,0,0.707,100281,141842
1,0,001,-1,0.3503,27650,78942
1,0,001,-2,0.2237,14672,65600
1,0,001,-3,0.1167,6053,51878
1,0,001,-4,0.0585,2379,40637
1,0,001,-5,0.0277,868,31381
1,0,001,-6,0.0134,333,24844
1,0,001,-7,0.0063,130,20613
1,0,001,-8,0.0027,49,17886
1,0,001,-9,0.0009,16,17440
1,0,001,-10,0.0006,11,18276
1,0,001,-11,0.0002,3,19607
1,0,001,-12,0.0001,2,21619
1,0,001,-13,0.0,1,24167
1,0,001,-14,0.0,1,26765
1,0,001,-15,0.0,0,27521
1,0,001,-16,0.0,0,27631
1,0,001,-17,0.0,0,26320
1,0,001,-18,0.0,0,69377
1,0,010,18,1.0,500,500
1,0,010,17,1.0,500,500
1,0,010,16,1.0,500,500
1,0,010,15,1.0,500,500
1,0,010,14,1.0,500,500
1,0,010,13,1.0,500,500
1,0,010,12,1.0,500,500
1,0,010,11,1.0,500,500
1,0,010,10,1.0,500,500
1,0,010,9,1.0,500,500
1,0,010,8,1.0,500,500
1,0,010,7,1.0,500,500
1,0,010,6,1.0,500,500
1,0,010,5,1.0,500,500
1,0,010,4,1.0,500,500
1,0,010,3,1.0,500,500
1,0,010,2,1.0,500,500
1,0,010,1,1.0,500,500
1,0,010,0,0.7877,27889,35405
1,0,010,-1,0.4427,9030,20399
1,0,010,-2,0.2481,4119,16604
1,0,010,-3,0.1289,1717,13317
1,0,010,-4,0.0661,693,10487
1,0,010,-5,0.0337,274,8140
1,0,010,-6,0.0164,104,6358
1,0,010,-7,0.0064,34,5338
1,0,010,-8,0.003,14,4722
1,0,010,-9,0.0011,5,4652
1,0,010,-10,0.0004,2,4976
1,0,010,-11,0.0002,1,5279
1,0,010,-12,0.0,0,5875
1,0,010,-13,0.0002,1,6532
1,0,010,-14,0.0,0,7480
1,0,010,-15,0.0,0,7873
1,0,010,-16,0.0,0,7628
1,0,010,-17,0.0,0,7238
1,0,010,-18,0.0,0,17897
1,0,011,18,1.0,500,500
1,0,011,17,1.0,500,500
1,0,011,16,1.0,500,500
1,0,011,15,1.0,500,500
1,0,011,14,1.0,500,500
1,0,011,13,1.0,500,500
1,0,011,12,1.0,500,500
1,0,011,11,1.0,500,500
1,0,011,10,1.0,500,500
1,0,011,9,1.0,500,500
1,0,011,8,1.0,500,500
1,0,011,7,1.0,500,500
1,0,011,6,1.0,500,500
1,0,011,5,1.0,500,500
1,0,011,4,1.0,500,500
1,0,011,3,1.0,500,500
1,0,011,2,1.0,500,500
1,0,011,1,1.0,500,500
1,0,011,0,0.7909,29424,37202
1,0,011,-1,0.4893,10205,20858
1,0,011,-2,0.3429,6010,17525
1,0,011,-3,0.2158,2987,13843
1,0,011,-4,0.1116,1200,10751
1,0,011,-5,0.0584,485,8306
1,0,011,-6,0.0289,198,6852
1,0,011,-7,0.0132,72,5463
1,0,011,-8,0.0083,40,4826
1,0,011,-9,0.0013,6,4677
1,0,011,-10,0.0014,7,5086
1,0,011,-11,0.0006,3,5422
1,0,011,-12,0.0002,1,5976
1,0,011,-13,0.0,0,6581
1,0,011,-14,0.0,0,7925
1,0,011,-15,0.0,0,8055
1,0,011,-16,0.0,0,7893
1,0,011,-17,0.0,0,7812
1,0,011,-18,0.0,0,18817
1,0,100,18,1.0,500,500
1,0,100,17,1.0,500,500
1,0,100,16,1.0,500,500
1,0,100,15,1.0,500,500
1,0,100,14,1.0,500,500
1,0,100,13,1.0,500,500
1,0,100,12,1.0,500,500
1,0,100,11,1.0,500,500
1,0,100,10,1.0,500,500
1,0,100,9,1.0,500,500
1,0,100,8,1.0,500,500
1,0,100,7,1.0,500,500
1,0,100,6,1.0,500,500
1,0,100,5,1.0,500,500
1,0,100,4,1.0,500,500
1,0,100,3,1.0,500,500
1,0,100,2,1.0,500,500
1,0,100,1,1.0,500,500
1,0,100,0,0.9044,7381,8161
1,0,100,-1,0.5674,2807,4947
1,0,100,-2,0.2465,991,4021
1,0,100,-3,0.1445,471,3259
1,0,100,-4,0.0703,177,2518
1,0,100,-5,0.0302,59,1953
1,0,100,-6,0.0106,17,1597
1,0,100,-7,0.0082,11,1346
1,0,100,-8,0.0008,1,1219
1,0,100,-9,0.0039,5,1281
1,0,100,-10,0.0,0,1357
1,0,100,-11,0.0,0,1985
1,0,100,-12,0.0005,1,2072
1,0,100,-13,0.0,0,2268
1,0,100,-14,0.0,0,2412
1,0,100,-15,0.0,0,2343
1,0,100,-16,0.0,0,2341
1,0,100,-17,0.0,0,2152
1,0,100,-18,0.0,0,4507
1,0,101,18,1.0,500,500
1,0,101,17,1.0,500,500
1,0,101,16,1.0,500,500
1,0,101,15,1.0,500,500
1,0,101,14,1.0,500,500
1,0,101,13,1.0,500,500
1,0,101,12,1.0,500,500
1,0,101,11,1.0,500,500
1,0,101,10,1.0,500,500
1,0,101,9,1.0,500,500
1,0,101,8,1.0,500,500
1,0,101,7,1.0,500,500
1,0,101,6,1.0,500,500
1,0,101,5,1.0,500,500
1,0,101,4,1.0,500,500
1,0,101,3,1.0,500,500
1,0,101,2,1.0,500,500
1,0,101,1,1.0,500,500
1,0,101,0,0.8852,9438,10662
1,0,101,-1,0.5935,3986,6716
1,0,101,-2,0.3619,1931,5335
1,0,101,-3,0.2194,940,4284
1,0,101,-4,0.1276,418,3276
1,0,101,-5,0.0636,169,2657
1,0,101,-6,0.0283,60,2123
1,0,101,-7,0.013,23,1765
1,0,101,-8,0.0025,4,1628
1,0,101,-9,0.005,8,1600
1,0,101,-10,0.0022,4,1793
1,0,101,-11,0.0,0,2543
1,0,101,-12,0.0004,1,2700
1,0,101,-13,0.0003,1,2975
1,0,101,-14,0.0,0,3167
1,0,101,-15,0.0,0,3281
1,0,101,-16,0.0,0,3130
1,0,101,-17,0.0,0,2728
1,0,101,-18,0.0,0,5958
1,0,110,18,1.0,500,500
1,0,110,17,1.0,500,500
1,0,110,16,1.0,500,500
1,0,110,15,1.0,500,500
1,0,110,14,1.0,500,500
1,0,110,13,1.0,500,500
1,0,110,12,1.0,500,500
1,0,110,11,1.0,500,500
1,0,110,10,1.0,500,500
1,0,110,9,1.0,500,500
1,0,110,8,1.0,500,500
1,0,110,7,1.0,500,500
1,0,110,6,1.0,500,500
1,0,110,5,1.0,500,500
1,0,110,4,1.0,500,500
1,0,110,3,1.0,500,500
1,0,110,2,1.0,500,500
1,0,110,1,1.0,500,500
1,0,110,0,0.914,8364,9151
1,0,110,-1,0.7044,3796,5389
1,0,110,-2,0.4519,2080,4603
1,0,110,-3,0.2527,904,3578
1,0,110,-4,0.1218,338,2776
1,0,110,-5,0.0689,151,2190
1,0,110,-6,0.0312,56,1796
1,0,110,-7,0.015,22,1464
1,0,110,-8,0.006,8,1329
1,0,110,-9,0.0015,2,1360
1,0,110,-10,0.0013,2,1513
1,0,110,-11,0.0009,2,2111
1,0,110,-12,0.0,0,2250
1,0,110,-13,0.0,0,2533
1,0,110,-14,0.0,0,2715
1,0,110,-15,0.0,0,2618
1,0,110,-16,0.0,0,2608
1,0,110,-17,0.0,0,2329
1,0,110,-18,0.0,0,5097
1,0,111,18,1.0,500,500
1,0,111,17,1.0,500,500
1,0,111,16,1.0,500,500
1,0,111,15,1.0,500,500
1,0,111,14,1.0,500,500
1,0,111,13,1.0,500,500
1,0,111,12,1.0,500,500
1,0,111,11,1.0,500,500
1,0,111,10,1.0,500,500
1,0,111,9,1.0,500,500
1,0,111,8,1.0,500,500
1,0,111,7,1.0,500,500
1,0,111,6,1.0,500,500
1,0,111,5,1.0,500,500
1,0,111,4,1.0,500,500
1,0,111,3,1.0,500,500
1,0,111,2,1.0,500,500
1,0,111,1,1.0,500,500
1,0,111,0,0.9189,11281,12276
1,0,111,-1,0.7063,5197,7358
1,0,111,-2,0.4865,2971,6107
1,0,111,-3,0.3398,1618,4761
1,0,111,-4,0.2038,747,3665
1,0,111,-5,0.1142,334,2925
1,0,111,-6,0.0631,154,2442
1,0,111,-7,0.0289,57,1973
1,0,111,-8,0.0172,32,1858
1,0,111,-9,0.0037,7,1897
1,0,111,-10,0.0024,5,2072
1,0,111,-11,0.0004,1,2399
1,0,111,-12,0.0003,1,3154
1,0,111,-13,0.0003,1,3435
1,0,111,-14,0.0,0,3737
1,0,111,-15,0.0,0,3793
1,0,111,-16,0.0,0,3665
1,0,111,-17,0.0,0,3362
1,0,111,-18,0.0,0,7002
1,1,000,18,1.0,500,500
1,1,000,17,1.0,500,500
1,1,000,16,1.0,500,500
1,1,000,15,1.0,500,500
1,1,000,14,1.0,500,500
1,1,000,13,1.0,500,500
1,1,000,12,1.0,500,500
1,1,000,11,1.0,500,500
1,1,000,10,1.0,500,500
1,1,000,9,1.0,500,500
1,1,000,8,1.0,500,500
1,1,000,7,1.0,500,500
1,1,000,6,1.0,500,500
1,1,000,5,1.0,500,500
1,1,000,4,1.0,500,500
1,1,000,3,1.0,500,500
1,1,000,2,1.0,500,500
1,1,000,1,1.0,500,500
1,1,000,0,0.6032,216374,358708
1,1,000,-1,0.1524,31055,203759
1,1,000,-2,0.0693,11567,166875
1,1,000,-3,0.0317,4238,133629
1,1,000,-4,0.0133,1383,104309
1,1,000,-5,0.006,486,81453
1,1,000,-6,0.0023,149,64317
1,1,000,-7,0.0009,47,53316
1,1,000,-8,0.0003,15,47362
1,1,000,-9,0.0002,7,46105
1,1,000,-10,0.0,1,47873
1,1,000,-11,0.0,0,51722
1,1,000,-12,0.0,0,58387
1,1,000,-13,0.0,0,64699
1,1,000,-14,0.0,0,69237
1,1,000,-15,0.0,0,71450
1,1,000,-16,0.0,0,71246
1,1,000,-17,0.0,0,66160
1,1,000,-18,0.0,0,174943
1,1,001,18,1.0,500,500
1,1,001,17,1.0,500,500
1,1,001,16,1.0,500,500
1,1,001,15,1.0,500,500
1,1,001,14,1.0,500,500
1,1,001,13,1.0,500,500
1,1,001,12,1.0,500,500
1,1,001,11,1.0,500,500
1,1,001,10,1.0,500,500
1,1,001,9,1.0,500,500
1,1,001,8,1.0,500,500
1,1,001,7,1.0,500,500
1,1,001,6,1.0,500,500
1,1,001,5,1.0,500,500
1,1,001,4,1.0,500,500
1,1,001,3,1.0,500,500
1,1,001,2,1.0,500,500
1,1,001,1,1.0,500,500
1,1,001,0,0.6426,103994,161842
1,1,001,-1,0.2385,21888,91773
1,1,001,-2,0.1421,10739,75587
1,1,001,-3,0.0675,4068,60262
1,1,001,-4,0.0304,1435,47183
1,1,001,-5,0.0131,482,36654
1,1,001,-6,0.0057,166,29030
1,1,001,-7,0.0025,61,24272
1,1,001,-8,0.0006,13,21647
1,1,001,-9,0.0004,9,20925
1,1,001,-10,0.0001,2,22038
1,1,001,-11,0.0,1,23699
1,1,001,-12,0.0,1,26460
1,1,001,-13,0.0,0,29553
1,1,001,-14,0.0,0,31620
1,1,001,-15,0.0,0,32739
1,1,001,-16,0.0,0,32707
1,1,001,-17,0.0,0,30639
1,1,001,-18,0.0,0,80137
1,1,010,18,1.0,500,500
1,1,010,17,1.0,500,500
1,1,010,16,1.0,500,500
1,1,010,15,1.0,500,500
1,1,010,14,1.0,500,500
1,1,010,13,1.0,500,500
1,1,010,12,1.0,500,500
1,1,010,11,1.0,500,500
1,1,010,10,1.0,500,500
1,1,010,9,1.0,500,500
1,1,010,8,1.0,500,500
1,1,010,7,1.0,500,500
1,1,010,6,1.0,500,500
1,1,010,5,1.0,500,500
1,1,010,4,1.0,500,500
1,1,010,3,1.0,500,500
1,1,010,2,1.0,500,500
1,1,010,1,1.0,500,500
1,1,010,0,0.7064,34158,48358
1,1,010,-1,0.3111,9020,28990
1,1,010,-2,0.155,3615,23322
1,1,010,-3,0.0713,1332,18692
1,1,010,-4,0.0332,491,14785
1,1,010,-5,0.0134,152,11376
1,1,010,-6,0.0051,45,8894
1,1,010,-7,0.0022,17,7697
1,1,010,-8,0.0013,9,7076
1,1,010,-9,0.0001,1,7039
1,1,010,-10,0.0,0,7605
1,1,010,-11,0.0,0,8251
1,1,010,-12,0.0,0,9151
1,1,010,-13,0.0,0,10034
1,1,010,-14,0.0,0,10772
1,1,010,-15,0.0,0,11416
1,1,010,-16,0.0,0,11269
1,1,010,-17,0.0,0,10432
1,1,010,-18,0.0,0,24548
1,1,011,18,1.0,500,500
1,1,011,17,1.0,500,500
1,1,011,16,1.0,500,500
1,1,011,15,1.0,500,500
1,1,011,14,1.0,500,500
1,1,011,13,1.0,500,500
1,1,011,12,1.0,500,500
1,1,011,11,1.0,500,500
1,1,011,10,1.0,500,500
1,1,011,9,1.0,500,500
1,1,011,8,1.0,500,500
1,1,011,7,1.0,500,500
1,1,011,6,1.0,500,500
1,1,011,5,1.0,500,500
1,1,011,4,1.0,500,500
1,1,011,3,1.0,500,500
1,1,011,2,1.0,500,500
1,1,011,1,1.0,500,500
1,1,011,0,0.704,41295,58654
1,1,011,-1,0.3409,11604,34035
1,1,011,-2,0.238,6708,28184
1,1,011,-3,0.1482,3314,22356
1,1,011,-4,0.0666,1170,17565
1,1,011,-5,0.0309,421,13613
1,1,011,-6,0.013,142,10923
1,1,011,-7,0.0063,58,9199
1,1,011,-8,0.0015,12,7957
1,1,011,-9,0.0004,3,8014
1,1,011,-10,0.0003,3,8612
1,1,011,-11,0.0001,1,9483
1,1,011,-12,0.0001,1,10410
1,1,011,-13,0.0,0,11434
1,1,011,-14,0.0,0,12544
1,1,011,-15,0.0,0,13373
1,1,011,-16,0.0,0,13261
1,1,011,-17,0.0,0,12429
1,1,011,-18,0.0,0,29834
1,1,100,18,1.0,500,500
1,1,100,17,1.0,500,500
1,1,100,16,1.0,500,500
1,1,100,15,1.0,500,500
1,1,100,14,1.0,500,500
1,1,100,13,1.0,500,500
1,1,100,12,1.0,500,500
1,1,100,11,1.0,500,500
1,1,100,10,1.0,500,500
1,1,100,9,1.0,500,500
1,1,100,8,1.0,500,500
1,1,100,7,1.0,500,500
1,1,100,6,1.0,500,500
1,1,100,5,1.0,500,500
1,1,100,4,1.0,500,500
1,1,100,3,1.0,500,500
1,1,100,2,1.0,500,500
1,1,100,1,1.0,500,500
1,1,100,0,0.821,11207,13650
1,1,100,-1,0.4231,3686,8711
1,1,100,-2,0.1491,1031,6913
1,1,100,-3,0.0737,412,5594
1,1,100,-4,0.0327,145,4438
1,1,100,-5,0.014,50,3560
1,1,100,-6,0.0038,11,2877
1,1,100,-7,0.0012,3,2438
1,1,100,-8,0.0009,2,2185
1,1,100,-9,0.0,0,2302
1,1,100,-10,0.0,0,2585
1,1,100,-11,0.0,0,3078
1,1,100,-12,0.0,0,3812
1,1,100,-13,0.0,0,4152
1,1,100,-14,0.0,0,4288
1,1,100,-15,0.0,0,4190
1,1,100,-16,0.0,0,4042
1,1,100,-17,0.0,0,3762
1,1,100,-18,0.0,0,7665
1,1,101,18,1.0,500,500
1,1,101,17,1.0,500,500
1,1,101,16,1.0,500,500
1,1,101,15,1.0,500,500
1,1,101,14,1.0,500,500
1,1,101,13,1.0,500,500
1,1,101,12,1.0,500,500
1,1,101,11,1.0,500,500
1,1,101,10,1.0,500,500
1,1,101,9,1.0,500,500
1,1,101,8,1.0,500,500
1,1,101,7,1.0,500,500
1,1,101,6,1.0,500,500
1,1,101,5,1.0,500,500
1,1,101,4,1.0,500,500
1,1,101,3,1.0,500,500
1,1,101,2,1.0,500,500
1,1,101,1,1.0,500,500
1,1,101,0,0.7966,17184,21573
1,1,101,-1,0.4409,5955,13505
1,1,101,-2,0.2453,2677,10911
1,1,101,-3,0.1487,1292,8691
1,1,101,-4,0.0669,449,6710
1,1,101,-5,0.0286,150,5241
1,1,101,-6,0.0103,44,4259
1,1,101,-7,0.0052,19,3631
1,1,101,-8,0.0017,6,3503
1,1,101,-9,0.0006,2,3445
1,1,101,-10,0.001,4,3963
1,1,101,-11,0.0002,1,4524
1,1,101,-12,0.0,0,4966
1,1,101,-13,0.0,0,5990
1,1,101,-14,0.0,0,6378
1,1,101,-15,0.0,0,6350
1,1,101,-16,0.0,0,6296
1,1,101,-17,0.0,0,5497
1,1,101,-18,0.0,0,11766
1,1,110,18,1.0,500,500
1,1,110,17,1.0,500,500
1,1,110,16,1.0,500,500
1,1,110,15,1.0,500,500
1,1,110,14,1.0,500,500
1,1,110,13,1.0,500,500
1,1,110,12,1.0,500,500
1,1,110,11,1.0,500,500
1,1,110,10,1.0,500,500
1,1,110,9,1.0,500,500
1,1,110,8,1.0,500,500
1,1,110,7,1.0,500,500
1,1,110,6,1.0,500,500
1,1,110,5,1.0,500,500
1,1,110,4,1.0,500,500
1,1,110,3,1.0,500,500
1,1,110,2,1.0,500,500
1,1,110,1,1.0,500,500
1,1,110,0,0.828,13882,16765
1,1,110,-1,0.543,5683,10466
1,1,110,-2,0.3115,2717,8722
1,1,110,-3,0.1518,1045,6883
1,1,110,-4,0.0813,432,5313
1,1,110,-5,0.0318,135,4249
1,1,110,-6,0.0121,42,3458
1,1,110,-7,0.0027,8,2914
1,1,110,-8,0.0018,5,2789
1,1,110,-9,0.0011,3,2801
1,1,110,-10,0.0,0,2992
1,1,110,-11,0.0003,1,3564
1,1,110,-12,0.0,0,4508
1,1,110,-13,0.0,0,4874
1,1,110,-14,0.0,0,5098
1,1,110,-15,0.0,0,5125
1,1,110,-16,0.0,0,4964
1,1,110,-17,0.0,0,4344
1,1,110,-18,0.0,0,9136
1,1,111,18,1.0,500,500
1,1,111,17,1.0,500,500
1,1,111,16,1.0,500,500
1,1,111,15,1.0,500,500
1,1,111,14,1.0,500,500
1,1,111,13,1.0,500,500
1,1,111,12,1.0,500,500
1,1,111,11,1.0,500,500
1,1,111,10,1.0,500,500
1,1,111,9,1.0,500,500
1,1,111,8,1.0,500,500
1,1,111,7,1.0,500,500
1,1,111,6,1.0,500,500
1,1,111,5,1.0,500,500
1,1,111,4,1.0,500,500
1,1,111,3,1.0,500,500
1,1,111,2,1.0,500,500
1,1,111,1,1.0,500,500
1,1,111,0,0.8148,19830,24336
1,1,111,-1,0.5179,7813,15087
1,1,111,-2,0.344,4330,12586
1,1,111,-3,0.2441,2399,9829
1,1,111,-4,0.1436,1126,7843
1,1,111,-5,0.0694,424,6111
1,1,111,-6,0.0286,143,5003
1,1,111,-7,0.0134,57,4250
1,1,111,-8,0.0046,18,3909
1,1,111,-9,0.0017,7,4051
1,1,111,-10,0.0007,3,4368
1,1,111,-11,0.0002,1,4908
1,1,111,-12,0.0,0,5896
1,1,111,-13,0.0,0,6949
1,1,111,-14,0.0,0,7325
1,1,111,-15,0.0,0,7414
1,1,111,-16,0.0,0,7095
1,1,111,-17,0.0,0,6476
1,1,111,-18,0.0,0,13337
1,2,000,18,1.0,500,500
1,2,000,17,1.0,500,500
1,2,000,16,1.0,500,500
1,2,000,15,1.0,500,500
1,2,000,14,1.0,500,500
1,2,000,13,1.0,500,500
1,2,000,12,1.0,500,500
1,2,000,11,1.0,500,500
1,2,000,10,1.0,500,500
1,2,000,9,1.0,500,500
1,2,000,8,1.0,500,500
1,2,000,7,1.0,500,500
1,2,000,6,1.0,500,500
1,2,000,5,1.0,500,500
1,2,000,4,1.0,500,500
1,2,000,3,1.0,500,500
1,2,000,2,1.0,500,500
1,2,000,1,1.0,500,500
1,2,000,0,0.5481,142729,260409
1,2,000,-1,0.0685,10357,151274
1,2,000,-2,0.0249,3083,123861
1,2,000,-3,0.0096,947,98864
1,2,000,-4,0.003,233,77306
1,2,000,-5,0.0011,66,60851
1,2,000,-6,0.0006,27,48489
1,2,000,-7,0.0001,3,40629
1,2,000,-8,0.0001,2,36734
1,2,000,-9,0.0,1,36526
1,2,000,-10,0.0,0,38294
1,2,000,-11,0.0,0,41513
1,2,000,-12,0.0,0,46377
1,2,000,-13,0.0,0,50676
1,2,000,-14,0.0,0,54040
1,2,000,-15,0.0,0,54860
1,2,000,-16,0.0,0,53673
1,2,000,-17,0.0,0,49809
1,2,000,-18,0.0,0,126980
1,2,001,18,1.0,500,500
1,2,001,17,1.0,500,500
1,2,001,16,1.0,500,500
1,2,001,15,1.0,500,500
1,2,001,14,1.0,500,500
1,2,001,13,1.0,500,500
1,2,001,12,1.0,500,500
1,2,001,11,1.0,500,500
1,2,001,10,1.0,500,500
1,2,001,9,1.0,500,500
1,2,001,8,1.0,500,500
1,2,001,7,1.0,500,500
1,2,001,6,1.0,500,500
1,2,001,5,1.0,500,500
1,2,001,4,1.0,500,500
1,2,001,3,1.0,500,500
1,2,001,2,1.0,500,500
1,2,001,1,1.0,500,500
1,2,001,0,0.5798,87056,150148
1,2,001,-1,0.1295,11373,87789
1,2,001,-2,0.0654,4697,71771
1,2,001,-3,0.0248,1411,56872
1,2,001,-4,0.0092,412,44920
1,2,001,-5,0.0035,124,35339
1,2,001,-6,0.0013,38,28151
1,2,001,-7,0.0003,7,23688
1,2,001,-8,0.0001,2,21915
1,2,001,-9,0.0001,2,21451
1,2,001,-10,0.0,0,22782
1,2,001,-11,0.0,0,24630
1,2,001,-12,0.0,0,27776
1,2,001,-13,0.0,0,30135
1,2,001,-14,0.0,0,32301
1,2,001,-15,0.0,0,32653
1,2,001,-16,0.0,0,31972
1,2,001,-17,0.0,0,29984
1,2,001,-18,0.0,0,74573
1,2,010,18,1.0,500,500
1,2,010,17,1.0,500,500
1,2,010,16,1.0,500,500
1,2,010,15,1.0,500,500
1,2,010,14,1.0,500,500
1,2,010,13,1.0,500,500
1,2,010,12,1.0,500,500
1,2,010,11,1.0,500,500
1,2,010,10,1.0,500,500
1,2,010,9,1.0,500,500
1,2,010,8,1.0,500,500
1,2,010,7,1.0,500,500
1,2,010,6,1.0,500,500
1,2,010,5,1.0,500,500
1,2,010,4,1.0,500,500
1,2,010,3,1.0,500,500
1,2,010,2,1.0,500,500
1,2,010,1,1.0,500,500
1,2,010,0,0.6193,35776,57770
1,2,010,-1,0.1694,6145,36281
1,2,010,-2,0.0686,1984,28905
1,2,010,-3,0.0263,606,23002
1,2,010,-4,0.0094,174,18472
1,2,010,-5,0.0035,50,14455
1,2,010,-6,0.0016,18,11447
1,2,010,-7,0.0004,4,10188
1,2,010,-8,0.0,0,9545
1,2,010,-9,0.0,0,9657
1,2,010,-10,0.0,0,10537
1,2,010,-11,0.0,0,11520
1,2,010,-12,0.0,0,12702
1,2,010,-13,0.0,0,13983
1,2,010,-14,0.0,0,14707
1,2,010,-15,0.0,0,15554
1,2,010,-16,0.0,0,14759
1,2,010,-17,0.0,0,13090
1,2,010,-18,0.0,0,29495
1,2,011,18,1.0,500,500
1,2,011,17,1.0,500,500
1,2,011,16,1.0,500,500
1,2,011,15,1.0,500,500
1,2,011,14,1.0,500,500
1,2,011,13,1.0,500,500
1,2,011,12,1.0,500,500
1,2,011,11,1.0,500,500
1,2,011,10,1.0,500,500
1,2,011,9,1.0,500,500
1,2,011,8,1.0,500,500
1,2,011,7,1.0,500,500
1,2,011,6,1.0,500,500
1,2,011,5,1.0,500,500
1,2,011,4,1.0,500,500
1,2,011,3,1.0,500,500
1,2,011,2,1.0,500,500
1,2,011,1,1.0,500,500
1,2,011,0,0.6249,36352,58169
1,2,011,-1,0.2052,7202,35102
1,2,011,-2,0.129,3704,28706
1,2,011,-3,0.0694,1565,22566
1,2,011,-4,0.0252,456,18105
1,2,011,-5,0.0091,128,14000
1,2,011,-6,0.0038,43,11385
1,2,011,-7,0.0007,7,9657
1,2,011,-8,0.0004,4,9025
1,2,011,-9,0.0001,1,8896
1,2,011,-10,0.0,0,9840
1,2,011,-11,0.0,0,10606
1,2,011,-12,0.0,0,11731
1,2,011,-13,0.0,0,12755
1,2,011,-14,0.0,0,13887
1,2,011,-15,0.0,0,14419
1,2,011,-16,0.0,0,14409
1,2,011,-17,0.0,0,12995
1,2,011,-18,0.0,0,29809
1,2,100,18,1.0,500,500
1,2,100,17,1.0,500,500
1,2,100,16,1.0,500,500
1,2,100,15,1.0,500,500
1,2,100,14,1.0,500,500
1,2,100,13,1.0,500,500
1,2,100,12,1.0,500,500
1,2,100,11,1.0,500,500
1,2,100,10,1.0,500,500
1,2,100,9,1.0,500,500
1,2,100,8,1.0,500,500
1,2,100,7,1.0,500,500
1,2,100,6,1.0,500,500
1,2,100,5,1.0,500,500
1,2,100,4,1.0,500,500
1,2,100,3,1.0,500,500
1,2,100,2,1.0,500,500
1,2,100,1,1.0,500,500
1,2,100,0,0.6643,14246,21445
1,2,100,-1,0.2124,2916,13731
1,2,100,-2,0.0678,735,10846
1,2,100,-3,0.0249,222,8912
1,2,100,-4,0.0086,59,6879
1,2,100,-5,0.0025,14,5513
1,2,100,-6,0.0013,6,4550
1,2,100,-7,0.0005,2,3970
1,2,100,-8,0.0,0,3716
1,2,100,-9,0.0,0,3693
1,2,100,-10,0.0,0,4172
1,2,100,-11,0.0,0,4898
1,2,100,-12,0.0,0,5487
1,2,100,-13,0.0,0,6540
1,2,100,-14,0.0,0,6632
1,2,100,-15,0.0,0,6775
1,2,100,-16,0.0,0,6313
1,2,100,-17,0.0,0,5701
1,2,100,-18,0.0,0,11538
1,2,101,18,1.0,500,500
1,2,101,17,1.0,500,500
1,2,101,16,1.0,500,500
1,2,101,15,1.0,500,500
1,2,101,14,1.0,500,500
1,2,101,13,1.0,500,500
1,2,101,12,1.0,500,500
1,2,101,11,1.0,500,500
1,2,101,10,1.0,500,500
1,2,101,9,1.0,500,500
1,2,101,8,1.0,500,500
1,2,101,7,1.0,500,500
1,2,101,6,1.0,500,500
1,2,101,5,1.0,500,500
1,2,101,4,1.0,500,500
1,2,101,3,1.0,500,500
1,2,101,2,1.0,500,500
1,2,101,1,1.0,500,500
1,2,101,0,0.664,25862,38947
1,2,101,-1,0.2433,6110,25112
1,2,101,-2,0.128,2589,20223
1,2,101,-3,0.0704,1144,16253
1,2,101,-4,0.0243,306,12577
1,2,101,-5,0.0081,81,9990
1,2,101,-6,0.0035,28,7988
1,2,101,-7,0.001,7,7201
1,2,101,-8,0.0001,1,6865
1,2,101,-9,0.0,0,7227
1,2,101,-10,0.0,0,7935
1,2,101,-11,0.0,0,8894
1,2,101,-12,0.0,0,9707
1,2,101,-13,0.0,0,10777
1,2,101,-14,0.0,0,11858
1,2,101,-15,0.0,0,11827
1,2,101,-16,0.0,0,11236
1,2,101,-17,0.0,0,9815
1,2,101,-18,0.0,0,20435
1,2,110,18,1.0,500,500
1,2,110,17,1.0,500,500
1,2,110,16,1.0,500,500
1,2,110,15,1.0,500,500
1,2,110,14,1.0,500,500
1,2,110,13,1.0,500,500
1,2,110,12,1.0,500,500
1,2,110,11,1.0,500,500
1,2,110,10,1.0,500,500
1,2,110,9,1.0,500,500
1,2,110,8,1.0,500,500
1,2,110,7,1.0,500,500
1,2,110,6,1.0,500,500
1,2,110,5,1.0,500,500
1,2,110,4,1.0,500,500
1,2,110,3,1.0,500,500
1,2,110,2,1.0,500,500
1,2,110,1,1.0,500,500
1,2,110,0,0.6569,11846,18034
1,2,110,-1,0.2798,3255,11635
1,2,110,-2,0.1637,1535,9376
1,2,110,-3,0.0691,516,7467
1,2,110,-4,0.0296,171,5780
1,2,110,-5,0.009,42,4685
1,2,110,-6,0.0042,16,3787
1,2,110,-7,0.0009,3,3261
1,2,110,-8,0.0006,2,3135
1,2,110,-9,0.0003,1,3311
1,2,110,-10,0.0,0,3543
1,2,110,-11,0.0,0,4125
1,2,110,-12,0.0,0,5288
1,2,110,-13,0.0,0,5781
1,2,110,-14,0.0,0,5929
1,2,110,-15,0.0,0,5915
1,2,110,-16,0.0,0,5561
1,2,110,-17,0.0,0,4940
1,2,110,-18,0.0,0,9983
1,2,111,18,1.0,500,500
1,2,111,17,1.0,500,500
1,2,111,16,1.0,500,500
1,2,111,15,1.0,500,500
1,2,111,14,1.0,500,500
1,2,111,13,1.0,500,500
1,2,111,12,1.0,500,500
1,2,111,11,1.0,500,500
1,2,111,10,1.0,500,500
1,2,111,9,1.0,500,500
1,2,111,8,1.0,500,500
1,2,111,7,1.0,500,500
1,2,111,6,1.0,500,500
1,2,111,5,1.0,500,500
1,2,111,4,1.0,500,500
1,2,111,3,1.0,500,500
1,2,111,2,1.0,500,500
1,2,111,1,1.0,500,500
1,2,111,0,0.6848,16976,24790
1,2,111,-1,0.318,5052,15888
1,2,111,-2,0.2133,2752,12903
1,2,111,-3,0.1399,1402,10021
1,2,111,-4,0.069,557,8070
1,2,111,-5,0.0245,158,6449
1,2,111,-6,0.0087,46,5270
1,2,111,-7,0.0026,12,4561
1,2,111,-8,0.0014,6,4355
1,2,111,-9,0.0,0,4467
1,2,111,-10,0.0002,1,5016
1,2,111,-11,0.0,0,5433
1,2,111,-12,0.0,0,6437
1,2,111,-13,0.0,0,7565
1,2,111,-14,0.0,0,8052
1,2,111,-15,0.0,0,8101
1,2,111,-16,0.0,0,7918
1,2,111,-17,0.0,0,6790
1,2,111,-18,0.0,0,13662
